compound	sentence	expected_order	image1_name	image1_caption	image2_name	image2_caption	image3_name	image3_caption	image4_name	image4_caption	image5_name	image5_caption
ajo nwa	Echetala m onye ị na-ekwu maka ya, Akabụọgụ, Ajọ nwa ahụ		49185389127.png	The image depicts a stylized, animated character with blonde hair and a white robe. The character appears to be in motion, walking with one foot raised, and has a chain attached to its ankle. The character's face is not visible, but it has a small, dark eye on the side of its head. The background is a muted, grayish tone with a hint of greenery in the lower right corner. There is no visible text in the image. The style of the image is reminiscent of a digital painting with a limited color palette.	92267796758.png	The image is a painting of four children standing side by side against a plain background. They are dressed in historical-style clothing, suggesting a period setting. The child on the far left is wearing a dark jacket and trousers, with a light-colored shirt and dark shoes. The second child from the left is in a brown jacket and trousers, with a white shirt and dark shoes. The third child is wearing a black jacket and trousers, with a white shirt and a black hat, and dark shoes. The child on the far right is in a dark jacket and trousers, with a white shirt and a white collar, and dark shoes. All four children have short hair and are looking directly at the viewer with neutral expressions. There is no visible text in the image. The style of the painting is realistic with attention to detail in the clothing and the children's features.	41335452596.png	The image features a stylized illustration of a banana with a textured surface that resembles a combination of orange and white hues, possibly representing a fruit salad or a similar concept. The banana is depicted with a realistic stem and a curved shape, typical of a real banana. There is no visible text in the image. The style of the illustration is cartoonish and colorful, with a focus on the textured surface of the banana.	80161706148.png	The image depicts an animated character, a young boy with black hair, wearing an orange shirt and shorts, and orange shoes. He is in mid-air, jumping over a wooden bench with a splash of orange liquid around him. The bench is positioned on the left side of the image, and the boy is on the right, with his arms outstretched as if he is in motion. The background is plain white, emphasizing the action in the foreground. There is no visible text in the image. The style of the image is cartoonish, with bold outlines and a limited color palette.	81813372323.png	The image depicts three animated characters, two girls and a boy, standing in front of a stone wall. The girl on the left is wearing a black dress with a ponytail, a backpack, and a pair of glasses. The girl in the middle is dressed in a brown coat and skirt, with a ponytail and a backpack. The boy on the right is wearing a white shirt and a backpack, with a ponytail and a pair of glasses. They are all looking at the wall, which has a crack from which water is spraying out. The characters are holding hoses and appear to be engaged in some sort of activity related to the water. There is no visible text in the image.
ajo nwa	Akabụọgụ bụ ajọ nwa si owere baa nne ya afọ.		92267796758.png	The image is a painting of four children standing side by side against a plain background. They are dressed in historical-style clothing, suggesting a period setting. The child on the far left is wearing a dark jacket and trousers, with a light-colored shirt and dark shoes. The second child from the left is in a brown jacket and trousers, with a white shirt and dark shoes. The third child is wearing a black jacket and trousers, with a white shirt and a black hat, and dark shoes. The child on the far right is in a dark jacket and trousers, with a white shirt and a white collar, and dark shoes. All four children have short hair and are looking directly at the viewer with neutral expressions. There is no visible text in the image. The style of the painting is realistic with attention to detail in the clothing and the children's features.	49185389127.png	The image depicts a stylized, animated character with blonde hair and a white robe. The character appears to be in motion, walking with one foot raised, and has a chain attached to its ankle. The character's face is not visible, but it has a small, dark eye on the side of its head. The background is a muted, grayish tone with a hint of greenery in the lower right corner. There is no visible text in the image. The style of the image is reminiscent of a digital painting with a limited color palette.	80161706148.png	The image depicts an animated character, a young boy with black hair, wearing an orange shirt and shorts, and orange shoes. He is in mid-air, jumping over a wooden bench with a splash of orange liquid around him. The bench is positioned on the left side of the image, and the boy is on the right, with his arms outstretched as if he is in motion. The background is plain white, emphasizing the action in the foreground. There is no visible text in the image. The style of the image is cartoonish, with bold outlines and a limited color palette.	81813372323.png	The image depicts three animated characters, two girls and a boy, standing in front of a stone wall. The girl on the left is wearing a black dress with a ponytail, a backpack, and a pair of glasses. The girl in the middle is dressed in a brown coat and skirt, with a ponytail and a backpack. The boy on the right is wearing a white shirt and a backpack, with a ponytail and a pair of glasses. They are all looking at the wall, which has a crack from which water is spraying out. The characters are holding hoses and appear to be engaged in some sort of activity related to the water. There is no visible text in the image.	41335452596.png	The image features a stylized illustration of a banana with a textured surface that resembles a combination of orange and white hues, possibly representing a fruit salad or a similar concept. The banana is depicted with a realistic stem and a curved shape, typical of a real banana. There is no visible text in the image. The style of the illustration is cartoonish and colorful, with a focus on the textured surface of the banana.
imepe mmadu anya	Ihe nkiri a nwere ike imepe mmadụ anya gbasara nsogbu ndị mmadụ na-eche ihu.		23916982432.png	The image is a stylized illustration featuring two animated characters. On the left, there is a character with dark hair, wearing a dark-colored outfit with a collar, and a small, round, orange-colored object on the head. This character is depicted with a closed eye and a hand gently placed on the forehead. On the right, there is another character with dark hair, wearing an orange top and glasses, and a small, round, orange-colored object on the head. This character is shown with eyes closed and a hand gently placed on the forehead of the character on the left. Both characters are seated and appear to be engaged in a moment of care or attention. There is no visible text in the image.	18730492705.png	The image shows a man with a beard and mustache, looking down with a contemplative expression. He is wearing a dark-colored sweater and a light-colored shirt. The man appears to be indoors, with a blurred background that suggests a warm, indoor lighting environment. There is no visible text in the image.	31868490484.png	The image is a digital illustration of a stylized character with exaggerated features. The character has a large head with a prominent nose and wide eyes. The character's skin tone is a shade of brown. The character's hair is dark and curly. The character is wearing a black shirt and orange sleeves with ruffled cuffs. The character's hands are placed over the eyes, with the fingers spread out to block the view. The background is a plain, light gray color. There is no visible text in the image. The style of the illustration is cartoonish and appears to be designed for a younger audience.	39906556596.png	The image depicts two animated characters, a woman and a child, both wearing glasses and looking surprised or shocked. They are seated in front of a computer monitor, which is displaying a blank screen. The woman is on the left, and the child is on the right. The child is wearing an orange top with white polka dots. The background is plain white, emphasizing the characters and the computer. There is no visible text in the image. The style of the image is cartoonish and appears to be designed for a younger audience, possibly for educational or entertainment purposes.	22518588216.png	The image depicts an orange cat sitting on a windowsill. The cat is facing away from the viewer, looking out of the window. The window is framed by a brick wall and is adorned with various potted plants, including succulents and flowers. The plants are arranged in a somewhat haphazard manner, with some pots placed directly on the windowsill and others on the ground below. The window is covered with a sheer curtain, and the interior of a building can be seen through the glass. The overall style of the image is illustrative, with a soft, hand-drawn quality. There is no visible text in the image.
imepe mmadu anya	Ọ dị mkpa imepe mmadụ anya banyere ihe na-eme n’ụwa ka ndụ ha wee bakwuoro ha uru.		31868490484.png	The image is a digital illustration of a stylized character with exaggerated features. The character has a large head with a prominent nose and wide eyes. The character's skin tone is a shade of brown. The character's hair is dark and curly. The character is wearing a black shirt and orange sleeves with ruffled cuffs. The character's hands are placed over the eyes, with the fingers spread out to block the view. The background is a plain, light gray color. There is no visible text in the image. The style of the illustration is cartoonish and appears to be designed for a younger audience.	18730492705.png	The image shows a man with a beard and mustache, looking down with a contemplative expression. He is wearing a dark-colored sweater and a light-colored shirt. The man appears to be indoors, with a blurred background that suggests a warm, indoor lighting environment. There is no visible text in the image.	23916982432.png	The image is a stylized illustration featuring two animated characters. On the left, there is a character with dark hair, wearing a dark-colored outfit with a collar, and a small, round, orange-colored object on the head. This character is depicted with a closed eye and a hand gently placed on the forehead. On the right, there is another character with dark hair, wearing an orange top and glasses, and a small, round, orange-colored object on the head. This character is shown with eyes closed and a hand gently placed on the forehead of the character on the left. Both characters are seated and appear to be engaged in a moment of care or attention. There is no visible text in the image.	22518588216.png	The image depicts an orange cat sitting on a windowsill. The cat is facing away from the viewer, looking out of the window. The window is framed by a brick wall and is adorned with various potted plants, including succulents and flowers. The plants are arranged in a somewhat haphazard manner, with some pots placed directly on the windowsill and others on the ground below. The window is covered with a sheer curtain, and the interior of a building can be seen through the glass. The overall style of the image is illustrative, with a soft, hand-drawn quality. There is no visible text in the image.	39906556596.png	The image depicts two animated characters, a woman and a child, both wearing glasses and looking surprised or shocked. They are seated in front of a computer monitor, which is displaying a blank screen. The woman is on the left, and the child is on the right. The child is wearing an orange top with white polka dots. The background is plain white, emphasizing the characters and the computer. There is no visible text in the image. The style of the image is cartoonish and appears to be designed for a younger audience, possibly for educational or entertainment purposes.
imepe mmadu anya	Imepe mmadụ anya bụ otu n’ime ihe ndị a na-eme ma ọ bụrụ na a chọọ ịtụnye mmadụ ọgwụ n’anya.		22518588216.png	The image depicts an orange cat sitting on a windowsill. The cat is facing away from the viewer, looking out of the window. The window is framed by a brick wall and is adorned with various potted plants, including succulents and flowers. The plants are arranged in a somewhat haphazard manner, with some pots placed directly on the windowsill and others on the ground below. The window is covered with a sheer curtain, and the interior of a building can be seen through the glass. The overall style of the image is illustrative, with a soft, hand-drawn quality. There is no visible text in the image.	31868490484.png	The image is a digital illustration of a stylized character with exaggerated features. The character has a large head with a prominent nose and wide eyes. The character's skin tone is a shade of brown. The character's hair is dark and curly. The character is wearing a black shirt and orange sleeves with ruffled cuffs. The character's hands are placed over the eyes, with the fingers spread out to block the view. The background is a plain, light gray color. There is no visible text in the image. The style of the illustration is cartoonish and appears to be designed for a younger audience.	39906556596.png	The image depicts two animated characters, a woman and a child, both wearing glasses and looking surprised or shocked. They are seated in front of a computer monitor, which is displaying a blank screen. The woman is on the left, and the child is on the right. The child is wearing an orange top with white polka dots. The background is plain white, emphasizing the characters and the computer. There is no visible text in the image. The style of the image is cartoonish and appears to be designed for a younger audience, possibly for educational or entertainment purposes.	23916982432.png	The image is a stylized illustration featuring two animated characters. On the left, there is a character with dark hair, wearing a dark-colored outfit with a collar, and a small, round, orange-colored object on the head. This character is depicted with a closed eye and a hand gently placed on the forehead. On the right, there is another character with dark hair, wearing an orange top and glasses, and a small, round, orange-colored object on the head. This character is shown with eyes closed and a hand gently placed on the forehead of the character on the left. Both characters are seated and appear to be engaged in a moment of care or attention. There is no visible text in the image.	18730492705.png	The image shows a man with a beard and mustache, looking down with a contemplative expression. He is wearing a dark-colored sweater and a light-colored shirt. The man appears to be indoors, with a blurred background that suggests a warm, indoor lighting environment. There is no visible text in the image.
imepe mmadu anya	Ụmụakwụkwọ ndị ahụ kwuru na ha amaghị na imepe mmadụ anya mgbe ọ na-ehi ụra adịghị mma.		31868490484.png	The image is a digital illustration of a stylized character with exaggerated features. The character has a large head with a prominent nose and wide eyes. The character's skin tone is a shade of brown. The character's hair is dark and curly. The character is wearing a black shirt and orange sleeves with ruffled cuffs. The character's hands are placed over the eyes, with the fingers spread out to block the view. The background is a plain, light gray color. There is no visible text in the image. The style of the illustration is cartoonish and appears to be designed for a younger audience.	22518588216.png	The image depicts an orange cat sitting on a windowsill. The cat is facing away from the viewer, looking out of the window. The window is framed by a brick wall and is adorned with various potted plants, including succulents and flowers. The plants are arranged in a somewhat haphazard manner, with some pots placed directly on the windowsill and others on the ground below. The window is covered with a sheer curtain, and the interior of a building can be seen through the glass. The overall style of the image is illustrative, with a soft, hand-drawn quality. There is no visible text in the image.	39906556596.png	The image depicts two animated characters, a woman and a child, both wearing glasses and looking surprised or shocked. They are seated in front of a computer monitor, which is displaying a blank screen. The woman is on the left, and the child is on the right. The child is wearing an orange top with white polka dots. The background is plain white, emphasizing the characters and the computer. There is no visible text in the image. The style of the image is cartoonish and appears to be designed for a younger audience, possibly for educational or entertainment purposes.	23916982432.png	The image is a stylized illustration featuring two animated characters. On the left, there is a character with dark hair, wearing a dark-colored outfit with a collar, and a small, round, orange-colored object on the head. This character is depicted with a closed eye and a hand gently placed on the forehead. On the right, there is another character with dark hair, wearing an orange top and glasses, and a small, round, orange-colored object on the head. This character is shown with eyes closed and a hand gently placed on the forehead of the character on the left. Both characters are seated and appear to be engaged in a moment of care or attention. There is no visible text in the image.	18730492705.png	The image shows a man with a beard and mustache, looking down with a contemplative expression. He is wearing a dark-colored sweater and a light-colored shirt. The man appears to be indoors, with a blurred background that suggests a warm, indoor lighting environment. There is no visible text in the image.
ekwe ekwe	A na-akpọ Egondụ egedege nwaanyị nke gosiri na ọ naghị ekwe ekwe.		42997552087.png	The image features a 3D rendering of a female character with a surprised or displeased expression. She has curly brown hair and is wearing a brown and white polka dot blouse with a high neckline and a matching orange sweater. Her arms are crossed over her chest. The background is plain white.	97605358449.png	The image is a digital illustration of two animated characters engaged in a conversation. On the left is a male character with a beard, wearing glasses and a black shirt with a tie, seated in an orange chair. He has a contemplative expression and is gesturing with his right hand. On the right is a female character with curly hair, wearing a yellow top and black pants, seated in an orange chair with her hands clasped in front of her. She has a concerned or questioning expression. Between them is a small speech bubble with an orange outline containing a single white dot, suggesting a pause in the conversation. The background is plain white, emphasizing the characters and their interaction.	76259458720.png	The image is a digital illustration featuring two animated characters. On the left is a young boy with brown hair, wearing an orange long-sleeved shirt, dark pants, and orange shoes. He is waving his right hand and appears to be seated at a desk with a book open in front of him. On the right is an adult male with dark hair, wearing glasses, a dark long-sleeved shirt, dark pants, and dark shoes. He is holding a folder in his left hand and has a slight smile on his face. Both characters are standing and facing each other. The background is plain white.	36903150347.png	The image features a cartoon character, a young man with glasses, standing in front of a chalkboard. He is gesturing with his right hand, which is open and facing the viewer. The chalkboard has a large orange question mark on it. The character is wearing a dark sweater and light-colored pants, with orange shoes. The background is plain white.	54401168201.png	"The image depicts an animated character, a young woman with curly hair, wearing glasses and a black shirt. She is holding a newspaper with both hands, and there are bubbles above her head with the text ""OH MY GOD"" and ""WHOA"" in them, suggesting surprise or excitement. The style of the image is cartoonish and colorful."
ekwe ekwe	Ọ bụ ka aka ndị uwe ojii kpaara Odinye ka ọ matara na ekwe ekwe na-ekwe n’ute ekwere.		42997552087.png	The image features a 3D rendering of a female character with a surprised or displeased expression. She has curly brown hair and is wearing a brown and white polka dot blouse with a high neckline and a matching orange sweater. Her arms are crossed over her chest. The background is plain white.	54401168201.png	"The image depicts an animated character, a young woman with curly hair, wearing glasses and a black shirt. She is holding a newspaper with both hands, and there are bubbles above her head with the text ""OH MY GOD"" and ""WHOA"" in them, suggesting surprise or excitement. The style of the image is cartoonish and colorful."	76259458720.png	The image is a digital illustration featuring two animated characters. On the left is a young boy with brown hair, wearing an orange long-sleeved shirt, dark pants, and orange shoes. He is waving his right hand and appears to be seated at a desk with a book open in front of him. On the right is an adult male with dark hair, wearing glasses, a dark long-sleeved shirt, dark pants, and dark shoes. He is holding a folder in his left hand and has a slight smile on his face. Both characters are standing and facing each other. The background is plain white.	36903150347.png	The image features a cartoon character, a young man with glasses, standing in front of a chalkboard. He is gesturing with his right hand, which is open and facing the viewer. The chalkboard has a large orange question mark on it. The character is wearing a dark sweater and light-colored pants, with orange shoes. The background is plain white.	97605358449.png	The image is a digital illustration of two animated characters engaged in a conversation. On the left is a male character with a beard, wearing glasses and a black shirt with a tie, seated in an orange chair. He has a contemplative expression and is gesturing with his right hand. On the right is a female character with curly hair, wearing a yellow top and black pants, seated in an orange chair with her hands clasped in front of her. She has a concerned or questioning expression. Between them is a small speech bubble with an orange outline containing a single white dot, suggesting a pause in the conversation. The background is plain white, emphasizing the characters and their interaction.
ego ojoo	Nnyocha nke BBC African Eye mere na mba Kenya egosila etu ndị ekperima na-atụ mgbere mmadụ si eji ndị nwere nkwarụ akpa ego ọjọọ.		24439614580.png	The image depicts a chaotic scene with US dollar bills scattered in various orientations. The bills are predominantly in shades of orange and white, with some appearing to be crumpled or torn. The bills are not neatly stacked; instead, they are strewn about in a disorganized manner, with some overlapping and others partially obscured by others. The background is a plain, light color, which contrasts with the vivid colors of the money. There is no visible text on the image. The style of the image is illustrative, with a focus on realism in the depiction of the money.	78779843957.png	"The image depicts a torn US dollar bill with a portrait of George Washington on it. The bill is in mid-air, with the top right corner ripped off, revealing a green stamp with the number ""100"" on it. The bill is also partially covered in an orange substance, which appears to be a liquid or gel, and there are droplets of this substance splattered around the bill. The background is plain white, emphasizing the bill and the substance."	62578963641.png	The image is a stylized illustration showing two hands in business attire, each holding a stack of US dollar bills. The hands are positioned as if they are shaking or exchanging the money. The money is depicted in a dynamic manner, with some bills flying through the air between the hands, suggesting a transfer or exchange. The background is plain white, which contrasts with the darker tones of the hands and money, making the subject stand out. There is no visible text in the image. The style of the illustration is cartoonish and simplistic, with bold outlines and flat colors.	82768287236.png	The image is a digital illustration featuring two stylized figures in a dark, shadowy environment. On the left, there is a silhouette of a person with their back to the viewer, wearing a dark jacket and pants, and holding out a hand as if offering or receiving something. On the right, there is another figure, also in silhouette, wearing a brown coat and holding a stack of money in their hand. The figure on the right appears to be leaning forward slightly, possibly in the act of handing over the money. The background is minimal, with a dark wall and a brick wall on the right side of the image. There is no visible text in the image. The style of the illustration is reminiscent of a scene from a film noir or a similar genre, characterized by its use of shadows and silhouettes to create a sense of mystery and intrigue.	13003845196.png	The image shows a necklace with a combination of orange and yellow gemstones set in gold-colored metal, displayed on a black mannequin head. The necklace features a variety of gemstone shapes and sizes, including round, oval, and teardrop forms. The gemstones are set in a pattern that includes both larger and smaller stones, with the larger stones forming a central focal point. The mannequin head is placed on a display stand with a gray base, and there are other jewelry items in the background, suggesting that this is a display in a jewelry store or exhibition.
ego ojoo	Ọ bụrụ na i lee anya n’obodo anyị, ị ga-ahụ na ndị niile kpara ego ọjọọ nwụchuru anwuchu tinyekwara na ụmụ ha enweghị nke bara uru.		13003845196.png	The image shows a necklace with a combination of orange and yellow gemstones set in gold-colored metal, displayed on a black mannequin head. The necklace features a variety of gemstone shapes and sizes, including round, oval, and teardrop forms. The gemstones are set in a pattern that includes both larger and smaller stones, with the larger stones forming a central focal point. The mannequin head is placed on a display stand with a gray base, and there are other jewelry items in the background, suggesting that this is a display in a jewelry store or exhibition.	78779843957.png	"The image depicts a torn US dollar bill with a portrait of George Washington on it. The bill is in mid-air, with the top right corner ripped off, revealing a green stamp with the number ""100"" on it. The bill is also partially covered in an orange substance, which appears to be a liquid or gel, and there are droplets of this substance splattered around the bill. The background is plain white, emphasizing the bill and the substance."	82768287236.png	The image is a digital illustration featuring two stylized figures in a dark, shadowy environment. On the left, there is a silhouette of a person with their back to the viewer, wearing a dark jacket and pants, and holding out a hand as if offering or receiving something. On the right, there is another figure, also in silhouette, wearing a brown coat and holding a stack of money in their hand. The figure on the right appears to be leaning forward slightly, possibly in the act of handing over the money. The background is minimal, with a dark wall and a brick wall on the right side of the image. There is no visible text in the image. The style of the illustration is reminiscent of a scene from a film noir or a similar genre, characterized by its use of shadows and silhouettes to create a sense of mystery and intrigue.	62578963641.png	The image is a stylized illustration showing two hands in business attire, each holding a stack of US dollar bills. The hands are positioned as if they are shaking or exchanging the money. The money is depicted in a dynamic manner, with some bills flying through the air between the hands, suggesting a transfer or exchange. The background is plain white, which contrasts with the darker tones of the hands and money, making the subject stand out. There is no visible text in the image. The style of the illustration is cartoonish and simplistic, with bold outlines and flat colors.	24439614580.png	The image depicts a chaotic scene with US dollar bills scattered in various orientations. The bills are predominantly in shades of orange and white, with some appearing to be crumpled or torn. The bills are not neatly stacked; instead, they are strewn about in a disorganized manner, with some overlapping and others partially obscured by others. The background is a plain, light color, which contrasts with the vivid colors of the money. There is no visible text on the image. The style of the image is illustrative, with a focus on realism in the depiction of the money.
ego ojoo	Mgbe m nyere Ekene ego m ji ya, o kwuru na ego ọjọọ dị n’ime ya.		13003845196.png	The image shows a necklace with a combination of orange and yellow gemstones set in gold-colored metal, displayed on a black mannequin head. The necklace features a variety of gemstone shapes and sizes, including round, oval, and teardrop forms. The gemstones are set in a pattern that includes both larger and smaller stones, with the larger stones forming a central focal point. The mannequin head is placed on a display stand with a gray base, and there are other jewelry items in the background, suggesting that this is a display in a jewelry store or exhibition.	62578963641.png	The image is a stylized illustration showing two hands in business attire, each holding a stack of US dollar bills. The hands are positioned as if they are shaking or exchanging the money. The money is depicted in a dynamic manner, with some bills flying through the air between the hands, suggesting a transfer or exchange. The background is plain white, which contrasts with the darker tones of the hands and money, making the subject stand out. There is no visible text in the image. The style of the illustration is cartoonish and simplistic, with bold outlines and flat colors.	78779843957.png	"The image depicts a torn US dollar bill with a portrait of George Washington on it. The bill is in mid-air, with the top right corner ripped off, revealing a green stamp with the number ""100"" on it. The bill is also partially covered in an orange substance, which appears to be a liquid or gel, and there are droplets of this substance splattered around the bill. The background is plain white, emphasizing the bill and the substance."	82768287236.png	The image is a digital illustration featuring two stylized figures in a dark, shadowy environment. On the left, there is a silhouette of a person with their back to the viewer, wearing a dark jacket and pants, and holding out a hand as if offering or receiving something. On the right, there is another figure, also in silhouette, wearing a brown coat and holding a stack of money in their hand. The figure on the right appears to be leaning forward slightly, possibly in the act of handing over the money. The background is minimal, with a dark wall and a brick wall on the right side of the image. There is no visible text in the image. The style of the illustration is reminiscent of a scene from a film noir or a similar genre, characterized by its use of shadows and silhouettes to create a sense of mystery and intrigue.	24439614580.png	The image depicts a chaotic scene with US dollar bills scattered in various orientations. The bills are predominantly in shades of orange and white, with some appearing to be crumpled or torn. The bills are not neatly stacked; instead, they are strewn about in a disorganized manner, with some overlapping and others partially obscured by others. The background is a plain, light color, which contrasts with the vivid colors of the money. There is no visible text on the image. The style of the image is illustrative, with a focus on realism in the depiction of the money.
ego ojoo	Ndị ahịa na-atụ egwu ịnakọta ego ọjọọ n’ihi na ọ na-ahịa ahụ tupu ha emefuo ya.		82768287236.png	The image is a digital illustration featuring two stylized figures in a dark, shadowy environment. On the left, there is a silhouette of a person with their back to the viewer, wearing a dark jacket and pants, and holding out a hand as if offering or receiving something. On the right, there is another figure, also in silhouette, wearing a brown coat and holding a stack of money in their hand. The figure on the right appears to be leaning forward slightly, possibly in the act of handing over the money. The background is minimal, with a dark wall and a brick wall on the right side of the image. There is no visible text in the image. The style of the illustration is reminiscent of a scene from a film noir or a similar genre, characterized by its use of shadows and silhouettes to create a sense of mystery and intrigue.	78779843957.png	"The image depicts a torn US dollar bill with a portrait of George Washington on it. The bill is in mid-air, with the top right corner ripped off, revealing a green stamp with the number ""100"" on it. The bill is also partially covered in an orange substance, which appears to be a liquid or gel, and there are droplets of this substance splattered around the bill. The background is plain white, emphasizing the bill and the substance."	24439614580.png	The image depicts a chaotic scene with US dollar bills scattered in various orientations. The bills are predominantly in shades of orange and white, with some appearing to be crumpled or torn. The bills are not neatly stacked; instead, they are strewn about in a disorganized manner, with some overlapping and others partially obscured by others. The background is a plain, light color, which contrasts with the vivid colors of the money. There is no visible text on the image. The style of the image is illustrative, with a focus on realism in the depiction of the money.	13003845196.png	The image shows a necklace with a combination of orange and yellow gemstones set in gold-colored metal, displayed on a black mannequin head. The necklace features a variety of gemstone shapes and sizes, including round, oval, and teardrop forms. The gemstones are set in a pattern that includes both larger and smaller stones, with the larger stones forming a central focal point. The mannequin head is placed on a display stand with a gray base, and there are other jewelry items in the background, suggesting that this is a display in a jewelry store or exhibition.	62578963641.png	The image is a stylized illustration showing two hands in business attire, each holding a stack of US dollar bills. The hands are positioned as if they are shaking or exchanging the money. The money is depicted in a dynamic manner, with some bills flying through the air between the hands, suggesting a transfer or exchange. The background is plain white, which contrasts with the darker tones of the hands and money, making the subject stand out. There is no visible text in the image. The style of the illustration is cartoonish and simplistic, with bold outlines and flat colors.
ihe odachi	Ihe gọọmenti Naịjirịa kwuru maka ihe ọdachi		67899619804.png	The image depicts a stylized illustration of a person standing on a street with rain falling. The person is facing away from the viewer, wearing a dark coat and has orange hair. The street is wet, and raindrops are visible in the air and on the ground. The background features a blurred cityscape with buildings and trees. There is no visible text in the image. The style of the illustration is reminiscent of a comic book or graphic novel.	72678720936.png	The image depicts a whimsical scene of a dilapidated wooden bridge with a rope handrail, leading to a small island. The bridge is surrounded by water, and the island is adorned with a few trees and rocks. On the left side of the bridge, there is a small orange crate, and on the right, there is a larger orange crate. The bridge appears to be in a state of disrepair, with some planks missing and the structure leaning to the right. The water below the bridge is calm, and the overall style of the image is illustrative with a focus on color and texture.	23945126892.png	The image shows a bright orange traffic cone with white stripes on a road surface. The cone is placed on a black, textured surface that appears to be a road or path. In the background, there is a blurred depiction of a residential area with a house and a hedge. The style of the image is a 3D rendering with a focus on realism. There is no visible text in the image.	72048510822.png	The image depicts a large, irregularly shaped rock with patches of orange and gray, seemingly suspended in mid-air above a road. The rock is positioned as if it is about to fall onto the road below. On either side of the road, there are orange barriers, and the road itself is marked with white lines. The background is a plain, light gray, and there are small trees and shrubs on the sides of the road. The image is a digital rendering or illustration, not a photograph of a real scene.	52940650045.png	The image shows a bicycle leaning against a stone wall. The bicycle has a black frame with orange accents, including the rims of the wheels and the handlebars. There are two water bottles attached to the frame, one on each side of the handlebars. The bicycle is equipped with a rear rack and a front fender. The tires appear to be in good condition. The background features a stone wall and some greenery, suggesting an outdoor setting. There is no visible text in the image.
ihe odachi	Ihe ọdachi ataala isi mmadụ 31 n'emume ụka na Rivas steeti		67899619804.png	The image depicts a stylized illustration of a person standing on a street with rain falling. The person is facing away from the viewer, wearing a dark coat and has orange hair. The street is wet, and raindrops are visible in the air and on the ground. The background features a blurred cityscape with buildings and trees. There is no visible text in the image. The style of the illustration is reminiscent of a comic book or graphic novel.	23945126892.png	The image shows a bright orange traffic cone with white stripes on a road surface. The cone is placed on a black, textured surface that appears to be a road or path. In the background, there is a blurred depiction of a residential area with a house and a hedge. The style of the image is a 3D rendering with a focus on realism. There is no visible text in the image.	72048510822.png	The image depicts a large, irregularly shaped rock with patches of orange and gray, seemingly suspended in mid-air above a road. The rock is positioned as if it is about to fall onto the road below. On either side of the road, there are orange barriers, and the road itself is marked with white lines. The background is a plain, light gray, and there are small trees and shrubs on the sides of the road. The image is a digital rendering or illustration, not a photograph of a real scene.	52940650045.png	The image shows a bicycle leaning against a stone wall. The bicycle has a black frame with orange accents, including the rims of the wheels and the handlebars. There are two water bottles attached to the frame, one on each side of the handlebars. The bicycle is equipped with a rear rack and a front fender. The tires appear to be in good condition. The background features a stone wall and some greenery, suggesting an outdoor setting. There is no visible text in the image.	72678720936.png	The image depicts a whimsical scene of a dilapidated wooden bridge with a rope handrail, leading to a small island. The bridge is surrounded by water, and the island is adorned with a few trees and rocks. On the left side of the bridge, there is a small orange crate, and on the right, there is a larger orange crate. The bridge appears to be in a state of disrepair, with some planks missing and the structure leaning to the right. The water below the bridge is calm, and the overall style of the image is illustrative with a focus on color and texture.
ihe odachi	Ozugbo anyị nya ụgbọala anyị na-aga Aba, anyị hụrụ ihe ọdachi n’okporoụzọ ahụ ndị agha na-anọ.		67899619804.png	The image depicts a stylized illustration of a person standing on a street with rain falling. The person is facing away from the viewer, wearing a dark coat and has orange hair. The street is wet, and raindrops are visible in the air and on the ground. The background features a blurred cityscape with buildings and trees. There is no visible text in the image. The style of the illustration is reminiscent of a comic book or graphic novel.	72048510822.png	The image depicts a large, irregularly shaped rock with patches of orange and gray, seemingly suspended in mid-air above a road. The rock is positioned as if it is about to fall onto the road below. On either side of the road, there are orange barriers, and the road itself is marked with white lines. The background is a plain, light gray, and there are small trees and shrubs on the sides of the road. The image is a digital rendering or illustration, not a photograph of a real scene.	23945126892.png	The image shows a bright orange traffic cone with white stripes on a road surface. The cone is placed on a black, textured surface that appears to be a road or path. In the background, there is a blurred depiction of a residential area with a house and a hedge. The style of the image is a 3D rendering with a focus on realism. There is no visible text in the image.	72678720936.png	The image depicts a whimsical scene of a dilapidated wooden bridge with a rope handrail, leading to a small island. The bridge is surrounded by water, and the island is adorned with a few trees and rocks. On the left side of the bridge, there is a small orange crate, and on the right, there is a larger orange crate. The bridge appears to be in a state of disrepair, with some planks missing and the structure leaning to the right. The water below the bridge is calm, and the overall style of the image is illustrative with a focus on color and texture.	52940650045.png	The image shows a bicycle leaning against a stone wall. The bicycle has a black frame with orange accents, including the rims of the wheels and the handlebars. There are two water bottles attached to the frame, one on each side of the handlebars. The bicycle is equipped with a rear rack and a front fender. The tires appear to be in good condition. The background features a stone wall and some greenery, suggesting an outdoor setting. There is no visible text in the image.
ihe odachi	Bupụ ihe ọdachị a ka m gafee n’ihi na ọ na-anọchiri m ụzọ.		67899619804.png	The image depicts a stylized illustration of a person standing on a street with rain falling. The person is facing away from the viewer, wearing a dark coat and has orange hair. The street is wet, and raindrops are visible in the air and on the ground. The background features a blurred cityscape with buildings and trees. There is no visible text in the image. The style of the illustration is reminiscent of a comic book or graphic novel.	72048510822.png	The image depicts a large, irregularly shaped rock with patches of orange and gray, seemingly suspended in mid-air above a road. The rock is positioned as if it is about to fall onto the road below. On either side of the road, there are orange barriers, and the road itself is marked with white lines. The background is a plain, light gray, and there are small trees and shrubs on the sides of the road. The image is a digital rendering or illustration, not a photograph of a real scene.	72678720936.png	The image depicts a whimsical scene of a dilapidated wooden bridge with a rope handrail, leading to a small island. The bridge is surrounded by water, and the island is adorned with a few trees and rocks. On the left side of the bridge, there is a small orange crate, and on the right, there is a larger orange crate. The bridge appears to be in a state of disrepair, with some planks missing and the structure leaning to the right. The water below the bridge is calm, and the overall style of the image is illustrative with a focus on color and texture.	52940650045.png	The image shows a bicycle leaning against a stone wall. The bicycle has a black frame with orange accents, including the rims of the wheels and the handlebars. There are two water bottles attached to the frame, one on each side of the handlebars. The bicycle is equipped with a rear rack and a front fender. The tires appear to be in good condition. The background features a stone wall and some greenery, suggesting an outdoor setting. There is no visible text in the image.	23945126892.png	The image shows a bright orange traffic cone with white stripes on a road surface. The cone is placed on a black, textured surface that appears to be a road or path. In the background, there is a blurred depiction of a residential area with a house and a hedge. The style of the image is a 3D rendering with a focus on realism. There is no visible text in the image.
akpa akpu	Mgbe ha nọ na-akọ ọnụ, o we tụgharịa sị  ya na nwunye ya bụ akpa akpụ		11617386531.png	The image depicts a stylized illustration of a brown sack with a rope handle tied in a bow. The sack is filled with a collection of orange fruits, which appear to be oranges or tangerines, with some showing a green leaf on top. The sack is placed on a flat surface, and the background is plain white. There is no visible text in the image. The style of the illustration is simple and cartoonish, with a limited color palette and a flat design.	75660963572.png	The image depicts a collection of wooden logs, some of which are cut into cylindrical shapes, arranged in a basket-like structure. The logs are predominantly orange with visible wood grain patterns. The basket itself has a textured surface and is tied with a rope at the top. The background is plain white, emphasizing the objects in the foreground. There is no visible text in the image. The style of the image is illustrative, with a focus on realism in the depiction of the logs and the basket.	57020179923.png	The image depicts a cartoon of a man sitting on a park bench. He is wearing an orange shirt, brown pants, and brown shoes. The man has a beard and is holding a brown bag. Behind him is a tree with green leaves and a yellow fruit. To the right of the bench, there is a small orange flower. The bench is situated on a concrete path, and the background is a plain white.	73063767103.png	The image depicts a woven basket filled with oranges. The oranges are vibrant and appear fresh, with visible green leaves attached to their stems. The basket has a handle and is placed against a plain white background. There is no visible text in the image. The style of the image is illustrative, with a focus on the natural colors and textures of the oranges and the basket.	45960062382.png	The image depicts a cartoon-style character, a young boy, standing in front of a large, transparent bubble. The boy is wearing orange overalls and has brown hair. He is holding the bubble with both hands, and his face is partially obscured by the bubble's surface. The background is plain white, emphasizing the subject. There is no visible text in the image.
akpa akpu	Ụtụtụ ahụ ka m nụrụ otu nwanyị na-asị na di ya bụzị akpa akpụ ugbu a.		73063767103.png	The image depicts a woven basket filled with oranges. The oranges are vibrant and appear fresh, with visible green leaves attached to their stems. The basket has a handle and is placed against a plain white background. There is no visible text in the image. The style of the image is illustrative, with a focus on the natural colors and textures of the oranges and the basket.	75660963572.png	The image depicts a collection of wooden logs, some of which are cut into cylindrical shapes, arranged in a basket-like structure. The logs are predominantly orange with visible wood grain patterns. The basket itself has a textured surface and is tied with a rope at the top. The background is plain white, emphasizing the objects in the foreground. There is no visible text in the image. The style of the image is illustrative, with a focus on realism in the depiction of the logs and the basket.	45960062382.png	The image depicts a cartoon-style character, a young boy, standing in front of a large, transparent bubble. The boy is wearing orange overalls and has brown hair. He is holding the bubble with both hands, and his face is partially obscured by the bubble's surface. The background is plain white, emphasizing the subject. There is no visible text in the image.	57020179923.png	The image depicts a cartoon of a man sitting on a park bench. He is wearing an orange shirt, brown pants, and brown shoes. The man has a beard and is holding a brown bag. Behind him is a tree with green leaves and a yellow fruit. To the right of the bench, there is a small orange flower. The bench is situated on a concrete path, and the background is a plain white.	11617386531.png	The image depicts a stylized illustration of a brown sack with a rope handle tied in a bow. The sack is filled with a collection of orange fruits, which appear to be oranges or tangerines, with some showing a green leaf on top. The sack is placed on a flat surface, and the background is plain white. There is no visible text in the image. The style of the illustration is simple and cartoonish, with a limited color palette and a flat design.
akpa akpu	Mgbaafọ gbara ụzọ gaa ahịa iji zụta akpa akpụ n’ihi na ọ na-adị ọnụ ala n’ụzọ ụtụtụ.		11617386531.png	The image depicts a stylized illustration of a brown sack with a rope handle tied in a bow. The sack is filled with a collection of orange fruits, which appear to be oranges or tangerines, with some showing a green leaf on top. The sack is placed on a flat surface, and the background is plain white. There is no visible text in the image. The style of the illustration is simple and cartoonish, with a limited color palette and a flat design.	57020179923.png	The image depicts a cartoon of a man sitting on a park bench. He is wearing an orange shirt, brown pants, and brown shoes. The man has a beard and is holding a brown bag. Behind him is a tree with green leaves and a yellow fruit. To the right of the bench, there is a small orange flower. The bench is situated on a concrete path, and the background is a plain white.	73063767103.png	The image depicts a woven basket filled with oranges. The oranges are vibrant and appear fresh, with visible green leaves attached to their stems. The basket has a handle and is placed against a plain white background. There is no visible text in the image. The style of the image is illustrative, with a focus on the natural colors and textures of the oranges and the basket.	75660963572.png	The image depicts a collection of wooden logs, some of which are cut into cylindrical shapes, arranged in a basket-like structure. The logs are predominantly orange with visible wood grain patterns. The basket itself has a textured surface and is tied with a rope at the top. The background is plain white, emphasizing the objects in the foreground. There is no visible text in the image. The style of the image is illustrative, with a focus on realism in the depiction of the logs and the basket.	45960062382.png	The image depicts a cartoon-style character, a young boy, standing in front of a large, transparent bubble. The boy is wearing orange overalls and has brown hair. He is holding the bubble with both hands, and his face is partially obscured by the bubble's surface. The background is plain white, emphasizing the subject. There is no visible text in the image.
akpa akpu	Amaka baara di ya mba maka na o tinyere akwa nwa ha nwoke n’ime akpa akpụ nke mere na akwa ndị ahụ bidoro siwe akpụ akpụ.		73063767103.png	The image depicts a woven basket filled with oranges. The oranges are vibrant and appear fresh, with visible green leaves attached to their stems. The basket has a handle and is placed against a plain white background. There is no visible text in the image. The style of the image is illustrative, with a focus on the natural colors and textures of the oranges and the basket.	75660963572.png	The image depicts a collection of wooden logs, some of which are cut into cylindrical shapes, arranged in a basket-like structure. The logs are predominantly orange with visible wood grain patterns. The basket itself has a textured surface and is tied with a rope at the top. The background is plain white, emphasizing the objects in the foreground. There is no visible text in the image. The style of the image is illustrative, with a focus on realism in the depiction of the logs and the basket.	45960062382.png	The image depicts a cartoon-style character, a young boy, standing in front of a large, transparent bubble. The boy is wearing orange overalls and has brown hair. He is holding the bubble with both hands, and his face is partially obscured by the bubble's surface. The background is plain white, emphasizing the subject. There is no visible text in the image.	11617386531.png	The image depicts a stylized illustration of a brown sack with a rope handle tied in a bow. The sack is filled with a collection of orange fruits, which appear to be oranges or tangerines, with some showing a green leaf on top. The sack is placed on a flat surface, and the background is plain white. There is no visible text in the image. The style of the illustration is simple and cartoonish, with a limited color palette and a flat design.	57020179923.png	The image depicts a cartoon of a man sitting on a park bench. He is wearing an orange shirt, brown pants, and brown shoes. The man has a beard and is holding a brown bag. Behind him is a tree with green leaves and a yellow fruit. To the right of the bench, there is a small orange flower. The bench is situated on a concrete path, and the background is a plain white.
itu ndu mmanu	Kedu ihe i na-eme ma i chọo itu ndụ mmanu maobu ime onwe gị obi ụtọ?		23378703787.png	The image shows a close-up of a human hand with a few droplets of a yellowish substance on the skin. The substance appears to be a liquid or gel, and it is not clear what it is. The hand is positioned with the palm facing upwards, and the fingers are slightly curled. The background is plain and white, which contrasts with the skin tone and the color of the substance. There is no visible text in the image.	72132605349.png	The image depicts a lively scene of a group of people gathered around a long wooden dining table. The table is set with various dishes, including pizza and what appears to be a salad, and is adorned with multiple glasses of orange beverage. The atmosphere is festive, with orange decorations hanging above the table and a string of lights adding a warm glow to the setting. The people are engaged in conversation and enjoying their meal, with smiles on their faces. The setting suggests a casual, outdoor dining experience, possibly during a celebration or gathering.	35258483803.png	The image shows a woven basket filled with round, glazed buns. The buns have a golden-brown crust and are speckled with sesame seeds. They are placed on a wooden surface. The background is a neutral, muted gray. There is no visible text in the image. The style of the image is a realistic 3D rendering with a focus on the food item.	58415927098.png	The image features a large, transparent orange bottle with a handle and a spout, placed on a white tiled surface. To the left of the bottle, there is a smaller glass bottle with a cork stopper, containing a yellow liquid that appears to be oil. In front of the large bottle, there are three whole oranges and a few garlic cloves. The background is a plain white wall. The image is a studio-style photograph with a focus on the objects, which are arranged to suggest a theme of cooking or food preparation.	76137585696.png	The image depicts an animated character, a man with a beard and mustache, wearing glasses and a floral shirt, reclining in a hammock. He is holding a book and appears to be reading. The hammock is orange and has a rope attached to it. The character is wearing shorts and sandals. The background is plain white. There is no visible text in the image.
itu ndu mmanu	Bịa ka m gosi gị mkpụrụosisi dị mma maka ịtụ ndụ gị mmanụ ugbu a ọrịa na-efegharị ebe niile.		23378703787.png	The image shows a close-up of a human hand with a few droplets of a yellowish substance on the skin. The substance appears to be a liquid or gel, and it is not clear what it is. The hand is positioned with the palm facing upwards, and the fingers are slightly curled. The background is plain and white, which contrasts with the skin tone and the color of the substance. There is no visible text in the image.	35258483803.png	The image shows a woven basket filled with round, glazed buns. The buns have a golden-brown crust and are speckled with sesame seeds. They are placed on a wooden surface. The background is a neutral, muted gray. There is no visible text in the image. The style of the image is a realistic 3D rendering with a focus on the food item.	76137585696.png	The image depicts an animated character, a man with a beard and mustache, wearing glasses and a floral shirt, reclining in a hammock. He is holding a book and appears to be reading. The hammock is orange and has a rope attached to it. The character is wearing shorts and sandals. The background is plain white. There is no visible text in the image.	58415927098.png	The image features a large, transparent orange bottle with a handle and a spout, placed on a white tiled surface. To the left of the bottle, there is a smaller glass bottle with a cork stopper, containing a yellow liquid that appears to be oil. In front of the large bottle, there are three whole oranges and a few garlic cloves. The background is a plain white wall. The image is a studio-style photograph with a focus on the objects, which are arranged to suggest a theme of cooking or food preparation.	72132605349.png	The image depicts a lively scene of a group of people gathered around a long wooden dining table. The table is set with various dishes, including pizza and what appears to be a salad, and is adorned with multiple glasses of orange beverage. The atmosphere is festive, with orange decorations hanging above the table and a string of lights adding a warm glow to the setting. The people are engaged in conversation and enjoying their meal, with smiles on their faces. The setting suggests a casual, outdoor dining experience, possibly during a celebration or gathering.
oge nwaanyi maobu oge nwoke	Ndị Igbo sị na oge nwaanyị na-aga aga.		51648380175.png	The image features a stylized illustration of a man and a woman standing in front of a large clock. The man is on the left, dressed in a suit with a tie, and the woman is on the right, wearing a dress and a blazer. Both characters are depicted with a simplistic, cartoon-like style. The clock has a black background with orange hands and numbers, and there are small orange pills floating around it. The characters are looking directly at the viewer. There is no visible text in the image.	88024876306.png	The image features a cartoon illustration of a young girl with brown hair tied in a bun. She is wearing a polka-dot blouse and has a neutral expression on her face. To her right, there is a circular clock with a black frame and a white face. On the clock, there is a depiction of a baby's onesie with a pattern of white stars on an orange background. The girl's left hand is resting on her hip, and she appears to be looking at the clock. There is no visible text in the image. The style of the image is simple and child-friendly, with a focus on the contrast between the girl's attire and the baby's onesie on the clock.	18628318341.png	The image depicts an animated character, an older man with a mustache, wearing an orange robe with a patterned design. He is standing in front of a bathroom mirror, looking at his reflection. The man is holding a bottle of shampoo in his right hand and appears to be in the process of washing his hair. The bathroom counter is visible, with various toiletries such as bottles and a toothbrush. The man's reflection in the mirror shows him with a full head of black hair. The overall style of the image is cartoonish and the color palette is limited, with a focus on warm tones.	59852128138.png	The image depicts a stylized, cartoon-like beach scene. In the foreground, there is a calendar with the month of July highlighted, placed on a small, sandy island. The calendar has a simple, flat design with a white background and black numbers and lines. To the left of the calendar, there is a palm tree with a brown trunk and green leaves. The tree is partially submerged in a body of water that is depicted in a light blue color.  In the water, there are several orange flowers floating near the shore. On the right side of the image, there is a small boat with a red and white striped canopy. The boat is beached on the sandy island. The background is plain white, which contrasts with the colorful elements in the foreground. There is no visible text in the image. The overall style is whimsical and playful, with a clear focus on a summer beach theme.	40043366183.png	The image features a digital wristwatch with a black strap and a black case. The watch face is orange and black, with multiple dials and indicators. The watch is set on a wooden surface, and to its left is a small, round, white lamp with a beige shade. In front of the lamp, there is a small potted plant with green leaves. The background is a plain, light gray color. There is no visible text in the image. The objects are arranged in a still life composition, with the watch as the central focus.
oge nwaanyi maobu oge nwoke	Amaka sịrị na ọ chọghị ịlụ di ugbu a, ma nne ya na-agwa ya ka o cheta na oge nwaanyị adịghị eche.		40043366183.png	The image features a digital wristwatch with a black strap and a black case. The watch face is orange and black, with multiple dials and indicators. The watch is set on a wooden surface, and to its left is a small, round, white lamp with a beige shade. In front of the lamp, there is a small potted plant with green leaves. The background is a plain, light gray color. There is no visible text in the image. The objects are arranged in a still life composition, with the watch as the central focus.	88024876306.png	The image features a cartoon illustration of a young girl with brown hair tied in a bun. She is wearing a polka-dot blouse and has a neutral expression on her face. To her right, there is a circular clock with a black frame and a white face. On the clock, there is a depiction of a baby's onesie with a pattern of white stars on an orange background. The girl's left hand is resting on her hip, and she appears to be looking at the clock. There is no visible text in the image. The style of the image is simple and child-friendly, with a focus on the contrast between the girl's attire and the baby's onesie on the clock.	59852128138.png	The image depicts a stylized, cartoon-like beach scene. In the foreground, there is a calendar with the month of July highlighted, placed on a small, sandy island. The calendar has a simple, flat design with a white background and black numbers and lines. To the left of the calendar, there is a palm tree with a brown trunk and green leaves. The tree is partially submerged in a body of water that is depicted in a light blue color.  In the water, there are several orange flowers floating near the shore. On the right side of the image, there is a small boat with a red and white striped canopy. The boat is beached on the sandy island. The background is plain white, which contrasts with the colorful elements in the foreground. There is no visible text in the image. The overall style is whimsical and playful, with a clear focus on a summer beach theme.	51648380175.png	The image features a stylized illustration of a man and a woman standing in front of a large clock. The man is on the left, dressed in a suit with a tie, and the woman is on the right, wearing a dress and a blazer. Both characters are depicted with a simplistic, cartoon-like style. The clock has a black background with orange hands and numbers, and there are small orange pills floating around it. The characters are looking directly at the viewer. There is no visible text in the image.	18628318341.png	The image depicts an animated character, an older man with a mustache, wearing an orange robe with a patterned design. He is standing in front of a bathroom mirror, looking at his reflection. The man is holding a bottle of shampoo in his right hand and appears to be in the process of washing his hair. The bathroom counter is visible, with various toiletries such as bottles and a toothbrush. The man's reflection in the mirror shows him with a full head of black hair. The overall style of the image is cartoonish and the color palette is limited, with a focus on warm tones.
oge nwaanyi maobu oge nwoke	A na-egbubu ụmụ ejima, tupu o ruo oge nwaanyị onye ocha a na-akpọ Mary Slessor kwụsịrị ya.		40043366183.png	The image features a digital wristwatch with a black strap and a black case. The watch face is orange and black, with multiple dials and indicators. The watch is set on a wooden surface, and to its left is a small, round, white lamp with a beige shade. In front of the lamp, there is a small potted plant with green leaves. The background is a plain, light gray color. There is no visible text in the image. The objects are arranged in a still life composition, with the watch as the central focus.	88024876306.png	The image features a cartoon illustration of a young girl with brown hair tied in a bun. She is wearing a polka-dot blouse and has a neutral expression on her face. To her right, there is a circular clock with a black frame and a white face. On the clock, there is a depiction of a baby's onesie with a pattern of white stars on an orange background. The girl's left hand is resting on her hip, and she appears to be looking at the clock. There is no visible text in the image. The style of the image is simple and child-friendly, with a focus on the contrast between the girl's attire and the baby's onesie on the clock.	51648380175.png	The image features a stylized illustration of a man and a woman standing in front of a large clock. The man is on the left, dressed in a suit with a tie, and the woman is on the right, wearing a dress and a blazer. Both characters are depicted with a simplistic, cartoon-like style. The clock has a black background with orange hands and numbers, and there are small orange pills floating around it. The characters are looking directly at the viewer. There is no visible text in the image.	18628318341.png	The image depicts an animated character, an older man with a mustache, wearing an orange robe with a patterned design. He is standing in front of a bathroom mirror, looking at his reflection. The man is holding a bottle of shampoo in his right hand and appears to be in the process of washing his hair. The bathroom counter is visible, with various toiletries such as bottles and a toothbrush. The man's reflection in the mirror shows him with a full head of black hair. The overall style of the image is cartoonish and the color palette is limited, with a focus on warm tones.	59852128138.png	The image depicts a stylized, cartoon-like beach scene. In the foreground, there is a calendar with the month of July highlighted, placed on a small, sandy island. The calendar has a simple, flat design with a white background and black numbers and lines. To the left of the calendar, there is a palm tree with a brown trunk and green leaves. The tree is partially submerged in a body of water that is depicted in a light blue color.  In the water, there are several orange flowers floating near the shore. On the right side of the image, there is a small boat with a red and white striped canopy. The boat is beached on the sandy island. The background is plain white, which contrasts with the colorful elements in the foreground. There is no visible text in the image. The overall style is whimsical and playful, with a clear focus on a summer beach theme.
oge nwaanyi maobu oge nwoke	Ị ma na ihe a abụghịzi oge ụwa ka nọ n’isi, ya bụ na oge nwoke ga-eji ekwu okwu ekwesịghị ịkarị oge nke nwoke.		88024876306.png	The image features a cartoon illustration of a young girl with brown hair tied in a bun. She is wearing a polka-dot blouse and has a neutral expression on her face. To her right, there is a circular clock with a black frame and a white face. On the clock, there is a depiction of a baby's onesie with a pattern of white stars on an orange background. The girl's left hand is resting on her hip, and she appears to be looking at the clock. There is no visible text in the image. The style of the image is simple and child-friendly, with a focus on the contrast between the girl's attire and the baby's onesie on the clock.	59852128138.png	The image depicts a stylized, cartoon-like beach scene. In the foreground, there is a calendar with the month of July highlighted, placed on a small, sandy island. The calendar has a simple, flat design with a white background and black numbers and lines. To the left of the calendar, there is a palm tree with a brown trunk and green leaves. The tree is partially submerged in a body of water that is depicted in a light blue color.  In the water, there are several orange flowers floating near the shore. On the right side of the image, there is a small boat with a red and white striped canopy. The boat is beached on the sandy island. The background is plain white, which contrasts with the colorful elements in the foreground. There is no visible text in the image. The overall style is whimsical and playful, with a clear focus on a summer beach theme.	51648380175.png	The image features a stylized illustration of a man and a woman standing in front of a large clock. The man is on the left, dressed in a suit with a tie, and the woman is on the right, wearing a dress and a blazer. Both characters are depicted with a simplistic, cartoon-like style. The clock has a black background with orange hands and numbers, and there are small orange pills floating around it. The characters are looking directly at the viewer. There is no visible text in the image.	18628318341.png	The image depicts an animated character, an older man with a mustache, wearing an orange robe with a patterned design. He is standing in front of a bathroom mirror, looking at his reflection. The man is holding a bottle of shampoo in his right hand and appears to be in the process of washing his hair. The bathroom counter is visible, with various toiletries such as bottles and a toothbrush. The man's reflection in the mirror shows him with a full head of black hair. The overall style of the image is cartoonish and the color palette is limited, with a focus on warm tones.	40043366183.png	The image features a digital wristwatch with a black strap and a black case. The watch face is orange and black, with multiple dials and indicators. The watch is set on a wooden surface, and to its left is a small, round, white lamp with a beige shade. In front of the lamp, there is a small potted plant with green leaves. The background is a plain, light gray color. There is no visible text in the image. The objects are arranged in a still life composition, with the watch as the central focus.
ahia azu ulo	Ọ zụtara mmanụ ụgbọala n’ahịa azụ ụlọ n’ihi na ebe a na-ere ya n’ụlọ ahịa adịghị.		73711309908.png	The image depicts two animated characters, a woman and a child, standing on a stone path. The woman is on the left, wearing a long dress with a hood, and carrying a basket filled with what appears to be bread or pastries. She has a smile on her face and is looking at the child. The child, on the right, is wearing a long dress with a pattern and a headscarf. The child is holding a basket with a single orange in it and is also smiling. They are both standing in front of a wooden fence with plants growing around it. The background is plain white, emphasizing the characters and the fence. There is no visible text in the image.	98828193413.png	"The image depicts a vibrant, cartoon-style market scene. At the center is a small, rustic building with a green roof, featuring a large orange awning. The building is adorned with various potted plants and hanging baskets, and has a sign that reads ""Fruit Stand.""  In front of the building, there is a variety of fresh produce displayed, including oranges, lemons, and apples. A woman is standing at the entrance of the building, possibly a vendor. To the right of the building, there is a large tree with abundant orange fruit.  The ground is covered with a mix of dirt and sand, and there are a few small animals, such as a cat and a dog, wandering around. The overall atmosphere is lively and colorful, with a focus on natural elements and a sense of a local, outdoor market."	59139541798.png	The image depicts a stylized, cartoon-like illustration of a small, orange house with a green door and a gray roof. The house is surrounded by a variety of plants and flowers, including tomatoes, strawberries, and other greenery. There are potted plants placed around the house, and a wooden fence is visible to the left. A small garden area is in front of the house, with a path leading up to the door. The sky is clear and blue, and there are three birds flying above the house. The overall scene suggests a peaceful, garden-themed setting.	18421583869.png	The image is a digital illustration featuring a cartoon-style depiction of a young boy and a flock of chickens. The boy, wearing a straw hat and a brown shirt with suspenders, is standing on the left side of the image. He is holding a large basket filled with chickens. The chickens are a mix of orange and white, with some having red combs and wattles.  The boy is standing in front of a small wooden house with a thatched roof. The house has a chimney and a small window with a shutter. The house is surrounded by a simple wooden fence. In front of the house, there are several potted plants with green leaves.  The background of the image is a plain, light color, providing a contrast that highlights the subjects in the foreground. There is no visible text in the image. The style of the illustration is whimsical and child-friendly, with a focus on bright colors and simple shapes.	59476846414.png	The image is a cartoon illustration featuring two animated characters. On the left, there is a character with dark hair, wearing a suit and tie, and holding a briefcase. On the right, there is another character with red hair, wearing a brown coat, and holding a bag with a dollar sign on it. Both characters are standing in front of a brick archway. The character on the right is handing money to the character on the left, who is receiving it. The money appears to be in the form of bills, and there are coins scattered on the ground around them. The overall scene suggests a transaction or exchange between the two characters.
ahia azu ulo	Gọvanọ gwara ndị ọ na-achị ka ha zere ịzụ ahịa n’ahịa azụ ụlọ n’ihi na o nwere ihe ize ndụ juru na ya		73711309908.png	The image depicts two animated characters, a woman and a child, standing on a stone path. The woman is on the left, wearing a long dress with a hood, and carrying a basket filled with what appears to be bread or pastries. She has a smile on her face and is looking at the child. The child, on the right, is wearing a long dress with a pattern and a headscarf. The child is holding a basket with a single orange in it and is also smiling. They are both standing in front of a wooden fence with plants growing around it. The background is plain white, emphasizing the characters and the fence. There is no visible text in the image.	18421583869.png	The image is a digital illustration featuring a cartoon-style depiction of a young boy and a flock of chickens. The boy, wearing a straw hat and a brown shirt with suspenders, is standing on the left side of the image. He is holding a large basket filled with chickens. The chickens are a mix of orange and white, with some having red combs and wattles.  The boy is standing in front of a small wooden house with a thatched roof. The house has a chimney and a small window with a shutter. The house is surrounded by a simple wooden fence. In front of the house, there are several potted plants with green leaves.  The background of the image is a plain, light color, providing a contrast that highlights the subjects in the foreground. There is no visible text in the image. The style of the illustration is whimsical and child-friendly, with a focus on bright colors and simple shapes.	59476846414.png	The image is a cartoon illustration featuring two animated characters. On the left, there is a character with dark hair, wearing a suit and tie, and holding a briefcase. On the right, there is another character with red hair, wearing a brown coat, and holding a bag with a dollar sign on it. Both characters are standing in front of a brick archway. The character on the right is handing money to the character on the left, who is receiving it. The money appears to be in the form of bills, and there are coins scattered on the ground around them. The overall scene suggests a transaction or exchange between the two characters.	59139541798.png	The image depicts a stylized, cartoon-like illustration of a small, orange house with a green door and a gray roof. The house is surrounded by a variety of plants and flowers, including tomatoes, strawberries, and other greenery. There are potted plants placed around the house, and a wooden fence is visible to the left. A small garden area is in front of the house, with a path leading up to the door. The sky is clear and blue, and there are three birds flying above the house. The overall scene suggests a peaceful, garden-themed setting.	98828193413.png	"The image depicts a vibrant, cartoon-style market scene. At the center is a small, rustic building with a green roof, featuring a large orange awning. The building is adorned with various potted plants and hanging baskets, and has a sign that reads ""Fruit Stand.""  In front of the building, there is a variety of fresh produce displayed, including oranges, lemons, and apples. A woman is standing at the entrance of the building, possibly a vendor. To the right of the building, there is a large tree with abundant orange fruit.  The ground is covered with a mix of dirt and sand, and there are a few small animals, such as a cat and a dog, wandering around. The overall atmosphere is lively and colorful, with a focus on natural elements and a sense of a local, outdoor market."
ita uta	"N’afọ a enweghị ụdị ọṅụ ọ bụla ga-anọchi ịta ụta na ọnọdụ enweghị enyemaka ndị ụka Alakụba Palestine bị n’ọwụwa anyanwụ Jerusalem na-agabiga."""		62715964237.png	The image is a digital illustration featuring two animated male characters. The character on the left has a beard and is pointing his finger at the other character, who is on the right. The character on the right has a surprised or shocked expression, with his mouth open and eyes wide. Both characters are wearing casual clothing; the character on the left is in a dark shirt, and the character on the right is in an orange shirt. The background is plain white, emphasizing the characters. There is no visible text in the image. The style of the illustration is cartoonish and appears to be designed for a humorous or comedic effect.	22134936294.png	The image is a digital illustration featuring two animated male characters engaged in a conversation. They are seated at a table with a laptop between them. The character on the left is pointing with his right hand, while the character on the right is gesturing with his left hand. Both characters are wearing suits and ties, suggesting a professional setting. The background is plain and does not provide any additional context. There is no visible text in the image.	39079490537.png	The image is a stylized illustration of a group of people sitting in a row. They appear to be in a meeting or a lecture, as suggested by their attentive postures with hands clapped together. The individuals are diverse in terms of age, gender, and ethnicity. They are dressed in a variety of casual and semi-formal attire. The background is plain and does not provide any additional context. There is no visible text in the image. The style of the illustration is flat with minimal shading, giving it a modern and simplistic appearance.	12730960102.png	"The image features a stylized illustration of a piece of paper with the word ""blame"" written on it. The paper is attached to a wooden post with two black clips. The paper appears to be in a state of disrepair, with a large tear at the top and a smaller one at the bottom. There are splatters of orange liquid, resembling mustard or a similar condiment, dripping from the paper onto the ground below. The background is a solid dark color, which contrasts with the lighter colors of the paper and the liquid."	65059783001.png	The image is a digital illustration featuring three animated characters. On the left, there is a male character with dark hair, wearing a gray jacket and black pants with white sneakers. He is smiling and has his hands on his hips. In the center, there is a male character with brown hair, wearing an orange long-sleeved shirt and black pants with orange sneakers. He is pointing his right hand towards the female character. On the right, there is a female character with brown hair, wearing an orange dress with a white pattern and black shoes. She is smiling and looking towards the male character. The characters are depicted in a friendly and approachable manner. There is no visible text in the image.
ita uta	Ebe ọ bụ na onye nlekọta nʼahụ ihe banyere chọọchị Chineke, ọ ga-abụ onye na-enweghị ihe ịta ụta.		12730960102.png	"The image features a stylized illustration of a piece of paper with the word ""blame"" written on it. The paper is attached to a wooden post with two black clips. The paper appears to be in a state of disrepair, with a large tear at the top and a smaller one at the bottom. There are splatters of orange liquid, resembling mustard or a similar condiment, dripping from the paper onto the ground below. The background is a solid dark color, which contrasts with the lighter colors of the paper and the liquid."	62715964237.png	The image is a digital illustration featuring two animated male characters. The character on the left has a beard and is pointing his finger at the other character, who is on the right. The character on the right has a surprised or shocked expression, with his mouth open and eyes wide. Both characters are wearing casual clothing; the character on the left is in a dark shirt, and the character on the right is in an orange shirt. The background is plain white, emphasizing the characters. There is no visible text in the image. The style of the illustration is cartoonish and appears to be designed for a humorous or comedic effect.	22134936294.png	The image is a digital illustration featuring two animated male characters engaged in a conversation. They are seated at a table with a laptop between them. The character on the left is pointing with his right hand, while the character on the right is gesturing with his left hand. Both characters are wearing suits and ties, suggesting a professional setting. The background is plain and does not provide any additional context. There is no visible text in the image.	39079490537.png	The image is a stylized illustration of a group of people sitting in a row. They appear to be in a meeting or a lecture, as suggested by their attentive postures with hands clapped together. The individuals are diverse in terms of age, gender, and ethnicity. They are dressed in a variety of casual and semi-formal attire. The background is plain and does not provide any additional context. There is no visible text in the image. The style of the illustration is flat with minimal shading, giving it a modern and simplistic appearance.	65059783001.png	The image is a digital illustration featuring three animated characters. On the left, there is a male character with dark hair, wearing a gray jacket and black pants with white sneakers. He is smiling and has his hands on his hips. In the center, there is a male character with brown hair, wearing an orange long-sleeved shirt and black pants with orange sneakers. He is pointing his right hand towards the female character. On the right, there is a female character with brown hair, wearing an orange dress with a white pattern and black shoes. She is smiling and looking towards the male character. The characters are depicted in a friendly and approachable manner. There is no visible text in the image.
ebe uzo adighi	Chukwu Okikeabịaama ga-akwara anyị ụzọ ebe ụzọ adịghị		43342534131.png	"The image depicts a scene with a prominent orange road barrier. The barrier is positioned across a road that appears to be in a desert-like environment, with sparse vegetation and rocky terrain. The road itself is a straight, paved path that leads towards the barrier. On the right side of the image, there is a sign attached to the barrier that reads ""ROSE LONDON WATER."" The sign is rectangular with a yellow background and black text. The style of the image is illustrative, with a flat perspective and a limited color palette. The overall impression is that of a closed or restricted area."	11417181097.png	The image depicts a cartoon illustration of a man with a beard and glasses, holding a large black folder with both hands. He appears to be in a state of confusion or frustration, as indicated by the question marks above his head and the hand on his forehead. The man is wearing a white shirt and a black tie. The background is plain white.	50941165959.png	The image shows a narrow, paved pathway that appears to be in a natural, possibly rural setting. The path is flanked by vegetation on both sides, with a variety of plants and flowers, including orange flowers, which are in bloom. The path is not in good condition, with visible cracks and puddles of water, suggesting it may be used less frequently or has not been maintained recently. The sky is overcast, and the overall atmosphere of the image is serene and somewhat untamed. There is no visible text in the image.	84831119211.png	The image depicts a stylized, animated character with a surprised expression. The character has brown hair and is wearing an orange hoodie. They are holding an open book with both hands, and the book appears to be thick with visible pages. The character's eyes are wide and their mouth is slightly open, conveying a sense of surprise or shock. The background is plain white, which contrasts with the character and the book, making them the focal point of the image. There is no visible text in the image.	32855571015.png	The image depicts a serene landscape scene. In the foreground, there is a small wooden boat with a pointed bow, floating on a calm body of water. The boat is centered in the image and appears to be made of planks with a natural wood finish.  The water reflects the boat and the surrounding scenery, creating a mirror-like effect. The background features a lush green hillside with trees and shrubs, and a winding river or stream meanders through the landscape. The river is bordered by rocks and is surrounded by a variety of flora, including what appears to be wildflowers.  In the distance, there are rolling hills and a range of mountains with a gradient of colors, suggesting a mix of greenery and possibly rocky terrain. The sky is a soft, pale blue, indicating a clear day.  There is no visible text in the image. The style of the image is illustrative, with a focus on natural colors and a realistic yet stylized representation of the scene.
ebe uzo adighi	Mgbe Okeke na enyi ya nwoke ruru ebe ụzọ adịghị, ha ghọrọ ndị na-amaghị ihe ọzọ ha ga-eme.		50941165959.png	The image shows a narrow, paved pathway that appears to be in a natural, possibly rural setting. The path is flanked by vegetation on both sides, with a variety of plants and flowers, including orange flowers, which are in bloom. The path is not in good condition, with visible cracks and puddles of water, suggesting it may be used less frequently or has not been maintained recently. The sky is overcast, and the overall atmosphere of the image is serene and somewhat untamed. There is no visible text in the image.	32855571015.png	The image depicts a serene landscape scene. In the foreground, there is a small wooden boat with a pointed bow, floating on a calm body of water. The boat is centered in the image and appears to be made of planks with a natural wood finish.  The water reflects the boat and the surrounding scenery, creating a mirror-like effect. The background features a lush green hillside with trees and shrubs, and a winding river or stream meanders through the landscape. The river is bordered by rocks and is surrounded by a variety of flora, including what appears to be wildflowers.  In the distance, there are rolling hills and a range of mountains with a gradient of colors, suggesting a mix of greenery and possibly rocky terrain. The sky is a soft, pale blue, indicating a clear day.  There is no visible text in the image. The style of the image is illustrative, with a focus on natural colors and a realistic yet stylized representation of the scene.	84831119211.png	The image depicts a stylized, animated character with a surprised expression. The character has brown hair and is wearing an orange hoodie. They are holding an open book with both hands, and the book appears to be thick with visible pages. The character's eyes are wide and their mouth is slightly open, conveying a sense of surprise or shock. The background is plain white, which contrasts with the character and the book, making them the focal point of the image. There is no visible text in the image.	43342534131.png	"The image depicts a scene with a prominent orange road barrier. The barrier is positioned across a road that appears to be in a desert-like environment, with sparse vegetation and rocky terrain. The road itself is a straight, paved path that leads towards the barrier. On the right side of the image, there is a sign attached to the barrier that reads ""ROSE LONDON WATER."" The sign is rectangular with a yellow background and black text. The style of the image is illustrative, with a flat perspective and a limited color palette. The overall impression is that of a closed or restricted area."	11417181097.png	The image depicts a cartoon illustration of a man with a beard and glasses, holding a large black folder with both hands. He appears to be in a state of confusion or frustration, as indicated by the question marks above his head and the hand on his forehead. The man is wearing a white shirt and a black tie. The background is plain white.
ebe uzo adighi	Anyị rutere ebe ụzọ adịghị, ya mere, anyị ji tụgharịa chọwa ụzọ ọzọ anyị ga-esi ruo ebe anyị na-aga.		50941165959.png	The image shows a narrow, paved pathway that appears to be in a natural, possibly rural setting. The path is flanked by vegetation on both sides, with a variety of plants and flowers, including orange flowers, which are in bloom. The path is not in good condition, with visible cracks and puddles of water, suggesting it may be used less frequently or has not been maintained recently. The sky is overcast, and the overall atmosphere of the image is serene and somewhat untamed. There is no visible text in the image.	84831119211.png	The image depicts a stylized, animated character with a surprised expression. The character has brown hair and is wearing an orange hoodie. They are holding an open book with both hands, and the book appears to be thick with visible pages. The character's eyes are wide and their mouth is slightly open, conveying a sense of surprise or shock. The background is plain white, which contrasts with the character and the book, making them the focal point of the image. There is no visible text in the image.	32855571015.png	The image depicts a serene landscape scene. In the foreground, there is a small wooden boat with a pointed bow, floating on a calm body of water. The boat is centered in the image and appears to be made of planks with a natural wood finish.  The water reflects the boat and the surrounding scenery, creating a mirror-like effect. The background features a lush green hillside with trees and shrubs, and a winding river or stream meanders through the landscape. The river is bordered by rocks and is surrounded by a variety of flora, including what appears to be wildflowers.  In the distance, there are rolling hills and a range of mountains with a gradient of colors, suggesting a mix of greenery and possibly rocky terrain. The sky is a soft, pale blue, indicating a clear day.  There is no visible text in the image. The style of the image is illustrative, with a focus on natural colors and a realistic yet stylized representation of the scene.	11417181097.png	The image depicts a cartoon illustration of a man with a beard and glasses, holding a large black folder with both hands. He appears to be in a state of confusion or frustration, as indicated by the question marks above his head and the hand on his forehead. The man is wearing a white shirt and a black tie. The background is plain white.	43342534131.png	"The image depicts a scene with a prominent orange road barrier. The barrier is positioned across a road that appears to be in a desert-like environment, with sparse vegetation and rocky terrain. The road itself is a straight, paved path that leads towards the barrier. On the right side of the image, there is a sign attached to the barrier that reads ""ROSE LONDON WATER."" The sign is rectangular with a yellow background and black text. The style of the image is illustrative, with a flat perspective and a limited color palette. The overall impression is that of a closed or restricted area."
ebe uzo adighi	Enyi m nwoke chọpụtara na ebe e kenyere ya ala bụ ebe ụzọ adịghị		84831119211.png	The image depicts a stylized, animated character with a surprised expression. The character has brown hair and is wearing an orange hoodie. They are holding an open book with both hands, and the book appears to be thick with visible pages. The character's eyes are wide and their mouth is slightly open, conveying a sense of surprise or shock. The background is plain white, which contrasts with the character and the book, making them the focal point of the image. There is no visible text in the image.	50941165959.png	The image shows a narrow, paved pathway that appears to be in a natural, possibly rural setting. The path is flanked by vegetation on both sides, with a variety of plants and flowers, including orange flowers, which are in bloom. The path is not in good condition, with visible cracks and puddles of water, suggesting it may be used less frequently or has not been maintained recently. The sky is overcast, and the overall atmosphere of the image is serene and somewhat untamed. There is no visible text in the image.	43342534131.png	"The image depicts a scene with a prominent orange road barrier. The barrier is positioned across a road that appears to be in a desert-like environment, with sparse vegetation and rocky terrain. The road itself is a straight, paved path that leads towards the barrier. On the right side of the image, there is a sign attached to the barrier that reads ""ROSE LONDON WATER."" The sign is rectangular with a yellow background and black text. The style of the image is illustrative, with a flat perspective and a limited color palette. The overall impression is that of a closed or restricted area."	32855571015.png	The image depicts a serene landscape scene. In the foreground, there is a small wooden boat with a pointed bow, floating on a calm body of water. The boat is centered in the image and appears to be made of planks with a natural wood finish.  The water reflects the boat and the surrounding scenery, creating a mirror-like effect. The background features a lush green hillside with trees and shrubs, and a winding river or stream meanders through the landscape. The river is bordered by rocks and is surrounded by a variety of flora, including what appears to be wildflowers.  In the distance, there are rolling hills and a range of mountains with a gradient of colors, suggesting a mix of greenery and possibly rocky terrain. The sky is a soft, pale blue, indicating a clear day.  There is no visible text in the image. The style of the image is illustrative, with a focus on natural colors and a realistic yet stylized representation of the scene.	11417181097.png	The image depicts a cartoon illustration of a man with a beard and glasses, holding a large black folder with both hands. He appears to be in a state of confusion or frustration, as indicated by the question marks above his head and the hand on his forehead. The man is wearing a white shirt and a black tie. The background is plain white.
ihe kporo akpo	Ịrụ ọrụ a n’ụlọ ọrụ anyị bụ ihe kpọrọ akpọ n’ihi na ọ chọrọ ka mmadụ nwee nnukwu amamihe na nkà.		82737180089.png	The image shows a hand holding a white ceramic mug with a handle on the right side. The mug is placed on a small orange saucer. Inside the mug, there is a dark liquid with a visible orange speck on the surface. The background is blurred but appears to be a wooden surface, suggesting the mug is placed on a table. The style of the image is a close-up photograph with a shallow depth of field, focusing on the mug and saucer while the background is out of focus.	86300610291.png	The image depicts a large, irregularly shaped rock with a textured surface, predominantly in shades of gray and brown, with a hint of orange. The rock is situated on a grassy area with patches of green and orange flowers. There are smaller rocks and a few puddles of water around the base of the rock. The background is plain white, emphasizing the rock and its immediate surroundings. There is no visible text in the image. The style of the image is illustrative, with a focus on natural elements.	14584700753.png	The image depicts an animated character, a man, wearing a hard hat and sunglasses. He has a beard and is holding a book with both hands. The character is looking down at the book with a puzzled or thoughtful expression. The background is plain white. There is no visible text in the image.	54639210552.png	The image depicts an animated character, a young boy with glasses, standing in front of a chalkboard filled with mathematical equations. The boy is wearing an orange shirt and a backpack. The chalkboard has various mathematical expressions and symbols, including letters, numbers, and mathematical operators. The boy appears to be looking at the chalkboard with a focused expression. The style of the image is cartoonish and colorful.	16132258538.png	The image shows a spherical object with a dark, textured surface that appears to be a rock or a stone-like material. It has a glossy sheen and is speckled with lighter-colored particles, possibly sand or small stones. The object is placed on a light-colored surface, which could be a table or a floor, and is set against a plain, light background. There is a small plant with green leaves in the upper left corner of the image. The style of the image is a straightforward product or object photograph with a focus on the item's texture and color.
ihe kporo akpo	Ịmepụta usoro ọhụrụ a n’ụlọ ọrụ anyị ghọrọ ihe kpọrọ akpọ, ya mere, ha kpọrọ ndị ọkachamara ka ha nyere aka.		14584700753.png	The image depicts an animated character, a man, wearing a hard hat and sunglasses. He has a beard and is holding a book with both hands. The character is looking down at the book with a puzzled or thoughtful expression. The background is plain white. There is no visible text in the image.	82737180089.png	The image shows a hand holding a white ceramic mug with a handle on the right side. The mug is placed on a small orange saucer. Inside the mug, there is a dark liquid with a visible orange speck on the surface. The background is blurred but appears to be a wooden surface, suggesting the mug is placed on a table. The style of the image is a close-up photograph with a shallow depth of field, focusing on the mug and saucer while the background is out of focus.	86300610291.png	The image depicts a large, irregularly shaped rock with a textured surface, predominantly in shades of gray and brown, with a hint of orange. The rock is situated on a grassy area with patches of green and orange flowers. There are smaller rocks and a few puddles of water around the base of the rock. The background is plain white, emphasizing the rock and its immediate surroundings. There is no visible text in the image. The style of the image is illustrative, with a focus on natural elements.	54639210552.png	The image depicts an animated character, a young boy with glasses, standing in front of a chalkboard filled with mathematical equations. The boy is wearing an orange shirt and a backpack. The chalkboard has various mathematical expressions and symbols, including letters, numbers, and mathematical operators. The boy appears to be looking at the chalkboard with a focused expression. The style of the image is cartoonish and colorful.	16132258538.png	The image shows a spherical object with a dark, textured surface that appears to be a rock or a stone-like material. It has a glossy sheen and is speckled with lighter-colored particles, possibly sand or small stones. The object is placed on a light-colored surface, which could be a table or a floor, and is set against a plain, light background. There is a small plant with green leaves in the upper left corner of the image. The style of the image is a straightforward product or object photograph with a focus on the item's texture and color.
ihe kporo akpo	Dọkịta wara isi ya hụ na ọ bụ ihe kpọrọ akpọ dị ya n’ime isi mere isi ji awa ya kemgbe.		82737180089.png	The image shows a hand holding a white ceramic mug with a handle on the right side. The mug is placed on a small orange saucer. Inside the mug, there is a dark liquid with a visible orange speck on the surface. The background is blurred but appears to be a wooden surface, suggesting the mug is placed on a table. The style of the image is a close-up photograph with a shallow depth of field, focusing on the mug and saucer while the background is out of focus.	54639210552.png	The image depicts an animated character, a young boy with glasses, standing in front of a chalkboard filled with mathematical equations. The boy is wearing an orange shirt and a backpack. The chalkboard has various mathematical expressions and symbols, including letters, numbers, and mathematical operators. The boy appears to be looking at the chalkboard with a focused expression. The style of the image is cartoonish and colorful.	14584700753.png	The image depicts an animated character, a man, wearing a hard hat and sunglasses. He has a beard and is holding a book with both hands. The character is looking down at the book with a puzzled or thoughtful expression. The background is plain white. There is no visible text in the image.	86300610291.png	The image depicts a large, irregularly shaped rock with a textured surface, predominantly in shades of gray and brown, with a hint of orange. The rock is situated on a grassy area with patches of green and orange flowers. There are smaller rocks and a few puddles of water around the base of the rock. The background is plain white, emphasizing the rock and its immediate surroundings. There is no visible text in the image. The style of the image is illustrative, with a focus on natural elements.	16132258538.png	The image shows a spherical object with a dark, textured surface that appears to be a rock or a stone-like material. It has a glossy sheen and is speckled with lighter-colored particles, possibly sand or small stones. The object is placed on a light-colored surface, which could be a table or a floor, and is set against a plain, light background. There is a small plant with green leaves in the upper left corner of the image. The style of the image is a straightforward product or object photograph with a focus on the item's texture and color.
ihe kporo akpo	O nweghị mgbe ihe kpọrọ akpọ ga-adị mma itinye n’anya mmadụ n’ihi na o nwere ike ịrụkpọ mmadụ anya.		14584700753.png	The image depicts an animated character, a man, wearing a hard hat and sunglasses. He has a beard and is holding a book with both hands. The character is looking down at the book with a puzzled or thoughtful expression. The background is plain white. There is no visible text in the image.	16132258538.png	The image shows a spherical object with a dark, textured surface that appears to be a rock or a stone-like material. It has a glossy sheen and is speckled with lighter-colored particles, possibly sand or small stones. The object is placed on a light-colored surface, which could be a table or a floor, and is set against a plain, light background. There is a small plant with green leaves in the upper left corner of the image. The style of the image is a straightforward product or object photograph with a focus on the item's texture and color.	82737180089.png	The image shows a hand holding a white ceramic mug with a handle on the right side. The mug is placed on a small orange saucer. Inside the mug, there is a dark liquid with a visible orange speck on the surface. The background is blurred but appears to be a wooden surface, suggesting the mug is placed on a table. The style of the image is a close-up photograph with a shallow depth of field, focusing on the mug and saucer while the background is out of focus.	86300610291.png	The image depicts a large, irregularly shaped rock with a textured surface, predominantly in shades of gray and brown, with a hint of orange. The rock is situated on a grassy area with patches of green and orange flowers. There are smaller rocks and a few puddles of water around the base of the rock. The background is plain white, emphasizing the rock and its immediate surroundings. There is no visible text in the image. The style of the image is illustrative, with a focus on natural elements.	54639210552.png	The image depicts an animated character, a young boy with glasses, standing in front of a chalkboard filled with mathematical equations. The boy is wearing an orange shirt and a backpack. The chalkboard has various mathematical expressions and symbols, including letters, numbers, and mathematical operators. The boy appears to be looking at the chalkboard with a focused expression. The style of the image is cartoonish and colorful.
agada gbachiri uzo	Mba Amerịka abụrụla agada gbachiri ụzọ n'ego ọzọ chọrọ ịbata Naịjiria		30559714105.png	The image features a stylized, cartoonish depiction of a large, muscular man standing in the center of a road. He is bald, with a beard, and is wearing a sleeveless orange tank top and dark pants. His arms are crossed over his chest, and he is looking directly at the viewer with a neutral expression. The man is standing on a yellow line that marks the center of the road. In the background, there are power lines and a cityscape with buildings and a clear sky. The style of the image is reminiscent of a digital painting or illustration.	63381755706.png	The image shows a street lamp with an orange light illuminating the scene. The lamp is mounted on a pole and is set against a dark background. The light casts a warm glow, creating a contrast with the surrounding darkness. The style of the image is a digital illustration with a pixelated texture.	27625203683.png	The image is a stylized illustration featuring two characters. On the left, there is a man wearing glasses, an orange shirt, black pants, and brown shoes. He is holding a black backpack and is taking a photograph with a camera. On the right, there is another man with a bald head, wearing a white shirt and black pants, also with brown shoes. He is standing in a doorway with a brown door, looking out with his back to the viewer. The man in the doorway is looking towards the man taking the photograph. There is no visible text in the image. The style of the illustration is flat with minimal shading, giving it a modern and clean appearance.	64541048237.png	The image depicts a cartoon-style illustration of a person standing on a bridge overlooking a busy highway filled with various types of vehicles. The person is wearing an orange jacket and has a black bag slung over their shoulder. The bridge has a wooden railing. The highway is densely packed with cars, and there are trees and a sign with a yellow diamond shape on the right side of the image. The background is white, and the overall style is simplistic and colorful.	19382858043.png	The image depicts a natural scene with a focus on a fallen tree across a road. The tree has a thick trunk and a canopy with orange leaves, suggesting it might be autumn. The road is wet, indicating recent rain, and there are orange and white traffic cones placed on the road, likely to warn drivers of the obstruction. The road is flanked by a forested area with trees and foliage, and the sky is overcast. There is no visible text in the image. The style of the image is a digital painting or illustration with a realistic aesthetic.
agada gbachiri uzo	Chi Arsenal abụrụla Burnley agada gbachiri ụzọ ka Arsenal merichara ha n’egwu bọọlụ ha gbara ụnyaahụ.		19382858043.png	The image depicts a natural scene with a focus on a fallen tree across a road. The tree has a thick trunk and a canopy with orange leaves, suggesting it might be autumn. The road is wet, indicating recent rain, and there are orange and white traffic cones placed on the road, likely to warn drivers of the obstruction. The road is flanked by a forested area with trees and foliage, and the sky is overcast. There is no visible text in the image. The style of the image is a digital painting or illustration with a realistic aesthetic.	63381755706.png	The image shows a street lamp with an orange light illuminating the scene. The lamp is mounted on a pole and is set against a dark background. The light casts a warm glow, creating a contrast with the surrounding darkness. The style of the image is a digital illustration with a pixelated texture.	27625203683.png	The image is a stylized illustration featuring two characters. On the left, there is a man wearing glasses, an orange shirt, black pants, and brown shoes. He is holding a black backpack and is taking a photograph with a camera. On the right, there is another man with a bald head, wearing a white shirt and black pants, also with brown shoes. He is standing in a doorway with a brown door, looking out with his back to the viewer. The man in the doorway is looking towards the man taking the photograph. There is no visible text in the image. The style of the illustration is flat with minimal shading, giving it a modern and clean appearance.	64541048237.png	The image depicts a cartoon-style illustration of a person standing on a bridge overlooking a busy highway filled with various types of vehicles. The person is wearing an orange jacket and has a black bag slung over their shoulder. The bridge has a wooden railing. The highway is densely packed with cars, and there are trees and a sign with a yellow diamond shape on the right side of the image. The background is white, and the overall style is simplistic and colorful.	30559714105.png	The image features a stylized, cartoonish depiction of a large, muscular man standing in the center of a road. He is bald, with a beard, and is wearing a sleeveless orange tank top and dark pants. His arms are crossed over his chest, and he is looking directly at the viewer with a neutral expression. The man is standing on a yellow line that marks the center of the road. In the background, there are power lines and a cityscape with buildings and a clear sky. The style of the image is reminiscent of a digital painting or illustration.
nwaanyi di abuo	Mgbe ọ bịara n’ụlọ ọgwụ, dọkịta chọpụtara na ọ bụ nwaanyị dị abụọ, ya mere, ha nyere ya ndụmọdụ pụrụ iche.		25735528811.png	The image is a digital illustration of a pregnant woman. She has dark hair tied up in a bun and is smiling. The woman is wearing a black top and an orange cardigan with a patterned design. Her hands are gently placed on her stomach. The background is plain white.	39251227820.png	The image depicts two women sitting at a small wooden table. They are both wearing orange tops and black pants. Each woman has a cup of coffee in front of her, and there is a small potted plant on the table between them. The women are smiling and appear to be engaged in a conversation. The background is a plain white wall with a brick-like texture. There is no visible text in the image. The style of the image is a realistic, stylized photograph with a warm color palette.	93121375511.png	The image is a digital illustration of a man and a woman in a close embrace. The man is wearing a black t-shirt and has a beard and mustache. The woman has curly hair and is wearing an orange top. Both characters are depicted with a simple, cartoon-like style. The man's hand is on the woman's hip, and the woman's hand is on the man's chest. There is no visible text in the image. The background is plain white, which puts the focus on the characters.	42082416885.png	The image features two stylized cartoon characters, each with a distinct hairstyle and color. The character on the left has curly black hair and is wearing a black long-sleeved top. The character on the right has straight brown hair tied in a bun and is wearing an orange long-sleeved top with a black collar. Both characters are standing with their arms crossed and are looking directly at the viewer. There is no visible text in the image. The style of the image is illustrative and appears to be designed for a digital medium.	59174852045.png	The image depicts a stylized, animated character of a young girl riding a bicycle. She has brown hair tied in a ponytail and is wearing a yellow dress with a polka dot pattern. The girl is smiling and appears to be enjoying her ride. She is holding a wicker basket with yellow flowers in it. The bicycle has a large front wheel and a smaller rear wheel, both with black tires. The background is plain white, emphasizing the subject. There is no visible text in the image. The style of the image is cartoonish and whimsical, with a focus on simplicity and color.
nwaanyi di abuo	Nwaanyị dị abụọ anaghị arụ ọrụ dị arọ, n’ihi na ahụ ya chọrọ izu ike maka nwa ọ na-ebu.		42082416885.png	The image features two stylized cartoon characters, each with a distinct hairstyle and color. The character on the left has curly black hair and is wearing a black long-sleeved top. The character on the right has straight brown hair tied in a bun and is wearing an orange long-sleeved top with a black collar. Both characters are standing with their arms crossed and are looking directly at the viewer. There is no visible text in the image. The style of the image is illustrative and appears to be designed for a digital medium.	93121375511.png	The image is a digital illustration of a man and a woman in a close embrace. The man is wearing a black t-shirt and has a beard and mustache. The woman has curly hair and is wearing an orange top. Both characters are depicted with a simple, cartoon-like style. The man's hand is on the woman's hip, and the woman's hand is on the man's chest. There is no visible text in the image. The background is plain white, which puts the focus on the characters.	59174852045.png	The image depicts a stylized, animated character of a young girl riding a bicycle. She has brown hair tied in a ponytail and is wearing a yellow dress with a polka dot pattern. The girl is smiling and appears to be enjoying her ride. She is holding a wicker basket with yellow flowers in it. The bicycle has a large front wheel and a smaller rear wheel, both with black tires. The background is plain white, emphasizing the subject. There is no visible text in the image. The style of the image is cartoonish and whimsical, with a focus on simplicity and color.	39251227820.png	The image depicts two women sitting at a small wooden table. They are both wearing orange tops and black pants. Each woman has a cup of coffee in front of her, and there is a small potted plant on the table between them. The women are smiling and appear to be engaged in a conversation. The background is a plain white wall with a brick-like texture. There is no visible text in the image. The style of the image is a realistic, stylized photograph with a warm color palette.	25735528811.png	The image is a digital illustration of a pregnant woman. She has dark hair tied up in a bun and is smiling. The woman is wearing a black top and an orange cardigan with a patterned design. Her hands are gently placed on her stomach. The background is plain white.
akpa ego	Nwoke ahụ bụ akpa ego, ya mere ka anyị kporiwe ndụ.		38158623147.png	The image shows a stylized illustration of an orange wallet with a flap. The wallet is open, revealing a black card and a green card inside. On top of the wallet, there are several US dollar bills, which appear to be folded. The background is plain white, emphasizing the wallet and money. There is no visible text in the image. The style of the illustration is cartoonish and simplistic, with a focus on the wallet and money.	53985372097.png	The image depicts a stylized illustration of a brown sack with a large, bold orange dollar sign on its side. The sack is tied at the top with a rope that has a tassel. The background is plain white.	36804555163.png	The image depicts an animated character, a young man with a wide smile, wearing glasses and a suit. He is seated at a desk with a stack of papers in front of him. The character is holding a document and appears to be reading or reviewing it. There are several stacks of papers on the desk, and some papers are falling off the stacks. The character is also holding a pen in his hand. The background is plain and does not provide any additional context. There is no visible text in the image. The style of the image is cartoonish and appears to be designed for illustrative purposes, possibly for a storyboard or a similar medium.	70630248698.png	The image depicts an animated scene featuring a young boy with dark hair, wearing a straw hat and overalls, standing in front of a wooden chicken coop. The boy is smiling and holding a basket filled with eggs. The coop is topped with a thatched roof and is surrounded by orange chickens with red combs and wattles. The chickens are standing on the ground, and some are pecking at the ground. The coop is situated in a grassy area with small plants and flowers. There is no visible text in the image. The style of the image is cartoonish and colorful, with a focus on a pastoral, idyllic setting.	52295275555.png	The image depicts a stylized, cartoon-like illustration of a woven basket filled with a variety of fresh vegetables. The basket has a handle and appears to be made of a light brown material. Inside the basket, there are several carrots with green tops, a white cabbage, a yellow squash, a red bell pepper, and a green broccoli. The background is plain and does not provide any additional context. There is no visible text in the image. The style of the image is simple and colorful, with a focus on the vegetables and the basket.
akpa ego	Ị sị na ị bụ akpa ego, ngwa bupụta ego kesaa onye ọ bụla.		53985372097.png	The image depicts a stylized illustration of a brown sack with a large, bold orange dollar sign on its side. The sack is tied at the top with a rope that has a tassel. The background is plain white.	36804555163.png	The image depicts an animated character, a young man with a wide smile, wearing glasses and a suit. He is seated at a desk with a stack of papers in front of him. The character is holding a document and appears to be reading or reviewing it. There are several stacks of papers on the desk, and some papers are falling off the stacks. The character is also holding a pen in his hand. The background is plain and does not provide any additional context. There is no visible text in the image. The style of the image is cartoonish and appears to be designed for illustrative purposes, possibly for a storyboard or a similar medium.	52295275555.png	The image depicts a stylized, cartoon-like illustration of a woven basket filled with a variety of fresh vegetables. The basket has a handle and appears to be made of a light brown material. Inside the basket, there are several carrots with green tops, a white cabbage, a yellow squash, a red bell pepper, and a green broccoli. The background is plain and does not provide any additional context. There is no visible text in the image. The style of the image is simple and colorful, with a focus on the vegetables and the basket.	70630248698.png	The image depicts an animated scene featuring a young boy with dark hair, wearing a straw hat and overalls, standing in front of a wooden chicken coop. The boy is smiling and holding a basket filled with eggs. The coop is topped with a thatched roof and is surrounded by orange chickens with red combs and wattles. The chickens are standing on the ground, and some are pecking at the ground. The coop is situated in a grassy area with small plants and flowers. There is no visible text in the image. The style of the image is cartoonish and colorful, with a focus on a pastoral, idyllic setting.	38158623147.png	The image shows a stylized illustration of an orange wallet with a flap. The wallet is open, revealing a black card and a green card inside. On top of the wallet, there are several US dollar bills, which appear to be folded. The background is plain white, emphasizing the wallet and money. There is no visible text in the image. The style of the illustration is cartoonish and simplistic, with a focus on the wallet and money.
akpa ego	Obere akpa ego nwere ike ịgbakọ ọnụ		52295275555.png	The image depicts a stylized, cartoon-like illustration of a woven basket filled with a variety of fresh vegetables. The basket has a handle and appears to be made of a light brown material. Inside the basket, there are several carrots with green tops, a white cabbage, a yellow squash, a red bell pepper, and a green broccoli. The background is plain and does not provide any additional context. There is no visible text in the image. The style of the image is simple and colorful, with a focus on the vegetables and the basket.	38158623147.png	The image shows a stylized illustration of an orange wallet with a flap. The wallet is open, revealing a black card and a green card inside. On top of the wallet, there are several US dollar bills, which appear to be folded. The background is plain white, emphasizing the wallet and money. There is no visible text in the image. The style of the illustration is cartoonish and simplistic, with a focus on the wallet and money.	70630248698.png	The image depicts an animated scene featuring a young boy with dark hair, wearing a straw hat and overalls, standing in front of a wooden chicken coop. The boy is smiling and holding a basket filled with eggs. The coop is topped with a thatched roof and is surrounded by orange chickens with red combs and wattles. The chickens are standing on the ground, and some are pecking at the ground. The coop is situated in a grassy area with small plants and flowers. There is no visible text in the image. The style of the image is cartoonish and colorful, with a focus on a pastoral, idyllic setting.	53985372097.png	The image depicts a stylized illustration of a brown sack with a large, bold orange dollar sign on its side. The sack is tied at the top with a rope that has a tassel. The background is plain white.	36804555163.png	The image depicts an animated character, a young man with a wide smile, wearing glasses and a suit. He is seated at a desk with a stack of papers in front of him. The character is holding a document and appears to be reading or reviewing it. There are several stacks of papers on the desk, and some papers are falling off the stacks. The character is also holding a pen in his hand. The background is plain and does not provide any additional context. There is no visible text in the image. The style of the image is cartoonish and appears to be designed for illustrative purposes, possibly for a storyboard or a similar medium.
akpa ego	Abobi tinye ego n'akpa ego bụ na ife na-eme		38158623147.png	The image shows a stylized illustration of an orange wallet with a flap. The wallet is open, revealing a black card and a green card inside. On top of the wallet, there are several US dollar bills, which appear to be folded. The background is plain white, emphasizing the wallet and money. There is no visible text in the image. The style of the illustration is cartoonish and simplistic, with a focus on the wallet and money.	53985372097.png	The image depicts a stylized illustration of a brown sack with a large, bold orange dollar sign on its side. The sack is tied at the top with a rope that has a tassel. The background is plain white.	70630248698.png	The image depicts an animated scene featuring a young boy with dark hair, wearing a straw hat and overalls, standing in front of a wooden chicken coop. The boy is smiling and holding a basket filled with eggs. The coop is topped with a thatched roof and is surrounded by orange chickens with red combs and wattles. The chickens are standing on the ground, and some are pecking at the ground. The coop is situated in a grassy area with small plants and flowers. There is no visible text in the image. The style of the image is cartoonish and colorful, with a focus on a pastoral, idyllic setting.	36804555163.png	The image depicts an animated character, a young man with a wide smile, wearing glasses and a suit. He is seated at a desk with a stack of papers in front of him. The character is holding a document and appears to be reading or reviewing it. There are several stacks of papers on the desk, and some papers are falling off the stacks. The character is also holding a pen in his hand. The background is plain and does not provide any additional context. There is no visible text in the image. The style of the image is cartoonish and appears to be designed for illustrative purposes, possibly for a storyboard or a similar medium.	52295275555.png	The image depicts a stylized, cartoon-like illustration of a woven basket filled with a variety of fresh vegetables. The basket has a handle and appears to be made of a light brown material. Inside the basket, there are several carrots with green tops, a white cabbage, a yellow squash, a red bell pepper, and a green broccoli. The background is plain and does not provide any additional context. There is no visible text in the image. The style of the image is simple and colorful, with a focus on the vegetables and the basket.
oba mkpokoro	Atụmatụ ọhụrụ ha ghọrọ ọba mkpọkọrọ n’aka ndị ọrụ nke gosiri na ọ dị mkpa iwere ndị ma nke ekwe na-akụ n’ọrụ.		19677263166.png	The image depicts an animated character, a woman, dressed in an orange dress with a patterned belt. She has brown hair tied up in a bun and is wearing black shoes. The woman is holding a black pen in her right hand and appears to be in the process of writing or drawing on a piece of paper that is being blown away by the wind. The paper is being scattered into the air, creating a dynamic sense of movement. The background is a plain, light gray color, which contrasts with the vibrant orange of the woman's dress and the black of the pen and the scattered paper. There is no visible text in the image. The style of the image is cartoonish and illustrative, with a focus on the character's action and the resulting effect on the paper.	24648147336.png	The image shows a stylized illustration of a black vase shattering into numerous orange and white shards. The shards are flying outward from the vase, creating a dynamic sense of movement. The vase is placed on a circular orange base, which contrasts with the white background. The image is graphic and appears to be a digital artwork rather than a photograph. There is no visible text in the image.	73794305975.png	The image features a cartoon character, a man with a beard and mustache, wearing a black shirt with orange sleeves and a tool belt. He is holding a wrench in his right hand. The character has a concerned or puzzled expression, with sweat droplets on his forehead. The background is plain white.	75302268959.png	The image shows a clear glass filled with water and a few orange bubbles at the top. The glass is placed on a coaster with a woven pattern, predominantly in shades of orange and brown. The background is a plain, light color, providing a neutral backdrop that contrasts with the glass and coaster. There is no visible text in the image. The style of the image is a digital illustration with a focus on simplicity and clarity.	10828139437.png	The image shows a stylized illustration of a coffee cup with a crack in its side. The cup is predominantly orange with a darker orange interior, and it appears to be made of a glossy material. The crack is jagged and extends from the base of the cup to the top, revealing a darker interior. The cup is placed on a surface that looks like a wooden table with a visible crack or split in the wood. The background is plain and does not provide any additional context. There is no visible text in the image. The style of the illustration is cartoonish with a focus on color and texture.
oba mkpokoro	Ọ maghị na odibo ọ gbara ga-emecha nyere ya aka n’ọdịnihu n’ihi na ọ na-echebu na ọ bụ ọba mkpọkọrọ.		73794305975.png	The image features a cartoon character, a man with a beard and mustache, wearing a black shirt with orange sleeves and a tool belt. He is holding a wrench in his right hand. The character has a concerned or puzzled expression, with sweat droplets on his forehead. The background is plain white.	75302268959.png	The image shows a clear glass filled with water and a few orange bubbles at the top. The glass is placed on a coaster with a woven pattern, predominantly in shades of orange and brown. The background is a plain, light color, providing a neutral backdrop that contrasts with the glass and coaster. There is no visible text in the image. The style of the image is a digital illustration with a focus on simplicity and clarity.	24648147336.png	The image shows a stylized illustration of a black vase shattering into numerous orange and white shards. The shards are flying outward from the vase, creating a dynamic sense of movement. The vase is placed on a circular orange base, which contrasts with the white background. The image is graphic and appears to be a digital artwork rather than a photograph. There is no visible text in the image.	19677263166.png	The image depicts an animated character, a woman, dressed in an orange dress with a patterned belt. She has brown hair tied up in a bun and is wearing black shoes. The woman is holding a black pen in her right hand and appears to be in the process of writing or drawing on a piece of paper that is being blown away by the wind. The paper is being scattered into the air, creating a dynamic sense of movement. The background is a plain, light gray color, which contrasts with the vibrant orange of the woman's dress and the black of the pen and the scattered paper. There is no visible text in the image. The style of the image is cartoonish and illustrative, with a focus on the character's action and the resulting effect on the paper.	10828139437.png	The image shows a stylized illustration of a coffee cup with a crack in its side. The cup is predominantly orange with a darker orange interior, and it appears to be made of a glossy material. The crack is jagged and extends from the base of the cup to the top, revealing a darker interior. The cup is placed on a surface that looks like a wooden table with a visible crack or split in the wood. The background is plain and does not provide any additional context. There is no visible text in the image. The style of the illustration is cartoonish with a focus on color and texture.
oba mkpokoro	Ị chọchara ebe ị ga-awụnye egusi ndị a ọ bụrụ n’ọba mkpọkọrọ a.		75302268959.png	The image shows a clear glass filled with water and a few orange bubbles at the top. The glass is placed on a coaster with a woven pattern, predominantly in shades of orange and brown. The background is a plain, light color, providing a neutral backdrop that contrasts with the glass and coaster. There is no visible text in the image. The style of the image is a digital illustration with a focus on simplicity and clarity.	73794305975.png	The image features a cartoon character, a man with a beard and mustache, wearing a black shirt with orange sleeves and a tool belt. He is holding a wrench in his right hand. The character has a concerned or puzzled expression, with sweat droplets on his forehead. The background is plain white.	24648147336.png	The image shows a stylized illustration of a black vase shattering into numerous orange and white shards. The shards are flying outward from the vase, creating a dynamic sense of movement. The vase is placed on a circular orange base, which contrasts with the white background. The image is graphic and appears to be a digital artwork rather than a photograph. There is no visible text in the image.	19677263166.png	The image depicts an animated character, a woman, dressed in an orange dress with a patterned belt. She has brown hair tied up in a bun and is wearing black shoes. The woman is holding a black pen in her right hand and appears to be in the process of writing or drawing on a piece of paper that is being blown away by the wind. The paper is being scattered into the air, creating a dynamic sense of movement. The background is a plain, light gray color, which contrasts with the vibrant orange of the woman's dress and the black of the pen and the scattered paper. There is no visible text in the image. The style of the image is cartoonish and illustrative, with a focus on the character's action and the resulting effect on the paper.	10828139437.png	The image shows a stylized illustration of a coffee cup with a crack in its side. The cup is predominantly orange with a darker orange interior, and it appears to be made of a glossy material. The crack is jagged and extends from the base of the cup to the top, revealing a darker interior. The cup is placed on a surface that looks like a wooden table with a visible crack or split in the wood. The background is plain and does not provide any additional context. There is no visible text in the image. The style of the illustration is cartoonish with a focus on color and texture.
oba mkpokoro	O nwere otu ọba mkpọkọrọ dị n’azụ ụlọ anyị kemgbe afọ iri abụọ gara aga mana nne m ekwebeghị ka anyị tụfuo ya.		10828139437.png	The image shows a stylized illustration of a coffee cup with a crack in its side. The cup is predominantly orange with a darker orange interior, and it appears to be made of a glossy material. The crack is jagged and extends from the base of the cup to the top, revealing a darker interior. The cup is placed on a surface that looks like a wooden table with a visible crack or split in the wood. The background is plain and does not provide any additional context. There is no visible text in the image. The style of the illustration is cartoonish with a focus on color and texture.	24648147336.png	The image shows a stylized illustration of a black vase shattering into numerous orange and white shards. The shards are flying outward from the vase, creating a dynamic sense of movement. The vase is placed on a circular orange base, which contrasts with the white background. The image is graphic and appears to be a digital artwork rather than a photograph. There is no visible text in the image.	19677263166.png	The image depicts an animated character, a woman, dressed in an orange dress with a patterned belt. She has brown hair tied up in a bun and is wearing black shoes. The woman is holding a black pen in her right hand and appears to be in the process of writing or drawing on a piece of paper that is being blown away by the wind. The paper is being scattered into the air, creating a dynamic sense of movement. The background is a plain, light gray color, which contrasts with the vibrant orange of the woman's dress and the black of the pen and the scattered paper. There is no visible text in the image. The style of the image is cartoonish and illustrative, with a focus on the character's action and the resulting effect on the paper.	73794305975.png	The image features a cartoon character, a man with a beard and mustache, wearing a black shirt with orange sleeves and a tool belt. He is holding a wrench in his right hand. The character has a concerned or puzzled expression, with sweat droplets on his forehead. The background is plain white.	75302268959.png	The image shows a clear glass filled with water and a few orange bubbles at the top. The glass is placed on a coaster with a woven pattern, predominantly in shades of orange and brown. The background is a plain, light color, providing a neutral backdrop that contrasts with the glass and coaster. There is no visible text in the image. The style of the image is a digital illustration with a focus on simplicity and clarity.
ihe mgbagwoju anya	Otu ndị Taiwan People Party kwenyere na njikọ Taiwan na Chaina ka bụ ihe mgbagwoju anya.		32936508197.png	The image features a pair of orange glasses with a clear frame, placed on a wooden table. The glasses are positioned facing the viewer, with the arms resting on the table. In the background, there is a blurred indoor setting with a plant and a chair visible. The plant has large green leaves, and the chair appears to be a simple, modern design. The overall style of the image is illustrative, with a soft, pastel color palette.	80636032724.png	The image depicts a stylized illustration of a person with a thoughtful expression. The individual has dark hair tied back, wears round sunglasses, and is dressed in an orange top with a backpack strap visible. The person is holding a map with multiple open pages, showing various regions with different colors and markings. The style of the illustration is cartoonish with a limited color palette, and the image is devoid of any visible text.	63356026710.png	The image shows a clear glass filled with water, placed on a table. The glass has a black base and a wide mouth. There are small bubbles visible on the surface of the water, suggesting that the water is carbonated or has been recently poured. In the background, there is a partial view of an orange chair and a green plant in a white pot. The setting appears to be a simple, indoor environment. There is no visible text in the image.	50103281511.png	The image depicts an animated character, a young boy with brown hair, standing in front of a chalkboard filled with mathematical equations. He is wearing a yellow jacket, brown pants, and brown shoes. The boy is looking at the chalkboard with a focused expression. The chalkboard has various mathematical expressions and symbols, including numbers, letters, and mathematical operators. There are also several books stacked on the bottom right corner of the chalkboard. The style of the image is cartoonish and appears to be designed for educational purposes, possibly illustrating a classroom or learning environment.	29435827429.png	The image is a close-up of a human eye. The eye is open, revealing the iris, pupil, and eyelashes. The iris is a warm orange color with a dark black pupil in the center. The eyelashes are long and dark, and there is a reflection of light on the eyelashes. The image is a realistic digital rendering with a focus on the eye's details.
ihe mgbagwoju anya	Onyebuchi Igboke bụ onye na-ere ala a na-akpọ 'realtor' n'Enugwu steeti gwara BBC na ọ bụ ihe mgbagwoju anya ịnụ na o were onye si n'agbụrụ ndị ọzọ chọrọ ịzụ ala a sị na-agaghị eresi ya ala maka agbụrụ ya.		29435827429.png	The image is a close-up of a human eye. The eye is open, revealing the iris, pupil, and eyelashes. The iris is a warm orange color with a dark black pupil in the center. The eyelashes are long and dark, and there is a reflection of light on the eyelashes. The image is a realistic digital rendering with a focus on the eye's details.	80636032724.png	The image depicts a stylized illustration of a person with a thoughtful expression. The individual has dark hair tied back, wears round sunglasses, and is dressed in an orange top with a backpack strap visible. The person is holding a map with multiple open pages, showing various regions with different colors and markings. The style of the illustration is cartoonish with a limited color palette, and the image is devoid of any visible text.	63356026710.png	The image shows a clear glass filled with water, placed on a table. The glass has a black base and a wide mouth. There are small bubbles visible on the surface of the water, suggesting that the water is carbonated or has been recently poured. In the background, there is a partial view of an orange chair and a green plant in a white pot. The setting appears to be a simple, indoor environment. There is no visible text in the image.	50103281511.png	The image depicts an animated character, a young boy with brown hair, standing in front of a chalkboard filled with mathematical equations. He is wearing a yellow jacket, brown pants, and brown shoes. The boy is looking at the chalkboard with a focused expression. The chalkboard has various mathematical expressions and symbols, including numbers, letters, and mathematical operators. There are also several books stacked on the bottom right corner of the chalkboard. The style of the image is cartoonish and appears to be designed for educational purposes, possibly illustrating a classroom or learning environment.	32936508197.png	The image features a pair of orange glasses with a clear frame, placed on a wooden table. The glasses are positioned facing the viewer, with the arms resting on the table. In the background, there is a blurred indoor setting with a plant and a chair visible. The plant has large green leaves, and the chair appears to be a simple, modern design. The overall style of the image is illustrative, with a soft, pastel color palette.
obi iso rikpoo	Obi na-atọ ndị ọrụ gọọmentị etiti rịkpọọ dịka onyeisiala Muhammadu Buhari nyerela iwu ka a malite ịkwụ ha ụgwọọnwa opekatampe ọhụrụ nke pụtara puku naịra iri atọ.		58730819286.png	The image features a guitar with a vibrant orange body adorned with floral patterns and a black neck. The guitar is leaning against a wooden chair with a peeling orange seat. The chair has four legs and is positioned against a gray background. The guitar and chair are the main objects in the image, and there is no visible text. The guitar is leaning to the left, and the chair is directly behind it. The overall style of the image is realistic with a focus on the textures and colors of the guitar and chair.	14915905898.png	The image shows a stylized illustration of an envelope with a heart shape on it. The envelope is open, revealing a white interior. The heart is orange with a glossy finish, and there are two small orange hearts on the envelope's flap. The background is a solid dark color, which contrasts with the lighter colors of the envelope and heart. There is no visible text in the image. The style of the illustration is simple and cartoonish, with smooth lines and a limited color palette.	12582172455.png	The image features a stylized, cartoonish orange character with a smiling face. The character has two large, black eyes and a small, black mouth. It has two small, pink cheeks and a small, black nose. The character appears to be floating or suspended in the air against a plain, light background. There is no visible text in the image.	78209213952.png	The image shows a group of four people sitting on a blanket outdoors. They are smiling and appear to be enjoying a picnic. The setting includes a variety of fruits and drinks, such as oranges, watermelon, and juice, arranged on a table in front of them. The people are dressed casually, and the overall atmosphere is relaxed and cheerful. There is no visible text in the image.	81413234150.png	The image features a cartoon depiction of a young boy with brown hair. He is holding a chocolate ice cream cone with a scoop of vanilla ice cream on top. The boy is smiling and appears to be enjoying the ice cream. He is wearing an orange shirt with a collar and a gray stripe on the sleeve. The background is plain white, emphasizing the subject. There is no visible text in the image.
obi iso rikpoo	Obi na-atọ ndị ọkwọugbọala na ndị na-azụ ahịa rịkpọọ dịka ka ha na-agba aka ahịa.		58730819286.png	The image features a guitar with a vibrant orange body adorned with floral patterns and a black neck. The guitar is leaning against a wooden chair with a peeling orange seat. The chair has four legs and is positioned against a gray background. The guitar and chair are the main objects in the image, and there is no visible text. The guitar is leaning to the left, and the chair is directly behind it. The overall style of the image is realistic with a focus on the textures and colors of the guitar and chair.	14915905898.png	The image shows a stylized illustration of an envelope with a heart shape on it. The envelope is open, revealing a white interior. The heart is orange with a glossy finish, and there are two small orange hearts on the envelope's flap. The background is a solid dark color, which contrasts with the lighter colors of the envelope and heart. There is no visible text in the image. The style of the illustration is simple and cartoonish, with smooth lines and a limited color palette.	81413234150.png	The image features a cartoon depiction of a young boy with brown hair. He is holding a chocolate ice cream cone with a scoop of vanilla ice cream on top. The boy is smiling and appears to be enjoying the ice cream. He is wearing an orange shirt with a collar and a gray stripe on the sleeve. The background is plain white, emphasizing the subject. There is no visible text in the image.	78209213952.png	The image shows a group of four people sitting on a blanket outdoors. They are smiling and appear to be enjoying a picnic. The setting includes a variety of fruits and drinks, such as oranges, watermelon, and juice, arranged on a table in front of them. The people are dressed casually, and the overall atmosphere is relaxed and cheerful. There is no visible text in the image.	12582172455.png	The image features a stylized, cartoonish orange character with a smiling face. The character has two large, black eyes and a small, black mouth. It has two small, pink cheeks and a small, black nose. The character appears to be floating or suspended in the air against a plain, light background. There is no visible text in the image.
ileda anya	Nke  a  gosiri  oke  ileda  anya  a  na-eleda  ụmụ  nwaanyị  n’ala  Igbo  dị  ka  Achebe  siri  kwuo.		74253296778.png	The image features two animated characters, a male and a female, both wearing glasses. The male character has short brown hair, a black vest over a brown shirt, and his arms are crossed. The female character has curly brown hair, an orange cardigan over a brown shirt with a floral pattern, and her arms are crossed. Both characters have a sad or contemplative expression. There is no visible text in the image.	75411805372.png	The image is a digital illustration featuring a young boy sitting on a bench with a pigeon perched on his arm. The boy is wearing an orange jacket and has a cup of coffee in his hand. He is looking down at the pigeons on the ground. There are several pigeons on the ground, some of which are eating from a bowl. In the background, there are buildings and a tree with autumn leaves. The sky is overcast, and there are birds flying in the distance. The style of the illustration is cartoonish with a muted color palette.	58089738768.png	The image is a digital illustration featuring two animated characters. The character on the left is standing on a single black step, wearing a bright orange jacket, dark pants, and a backpack. This character has a beard and is looking up at the other character. The character on the right is standing on a series of black steps, wearing a dark suit with a yellow bag slung over one shoulder. This character has short hair and is looking down at the first character. Both characters appear to be engaged in a conversation or interaction. The background is plain white, emphasizing the characters and their actions.	59883942302.png	The image is an illustration depicting a scene from a balcony overlooking a bustling city street. A young boy with dark hair and a white shirt stands on the balcony, looking out at the crowd below. The boy is wearing dark pants and has a small orange umbrella in his hand. The balcony has a black railing and is adorned with a few potted plants.  The city street below is filled with people, suggesting a busy time of day. The buildings lining the street are of various heights and architectural styles, with some having balconies and awnings. The sky is clear and blue, indicating fair weather. There are no visible texts in the image. The style of the illustration is detailed and realistic, with a focus on the interplay between the boy and the urban environment.	87548344896.png	The image is a digital illustration featuring two characters. On the left, there is a female character with brown hair tied in a bun, wearing a black top with a white collar. She has a slight smile and is looking directly at the viewer. To her right is a male character with brown hair and glasses, wearing a light-colored shirt and sitting at a desk with a laptop, a cup of coffee, and a stack of books. He appears to be in a state of surprise or shock, as indicated by the wide eyes and the small speech bubble with an exclamation mark. The background is plain white, and there are decorative elements such as orange feathers and a plant with green leaves and orange flowers.
onye apiriko	Ọ bụ onye apiriko.		62652137466.png	The image depicts an animated character, a man with a mustache, standing behind a counter in what appears to be a shop or market stall. He is wearing a light-colored shirt and has a contemplative expression. The counter is cluttered with various items, including teapots, bottles, and bowls, suggesting a setting related to food or drink. The background is filled with shelves stocked with more items, including vases, jars, and baskets, contributing to a rustic and cluttered atmosphere. There is no visible text in the image.	95839065379.png	The image depicts a cartoon-style fruit stand with a male character standing behind it. The stand is topped with a gray awning and features a variety of fruits. There are bunches of bananas hanging from the awning, and the stand itself is filled with oranges and apples. The character is wearing an apron and has a friendly expression. The background is plain white, emphasizing the colorful fruit stand. There is no visible text in the image.	68426627714.png	The image depicts an animated character, a young woman with brown hair styled in a bun, wearing a black hat with orange polka dots. She is dressed in an orange apron with a white shirt underneath and is holding a black fork. The woman is standing in front of a cake with orange and brown stripes, which is placed on a round, patterned surface. The cake has white frosting and is adorned with orange and yellow decorations. The woman appears to be in the process of cutting the cake with the fork. There is no visible text in the image. The style of the image is cartoonish and colorful.	59025522972.png	The image depicts two animated characters standing next to an orange sports car. The character on the left is wearing a yellow hard hat and a green shirt, with brown pants and brown shoes. The character on the right is wearing a brown hard hat, brown overalls, a white shirt, and brown shoes. He is holding a gas pump nozzle and appears to be refueling the car. The car has a visible fuel tank with a red cap. The background is plain white, emphasizing the subjects. There is no visible text in the image.	67316498003.png	The image depicts two animated characters, an adult and a child, engaged in an activity. The adult is seated on the ground with a large sack of coins in front of him, and he appears to be counting or sorting the coins. The child is standing on a makeshift table, which is also laden with a smaller sack of coins and a jug. The child seems to be observing or assisting the adult. Both characters are wearing traditional, possibly ethnic, clothing. The setting is simple, with a plain background that does not distract from the characters and their activity. There is no visible text in the image. The style of the image is cartoonish, with a focus on character design and a limited color palette.
onye apiriko	Ndị apịrịko na-atụ asị nke ukwuu.		67316498003.png	The image depicts two animated characters, an adult and a child, engaged in an activity. The adult is seated on the ground with a large sack of coins in front of him, and he appears to be counting or sorting the coins. The child is standing on a makeshift table, which is also laden with a smaller sack of coins and a jug. The child seems to be observing or assisting the adult. Both characters are wearing traditional, possibly ethnic, clothing. The setting is simple, with a plain background that does not distract from the characters and their activity. There is no visible text in the image. The style of the image is cartoonish, with a focus on character design and a limited color palette.	59025522972.png	The image depicts two animated characters standing next to an orange sports car. The character on the left is wearing a yellow hard hat and a green shirt, with brown pants and brown shoes. The character on the right is wearing a brown hard hat, brown overalls, a white shirt, and brown shoes. He is holding a gas pump nozzle and appears to be refueling the car. The car has a visible fuel tank with a red cap. The background is plain white, emphasizing the subjects. There is no visible text in the image.	95839065379.png	The image depicts a cartoon-style fruit stand with a male character standing behind it. The stand is topped with a gray awning and features a variety of fruits. There are bunches of bananas hanging from the awning, and the stand itself is filled with oranges and apples. The character is wearing an apron and has a friendly expression. The background is plain white, emphasizing the colorful fruit stand. There is no visible text in the image.	68426627714.png	The image depicts an animated character, a young woman with brown hair styled in a bun, wearing a black hat with orange polka dots. She is dressed in an orange apron with a white shirt underneath and is holding a black fork. The woman is standing in front of a cake with orange and brown stripes, which is placed on a round, patterned surface. The cake has white frosting and is adorned with orange and yellow decorations. The woman appears to be in the process of cutting the cake with the fork. There is no visible text in the image. The style of the image is cartoonish and colorful.	62652137466.png	The image depicts an animated character, a man with a mustache, standing behind a counter in what appears to be a shop or market stall. He is wearing a light-colored shirt and has a contemplative expression. The counter is cluttered with various items, including teapots, bottles, and bowls, suggesting a setting related to food or drink. The background is filled with shelves stocked with more items, including vases, jars, and baskets, contributing to a rustic and cluttered atmosphere. There is no visible text in the image.
igba apiriko	Onye gbara gị apiriko?		87131305402.png	The image depicts two animated characters, an adult and a child, engaged in an activity. The adult is seated on the ground with a large sack of coins in front of him, and he appears to be counting or sorting the coins. The child is standing on a makeshift table, which is also laden with a smaller sack of coins and a jug. The child seems to be observing or assisting the adult. Both characters are wearing traditional, possibly ethnic, clothing. The setting is simple, with a plain background that does not distract from the characters and their activity. There is no visible text in the image. The style of the image is cartoonish, with a focus on character design and a limited color palette.	77494446455.png	The image depicts an animated character, a young woman with brown hair styled in a bun, wearing a black hat with orange polka dots. She is dressed in an orange apron with a white shirt underneath and is holding a black fork. The woman is standing in front of a cake with orange and brown stripes, which is placed on a round, patterned surface. The cake has white frosting and is adorned with orange and yellow decorations. The woman appears to be in the process of cutting the cake with the fork. There is no visible text in the image. The style of the image is cartoonish and colorful.	78011374117.png	The image depicts two animated characters standing next to an orange sports car. The character on the left is wearing a yellow hard hat and a green shirt, with brown pants and brown shoes. The character on the right is wearing a brown hard hat, brown overalls, a white shirt, and brown shoes. He is holding a gas pump nozzle and appears to be refueling the car. The car has a visible fuel tank with a red cap. The background is plain white, emphasizing the subjects. There is no visible text in the image.	69973830869.png	The image depicts an animated character, a man with a mustache, standing behind a counter in what appears to be a shop or market stall. He is wearing a light-colored shirt and has a contemplative expression. The counter is cluttered with various items, including teapots, bottles, and bowls, suggesting a setting related to food or drink. The background is filled with shelves stocked with more items, including vases, jars, and baskets, contributing to a rustic and cluttered atmosphere. There is no visible text in the image.	56326368219.png	The image depicts a cartoon-style fruit stand with a male character standing behind it. The stand is topped with a gray awning and features a variety of fruits. There are bunches of bananas hanging from the awning, and the stand itself is filled with oranges and apples. The character is wearing an apron and has a friendly expression. The background is plain white, emphasizing the colorful fruit stand. There is no visible text in the image.
igba apiriko	Ekene ji ịgba apiriko mere aka ọrụ nke na akụkọ kọrọ na ọ bụ ego apiriko ka o ji rụọ ụlọ ya.		69973830869.png	The image depicts an animated character, a man with a mustache, standing behind a counter in what appears to be a shop or market stall. He is wearing a light-colored shirt and has a contemplative expression. The counter is cluttered with various items, including teapots, bottles, and bowls, suggesting a setting related to food or drink. The background is filled with shelves stocked with more items, including vases, jars, and baskets, contributing to a rustic and cluttered atmosphere. There is no visible text in the image.	78011374117.png	The image depicts two animated characters standing next to an orange sports car. The character on the left is wearing a yellow hard hat and a green shirt, with brown pants and brown shoes. The character on the right is wearing a brown hard hat, brown overalls, a white shirt, and brown shoes. He is holding a gas pump nozzle and appears to be refueling the car. The car has a visible fuel tank with a red cap. The background is plain white, emphasizing the subjects. There is no visible text in the image.	56326368219.png	The image depicts a cartoon-style fruit stand with a male character standing behind it. The stand is topped with a gray awning and features a variety of fruits. There are bunches of bananas hanging from the awning, and the stand itself is filled with oranges and apples. The character is wearing an apron and has a friendly expression. The background is plain white, emphasizing the colorful fruit stand. There is no visible text in the image.	77494446455.png	The image depicts an animated character, a young woman with brown hair styled in a bun, wearing a black hat with orange polka dots. She is dressed in an orange apron with a white shirt underneath and is holding a black fork. The woman is standing in front of a cake with orange and brown stripes, which is placed on a round, patterned surface. The cake has white frosting and is adorned with orange and yellow decorations. The woman appears to be in the process of cutting the cake with the fork. There is no visible text in the image. The style of the image is cartoonish and colorful.	87131305402.png	The image depicts two animated characters, an adult and a child, engaged in an activity. The adult is seated on the ground with a large sack of coins in front of him, and he appears to be counting or sorting the coins. The child is standing on a makeshift table, which is also laden with a smaller sack of coins and a jug. The child seems to be observing or assisting the adult. Both characters are wearing traditional, possibly ethnic, clothing. The setting is simple, with a plain background that does not distract from the characters and their activity. There is no visible text in the image. The style of the image is cartoonish, with a focus on character design and a limited color palette.
okwu na-ata aru na nti	"Ọ na-ata arụ na ntị iji asụsụ ọzọ akọwara nwa afọ Igbo ilu Igbo n'ihi na Igbo sị na ""onye a tụọrọ ilu kọwaara ya, mara na ego e jiri lụọ nne ya lara n'iyi""."		46186537595.png	The image depicts a stylized illustration of a desk with a modern, orange-colored desk lamp. The lamp has a curved neck and a frosted shade, and it is turned on, casting a warm glow. On the desk, there is a wooden surface with a few items: a small, blue-green mug with a pencil inside, a pair of glasses with a black frame, and a stack of books. The books are of various sizes and appear to be paperbacks. The chair in front of the desk is black and has a simple, contemporary design. The background is a plain, light gray color, providing a neutral backdrop that contrasts with the vibrant orange of the lamp. There is no visible text in the image.	89207274149.png	The image features a stylized illustration of an ear and a speech bubble. The ear is depicted in a simplified, cartoon-like style with a pinkish hue and a small, orange-colored dot on the side, possibly representing a piercing. The speech bubble is black with a wavy line at the top, indicating sound waves, and contains a series of orange lines that resemble sound waves or a bar graph. The background is plain white, emphasizing the subjects. There is no visible text in the image.	12834987231.png	The image is a digital illustration featuring two animated characters. On the left, there is a male character with dark skin, wearing an orange shirt and black pants, with his hands on his hips and his head turned to the side. On the right, there is a female character with dark skin, wearing an orange shirt and black pants, with her hands on her ears and her mouth open as if she is shouting or speaking loudly. Both characters have exaggerated facial expressions and are depicted in a cartoon style. There are orange lines with a plus sign above the female character's head, suggesting excitement or emphasis. The background is plain white, which contrasts with the characters and highlights their actions.	52246587647.png	The image is a digital illustration of two animated characters. The character on the left has brown hair, a smiling expression, and is wearing an orange top. The character on the right has dark hair tied in a bun, a surprised expression, and is wearing a gray top. The character on the right is placing a hand over the mouth of the character on the left, suggesting a gesture of secrecy or surprise. There is no visible text in the image.	43222948968.png	The image is a digital illustration of a stylized male character. The character has a beard and mustache, and his hair is styled in a spiky manner. He is wearing a black sweater and brown pants. The character is holding a smartphone in his right hand, which is raised slightly in front of him. The phone has a visible camera lens on the back. The character's facial expression is one of concern or worry, with furrowed brows and a slightly downturned mouth. The background is plain and white, which contrasts with the character's dark clothing and the orange color of the phone. There is no visible text in the image.
okwu na-ata aru na nti	. Mbọ a njiakpọ okwu na-agba iji kpọpụta  mkpụrụụdaasụsụ etu ha agaghị esi ta arụ na ntị na etu mkpụrụokwu ga - esi nye ezi nghọta mgbe ụda sokọrọ ọnụ ka a kpọrọ mkpọkọ.		52246587647.png	The image is a digital illustration of two animated characters. The character on the left has brown hair, a smiling expression, and is wearing an orange top. The character on the right has dark hair tied in a bun, a surprised expression, and is wearing a gray top. The character on the right is placing a hand over the mouth of the character on the left, suggesting a gesture of secrecy or surprise. There is no visible text in the image.	43222948968.png	The image is a digital illustration of a stylized male character. The character has a beard and mustache, and his hair is styled in a spiky manner. He is wearing a black sweater and brown pants. The character is holding a smartphone in his right hand, which is raised slightly in front of him. The phone has a visible camera lens on the back. The character's facial expression is one of concern or worry, with furrowed brows and a slightly downturned mouth. The background is plain and white, which contrasts with the character's dark clothing and the orange color of the phone. There is no visible text in the image.	12834987231.png	The image is a digital illustration featuring two animated characters. On the left, there is a male character with dark skin, wearing an orange shirt and black pants, with his hands on his hips and his head turned to the side. On the right, there is a female character with dark skin, wearing an orange shirt and black pants, with her hands on her ears and her mouth open as if she is shouting or speaking loudly. Both characters have exaggerated facial expressions and are depicted in a cartoon style. There are orange lines with a plus sign above the female character's head, suggesting excitement or emphasis. The background is plain white, which contrasts with the characters and highlights their actions.	89207274149.png	The image features a stylized illustration of an ear and a speech bubble. The ear is depicted in a simplified, cartoon-like style with a pinkish hue and a small, orange-colored dot on the side, possibly representing a piercing. The speech bubble is black with a wavy line at the top, indicating sound waves, and contains a series of orange lines that resemble sound waves or a bar graph. The background is plain white, emphasizing the subjects. There is no visible text in the image.	46186537595.png	The image depicts a stylized illustration of a desk with a modern, orange-colored desk lamp. The lamp has a curved neck and a frosted shade, and it is turned on, casting a warm glow. On the desk, there is a wooden surface with a few items: a small, blue-green mug with a pencil inside, a pair of glasses with a black frame, and a stack of books. The books are of various sizes and appear to be paperbacks. The chair in front of the desk is black and has a simple, contemporary design. The background is a plain, light gray color, providing a neutral backdrop that contrasts with the vibrant orange of the lamp. There is no visible text in the image.
okwu na-ata aru na nti	Ọ tara ya arụ na ntị.		89207274149.png	The image features a stylized illustration of an ear and a speech bubble. The ear is depicted in a simplified, cartoon-like style with a pinkish hue and a small, orange-colored dot on the side, possibly representing a piercing. The speech bubble is black with a wavy line at the top, indicating sound waves, and contains a series of orange lines that resemble sound waves or a bar graph. The background is plain white, emphasizing the subjects. There is no visible text in the image.	52246587647.png	The image is a digital illustration of two animated characters. The character on the left has brown hair, a smiling expression, and is wearing an orange top. The character on the right has dark hair tied in a bun, a surprised expression, and is wearing a gray top. The character on the right is placing a hand over the mouth of the character on the left, suggesting a gesture of secrecy or surprise. There is no visible text in the image.	43222948968.png	The image is a digital illustration of a stylized male character. The character has a beard and mustache, and his hair is styled in a spiky manner. He is wearing a black sweater and brown pants. The character is holding a smartphone in his right hand, which is raised slightly in front of him. The phone has a visible camera lens on the back. The character's facial expression is one of concern or worry, with furrowed brows and a slightly downturned mouth. The background is plain and white, which contrasts with the character's dark clothing and the orange color of the phone. There is no visible text in the image.	12834987231.png	The image is a digital illustration featuring two animated characters. On the left, there is a male character with dark skin, wearing an orange shirt and black pants, with his hands on his hips and his head turned to the side. On the right, there is a female character with dark skin, wearing an orange shirt and black pants, with her hands on her ears and her mouth open as if she is shouting or speaking loudly. Both characters have exaggerated facial expressions and are depicted in a cartoon style. There are orange lines with a plus sign above the female character's head, suggesting excitement or emphasis. The background is plain white, which contrasts with the characters and highlights their actions.	46186537595.png	The image depicts a stylized illustration of a desk with a modern, orange-colored desk lamp. The lamp has a curved neck and a frosted shade, and it is turned on, casting a warm glow. On the desk, there is a wooden surface with a few items: a small, blue-green mug with a pencil inside, a pair of glasses with a black frame, and a stack of books. The books are of various sizes and appear to be paperbacks. The chair in front of the desk is black and has a simple, contemporary design. The background is a plain, light gray color, providing a neutral backdrop that contrasts with the vibrant orange of the lamp. There is no visible text in the image.
okwu na-ata aru na nti	N’oge esemokwu siri ike n’etiti ụmụ nwoke abụọ ahụ, ka ha na-alụ ọgụ n’obi iwe, otu n’ime ha jidere nke ọzọ ma jiri ezé ya taa ntị ya, mee ka ọbara pụta nke ukwuu ma mee ka ndị gbara ha gburugburu tụọ egwu.		43222948968.png	The image is a digital illustration of a stylized male character. The character has a beard and mustache, and his hair is styled in a spiky manner. He is wearing a black sweater and brown pants. The character is holding a smartphone in his right hand, which is raised slightly in front of him. The phone has a visible camera lens on the back. The character's facial expression is one of concern or worry, with furrowed brows and a slightly downturned mouth. The background is plain and white, which contrasts with the character's dark clothing and the orange color of the phone. There is no visible text in the image.	52246587647.png	The image is a digital illustration of two animated characters. The character on the left has brown hair, a smiling expression, and is wearing an orange top. The character on the right has dark hair tied in a bun, a surprised expression, and is wearing a gray top. The character on the right is placing a hand over the mouth of the character on the left, suggesting a gesture of secrecy or surprise. There is no visible text in the image.	89207274149.png	The image features a stylized illustration of an ear and a speech bubble. The ear is depicted in a simplified, cartoon-like style with a pinkish hue and a small, orange-colored dot on the side, possibly representing a piercing. The speech bubble is black with a wavy line at the top, indicating sound waves, and contains a series of orange lines that resemble sound waves or a bar graph. The background is plain white, emphasizing the subjects. There is no visible text in the image.	46186537595.png	The image depicts a stylized illustration of a desk with a modern, orange-colored desk lamp. The lamp has a curved neck and a frosted shade, and it is turned on, casting a warm glow. On the desk, there is a wooden surface with a few items: a small, blue-green mug with a pencil inside, a pair of glasses with a black frame, and a stack of books. The books are of various sizes and appear to be paperbacks. The chair in front of the desk is black and has a simple, contemporary design. The background is a plain, light gray color, providing a neutral backdrop that contrasts with the vibrant orange of the lamp. There is no visible text in the image.	12834987231.png	The image is a digital illustration featuring two animated characters. On the left, there is a male character with dark skin, wearing an orange shirt and black pants, with his hands on his hips and his head turned to the side. On the right, there is a female character with dark skin, wearing an orange shirt and black pants, with her hands on her ears and her mouth open as if she is shouting or speaking loudly. Both characters have exaggerated facial expressions and are depicted in a cartoon style. There are orange lines with a plus sign above the female character's head, suggesting excitement or emphasis. The background is plain white, which contrasts with the characters and highlights their actions.
ogba uzo	Chinedu bụ ọgba ụzọ n’eziokwu, n’ihi na kwa ụtụtụ tupu anyanwụ apụta, ọ na-ebili ngwa ngwa, sachaa onwe ya, kwadebe ngwa ọrụ ya, ma gawa n'ubi ka o nwee ike rụọ ọrụ ya nke ọma.		68499726206.png	"The image is a stylized illustration of three male athletes in a race. They are depicted in a simplified, cartoon-like style with exaggerated features. The athlete in the foreground is wearing a white tank top with the number ""E115G"" and orange shorts, and he is in a sprinting pose with his head turned to the side. The middle athlete is wearing an orange tank top with the number ""E251"" and matching shorts, and he is also in a sprinting pose. The athlete in the background is wearing a yellow tank top with the number ""E351"" and gray shorts, and he is also in a sprinting pose. All three athletes are wearing white shoes with orange laces. The background is a dark, solid color, providing a stark contrast to the athletes. There is no visible text other than the numbers on the athletes' shirts."	22279371403.png	The image depicts an animated male athlete in a running pose. He is wearing an orange tank top, black shorts, and orange shoes with a white Nike logo. The athlete is looking down at his shoes, which are untied. He is on a track with a red lane, and there is a starting block in front of him. The background is a plain, light gray color.	70342040486.png	The image depicts a tranquil scene of a person jogging down a street at sunset. The sky is painted with warm hues of orange and yellow, suggesting the sun is setting. The street is lined with power lines and poles, and there are trees and buildings on both sides. The jogger is dressed in a dark top and shorts, with white shoes, and appears to be in motion. The overall atmosphere is peaceful and serene, with the setting sun casting a soft glow on the scene.	89181183993.png	The image depicts a cozy indoor scene. A **sleeping orange tabby cat** is comfortably nestled on a **white windowsill**. The cat is lying on its side, with its head resting on its paws, appearing to be in a peaceful slumber.  The windowsill is adorned with various **potted plants** of different sizes and types. There are **two larger pots** on either side of the cat, and a **smaller pot** in the center. The plants vary in color and leaf shape, adding a touch of nature to the scene.  In front of the cat, there are **two small vases** placed on the windowsill. The vases are empty, but they add to the overall aesthetic of the setting.  The windowsill is set against a **white window frame**, which contrasts nicely with the colorful elements on the sill. The window itself is not visible in the image.  Overall, the image captures a serene moment of a cat resting amidst a collection of plants, creating a warm and inviting atmosphere.	66527551584.png	The image depicts an animated scene of a classroom. In the foreground, there is a character sitting on a wooden bench, facing away from the viewer. The character has dark hair and is wearing a light-colored jacket. Behind the character, there is a large blackboard with a wooden frame. To the right of the blackboard, there is a desk with a calendar on it. The room is filled with rows of orange chairs, all facing the blackboard. The floor is a light color, and the walls are a neutral tone. The overall style of the image is cartoonish and colorful.
ogba uzo	A na-akpọ Chibuike ọgba ụzọ n’ụlọ ha, n’ihi na ọ na-arahụ ụra obere, na-ebili n’isi ụtụtụ kwa ụbọchị, na-esi nri, nakwa ahazi ụlọ ha tupu ụmụnne ya ndị ọzọ eteta.		66527551584.png	The image depicts an animated scene of a classroom. In the foreground, there is a character sitting on a wooden bench, facing away from the viewer. The character has dark hair and is wearing a light-colored jacket. Behind the character, there is a large blackboard with a wooden frame. To the right of the blackboard, there is a desk with a calendar on it. The room is filled with rows of orange chairs, all facing the blackboard. The floor is a light color, and the walls are a neutral tone. The overall style of the image is cartoonish and colorful.	22279371403.png	The image depicts an animated male athlete in a running pose. He is wearing an orange tank top, black shorts, and orange shoes with a white Nike logo. The athlete is looking down at his shoes, which are untied. He is on a track with a red lane, and there is a starting block in front of him. The background is a plain, light gray color.	68499726206.png	"The image is a stylized illustration of three male athletes in a race. They are depicted in a simplified, cartoon-like style with exaggerated features. The athlete in the foreground is wearing a white tank top with the number ""E115G"" and orange shorts, and he is in a sprinting pose with his head turned to the side. The middle athlete is wearing an orange tank top with the number ""E251"" and matching shorts, and he is also in a sprinting pose. The athlete in the background is wearing a yellow tank top with the number ""E351"" and gray shorts, and he is also in a sprinting pose. All three athletes are wearing white shoes with orange laces. The background is a dark, solid color, providing a stark contrast to the athletes. There is no visible text other than the numbers on the athletes' shirts."	70342040486.png	The image depicts a tranquil scene of a person jogging down a street at sunset. The sky is painted with warm hues of orange and yellow, suggesting the sun is setting. The street is lined with power lines and poles, and there are trees and buildings on both sides. The jogger is dressed in a dark top and shorts, with white shoes, and appears to be in motion. The overall atmosphere is peaceful and serene, with the setting sun casting a soft glow on the scene.	89181183993.png	The image depicts a cozy indoor scene. A **sleeping orange tabby cat** is comfortably nestled on a **white windowsill**. The cat is lying on its side, with its head resting on its paws, appearing to be in a peaceful slumber.  The windowsill is adorned with various **potted plants** of different sizes and types. There are **two larger pots** on either side of the cat, and a **smaller pot** in the center. The plants vary in color and leaf shape, adding a touch of nature to the scene.  In front of the cat, there are **two small vases** placed on the windowsill. The vases are empty, but they add to the overall aesthetic of the setting.  The windowsill is set against a **white window frame**, which contrasts nicely with the colorful elements on the sill. The window itself is not visible in the image.  Overall, the image captures a serene moment of a cat resting amidst a collection of plants, creating a warm and inviting atmosphere.
ilakwuru ndi nnanna	Mgbe ọrịa siri ike rịara ya ruo ogologo oge, akụkọ kọrọ na nwoke ahụ mechara  lakwuru ndị nnanna ya, hapụrụ sọsọ nwunye ya ụmụ ha.		56671191229.png	The image is a painting depicting a family of six, with a father, mother, and four children. The father is standing in the center, with the mother and two children on either side of him. The mother is on the right, and the children are on the left. The father has a beard and mustache, and the mother has a headscarf. The children are dressed in period clothing, with the two on the ends wearing darker outfits and the two in the middle wearing lighter, more colorful attire. The painting is framed with a rustic wooden border and is hanging on a wall. There is no visible text in the image. The style of the painting is realistic with a focus on detail, particularly in the clothing and facial features of the subjects.	62140073485.png	The image depicts a tranquil scene with a wooden bench situated under a large, leafy tree. The bench is positioned on a grassy area with a few scattered rocks and small flowers. The tree's branches extend outward, providing shade over the bench. The background is a plain, light color, which contrasts with the green of the tree and the natural tones of the bench and rocks. There is no visible text in the image. The overall style of the image is illustrative, with a soft, pastel color palette that gives it a serene and peaceful atmosphere.	62654030660.png	The image depicts a group of people standing in a line on a path. The central figure is a man in a white coat, who appears to be walking away from the group. The group consists of individuals dressed in various styles of clothing, suggesting a diverse gathering. The background is a solid dark color, which contrasts with the lighter tones of the path and the figures. There is no visible text in the image. The style of the image is illustrative, with a limited color palette and a flat, two-dimensional appearance.	20551876388.png	The image features a weathered, gray stone tombstone with a black border, situated on a bed of fallen orange flowers. The flowers are scattered around the base of the tombstone, and some are intertwined with the grass, creating a natural, organic appearance. The background is dark and out of focus, emphasizing the tombstone and the flowers. There is no visible text in the image. The style of the image is realistic with a focus on the interplay of the natural elements and the man-made tombstone.	26630275159.png	The image depicts a stylized illustration of a man lying in bed. The man has a beard and mustache, and his eyes are closed, suggesting he is asleep. He has gray hair and is wearing a black shirt. The bed has a white pillow and a white sheet with a subtle pattern. The background is plain and does not provide any additional context. There is no visible text in the image. The style of the illustration is simplistic and cartoonish, with a limited color palette.
ilakwuru ndi nnanna	Ndị agbata obi juru n’ihere na mwute mgbe ha nụrụ na agadi nwanyi ahụ, bụ onye a ma ama n’obodo, lakwuru ndị nnanna ya n’enweghị ọrịa ọbụla.		62654030660.png	The image depicts a group of people standing in a line on a path. The central figure is a man in a white coat, who appears to be walking away from the group. The group consists of individuals dressed in various styles of clothing, suggesting a diverse gathering. The background is a solid dark color, which contrasts with the lighter tones of the path and the figures. There is no visible text in the image. The style of the image is illustrative, with a limited color palette and a flat, two-dimensional appearance.	62140073485.png	The image depicts a tranquil scene with a wooden bench situated under a large, leafy tree. The bench is positioned on a grassy area with a few scattered rocks and small flowers. The tree's branches extend outward, providing shade over the bench. The background is a plain, light color, which contrasts with the green of the tree and the natural tones of the bench and rocks. There is no visible text in the image. The overall style of the image is illustrative, with a soft, pastel color palette that gives it a serene and peaceful atmosphere.	20551876388.png	The image features a weathered, gray stone tombstone with a black border, situated on a bed of fallen orange flowers. The flowers are scattered around the base of the tombstone, and some are intertwined with the grass, creating a natural, organic appearance. The background is dark and out of focus, emphasizing the tombstone and the flowers. There is no visible text in the image. The style of the image is realistic with a focus on the interplay of the natural elements and the man-made tombstone.	26630275159.png	The image depicts a stylized illustration of a man lying in bed. The man has a beard and mustache, and his eyes are closed, suggesting he is asleep. He has gray hair and is wearing a black shirt. The bed has a white pillow and a white sheet with a subtle pattern. The background is plain and does not provide any additional context. There is no visible text in the image. The style of the illustration is simplistic and cartoonish, with a limited color palette.	56671191229.png	The image is a painting depicting a family of six, with a father, mother, and four children. The father is standing in the center, with the mother and two children on either side of him. The mother is on the right, and the children are on the left. The father has a beard and mustache, and the mother has a headscarf. The children are dressed in period clothing, with the two on the ends wearing darker outfits and the two in the middle wearing lighter, more colorful attire. The painting is framed with a rustic wooden border and is hanging on a wall. There is no visible text in the image. The style of the painting is realistic with a focus on detail, particularly in the clothing and facial features of the subjects.
ilakwuru ndi nnanna	Mgbe ọ nọchara ọtụtụ afọ n’obodo ọzọ, nwoke ahụ kpebiri ịlakwuru ndị nnanna ya ka o mee emume omenala ma hụkwa ndị ikwu ya niile.		26630275159.png	The image depicts a stylized illustration of a man lying in bed. The man has a beard and mustache, and his eyes are closed, suggesting he is asleep. He has gray hair and is wearing a black shirt. The bed has a white pillow and a white sheet with a subtle pattern. The background is plain and does not provide any additional context. There is no visible text in the image. The style of the illustration is simplistic and cartoonish, with a limited color palette.	62654030660.png	The image depicts a group of people standing in a line on a path. The central figure is a man in a white coat, who appears to be walking away from the group. The group consists of individuals dressed in various styles of clothing, suggesting a diverse gathering. The background is a solid dark color, which contrasts with the lighter tones of the path and the figures. There is no visible text in the image. The style of the image is illustrative, with a limited color palette and a flat, two-dimensional appearance.	56671191229.png	The image is a painting depicting a family of six, with a father, mother, and four children. The father is standing in the center, with the mother and two children on either side of him. The mother is on the right, and the children are on the left. The father has a beard and mustache, and the mother has a headscarf. The children are dressed in period clothing, with the two on the ends wearing darker outfits and the two in the middle wearing lighter, more colorful attire. The painting is framed with a rustic wooden border and is hanging on a wall. There is no visible text in the image. The style of the painting is realistic with a focus on detail, particularly in the clothing and facial features of the subjects.	20551876388.png	The image features a weathered, gray stone tombstone with a black border, situated on a bed of fallen orange flowers. The flowers are scattered around the base of the tombstone, and some are intertwined with the grass, creating a natural, organic appearance. The background is dark and out of focus, emphasizing the tombstone and the flowers. There is no visible text in the image. The style of the image is realistic with a focus on the interplay of the natural elements and the man-made tombstone.	62140073485.png	The image depicts a tranquil scene with a wooden bench situated under a large, leafy tree. The bench is positioned on a grassy area with a few scattered rocks and small flowers. The tree's branches extend outward, providing shade over the bench. The background is a plain, light color, which contrasts with the green of the tree and the natural tones of the bench and rocks. There is no visible text in the image. The overall style of the image is illustrative, with a soft, pastel color palette that gives it a serene and peaceful atmosphere.
ilakwuru ndi nnanna	N’oge ezumike nke afọ a, e kwuru na ọ dị mkpa ka ụmụ okorobịa nile lakwuru ndị nnanna ha ka ha mụta akụkọ ezinụlọ na omenala ala nna ha.		26630275159.png	The image depicts a stylized illustration of a man lying in bed. The man has a beard and mustache, and his eyes are closed, suggesting he is asleep. He has gray hair and is wearing a black shirt. The bed has a white pillow and a white sheet with a subtle pattern. The background is plain and does not provide any additional context. There is no visible text in the image. The style of the illustration is simplistic and cartoonish, with a limited color palette.	62140073485.png	The image depicts a tranquil scene with a wooden bench situated under a large, leafy tree. The bench is positioned on a grassy area with a few scattered rocks and small flowers. The tree's branches extend outward, providing shade over the bench. The background is a plain, light color, which contrasts with the green of the tree and the natural tones of the bench and rocks. There is no visible text in the image. The overall style of the image is illustrative, with a soft, pastel color palette that gives it a serene and peaceful atmosphere.	20551876388.png	The image features a weathered, gray stone tombstone with a black border, situated on a bed of fallen orange flowers. The flowers are scattered around the base of the tombstone, and some are intertwined with the grass, creating a natural, organic appearance. The background is dark and out of focus, emphasizing the tombstone and the flowers. There is no visible text in the image. The style of the image is realistic with a focus on the interplay of the natural elements and the man-made tombstone.	56671191229.png	The image is a painting depicting a family of six, with a father, mother, and four children. The father is standing in the center, with the mother and two children on either side of him. The mother is on the right, and the children are on the left. The father has a beard and mustache, and the mother has a headscarf. The children are dressed in period clothing, with the two on the ends wearing darker outfits and the two in the middle wearing lighter, more colorful attire. The painting is framed with a rustic wooden border and is hanging on a wall. There is no visible text in the image. The style of the painting is realistic with a focus on detail, particularly in the clothing and facial features of the subjects.	62654030660.png	The image depicts a group of people standing in a line on a path. The central figure is a man in a white coat, who appears to be walking away from the group. The group consists of individuals dressed in various styles of clothing, suggesting a diverse gathering. The background is a solid dark color, which contrasts with the lighter tones of the path and the figures. There is no visible text in the image. The style of the image is illustrative, with a limited color palette and a flat, two-dimensional appearance.
ito akpiri	Mana oge nile, ọ diịrị ka o nwere otu onye naara emekarị ya n’ihe ọchị, na amakarị ya na mma, na-ekekari ya n’ekike ọma, ma ọbụ n’ito akpịrị n’ile anya karịa.		87978699902.png	The image shows a young child with curly hair, wearing a white top and orange pants with polka dots. The child is sitting on a gray surface and appears to be playing with a set of colorful Lego bricks. The Lego bricks are in various shades of orange, yellow, and white, and there are also small Lego figures present. The child's attention is focused on the Lego bricks, and the expression on the face suggests concentration or enjoyment. There is no visible text in the image. The style of the image is a realistic, high-resolution photograph with a soft, warm lighting that highlights the child's hair and the vibrant colors of the Lego bricks.	42371773199.png	The image is a close-up portrait of a man with a beard. He is looking directly at the camera with a neutral expression. His hand is raised to his chin, with his index finger resting on his lips, suggesting a contemplative or thoughtful pose. The man's skin tone is fair, and he has a well-groomed beard. He is wearing a dark-colored top. The background is plain and does not provide any additional context or information. There is no visible text in the image. The style of the image is realistic with a focus on the man's facial features and expression.	19166912850.png	The image is a digital illustration of a stylized cartoon character. The character has curly brown hair, a smiling expression, and is wearing an orange shirt with a black collar. The character's right hand is raised to the chin, suggesting a thoughtful or contemplative pose. There are small orange circles scattered around the character, possibly indicating a playful or whimsical theme. The background is plain white, which contrasts with the character and the orange circles.	47844075379.png	The image depicts a group of people standing in front of a large painting. The painting features a landscape with a variety of buildings and figures, predominantly in warm colors. The people are dressed in a mix of casual and formal attire, with some carrying handbags. They are observing the artwork, and their attention is directed towards it. The setting appears to be a gallery or museum, indicated by the plain white wall and the framed artwork. There is no visible text in the image. The style of the image is a digital illustration with a realistic aesthetic.	67605449482.png	The image depicts an illustration of a person sitting on a rocky outcrop, taking a photograph of a large, orange sun. The sun is surrounded by a halo of clouds and is set against a backdrop of a sky with a few birds in flight. The person is wearing a yellow top with a floral pattern and has dark hair tied up. The setting appears to be a desert or arid landscape, with sparse vegetation visible in the foreground. There is no visible text in the image. The style of the illustration is realistic with a soft, pastel color palette.
ito akpiri	Emume ndubanye n’otu mmọnwụ a bụ nke e ji eme ka ụmụ okorobịa hapụ agwa ọjọọ dị iche iche ha mụtara mgbe ha dị na nwata dịka  ịsị asị, ito akpịrị, izu ori, ịtụ egwu, ịgba asịrị, ikwu ihe niile ha hụrụ na ihe ndị ọzọ.		19166912850.png	The image is a digital illustration of a stylized cartoon character. The character has curly brown hair, a smiling expression, and is wearing an orange shirt with a black collar. The character's right hand is raised to the chin, suggesting a thoughtful or contemplative pose. There are small orange circles scattered around the character, possibly indicating a playful or whimsical theme. The background is plain white, which contrasts with the character and the orange circles.	42371773199.png	The image is a close-up portrait of a man with a beard. He is looking directly at the camera with a neutral expression. His hand is raised to his chin, with his index finger resting on his lips, suggesting a contemplative or thoughtful pose. The man's skin tone is fair, and he has a well-groomed beard. He is wearing a dark-colored top. The background is plain and does not provide any additional context or information. There is no visible text in the image. The style of the image is realistic with a focus on the man's facial features and expression.	47844075379.png	The image depicts a group of people standing in front of a large painting. The painting features a landscape with a variety of buildings and figures, predominantly in warm colors. The people are dressed in a mix of casual and formal attire, with some carrying handbags. They are observing the artwork, and their attention is directed towards it. The setting appears to be a gallery or museum, indicated by the plain white wall and the framed artwork. There is no visible text in the image. The style of the image is a digital illustration with a realistic aesthetic.	87978699902.png	The image shows a young child with curly hair, wearing a white top and orange pants with polka dots. The child is sitting on a gray surface and appears to be playing with a set of colorful Lego bricks. The Lego bricks are in various shades of orange, yellow, and white, and there are also small Lego figures present. The child's attention is focused on the Lego bricks, and the expression on the face suggests concentration or enjoyment. There is no visible text in the image. The style of the image is a realistic, high-resolution photograph with a soft, warm lighting that highlights the child's hair and the vibrant colors of the Lego bricks.	67605449482.png	The image depicts an illustration of a person sitting on a rocky outcrop, taking a photograph of a large, orange sun. The sun is surrounded by a halo of clouds and is set against a backdrop of a sky with a few birds in flight. The person is wearing a yellow top with a floral pattern and has dark hair tied up. The setting appears to be a desert or arid landscape, with sparse vegetation visible in the foreground. There is no visible text in the image. The style of the illustration is realistic with a soft, pastel color palette.
nta nchocha	Ebe  ndị ọzọ a gara nta nchọcha banyere ihe e dere n’edemede a, bụ n’ọbakwụkwọ na ọwa nzikọrịtaozi  intaneti nke e si na ya chịkọba echiche ndị odee n’ụfọdụ okwu pụtara ihe n’isiokwu nchọcha a.		38401758888.png	The image depicts an animated scene of a man in a hat and a vest, sitting on a rocky outcrop with a rifle. He is aiming at a deer that is partially obscured by tall grass and flowers. The background features a mountainous landscape with trees and a clear sky. The style of the image is illustrative, with a focus on natural colors and textures.	32578590782.png	The image depicts an animated character walking through tall grass. The character is wearing a cap, a backpack, and a bright orange jacket. The grass is tall and appears to be dried, with some leaves scattered on the ground. The character is carrying a bow and arrows on their back. The background is plain and does not provide any additional context. There is no visible text in the image. The style of the image is illustrative, with a focus on the character and the environment they are in.	83527430081.png	The image depicts an outdoor scene with a person standing on a rocky shoreline. The individual is wearing a hat, a backpack, and is holding a fishing rod with a line extended towards the water. The person is dressed in a jacket and pants, suggesting a cooler climate or season. The water reflects the person and the surrounding environment.  In the background, there is a mountainous landscape with trees and foliage in autumnal colors, predominantly orange and yellow. The water appears calm, and the overall atmosphere of the image is serene and natural. There is no visible text in the image. The style of the image is illustrative, with a focus on realism and attention to detail in the depiction of the person, the environment, and the reflections in the water.	65888839772.png	The image depicts an illustration of a person sitting on a chair under a large tree with orange leaves. The individual is wearing a hat and appears to be engaged in writing or drawing on a clipboard. The person has a backpack and is surrounded by various plants and flowers. The background is a simple, light gray, and there is a small butterfly in the upper right corner. The style of the illustration is detailed and colorful, with a focus on natural elements and a sense of tranquility.	68398244225.png	The image depicts an animated character, a young girl with brown hair tied in a ponytail, wearing glasses and an orange top. She is holding a tablet with a plant on its screen. The girl is standing in front of a collection of potted plants, including various types of foliage and flowers. She is wearing orange shoes and has a backpack slung over her shoulder. The background is plain white, emphasizing the subject. There is no visible text in the image.
nta nchocha	N’oge ha na-achụ nta nchọcha banyere asụsụ na omenala Igbo, ha gara n'ọtụtụ ime obodo ka ha na ndị okenye kparịta ụka maka omenala dị iche iche dị n'AlaIgbo.		38401758888.png	The image depicts an animated scene of a man in a hat and a vest, sitting on a rocky outcrop with a rifle. He is aiming at a deer that is partially obscured by tall grass and flowers. The background features a mountainous landscape with trees and a clear sky. The style of the image is illustrative, with a focus on natural colors and textures.	68398244225.png	The image depicts an animated character, a young girl with brown hair tied in a ponytail, wearing glasses and an orange top. She is holding a tablet with a plant on its screen. The girl is standing in front of a collection of potted plants, including various types of foliage and flowers. She is wearing orange shoes and has a backpack slung over her shoulder. The background is plain white, emphasizing the subject. There is no visible text in the image.	65888839772.png	The image depicts an illustration of a person sitting on a chair under a large tree with orange leaves. The individual is wearing a hat and appears to be engaged in writing or drawing on a clipboard. The person has a backpack and is surrounded by various plants and flowers. The background is a simple, light gray, and there is a small butterfly in the upper right corner. The style of the illustration is detailed and colorful, with a focus on natural elements and a sense of tranquility.	32578590782.png	The image depicts an animated character walking through tall grass. The character is wearing a cap, a backpack, and a bright orange jacket. The grass is tall and appears to be dried, with some leaves scattered on the ground. The character is carrying a bow and arrows on their back. The background is plain and does not provide any additional context. There is no visible text in the image. The style of the image is illustrative, with a focus on the character and the environment they are in.	83527430081.png	The image depicts an outdoor scene with a person standing on a rocky shoreline. The individual is wearing a hat, a backpack, and is holding a fishing rod with a line extended towards the water. The person is dressed in a jacket and pants, suggesting a cooler climate or season. The water reflects the person and the surrounding environment.  In the background, there is a mountainous landscape with trees and foliage in autumnal colors, predominantly orange and yellow. The water appears calm, and the overall atmosphere of the image is serene and natural. There is no visible text in the image. The style of the image is illustrative, with a focus on realism and attention to detail in the depiction of the person, the environment, and the reflections in the water.
isi njedebe	Ka ha bịara n’isi njedebe ebe ha na-aga, Ngọzị gwara Ork. Kamta na e chekwara ego ụlọ akụ niile echekwa.		46320786445.png	The image depicts a stylized, cartoon-like illustration of a person wearing a hard hat and glasses, sitting at a laptop. The individual is dressed in a plaid shirt and has a tool belt with various tools hanging from it. The laptop is open and appears to be in use. The background is plain and does not provide any additional context. There is no visible text in the image. The style of the illustration is reminiscent of a character from a video game or animated series.	15481754798.png	The image depicts a stylized illustration of a wooden bed with a simple, flat headboard. The bed frame is brown with visible screws and bolts. The bed is covered with a single, bright orange blanket that appears to be wrinkled, giving it a soft, plush texture. The bed is positioned against a plain, light background. There is no visible text in the image. The style of the illustration is cartoonish and appears to be designed for a child's room or a whimsical setting.	47252929129.png	The image depicts an animated character, a young man with black hair, standing to the left of a large, black door. He is wearing a brown shirt and black pants. The man is holding the door open with his right hand. To the right of the door, there is a potted plant with green leaves. In the background, there is a room with a wooden floor and a wooden table with a vase and a potted plant on it. The wall behind the table has an orange pattern. The overall style of the image is cartoonish and colorful.	21738465671.png	"The image features a stylized illustration of a person's head with a large, orange brain on top. The person is wearing glasses with black frames. Below the head, there is a wooden signpost with the word ""END"" written on it. The signpost is partially buried in the ground, and there are small rocks and a piece of wood around it. The background is plain white."	18259455565.png	The image depicts a cartoon-style illustration of a young boy sitting at a desk. He is wearing a black shirt with an orange logo on the back. The boy is holding a pen and appears to be writing on a piece of paper. On the desk, there is a laptop to the left, a glass of water, and a book. The boy is seated on a black chair. The background is plain and does not contain any text or additional objects. The image is simple and does not contain any complex relationships between objects.
isi njedebe	Ọ  bụrụ  na  ọ  bụghị  na  agha  Bịafra  abịala  n’isi  njedebe, Obigbo gaara eche na ndị agha Naịjirịa eburula bata n’ọgbọ.		18259455565.png	The image depicts a cartoon-style illustration of a young boy sitting at a desk. He is wearing a black shirt with an orange logo on the back. The boy is holding a pen and appears to be writing on a piece of paper. On the desk, there is a laptop to the left, a glass of water, and a book. The boy is seated on a black chair. The background is plain and does not contain any text or additional objects. The image is simple and does not contain any complex relationships between objects.	21738465671.png	"The image features a stylized illustration of a person's head with a large, orange brain on top. The person is wearing glasses with black frames. Below the head, there is a wooden signpost with the word ""END"" written on it. The signpost is partially buried in the ground, and there are small rocks and a piece of wood around it. The background is plain white."	46320786445.png	The image depicts a stylized, cartoon-like illustration of a person wearing a hard hat and glasses, sitting at a laptop. The individual is dressed in a plaid shirt and has a tool belt with various tools hanging from it. The laptop is open and appears to be in use. The background is plain and does not provide any additional context. There is no visible text in the image. The style of the illustration is reminiscent of a character from a video game or animated series.	15481754798.png	The image depicts a stylized illustration of a wooden bed with a simple, flat headboard. The bed frame is brown with visible screws and bolts. The bed is covered with a single, bright orange blanket that appears to be wrinkled, giving it a soft, plush texture. The bed is positioned against a plain, light background. There is no visible text in the image. The style of the illustration is cartoonish and appears to be designed for a child's room or a whimsical setting.	47252929129.png	The image depicts an animated character, a young man with black hair, standing to the left of a large, black door. He is wearing a brown shirt and black pants. The man is holding the door open with his right hand. To the right of the door, there is a potted plant with green leaves. In the background, there is a room with a wooden floor and a wooden table with a vase and a potted plant on it. The wall behind the table has an orange pattern. The overall style of the image is cartoonish and colorful.
okuko mmiri mara	Mgbe ọ gara njem rue n’obodo ndị ọcha, Chikezie dị ka ọkụkọ mmiri mara, n’ihi na ọ maghị asụsụ ha, iwu na ụdị ndụ ndị mmadụ nọ ebe ahụ na-ebi.		17564132641.png	The image shows a cat curled up in a ball of sleep. The cat has a mix of orange, white, and black fur, with a prominent orange patch on its head and ears. It is lying on a textured surface that appears to be a fabric or carpet. The cat's eyes are closed, and it seems to be in a peaceful state of rest. The background is a plain, light gray color, providing a neutral backdrop that contrasts with the cat's vibrant fur. There is no visible text in the image.	62115929318.png	The image is a stylized illustration featuring a man standing in the center. He is dressed in a dark suit and tie, and appears to be observing a large flock of chickens. The chickens are depicted in various shades of brown and white, and are scattered across the foreground and background of the image. The man is standing on a patch of dirt, and behind him, there are silhouettes of industrial structures, including what appears to be a grain silo and a barn. The background is a plain, light color, which contrasts with the darker tones of the man and the industrial structures. There is no visible text in the image. The style of the illustration is cartoonish with a limited color palette.	68711165122.png	The image features a stylized, cartoon-like depiction of a chicken. The chicken has a predominantly orange body with white speckles, a white head, and a red comb and wattle. It stands on one leg, with the other leg partially submerged in a small puddle of water. The background is a plain, light gray color. There is no visible text in the image. The style of the image is illustrative and appears to be designed for a digital medium, possibly for a game or an app.	44227884160.png	The image depicts a cartoon-style illustration of a young boy sitting at a desk in a classroom setting. The boy has brown hair and is wearing an orange shirt with a black backpack. He appears to be looking down with a neutral expression. The desk is brown and has a black top. There are two empty chairs on either side of the boy. The background is plain white, emphasizing the subject. There is no visible text in the image.	17055139579.png	The image features a stylized, cartoon-like depiction of a chicken standing on a surface with raindrops falling around it. The chicken has a predominantly white body with orange accents, including a crest on its head and a patch of orange feathers on its wing. It has a small beak and a pair of orange feet. The background is a solid, dark gray color, which contrasts with the lighter tones of the chicken. There is no visible text in the image.
okuko mmiri mara	N’ụlọ nzukọ ndị ọkà mmụta sayensị ahụ, nwoke ahụ guzoro dị ka ọkụkọ mmiri mara, ebe ọ na-amaghị isiokwu a na-atụle maka na o nweghị nkwadebe zuru oke.		68711165122.png	The image features a stylized, cartoon-like depiction of a chicken. The chicken has a predominantly orange body with white speckles, a white head, and a red comb and wattle. It stands on one leg, with the other leg partially submerged in a small puddle of water. The background is a plain, light gray color. There is no visible text in the image. The style of the image is illustrative and appears to be designed for a digital medium, possibly for a game or an app.	44227884160.png	The image depicts a cartoon-style illustration of a young boy sitting at a desk in a classroom setting. The boy has brown hair and is wearing an orange shirt with a black backpack. He appears to be looking down with a neutral expression. The desk is brown and has a black top. There are two empty chairs on either side of the boy. The background is plain white, emphasizing the subject. There is no visible text in the image.	17055139579.png	The image features a stylized, cartoon-like depiction of a chicken standing on a surface with raindrops falling around it. The chicken has a predominantly white body with orange accents, including a crest on its head and a patch of orange feathers on its wing. It has a small beak and a pair of orange feet. The background is a solid, dark gray color, which contrasts with the lighter tones of the chicken. There is no visible text in the image.	62115929318.png	The image is a stylized illustration featuring a man standing in the center. He is dressed in a dark suit and tie, and appears to be observing a large flock of chickens. The chickens are depicted in various shades of brown and white, and are scattered across the foreground and background of the image. The man is standing on a patch of dirt, and behind him, there are silhouettes of industrial structures, including what appears to be a grain silo and a barn. The background is a plain, light color, which contrasts with the darker tones of the man and the industrial structures. There is no visible text in the image. The style of the illustration is cartoonish with a limited color palette.	17564132641.png	The image shows a cat curled up in a ball of sleep. The cat has a mix of orange, white, and black fur, with a prominent orange patch on its head and ears. It is lying on a textured surface that appears to be a fabric or carpet. The cat's eyes are closed, and it seems to be in a peaceful state of rest. The background is a plain, light gray color, providing a neutral backdrop that contrasts with the cat's vibrant fur. There is no visible text in the image.
okuko mmiri mara	Mgbe mmiri ozuzo siri ike bịara n’ehihie ahụ, otu ọkụkọ mmiri mara nọ n’akụkụ ụlọ anyị ebe ọkụ dị na-eche ka ahụ ya kọọ.		17564132641.png	The image shows a cat curled up in a ball of sleep. The cat has a mix of orange, white, and black fur, with a prominent orange patch on its head and ears. It is lying on a textured surface that appears to be a fabric or carpet. The cat's eyes are closed, and it seems to be in a peaceful state of rest. The background is a plain, light gray color, providing a neutral backdrop that contrasts with the cat's vibrant fur. There is no visible text in the image.	62115929318.png	The image is a stylized illustration featuring a man standing in the center. He is dressed in a dark suit and tie, and appears to be observing a large flock of chickens. The chickens are depicted in various shades of brown and white, and are scattered across the foreground and background of the image. The man is standing on a patch of dirt, and behind him, there are silhouettes of industrial structures, including what appears to be a grain silo and a barn. The background is a plain, light color, which contrasts with the darker tones of the man and the industrial structures. There is no visible text in the image. The style of the illustration is cartoonish with a limited color palette.	68711165122.png	The image features a stylized, cartoon-like depiction of a chicken. The chicken has a predominantly orange body with white speckles, a white head, and a red comb and wattle. It stands on one leg, with the other leg partially submerged in a small puddle of water. The background is a plain, light gray color. There is no visible text in the image. The style of the image is illustrative and appears to be designed for a digital medium, possibly for a game or an app.	17055139579.png	The image features a stylized, cartoon-like depiction of a chicken standing on a surface with raindrops falling around it. The chicken has a predominantly white body with orange accents, including a crest on its head and a patch of orange feathers on its wing. It has a small beak and a pair of orange feet. The background is a solid, dark gray color, which contrasts with the lighter tones of the chicken. There is no visible text in the image.	44227884160.png	The image depicts a cartoon-style illustration of a young boy sitting at a desk in a classroom setting. The boy has brown hair and is wearing an orange shirt with a black backpack. He appears to be looking down with a neutral expression. The desk is brown and has a black top. There are two empty chairs on either side of the boy. The background is plain white, emphasizing the subject. There is no visible text in the image.
okuko mmiri mara	N’ubi di ya, Adaeze hụrụ ọkụkọ mmiri mara ka o si n’okporo ụzọ banye n’ụlọ ha, ahụ ya juputara na uzuzu na mmiri, na-eme ka o maa jijiji n’ọnụ ụzọ esekwu ha.		17564132641.png	The image shows a cat curled up in a ball of sleep. The cat has a mix of orange, white, and black fur, with a prominent orange patch on its head and ears. It is lying on a textured surface that appears to be a fabric or carpet. The cat's eyes are closed, and it seems to be in a peaceful state of rest. The background is a plain, light gray color, providing a neutral backdrop that contrasts with the cat's vibrant fur. There is no visible text in the image.	44227884160.png	The image depicts a cartoon-style illustration of a young boy sitting at a desk in a classroom setting. The boy has brown hair and is wearing an orange shirt with a black backpack. He appears to be looking down with a neutral expression. The desk is brown and has a black top. There are two empty chairs on either side of the boy. The background is plain white, emphasizing the subject. There is no visible text in the image.	68711165122.png	The image features a stylized, cartoon-like depiction of a chicken. The chicken has a predominantly orange body with white speckles, a white head, and a red comb and wattle. It stands on one leg, with the other leg partially submerged in a small puddle of water. The background is a plain, light gray color. There is no visible text in the image. The style of the image is illustrative and appears to be designed for a digital medium, possibly for a game or an app.	62115929318.png	The image is a stylized illustration featuring a man standing in the center. He is dressed in a dark suit and tie, and appears to be observing a large flock of chickens. The chickens are depicted in various shades of brown and white, and are scattered across the foreground and background of the image. The man is standing on a patch of dirt, and behind him, there are silhouettes of industrial structures, including what appears to be a grain silo and a barn. The background is a plain, light color, which contrasts with the darker tones of the man and the industrial structures. There is no visible text in the image. The style of the illustration is cartoonish with a limited color palette.	17055139579.png	The image features a stylized, cartoon-like depiction of a chicken standing on a surface with raindrops falling around it. The chicken has a predominantly white body with orange accents, including a crest on its head and a patch of orange feathers on its wing. It has a small beak and a pair of orange feet. The background is a solid, dark gray color, which contrasts with the lighter tones of the chicken. There is no visible text in the image.
akuko e tinyere nnu na ose	Mgbe Maazị Anyanwụ lọtara n’ụlọ, ọ malitere ịkọrọ anyị akụkọ e tinyere nnu na ose gbasara otu o si lụọ ọgụ na agụ n’ọhịa naanị ya.		79944802201.png	The image is a stylized, cartoon-like illustration featuring five animated characters. In the center stands a man with a beard and a wide smile, wearing a patterned shirt. To his left, there is a woman with curly hair, smiling and wearing a dress with a floral pattern. To the right of the man, there is another man with glasses and a beard, also smiling. Behind the central man, there is a third man with a beard and a wide smile, wearing a patterned shirt similar to the first man's. In the background, there is a fourth man with a beard and a wide smile, wearing a solid-colored shirt. The characters are depicted in a friendly and joyful manner, with exaggerated facial expressions and body language. There is no visible text in the image.	46639846368.png	The image features a cartoon character, a young boy with brown hair, wearing glasses and an orange hoodie. He is holding a large, orange fish with a smiling face. The boy is standing with his arms outstretched, and his expression is one of joy or surprise. The background is plain white, emphasizing the character and the fish. There is no visible text in the image.	55984365415.png	"The image shows an open book with its pages fanned out, revealing a variety of colorful crystals and stones scattered across the pages. The crystals are in shades of orange, yellow, and white, and they appear to be of different shapes and sizes. The book is set against a dark gray background, which contrasts with the bright colors of the crystals. The image has a three-dimensional effect, giving the impression that the crystals are floating or falling from the book. There is no visible text in the image. The style of the image is artistic and could be associated with themes of knowledge, discovery, or the concept of ""precious stones"" in a metaphorical sense."	25709169244.png	The image shows a table with a variety of items on it. There is a large, open book with a brown cover and orange edges, lying on its side with the spine facing upwards. The book appears to be open to a page with a visible text, but the text is not legible in the image.  On the table, there are several small glass jars with orange lids, containing what looks like spices or seasonings. The jars are arranged in a line along the length of the table.  In front of the jars, there is a small bowl containing what seems to be nuts or seeds. The bowl is placed on the table, and the contents are visible.  The table itself is a dark color, providing a contrast to the lighter colors of the jars and the bowl. The background is plain and does not provide any additional context or information.  The image is a digital illustration with a clean and simple style, focusing on the objects without any additional embellishments or decorations.	63606292700.png	The image shows a clear glass bowl filled with a colorful assortment of diced fruits. The fruits include pieces of orange, kiwi, and possibly other fruits, all cut into small cubes. The bowl is placed on a dark surface, and in the background, there is a white tiled wall and a blurred object that appears to be a bottle. The style of the image is a digital illustration with a focus on vibrant colors and a clean, simple presentation.
akuko e tinyere nnu na ose	N’oge mmemme ahụ gasịrị, nwa okorobịa ahụ kọrọ m akụkọ gbasara azụ buru ibu o jidere n’osimiri, mana a mara m na ọ na-akọ akụkọ e tinyere nnu na ose.		55984365415.png	"The image shows an open book with its pages fanned out, revealing a variety of colorful crystals and stones scattered across the pages. The crystals are in shades of orange, yellow, and white, and they appear to be of different shapes and sizes. The book is set against a dark gray background, which contrasts with the bright colors of the crystals. The image has a three-dimensional effect, giving the impression that the crystals are floating or falling from the book. There is no visible text in the image. The style of the image is artistic and could be associated with themes of knowledge, discovery, or the concept of ""precious stones"" in a metaphorical sense."	79944802201.png	The image is a stylized, cartoon-like illustration featuring five animated characters. In the center stands a man with a beard and a wide smile, wearing a patterned shirt. To his left, there is a woman with curly hair, smiling and wearing a dress with a floral pattern. To the right of the man, there is another man with glasses and a beard, also smiling. Behind the central man, there is a third man with a beard and a wide smile, wearing a patterned shirt similar to the first man's. In the background, there is a fourth man with a beard and a wide smile, wearing a solid-colored shirt. The characters are depicted in a friendly and joyful manner, with exaggerated facial expressions and body language. There is no visible text in the image.	25709169244.png	The image shows a table with a variety of items on it. There is a large, open book with a brown cover and orange edges, lying on its side with the spine facing upwards. The book appears to be open to a page with a visible text, but the text is not legible in the image.  On the table, there are several small glass jars with orange lids, containing what looks like spices or seasonings. The jars are arranged in a line along the length of the table.  In front of the jars, there is a small bowl containing what seems to be nuts or seeds. The bowl is placed on the table, and the contents are visible.  The table itself is a dark color, providing a contrast to the lighter colors of the jars and the bowl. The background is plain and does not provide any additional context or information.  The image is a digital illustration with a clean and simple style, focusing on the objects without any additional embellishments or decorations.	63606292700.png	The image shows a clear glass bowl filled with a colorful assortment of diced fruits. The fruits include pieces of orange, kiwi, and possibly other fruits, all cut into small cubes. The bowl is placed on a dark surface, and in the background, there is a white tiled wall and a blurred object that appears to be a bottle. The style of the image is a digital illustration with a focus on vibrant colors and a clean, simple presentation.	46639846368.png	The image features a cartoon character, a young boy with brown hair, wearing glasses and an orange hoodie. He is holding a large, orange fish with a smiling face. The boy is standing with his arms outstretched, and his expression is one of joy or surprise. The background is plain white, emphasizing the character and the fish. There is no visible text in the image.
mkpuru osisi a si atala	Eziokwu na Ikpemkwụmọtọ abụrụla Ngweahia a na-ere penipeni; ndị okenye anyị na-atazi mkpụrụ osisi a sị ha atala, ARụ!		13033714120.png	The image depicts a stylized cartoon of a man walking. He has a beard and mustache, and is smiling. The man is wearing a gray jacket, brown pants, and yellow shoes. He is carrying a large orange sack on his back and a bottle of wine in his right hand. The background is plain white. There is no visible text in the image.	73901666967.png	"The image features a stylized illustration of an orange with a droplet of water falling from it. The orange is hanging from a branch with green leaves. Attached to the orange is a tag with the text ""do not touch"" in a casual, handwritten font. The background is plain white, emphasizing the orange and the tag. The style of the image is cartoonish and appears to be a digital artwork."	43689173121.png	The image depicts an animated scene with two characters. On the left is a male character with short brown hair, wearing a dark suit and tie, and on the right is a female character with short brown hair, dressed in a light-colored dress. Both characters are standing in front of a closed door with a brass handle. The male character is looking to the side, while the female character is looking down and to the side, with her hand placed on the door. The background is a plain, light gray color. There is no visible text in the image. The style of the image is reminiscent of a watercolor painting with a limited color palette.	99739445490.png	The image depicts a pair of headphones with a distinctive orange and black color scheme, resting on a wooden chair. The headphones have a large, circular ear cup on one side and a smaller, round ear cup on the other. The headband is black with a silver-colored adjustment mechanism. The chair has a simple design with a curved backrest and a straight seat. There is no visible text in the image. The style of the image is illustrative, with a flat perspective and a clean, white background that highlights the subject.	82316372871.png	The image shows a clear glass bowl filled with a variety of apples. The apples are painted in different colors, including red, yellow, and orange, with some having a speckled pattern. They are arranged in a way that fills the bowl to the brim, with some apples overlapping. The bowl is placed on a surface that appears to be a kitchen counter, and there is a blurred background that suggests a kitchen setting. There is no visible text in the image. The style of the image is a realistic 3D rendering with a focus on the vibrant colors and textures of the painted apples.
mkpuru osisi a si atala	Tupu Iv ataa mkpụrụ osisi ahụ asị ya atala, ọ maghị ihe bụ ihe ọjọọ, ọ maghị ihe bụ asị, ọ maghịkwa na a pụrụ irafu ya ka o nupụrụ́ Nna Ya Eluigwe isi.		73901666967.png	"The image features a stylized illustration of an orange with a droplet of water falling from it. The orange is hanging from a branch with green leaves. Attached to the orange is a tag with the text ""do not touch"" in a casual, handwritten font. The background is plain white, emphasizing the orange and the tag. The style of the image is cartoonish and appears to be a digital artwork."	99739445490.png	The image depicts a pair of headphones with a distinctive orange and black color scheme, resting on a wooden chair. The headphones have a large, circular ear cup on one side and a smaller, round ear cup on the other. The headband is black with a silver-colored adjustment mechanism. The chair has a simple design with a curved backrest and a straight seat. There is no visible text in the image. The style of the image is illustrative, with a flat perspective and a clean, white background that highlights the subject.	13033714120.png	The image depicts a stylized cartoon of a man walking. He has a beard and mustache, and is smiling. The man is wearing a gray jacket, brown pants, and yellow shoes. He is carrying a large orange sack on his back and a bottle of wine in his right hand. The background is plain white. There is no visible text in the image.	82316372871.png	The image shows a clear glass bowl filled with a variety of apples. The apples are painted in different colors, including red, yellow, and orange, with some having a speckled pattern. They are arranged in a way that fills the bowl to the brim, with some apples overlapping. The bowl is placed on a surface that appears to be a kitchen counter, and there is a blurred background that suggests a kitchen setting. There is no visible text in the image. The style of the image is a realistic 3D rendering with a focus on the vibrant colors and textures of the painted apples.	43689173121.png	The image depicts an animated scene with two characters. On the left is a male character with short brown hair, wearing a dark suit and tie, and on the right is a female character with short brown hair, dressed in a light-colored dress. Both characters are standing in front of a closed door with a brass handle. The male character is looking to the side, while the female character is looking down and to the side, with her hand placed on the door. The background is a plain, light gray color. There is no visible text in the image. The style of the image is reminiscent of a watercolor painting with a limited color palette.
mkpuru osisi a si atala	N’ọgba ahụ, e dere akara na mgbidi sị na mkpụrụ osisi a sị atala bụ naanị maka ndị na-elekọta ubi ahụ, ka ndị ọzọ ghara imetụ ha aka.		73901666967.png	"The image features a stylized illustration of an orange with a droplet of water falling from it. The orange is hanging from a branch with green leaves. Attached to the orange is a tag with the text ""do not touch"" in a casual, handwritten font. The background is plain white, emphasizing the orange and the tag. The style of the image is cartoonish and appears to be a digital artwork."	82316372871.png	The image shows a clear glass bowl filled with a variety of apples. The apples are painted in different colors, including red, yellow, and orange, with some having a speckled pattern. They are arranged in a way that fills the bowl to the brim, with some apples overlapping. The bowl is placed on a surface that appears to be a kitchen counter, and there is a blurred background that suggests a kitchen setting. There is no visible text in the image. The style of the image is a realistic 3D rendering with a focus on the vibrant colors and textures of the painted apples.	43689173121.png	The image depicts an animated scene with two characters. On the left is a male character with short brown hair, wearing a dark suit and tie, and on the right is a female character with short brown hair, dressed in a light-colored dress. Both characters are standing in front of a closed door with a brass handle. The male character is looking to the side, while the female character is looking down and to the side, with her hand placed on the door. The background is a plain, light gray color. There is no visible text in the image. The style of the image is reminiscent of a watercolor painting with a limited color palette.	13033714120.png	The image depicts a stylized cartoon of a man walking. He has a beard and mustache, and is smiling. The man is wearing a gray jacket, brown pants, and yellow shoes. He is carrying a large orange sack on his back and a bottle of wine in his right hand. The background is plain white. There is no visible text in the image.	99739445490.png	The image depicts a pair of headphones with a distinctive orange and black color scheme, resting on a wooden chair. The headphones have a large, circular ear cup on one side and a smaller, round ear cup on the other. The headband is black with a silver-colored adjustment mechanism. The chair has a simple design with a curved backrest and a straight seat. There is no visible text in the image. The style of the image is illustrative, with a flat perspective and a clean, white background that highlights the subject.
mkpuru osisi a si atala	N’ubi nna m, mkpụrụ osisi a sị atala dị n’isi ala anyi; nna m gbara ya ogige iji gbochie ụmụaka ịtụtụ ha na amaghị ama.		99739445490.png	The image depicts a pair of headphones with a distinctive orange and black color scheme, resting on a wooden chair. The headphones have a large, circular ear cup on one side and a smaller, round ear cup on the other. The headband is black with a silver-colored adjustment mechanism. The chair has a simple design with a curved backrest and a straight seat. There is no visible text in the image. The style of the image is illustrative, with a flat perspective and a clean, white background that highlights the subject.	13033714120.png	The image depicts a stylized cartoon of a man walking. He has a beard and mustache, and is smiling. The man is wearing a gray jacket, brown pants, and yellow shoes. He is carrying a large orange sack on his back and a bottle of wine in his right hand. The background is plain white. There is no visible text in the image.	82316372871.png	The image shows a clear glass bowl filled with a variety of apples. The apples are painted in different colors, including red, yellow, and orange, with some having a speckled pattern. They are arranged in a way that fills the bowl to the brim, with some apples overlapping. The bowl is placed on a surface that appears to be a kitchen counter, and there is a blurred background that suggests a kitchen setting. There is no visible text in the image. The style of the image is a realistic 3D rendering with a focus on the vibrant colors and textures of the painted apples.	73901666967.png	"The image features a stylized illustration of an orange with a droplet of water falling from it. The orange is hanging from a branch with green leaves. Attached to the orange is a tag with the text ""do not touch"" in a casual, handwritten font. The background is plain white, emphasizing the orange and the tag. The style of the image is cartoonish and appears to be a digital artwork."	43689173121.png	The image depicts an animated scene with two characters. On the left is a male character with short brown hair, wearing a dark suit and tie, and on the right is a female character with short brown hair, dressed in a light-colored dress. Both characters are standing in front of a closed door with a brass handle. The male character is looking to the side, while the female character is looking down and to the side, with her hand placed on the door. The background is a plain, light gray color. There is no visible text in the image. The style of the image is reminiscent of a watercolor painting with a limited color palette.
ada okwu	Ha malitere ịmanyere ya ọnya n’ụzọ dị iche iche iji mara ma ọ ga-ada ada okwu ka ha wee hụ ihe ha ga-eji gbu ya.		64218157047.png	The image shows a stylized, abstract representation of a speech bubble with a dark background. Inside the bubble, there is a multitude of colorful, three-dimensional letters and symbols that appear to be exploding outward. The letters are in various colors and fonts, creating a dynamic and chaotic effect. The speech bubble is outlined in a lighter color, providing contrast against the dark background. The overall style of the image is graphic and modern, with a playful and energetic feel.	16484563303.png	The image depicts a cartoon of a man sitting at a desk. He has a mustache and is wearing glasses, a suit, and a tie. The man appears to be speaking or listening, as suggested by the presence of a microphone on the desk. The background is plain white, emphasizing the subject. There is no visible text in the image.	91490390108.png	The image is a digital illustration of a stylized male character. He has a beard and mustache, and is wearing glasses with black frames. The character is smiling broadly and has his arms outstretched. He is dressed in an orange hoodie with a black vest underneath, and a black backpack is visible on his back. The character appears to be in a cheerful or excited state. There is no visible text in the image.	83350786254.png	The image depicts an animated character, an older man with a beard, wearing sunglasses and a camouflage shirt. He is playing an orange electric guitar with a pick in his hand. The man is seated on the ground with his legs crossed, and he is surrounded by various pieces of equipment, including a guitar pedal, a microphone, and a small amplifier. The background is a plain, neutral color, providing a contrast to the colorful character and his equipment.	43960177868.png	The image shows a microphone lying on its side on a gravel surface. The microphone has a black body with a red and black foam cover at the top. It appears to be a professional or semi-professional model, possibly used for recording or live performances. The gravel is composed of various sizes and colors of stones, and there are a few small rocks scattered around the microphone. The background is out of focus, emphasizing the microphone as the main subject of the image. There is no visible text in the image. The style of the image is a close-up photograph with a shallow depth of field, which blurs the background and focuses attention on the microphone.
ada okwu	N’oge mkparịta ụka n’ihu ndị nta akụkọ, Minista Egwuregwu dara ada okwu mgbe o kwuru ihe butere nsogbu na ngalaba ya, nke mere ka ebumnuche ya pụta ìhè.		83350786254.png	The image depicts an animated character, an older man with a beard, wearing sunglasses and a camouflage shirt. He is playing an orange electric guitar with a pick in his hand. The man is seated on the ground with his legs crossed, and he is surrounded by various pieces of equipment, including a guitar pedal, a microphone, and a small amplifier. The background is a plain, neutral color, providing a contrast to the colorful character and his equipment.	91490390108.png	The image is a digital illustration of a stylized male character. He has a beard and mustache, and is wearing glasses with black frames. The character is smiling broadly and has his arms outstretched. He is dressed in an orange hoodie with a black vest underneath, and a black backpack is visible on his back. The character appears to be in a cheerful or excited state. There is no visible text in the image.	16484563303.png	The image depicts a cartoon of a man sitting at a desk. He has a mustache and is wearing glasses, a suit, and a tie. The man appears to be speaking or listening, as suggested by the presence of a microphone on the desk. The background is plain white, emphasizing the subject. There is no visible text in the image.	64218157047.png	The image shows a stylized, abstract representation of a speech bubble with a dark background. Inside the bubble, there is a multitude of colorful, three-dimensional letters and symbols that appear to be exploding outward. The letters are in various colors and fonts, creating a dynamic and chaotic effect. The speech bubble is outlined in a lighter color, providing contrast against the dark background. The overall style of the image is graphic and modern, with a playful and energetic feel.	43960177868.png	The image shows a microphone lying on its side on a gravel surface. The microphone has a black body with a red and black foam cover at the top. It appears to be a professional or semi-professional model, possibly used for recording or live performances. The gravel is composed of various sizes and colors of stones, and there are a few small rocks scattered around the microphone. The background is out of focus, emphasizing the microphone as the main subject of the image. There is no visible text in the image. The style of the image is a close-up photograph with a shallow depth of field, which blurs the background and focuses attention on the microphone.
obu uzo	Rockefeller Foundation bụ obu ụzọ n’enyemaka eguzobere na mmekorita ọnụ na oke sayensị, teknụzụ, na ihe ọhụrụ nke na-enyere ndị mmadụ n’otu n’otu, ezinụlọ na obodo aka ito eto.		41232501990.png	"The image depicts a stylized urban scene featuring a bus stop. The bus stop has a large, orange sign with the word ""BUS"" in black letters. Below the sign, there is a wooden bench with metal legs. The bench is situated on a sidewalk, and there is a potted plant to the right of the bench. The background shows a cityscape with buildings and a clear sky. The style of the image is illustrative, with a limited color palette and a somewhat simplified representation of the environment."	69582488831.png	The image is a stylized illustration featuring five animated characters. On the left, there is a man with a beard and mustache, wearing a black suit and holding a microphone with an orange base. He appears to be speaking or presenting. To his right, there are four other characters, each with a different hairstyle and attire. They are dressed in business attire, with the first character wearing a suit and tie, the second in a dress, the third in a suit and tie, and the fourth in a suit and tie with a tie that matches the color of the microphone. The characters are standing in a line, facing the man with the microphone, suggesting they are listening to him. There is no visible text in the image. The style of the illustration is cartoonish and simplistic, with a limited color palette.	67532633284.png	The image depicts a stylized, cartoon-like illustration of a man walking. He has a beard and mustache, wears glasses, and is dressed in an orange shirt, gray pants, and brown shoes. The man is carrying a large rolled-up map in his left hand and a backpack on his back. The map appears to be detailed, showing various lines and markings that suggest it could be a road map or a topographical map. The background is plain white, emphasizing the subject. There is no visible text in the image.	21245697843.png	The image depicts a stylized illustration of a person standing on a road with a large, dark rock balanced on their head. The person is wearing an orange jacket and dark pants, and they appear to be holding the rock with both hands. The road is lined with various buildings and signs, suggesting an urban environment. There are also several cars on the road, and the sky is clear. The illustration has a flat, two-dimensional appearance with a limited color palette.	41002908044.png	The image depicts an animated character, a woman, standing in front of two microphones. She is holding a piece of paper in her right hand and appears to be reading or presenting from it. The woman is wearing a dark blazer over an orange dress, and she has short brown hair. Her expression is one of concentration or delivery. There is no visible text in the image. The style of the image is cartoonish and simplistic, with a limited color palette and clean lines.
obu uzo	Senator Choko bụ obu ụzọ ndị egwu na ụlọ akwụkwọ ya.		67532633284.png	The image depicts a stylized, cartoon-like illustration of a man walking. He has a beard and mustache, wears glasses, and is dressed in an orange shirt, gray pants, and brown shoes. The man is carrying a large rolled-up map in his left hand and a backpack on his back. The map appears to be detailed, showing various lines and markings that suggest it could be a road map or a topographical map. The background is plain white, emphasizing the subject. There is no visible text in the image.	69582488831.png	The image is a stylized illustration featuring five animated characters. On the left, there is a man with a beard and mustache, wearing a black suit and holding a microphone with an orange base. He appears to be speaking or presenting. To his right, there are four other characters, each with a different hairstyle and attire. They are dressed in business attire, with the first character wearing a suit and tie, the second in a dress, the third in a suit and tie, and the fourth in a suit and tie with a tie that matches the color of the microphone. The characters are standing in a line, facing the man with the microphone, suggesting they are listening to him. There is no visible text in the image. The style of the illustration is cartoonish and simplistic, with a limited color palette.	41002908044.png	The image depicts an animated character, a woman, standing in front of two microphones. She is holding a piece of paper in her right hand and appears to be reading or presenting from it. The woman is wearing a dark blazer over an orange dress, and she has short brown hair. Her expression is one of concentration or delivery. There is no visible text in the image. The style of the image is cartoonish and simplistic, with a limited color palette and clean lines.	41232501990.png	"The image depicts a stylized urban scene featuring a bus stop. The bus stop has a large, orange sign with the word ""BUS"" in black letters. Below the sign, there is a wooden bench with metal legs. The bench is situated on a sidewalk, and there is a potted plant to the right of the bench. The background shows a cityscape with buildings and a clear sky. The style of the image is illustrative, with a limited color palette and a somewhat simplified representation of the environment."	21245697843.png	The image depicts a stylized illustration of a person standing on a road with a large, dark rock balanced on their head. The person is wearing an orange jacket and dark pants, and they appear to be holding the rock with both hands. The road is lined with various buildings and signs, suggesting an urban environment. There are also several cars on the road, and the sky is clear. The illustration has a flat, two-dimensional appearance with a limited color palette.
obu uzo	Onye bu ụzọ rute ka e nyere ego.		41002908044.png	The image depicts an animated character, a woman, standing in front of two microphones. She is holding a piece of paper in her right hand and appears to be reading or presenting from it. The woman is wearing a dark blazer over an orange dress, and she has short brown hair. Her expression is one of concentration or delivery. There is no visible text in the image. The style of the image is cartoonish and simplistic, with a limited color palette and clean lines.	41232501990.png	"The image depicts a stylized urban scene featuring a bus stop. The bus stop has a large, orange sign with the word ""BUS"" in black letters. Below the sign, there is a wooden bench with metal legs. The bench is situated on a sidewalk, and there is a potted plant to the right of the bench. The background shows a cityscape with buildings and a clear sky. The style of the image is illustrative, with a limited color palette and a somewhat simplified representation of the environment."	67532633284.png	The image depicts a stylized, cartoon-like illustration of a man walking. He has a beard and mustache, wears glasses, and is dressed in an orange shirt, gray pants, and brown shoes. The man is carrying a large rolled-up map in his left hand and a backpack on his back. The map appears to be detailed, showing various lines and markings that suggest it could be a road map or a topographical map. The background is plain white, emphasizing the subject. There is no visible text in the image.	69582488831.png	The image is a stylized illustration featuring five animated characters. On the left, there is a man with a beard and mustache, wearing a black suit and holding a microphone with an orange base. He appears to be speaking or presenting. To his right, there are four other characters, each with a different hairstyle and attire. They are dressed in business attire, with the first character wearing a suit and tie, the second in a dress, the third in a suit and tie, and the fourth in a suit and tie with a tie that matches the color of the microphone. The characters are standing in a line, facing the man with the microphone, suggesting they are listening to him. There is no visible text in the image. The style of the illustration is cartoonish and simplistic, with a limited color palette.	21245697843.png	The image depicts a stylized illustration of a person standing on a road with a large, dark rock balanced on their head. The person is wearing an orange jacket and dark pants, and they appear to be holding the rock with both hands. The road is lined with various buildings and signs, suggesting an urban environment. There are also several cars on the road, and the sky is clear. The illustration has a flat, two-dimensional appearance with a limited color palette.
obu uzo	Onye bu ụzọ rute ka e nyere ego.		69582488831.png	The image is a stylized illustration featuring five animated characters. On the left, there is a man with a beard and mustache, wearing a black suit and holding a microphone with an orange base. He appears to be speaking or presenting. To his right, there are four other characters, each with a different hairstyle and attire. They are dressed in business attire, with the first character wearing a suit and tie, the second in a dress, the third in a suit and tie, and the fourth in a suit and tie with a tie that matches the color of the microphone. The characters are standing in a line, facing the man with the microphone, suggesting they are listening to him. There is no visible text in the image. The style of the illustration is cartoonish and simplistic, with a limited color palette.	41232501990.png	"The image depicts a stylized urban scene featuring a bus stop. The bus stop has a large, orange sign with the word ""BUS"" in black letters. Below the sign, there is a wooden bench with metal legs. The bench is situated on a sidewalk, and there is a potted plant to the right of the bench. The background shows a cityscape with buildings and a clear sky. The style of the image is illustrative, with a limited color palette and a somewhat simplified representation of the environment."	21245697843.png	The image depicts a stylized illustration of a person standing on a road with a large, dark rock balanced on their head. The person is wearing an orange jacket and dark pants, and they appear to be holding the rock with both hands. The road is lined with various buildings and signs, suggesting an urban environment. There are also several cars on the road, and the sky is clear. The illustration has a flat, two-dimensional appearance with a limited color palette.	41002908044.png	The image depicts an animated character, a woman, standing in front of two microphones. She is holding a piece of paper in her right hand and appears to be reading or presenting from it. The woman is wearing a dark blazer over an orange dress, and she has short brown hair. Her expression is one of concentration or delivery. There is no visible text in the image. The style of the image is cartoonish and simplistic, with a limited color palette and clean lines.	67532633284.png	The image depicts a stylized, cartoon-like illustration of a man walking. He has a beard and mustache, wears glasses, and is dressed in an orange shirt, gray pants, and brown shoes. The man is carrying a large rolled-up map in his left hand and a backpack on his back. The map appears to be detailed, showing various lines and markings that suggest it could be a road map or a topographical map. The background is plain white, emphasizing the subject. There is no visible text in the image.
ebe a gbara oso agha	Oge BBC Igbo gara Absuth, anyị chọpụtara na elu na ala tọgbọ chakoo ka ebe a gbara ọsọ agha.		80994995603.png	The image depicts a bustling street scene in a traditional Asian village. The street is lined with wooden buildings, each with a unique architectural style, featuring sloped roofs and intricate details. The buildings are adorned with lanterns and banners, adding to the vibrant atmosphere.  The street is filled with people, all dressed in traditional Asian clothing, with many wearing bright orange garments. They are engaged in various activities, such as shopping, socializing, and exploring the market stalls. Some individuals are carrying handbags and backpacks, suggesting they might be tourists or locals out for the day.  The market stalls are set up along the street, offering a variety of goods, including what appears to be food and handicrafts. The stalls are covered with colorful umbrellas, providing shade and adding to the festive ambiance.  The sky is clear, and the sun is shining, casting a warm glow on the scene. The overall mood of the image is lively and colorful, capturing the essence of a busy day in a traditional Asian village.	98789637975.png	The image depicts a stylized, colorful street scene with a clear perspective. On the left side, there is a large, orange building with a flat roof, featuring a sign with Japanese characters. The building has a variety of decorations, including plants, lanterns, and a satellite dish. A smaller building with a similar color scheme is visible in the background.  The street is lined with buildings on both sides, each with its own unique decorations and signs. There are several signs with Japanese characters, and one building has a sign with a bicycle symbol. The street is paved and appears to be quiet with no visible traffic or pedestrians.  The sky is a light blue, suggesting a calm day. The overall style of the image is illustrative, with a focus on vibrant colors and detailed textures. The image does not contain any visible text that provides additional context or information.	41042939051.png	The image depicts a desolate urban landscape with a central, wide, and empty street. On either side of the street are dilapidated buildings with visible signs of decay and abandonment. The architecture is simple and utilitarian, with no ornamentation. The buildings are in various states of disrepair, with some missing roofs, walls, or windows. The ground is covered in a mix of rubble, debris, and sparse vegetation. The color palette is muted, with earth tones dominating the scene. There is no visible text in the image. The style of the image is illustrative, with a focus on realism in the depiction of the environment.	85214749799.png	The image shows a window with multiple panes, some of which are broken and missing. Through the window, a view of a building with a distinctive tower and a smokestack is visible. The building appears to be in a state of disrepair or abandonment, with no visible activity. The sky is overcast, and the overall tone of the image is somber and desolate. There is no visible text in the image.	24556567259.png	The image shows a playground swing set with two orange seats hanging from a central bar. The swing set is situated on a sandy ground with scattered rocks and patches of grass. The background is a plain, light gray color. The swing set appears to be old and weathered, with rust and peeling paint visible on the metal components. There is no visible text in the image. The style of the image is a 3D rendering with a realistic texture and lighting.
ebe a gbara oso agha	Ụlọọgwụ ahụ bụ ebe na ekwokarị ekwo dịzị ka ebe agbara ọsọ agha oge BBC gara na ya bụ ụlọọgwụ.		24556567259.png	The image shows a playground swing set with two orange seats hanging from a central bar. The swing set is situated on a sandy ground with scattered rocks and patches of grass. The background is a plain, light gray color. The swing set appears to be old and weathered, with rust and peeling paint visible on the metal components. There is no visible text in the image. The style of the image is a 3D rendering with a realistic texture and lighting.	98789637975.png	The image depicts a stylized, colorful street scene with a clear perspective. On the left side, there is a large, orange building with a flat roof, featuring a sign with Japanese characters. The building has a variety of decorations, including plants, lanterns, and a satellite dish. A smaller building with a similar color scheme is visible in the background.  The street is lined with buildings on both sides, each with its own unique decorations and signs. There are several signs with Japanese characters, and one building has a sign with a bicycle symbol. The street is paved and appears to be quiet with no visible traffic or pedestrians.  The sky is a light blue, suggesting a calm day. The overall style of the image is illustrative, with a focus on vibrant colors and detailed textures. The image does not contain any visible text that provides additional context or information.	80994995603.png	The image depicts a bustling street scene in a traditional Asian village. The street is lined with wooden buildings, each with a unique architectural style, featuring sloped roofs and intricate details. The buildings are adorned with lanterns and banners, adding to the vibrant atmosphere.  The street is filled with people, all dressed in traditional Asian clothing, with many wearing bright orange garments. They are engaged in various activities, such as shopping, socializing, and exploring the market stalls. Some individuals are carrying handbags and backpacks, suggesting they might be tourists or locals out for the day.  The market stalls are set up along the street, offering a variety of goods, including what appears to be food and handicrafts. The stalls are covered with colorful umbrellas, providing shade and adding to the festive ambiance.  The sky is clear, and the sun is shining, casting a warm glow on the scene. The overall mood of the image is lively and colorful, capturing the essence of a busy day in a traditional Asian village.	85214749799.png	The image shows a window with multiple panes, some of which are broken and missing. Through the window, a view of a building with a distinctive tower and a smokestack is visible. The building appears to be in a state of disrepair or abandonment, with no visible activity. The sky is overcast, and the overall tone of the image is somber and desolate. There is no visible text in the image.	41042939051.png	The image depicts a desolate urban landscape with a central, wide, and empty street. On either side of the street are dilapidated buildings with visible signs of decay and abandonment. The architecture is simple and utilitarian, with no ornamentation. The buildings are in various states of disrepair, with some missing roofs, walls, or windows. The ground is covered in a mix of rubble, debris, and sparse vegetation. The color palette is muted, with earth tones dominating the scene. There is no visible text in the image. The style of the image is illustrative, with a focus on realism in the depiction of the environment.
ebe a gbara oso agha	Nwata nwoke n'obodo Khan Yunis bụ ebe ndị gbara ọsọ agha		98789637975.png	The image depicts a stylized, colorful street scene with a clear perspective. On the left side, there is a large, orange building with a flat roof, featuring a sign with Japanese characters. The building has a variety of decorations, including plants, lanterns, and a satellite dish. A smaller building with a similar color scheme is visible in the background.  The street is lined with buildings on both sides, each with its own unique decorations and signs. There are several signs with Japanese characters, and one building has a sign with a bicycle symbol. The street is paved and appears to be quiet with no visible traffic or pedestrians.  The sky is a light blue, suggesting a calm day. The overall style of the image is illustrative, with a focus on vibrant colors and detailed textures. The image does not contain any visible text that provides additional context or information.	80994995603.png	The image depicts a bustling street scene in a traditional Asian village. The street is lined with wooden buildings, each with a unique architectural style, featuring sloped roofs and intricate details. The buildings are adorned with lanterns and banners, adding to the vibrant atmosphere.  The street is filled with people, all dressed in traditional Asian clothing, with many wearing bright orange garments. They are engaged in various activities, such as shopping, socializing, and exploring the market stalls. Some individuals are carrying handbags and backpacks, suggesting they might be tourists or locals out for the day.  The market stalls are set up along the street, offering a variety of goods, including what appears to be food and handicrafts. The stalls are covered with colorful umbrellas, providing shade and adding to the festive ambiance.  The sky is clear, and the sun is shining, casting a warm glow on the scene. The overall mood of the image is lively and colorful, capturing the essence of a busy day in a traditional Asian village.	41042939051.png	The image depicts a desolate urban landscape with a central, wide, and empty street. On either side of the street are dilapidated buildings with visible signs of decay and abandonment. The architecture is simple and utilitarian, with no ornamentation. The buildings are in various states of disrepair, with some missing roofs, walls, or windows. The ground is covered in a mix of rubble, debris, and sparse vegetation. The color palette is muted, with earth tones dominating the scene. There is no visible text in the image. The style of the image is illustrative, with a focus on realism in the depiction of the environment.	24556567259.png	The image shows a playground swing set with two orange seats hanging from a central bar. The swing set is situated on a sandy ground with scattered rocks and patches of grass. The background is a plain, light gray color. The swing set appears to be old and weathered, with rust and peeling paint visible on the metal components. There is no visible text in the image. The style of the image is a 3D rendering with a realistic texture and lighting.	85214749799.png	The image shows a window with multiple panes, some of which are broken and missing. Through the window, a view of a building with a distinctive tower and a smokestack is visible. The building appears to be in a state of disrepair or abandonment, with no visible activity. The sky is overcast, and the overall tone of the image is somber and desolate. There is no visible text in the image.
ebe a gbara oso agha	Mgbe BBC batara n'obodo ahụ, ọ dị ka ebe a gbara ọsọ agha dịka ọgụ na-ada mere ọtụtụ ndị obodo gbaa ọsọ, ebe ndị ọrụ nchekwa juputara ebe ahụ.		41042939051.png	The image depicts a desolate urban landscape with a central, wide, and empty street. On either side of the street are dilapidated buildings with visible signs of decay and abandonment. The architecture is simple and utilitarian, with no ornamentation. The buildings are in various states of disrepair, with some missing roofs, walls, or windows. The ground is covered in a mix of rubble, debris, and sparse vegetation. The color palette is muted, with earth tones dominating the scene. There is no visible text in the image. The style of the image is illustrative, with a focus on realism in the depiction of the environment.	85214749799.png	The image shows a window with multiple panes, some of which are broken and missing. Through the window, a view of a building with a distinctive tower and a smokestack is visible. The building appears to be in a state of disrepair or abandonment, with no visible activity. The sky is overcast, and the overall tone of the image is somber and desolate. There is no visible text in the image.	80994995603.png	The image depicts a bustling street scene in a traditional Asian village. The street is lined with wooden buildings, each with a unique architectural style, featuring sloped roofs and intricate details. The buildings are adorned with lanterns and banners, adding to the vibrant atmosphere.  The street is filled with people, all dressed in traditional Asian clothing, with many wearing bright orange garments. They are engaged in various activities, such as shopping, socializing, and exploring the market stalls. Some individuals are carrying handbags and backpacks, suggesting they might be tourists or locals out for the day.  The market stalls are set up along the street, offering a variety of goods, including what appears to be food and handicrafts. The stalls are covered with colorful umbrellas, providing shade and adding to the festive ambiance.  The sky is clear, and the sun is shining, casting a warm glow on the scene. The overall mood of the image is lively and colorful, capturing the essence of a busy day in a traditional Asian village.	98789637975.png	The image depicts a stylized, colorful street scene with a clear perspective. On the left side, there is a large, orange building with a flat roof, featuring a sign with Japanese characters. The building has a variety of decorations, including plants, lanterns, and a satellite dish. A smaller building with a similar color scheme is visible in the background.  The street is lined with buildings on both sides, each with its own unique decorations and signs. There are several signs with Japanese characters, and one building has a sign with a bicycle symbol. The street is paved and appears to be quiet with no visible traffic or pedestrians.  The sky is a light blue, suggesting a calm day. The overall style of the image is illustrative, with a focus on vibrant colors and detailed textures. The image does not contain any visible text that provides additional context or information.	24556567259.png	The image shows a playground swing set with two orange seats hanging from a central bar. The swing set is situated on a sandy ground with scattered rocks and patches of grass. The background is a plain, light gray color. The swing set appears to be old and weathered, with rust and peeling paint visible on the metal components. There is no visible text in the image. The style of the image is a 3D rendering with a realistic texture and lighting.
ogugu isi	Zik bụ onye nwere ọgụgụ isi, onye ike dị n'uche ya jikọtara Naịjirịa na ndị isi ojii mbaụwa niile		47974403375.png	The image shows a woman with short, curly hair wearing glasses. She is seated at a table with a laptop in front of her. Her hands are clasped together, and she appears to be in a state of deep thought or contemplation. The table is scattered with puzzle pieces, suggesting she might be working on a puzzle or a similar task. The background is plain and light-colored, providing a neutral backdrop that contrasts with the woman's dark clothing. There is no visible text in the image.	10406320431.png	"The image is a digital illustration of a stylized cartoon character. The character has dark hair, large expressive eyes, and is making a gesture with both hands that could be interpreted as a peace sign or a ""shaka"" sign. The character is wearing an orange shirt with a dark collar and a dark tie. The background is plain and does not provide any additional context. There is no visible text in the image."	10216659941.png	"The image features a stylized illustration of a man holding a clipboard with a grid of squares, each containing an ""X"" or a checkmark. The man is wearing glasses, a black shirt, and a lanyard with an orange badge. He has a beard and is smiling. The background is plain white."	50550054846.png	The image features a large, orange and white soccer ball resting on a patch of green grass. The ball appears to be old and slightly dirty, with visible scuff marks and a few small white spots. Surrounding the ball are several small yellow flowers with green stems, adding a touch of color to the scene. The background is a plain, light gray, providing a neutral backdrop that contrasts with the vibrant colors of the ball and flowers. There is no visible text in the image. The overall composition suggests a casual, outdoor setting, possibly a park or a sports field.	18925945727.png	The image depicts an animated scene with four children sitting on the floor in front of a teacher. The teacher, a woman with glasses, is standing and pointing at the chalkboard with her right hand. She is wearing a short-sleeved orange blouse and a dark skirt. The children are dressed in matching orange shirts and black pants, with one girl wearing a red bow in her hair. The chalkboard is blank, and the children appear to be listening attentively to the teacher. The style of the image is cartoonish, with a limited color palette and simple, clean lines. There is no visible text in the image.
ogugu isi	Nwatakịrị nwaanyị bụ ọka ibe na klaasị ha n’ihi na ọgụgụ isi o ji aza ajụjụ pụrụ iche		50550054846.png	The image features a large, orange and white soccer ball resting on a patch of green grass. The ball appears to be old and slightly dirty, with visible scuff marks and a few small white spots. Surrounding the ball are several small yellow flowers with green stems, adding a touch of color to the scene. The background is a plain, light gray, providing a neutral backdrop that contrasts with the vibrant colors of the ball and flowers. There is no visible text in the image. The overall composition suggests a casual, outdoor setting, possibly a park or a sports field.	10216659941.png	"The image features a stylized illustration of a man holding a clipboard with a grid of squares, each containing an ""X"" or a checkmark. The man is wearing glasses, a black shirt, and a lanyard with an orange badge. He has a beard and is smiling. The background is plain white."	18925945727.png	The image depicts an animated scene with four children sitting on the floor in front of a teacher. The teacher, a woman with glasses, is standing and pointing at the chalkboard with her right hand. She is wearing a short-sleeved orange blouse and a dark skirt. The children are dressed in matching orange shirts and black pants, with one girl wearing a red bow in her hair. The chalkboard is blank, and the children appear to be listening attentively to the teacher. The style of the image is cartoonish, with a limited color palette and simple, clean lines. There is no visible text in the image.	10406320431.png	"The image is a digital illustration of a stylized cartoon character. The character has dark hair, large expressive eyes, and is making a gesture with both hands that could be interpreted as a peace sign or a ""shaka"" sign. The character is wearing an orange shirt with a dark collar and a dark tie. The background is plain and does not provide any additional context. There is no visible text in the image."	47974403375.png	The image shows a woman with short, curly hair wearing glasses. She is seated at a table with a laptop in front of her. Her hands are clasped together, and she appears to be in a state of deep thought or contemplation. The table is scattered with puzzle pieces, suggesting she might be working on a puzzle or a similar task. The background is plain and light-colored, providing a neutral backdrop that contrasts with the woman's dark clothing. There is no visible text in the image.
ogugu isi	Teknụzụ ọgụgụ isi nke na-enye ọrụ ma na-arụ ọrụ gọọmentị ga-abụrịrị ndị ụlọ ọrụ jiri ya mee ihe n'ụzọ kwesịrị ekwesị.		50550054846.png	The image features a large, orange and white soccer ball resting on a patch of green grass. The ball appears to be old and slightly dirty, with visible scuff marks and a few small white spots. Surrounding the ball are several small yellow flowers with green stems, adding a touch of color to the scene. The background is a plain, light gray, providing a neutral backdrop that contrasts with the vibrant colors of the ball and flowers. There is no visible text in the image. The overall composition suggests a casual, outdoor setting, possibly a park or a sports field.	10406320431.png	"The image is a digital illustration of a stylized cartoon character. The character has dark hair, large expressive eyes, and is making a gesture with both hands that could be interpreted as a peace sign or a ""shaka"" sign. The character is wearing an orange shirt with a dark collar and a dark tie. The background is plain and does not provide any additional context. There is no visible text in the image."	10216659941.png	"The image features a stylized illustration of a man holding a clipboard with a grid of squares, each containing an ""X"" or a checkmark. The man is wearing glasses, a black shirt, and a lanyard with an orange badge. He has a beard and is smiling. The background is plain white."	18925945727.png	The image depicts an animated scene with four children sitting on the floor in front of a teacher. The teacher, a woman with glasses, is standing and pointing at the chalkboard with her right hand. She is wearing a short-sleeved orange blouse and a dark skirt. The children are dressed in matching orange shirts and black pants, with one girl wearing a red bow in her hair. The chalkboard is blank, and the children appear to be listening attentively to the teacher. The style of the image is cartoonish, with a limited color palette and simple, clean lines. There is no visible text in the image.	47974403375.png	The image shows a woman with short, curly hair wearing glasses. She is seated at a table with a laptop in front of her. Her hands are clasped together, and she appears to be in a state of deep thought or contemplation. The table is scattered with puzzle pieces, suggesting she might be working on a puzzle or a similar task. The background is plain and light-colored, providing a neutral backdrop that contrasts with the woman's dark clothing. There is no visible text in the image.
ogugu isi	Anyị na-eji ọgụgụ isi eme ihe n'ọtụtụ ụzọ na ndụ anyị kwa ụbọchị, mgbe mgbe n'amaghị ama.		10406320431.png	"The image is a digital illustration of a stylized cartoon character. The character has dark hair, large expressive eyes, and is making a gesture with both hands that could be interpreted as a peace sign or a ""shaka"" sign. The character is wearing an orange shirt with a dark collar and a dark tie. The background is plain and does not provide any additional context. There is no visible text in the image."	47974403375.png	The image shows a woman with short, curly hair wearing glasses. She is seated at a table with a laptop in front of her. Her hands are clasped together, and she appears to be in a state of deep thought or contemplation. The table is scattered with puzzle pieces, suggesting she might be working on a puzzle or a similar task. The background is plain and light-colored, providing a neutral backdrop that contrasts with the woman's dark clothing. There is no visible text in the image.	50550054846.png	The image features a large, orange and white soccer ball resting on a patch of green grass. The ball appears to be old and slightly dirty, with visible scuff marks and a few small white spots. Surrounding the ball are several small yellow flowers with green stems, adding a touch of color to the scene. The background is a plain, light gray, providing a neutral backdrop that contrasts with the vibrant colors of the ball and flowers. There is no visible text in the image. The overall composition suggests a casual, outdoor setting, possibly a park or a sports field.	10216659941.png	"The image features a stylized illustration of a man holding a clipboard with a grid of squares, each containing an ""X"" or a checkmark. The man is wearing glasses, a black shirt, and a lanyard with an orange badge. He has a beard and is smiling. The background is plain white."	18925945727.png	The image depicts an animated scene with four children sitting on the floor in front of a teacher. The teacher, a woman with glasses, is standing and pointing at the chalkboard with her right hand. She is wearing a short-sleeved orange blouse and a dark skirt. The children are dressed in matching orange shirts and black pants, with one girl wearing a red bow in her hair. The chalkboard is blank, and the children appear to be listening attentively to the teacher. The style of the image is cartoonish, with a limited color palette and simple, clean lines. There is no visible text in the image.
mmechu ihu	Ọ bụrụ na nwaanyị achọghị mmechu ihu, e nwere ọtụtụ ihe o kwesịrị ime		77620872344.png	The image shows a person with curly red hair and glasses. The person is making a gesture with their hands over their mouth, which is a common sign for surprise or shock. The individual is wearing an orange shirt. The background is plain and white, which puts the focus on the person. There is no visible text in the image.	72543342297.png	The image shows a young child with a fair complexion. The child has short, dark hair and is looking directly at the camera with a neutral expression. On the child's face, there are two orange and white stickers or paint marks, one on the left cheek and the other on the right cheek. The child is wearing a light gray t-shirt. The background is plain and white, which contrasts with the child's skin tone and the orange color of the stickers. There is no visible text in the image.	74702607331.png	The image depicts an animated character, a young girl with brown hair styled in a bun, wearing a white shirt with a black tie. She has a surprised or shocked expression on her face. The girl is seated at a desk with a simple, flat design, suggesting a minimalist or modern office setting. The background is plain and white, which contrasts with the character and the desk, making them stand out. There is no visible text in the image. The style of the image is cartoonish and appears to be designed for a younger audience, possibly for a children's book or animation.	82741395126.png	The image shows a pair of worn, orange shoes with brown laces, placed against a backdrop of a brick wall with peeling paint. The shoes are positioned on a gray surface, and there are a few small rocks scattered around them. The overall style of the image is illustrative, with a focus on the shoes and the textures of the brick wall and the ground.	83382954288.png	The image shows a close-up of a person's face with their eyes closed and hands covering their eyes. The person has a beard and appears to have mud or dirt smeared on their face, particularly around the eyes and on the hands. The background is a solid dark color, which contrasts with the person's skin tone and the mud. There is no visible text in the image. The style of the image is a realistic photograph with a focus on the person's expression and the texture of the mud.
mmechu ihu	Mana ka ọ dị ugbua, nwanne nne Ibrahim ya na ya bi sị na ya akwadoghị Ibrahim na ya bụ ihe ọ na-eme maka na nke ahụ bụ mmechu ihu dịịrị ezinaụlọ ya.		72543342297.png	The image shows a young child with a fair complexion. The child has short, dark hair and is looking directly at the camera with a neutral expression. On the child's face, there are two orange and white stickers or paint marks, one on the left cheek and the other on the right cheek. The child is wearing a light gray t-shirt. The background is plain and white, which contrasts with the child's skin tone and the orange color of the stickers. There is no visible text in the image.	83382954288.png	The image shows a close-up of a person's face with their eyes closed and hands covering their eyes. The person has a beard and appears to have mud or dirt smeared on their face, particularly around the eyes and on the hands. The background is a solid dark color, which contrasts with the person's skin tone and the mud. There is no visible text in the image. The style of the image is a realistic photograph with a focus on the person's expression and the texture of the mud.	82741395126.png	The image shows a pair of worn, orange shoes with brown laces, placed against a backdrop of a brick wall with peeling paint. The shoes are positioned on a gray surface, and there are a few small rocks scattered around them. The overall style of the image is illustrative, with a focus on the shoes and the textures of the brick wall and the ground.	74702607331.png	The image depicts an animated character, a young girl with brown hair styled in a bun, wearing a white shirt with a black tie. She has a surprised or shocked expression on her face. The girl is seated at a desk with a simple, flat design, suggesting a minimalist or modern office setting. The background is plain and white, which contrasts with the character and the desk, making them stand out. There is no visible text in the image. The style of the image is cartoonish and appears to be designed for a younger audience, possibly for a children's book or animation.	77620872344.png	The image shows a person with curly red hair and glasses. The person is making a gesture with their hands over their mouth, which is a common sign for surprise or shock. The individual is wearing an orange shirt. The background is plain and white, which puts the focus on the person. There is no visible text in the image.
obi mmiri	Ọ bụghị ọrụ onye obi mmiri na-arụ		97168220817.png	The image depicts an animated character, a woman, sitting by a window. She is wearing an orange dress and is engrossed in reading a book. The window has snow falling outside, and the scene suggests a cozy, indoor setting. The character has brown hair and is wearing brown shoes. There is a small plant with orange flowers on the windowsill. The overall atmosphere is serene and quiet.	86788525471.png	The image is a digital illustration of a stylized male character with a beard and curly hair. He is depicted with a contemplative expression, holding a smartphone in his hands. The character is wearing a black t-shirt and is set against a plain white background. There is no visible text in the image.	20073411870.png	The image shows a clear glass vase with a heart shape, filled with water and containing a few green leaves. The vase is placed on a wooden surface. The background is plain and white, emphasizing the vase and its contents. There is no visible text in the image.	98242089830.png	The image shows a wooden table with a heart-shaped spill on its surface. The spill appears to be a white, frothy liquid, possibly a paint or a similar substance, with droplets splattered around the heart shape. The table has a rustic appearance with visible grain and a worn look. The background is a neutral gray, providing a contrast that highlights the table and the spill. There is no visible text in the image. The style of the image is a digital rendering or illustration, given the smoothness and the way the liquid spill is depicted.	23686876492.png	The image depicts a vibrant, orange umbrella with a glossy, wet appearance, as if it has been raining. The umbrella is open and tilted to the side, with its handle pointing downwards. It is resting on a textured surface that resembles a brick or stone pavement. There are droplets of water or a similar substance scattered around the umbrella, suggesting that it has recently been used in the rain. The image is stylized with a smooth, almost illustrative quality, and there is no visible text.
obi mmiri	N'ihi obi ike na obi mmiri ya n'agha, Sogo enwetawo aha njirimara Tasuma (ọkụ) ma ghara ịtụ egwu onye ọ bụla, gụnyere ndị ọrụ gọọmentị.		98242089830.png	The image shows a wooden table with a heart-shaped spill on its surface. The spill appears to be a white, frothy liquid, possibly a paint or a similar substance, with droplets splattered around the heart shape. The table has a rustic appearance with visible grain and a worn look. The background is a neutral gray, providing a contrast that highlights the table and the spill. There is no visible text in the image. The style of the image is a digital rendering or illustration, given the smoothness and the way the liquid spill is depicted.	23686876492.png	The image depicts a vibrant, orange umbrella with a glossy, wet appearance, as if it has been raining. The umbrella is open and tilted to the side, with its handle pointing downwards. It is resting on a textured surface that resembles a brick or stone pavement. There are droplets of water or a similar substance scattered around the umbrella, suggesting that it has recently been used in the rain. The image is stylized with a smooth, almost illustrative quality, and there is no visible text.	20073411870.png	The image shows a clear glass vase with a heart shape, filled with water and containing a few green leaves. The vase is placed on a wooden surface. The background is plain and white, emphasizing the vase and its contents. There is no visible text in the image.	97168220817.png	The image depicts an animated character, a woman, sitting by a window. She is wearing an orange dress and is engrossed in reading a book. The window has snow falling outside, and the scene suggests a cozy, indoor setting. The character has brown hair and is wearing brown shoes. There is a small plant with orange flowers on the windowsill. The overall atmosphere is serene and quiet.	86788525471.png	The image is a digital illustration of a stylized male character with a beard and curly hair. He is depicted with a contemplative expression, holding a smartphone in his hands. The character is wearing a black t-shirt and is set against a plain white background. There is no visible text in the image.
obi sara sara	Ha na-aja ya mma maka ntachiobi ya nakwa uchu ya, yana obi sara sara na obi ebere ya.		85523792036.png	The image features two animated characters, a boy with red hair and a boy with black hair. The red-haired boy is wearing a yellow sweater, black shorts, and black shoes. He is holding a brown cardboard box with a sandwich inside. The black-haired boy is wearing a black jacket, gray shorts, and black shoes. He is holding a hamburger with a bun and a slice of apple on top. Both characters are smiling and appear to be exchanging food items. The background is plain white.	73956645558.png	The image shows a heart-shaped pendant with a golden border and a clear, faceted center that reflects light, suggesting it is made of a gemstone. The pendant is hanging from a gold chain with a clasp at the top. The background is a neutral, textured surface that provides a contrast to the shiny, reflective quality of the pendant. There is no visible text in the image.	38467640292.png	The image shows a three-dimensional rendering of a heart-shaped object with a glossy, translucent orange hue. The heart appears to be made of a material with a faceted surface, giving it a crystalline or gem-like appearance. The object is set against a plain white background, which highlights its color and shape. There is no visible text in the image. The heart is the central object, and its position and the absence of other objects suggest it is the main focus of the image.	93593700187.png	The image shows a pair of sunglasses with orange lenses resting on a wooden bench. The bench appears to be weathered with some peeling paint. The background is out of focus, but it suggests an outdoor setting with a path and greenery. The sunglasses are positioned in such a way that the lenses are facing the viewer, and the arms are resting on the bench. There is no visible text in the image.	28083982743.png	The image is a digital illustration of a man and a woman walking together. The man is on the right, wearing glasses, a black vest, and brown pants. He is carrying a large orange bag in his left hand. The woman is on the left, wearing a yellow apron over a black dress, and carrying a smaller orange bag in her right hand. She is smiling and looking towards the viewer. Both individuals appear to be in a good mood and are walking side by side. There is no visible text in the image.
obi sara sara	Anyị ji obi sara sara anabata gị n'ọnwa Sepụtemba afọ 2025 bụ mmalite ọnwa ndị 'emba'.		28083982743.png	The image is a digital illustration of a man and a woman walking together. The man is on the right, wearing glasses, a black vest, and brown pants. He is carrying a large orange bag in his left hand. The woman is on the left, wearing a yellow apron over a black dress, and carrying a smaller orange bag in her right hand. She is smiling and looking towards the viewer. Both individuals appear to be in a good mood and are walking side by side. There is no visible text in the image.	38467640292.png	The image shows a three-dimensional rendering of a heart-shaped object with a glossy, translucent orange hue. The heart appears to be made of a material with a faceted surface, giving it a crystalline or gem-like appearance. The object is set against a plain white background, which highlights its color and shape. There is no visible text in the image. The heart is the central object, and its position and the absence of other objects suggest it is the main focus of the image.	73956645558.png	The image shows a heart-shaped pendant with a golden border and a clear, faceted center that reflects light, suggesting it is made of a gemstone. The pendant is hanging from a gold chain with a clasp at the top. The background is a neutral, textured surface that provides a contrast to the shiny, reflective quality of the pendant. There is no visible text in the image.	85523792036.png	The image features two animated characters, a boy with red hair and a boy with black hair. The red-haired boy is wearing a yellow sweater, black shorts, and black shoes. He is holding a brown cardboard box with a sandwich inside. The black-haired boy is wearing a black jacket, gray shorts, and black shoes. He is holding a hamburger with a bun and a slice of apple on top. Both characters are smiling and appear to be exchanging food items. The background is plain white.	93593700187.png	The image shows a pair of sunglasses with orange lenses resting on a wooden bench. The bench appears to be weathered with some peeling paint. The background is out of focus, but it suggests an outdoor setting with a path and greenery. The sunglasses are positioned in such a way that the lenses are facing the viewer, and the arms are resting on the bench. There is no visible text in the image.
obi nkume	Aga m ewepụ obi nkume nke mmehie dị nʼime unu, nye unu mkpụrụobi nke anụ ahụ.		56884662521.png	The image is a digital illustration divided into two sections by a vertical orange line. The left side shows a rainy day scene with a small house, a fence, and a potted plant. The right side depicts a sunny day scene with the same house, now with a vibrant orange roof, a fence, and a potted plant. Both sides have raindrops falling from the top of the image, creating a contrast between the two weather conditions. The illustration is framed by a brown border.	60093376844.png	The image shows a heart-shaped rock with a mosaic of various colors, including shades of orange, brown, and gray. The rock is placed on a sandy surface with small white pebbles scattered around it. The rock's surface is rough and uneven, with some areas appearing more worn than others. There is no visible text in the image. The style of the image is a straightforward, clear photograph with a focus on the rock and its immediate surroundings.	83853537073.png	The image is a digital illustration featuring two animated characters. On the left is a female character with brown hair, wearing glasses, an orange dress with a floral pattern, and holding a black book. She has her mouth open as if speaking. On the right is a male character with brown hair, wearing a black suit with an orange tie, and has his arms outstretched with his mouth open as if gesturing or speaking. Both characters appear to be engaged in a conversation. There is no visible text in the image.	48284724730.png	The image is a digital illustration featuring two animated characters. On the left is a girl with curly hair, wearing a yellow sweater, a gray skirt, and orange shoes. She has a surprised or shocked expression, with her mouth open and her eyes wide. On the right is a boy with short, dark hair, wearing a gray sweater, brown pants, and an orange backpack. He has a sad or disappointed expression, with his mouth slightly open and his eyes looking down. Both characters are standing and appear to be facing each other. There is no visible text in the image.	11508095539.png	The image shows a collection of rocks in various shades of gray, orange, and brown, with some showing signs of weathering. A black book with a spiral binding is placed on top of the rocks, suggesting it is being used as a makeshift stand or support. The book appears to be open, but the pages are not visible. The rocks are scattered around the book, with some piled on top of it. The background is a plain, light color, providing a contrast that highlights the rocks and the book. There is no visible text in the image. The style of the image is a realistic 3D rendering with a focus on the textures and colors of the rocks and the book.
obi nkume	Anyị na-anụ ọtụtụ ihe kwa ụbọchị banyere onye nwere obi ọla edo, obi dị ebube, ma ọ bụ nke onye nwere obi nkume ma ọ bụ onye obi  tara mmiri.		60093376844.png	The image shows a heart-shaped rock with a mosaic of various colors, including shades of orange, brown, and gray. The rock is placed on a sandy surface with small white pebbles scattered around it. The rock's surface is rough and uneven, with some areas appearing more worn than others. There is no visible text in the image. The style of the image is a straightforward, clear photograph with a focus on the rock and its immediate surroundings.	83853537073.png	The image is a digital illustration featuring two animated characters. On the left is a female character with brown hair, wearing glasses, an orange dress with a floral pattern, and holding a black book. She has her mouth open as if speaking. On the right is a male character with brown hair, wearing a black suit with an orange tie, and has his arms outstretched with his mouth open as if gesturing or speaking. Both characters appear to be engaged in a conversation. There is no visible text in the image.	48284724730.png	The image is a digital illustration featuring two animated characters. On the left is a girl with curly hair, wearing a yellow sweater, a gray skirt, and orange shoes. She has a surprised or shocked expression, with her mouth open and her eyes wide. On the right is a boy with short, dark hair, wearing a gray sweater, brown pants, and an orange backpack. He has a sad or disappointed expression, with his mouth slightly open and his eyes looking down. Both characters are standing and appear to be facing each other. There is no visible text in the image.	56884662521.png	The image is a digital illustration divided into two sections by a vertical orange line. The left side shows a rainy day scene with a small house, a fence, and a potted plant. The right side depicts a sunny day scene with the same house, now with a vibrant orange roof, a fence, and a potted plant. Both sides have raindrops falling from the top of the image, creating a contrast between the two weather conditions. The illustration is framed by a brown border.	11508095539.png	The image shows a collection of rocks in various shades of gray, orange, and brown, with some showing signs of weathering. A black book with a spiral binding is placed on top of the rocks, suggesting it is being used as a makeshift stand or support. The book appears to be open, but the pages are not visible. The rocks are scattered around the book, with some piled on top of it. The background is a plain, light color, providing a contrast that highlights the rocks and the book. There is no visible text in the image. The style of the image is a realistic 3D rendering with a focus on the textures and colors of the rocks and the book.
ihe ndaba	Onoh kwuru na ọ bụ ihe ndaba mere o ji dịka gọọmentị a na-abọkwara maka ihe Emjulu mere.		97801533259.png	The image depicts an animated character, a man with glasses and a beard, sitting at a desk. He is wearing a white shirt and a dark tie. The man appears to be looking at a stack of papers on the desk. The desk is cluttered with various items, including a computer monitor, a clock, and a cup. Behind the man, there is a tall stack of papers that seems to be overflowing from the desk. The background is plain and does not provide any additional context. There is no visible text in the image. The style of the image is cartoonish with a limited color palette.	63656181252.png	The image shows an interior space that appears to be a workshop or garage. The room is filled with various tools and equipment, suggesting a space used for woodworking or similar activities. On the left side, there is a wooden workbench with shelves above it, containing an assortment of items including jars, bottles, and other containers. The shelves are cluttered with various objects, including what looks like a collection of old-fashioned tools and equipment.  In the center of the room, there is a large, weathered log lying on the floor. The log is long and has a rough, textured surface.  To the right, there is a white door with a single window, which is partially obscured by a curtain. The door is closed and appears to be made of wood with a visible grain pattern.  The walls of the room are covered in wooden planks, and the floor is a light color, possibly concrete or a similar material. The overall atmosphere of the room is one of a well-used, functional space. There is no visible text in the image.	95893057559.png	The image depicts an animated character, a young boy, carrying a large wooden cross on his back. The boy is wearing a bright orange shirt, dark pants, and brown shoes. He is walking on a flat surface, and the cross appears to be made of wooden planks with visible grain and texture. The boy's posture suggests he is exerting effort, with his head bowed and his arms bent at the elbows. There is no visible text in the image. The style of the image is illustrative, with a limited color palette and a focus on the character and the cross.	11813800552.png	The image depicts a stylized illustration of a dog lying under a table. The dog is brown and white with a prominent black nose and darker brown ears. It appears to be resting with its eyes closed. The table is a simple, rectangular design with a flat top and four legs. The background is plain and does not provide any additional context or details. There is no visible text in the image. The style of the illustration is cartoonish with a limited color palette and a flat, two-dimensional appearance.	68567244309.png	The image depicts an animated character, a woman, sitting on a chair with her head resting on her hand. She is wearing glasses, a white lab coat, and an orange dress. Behind her is a large stack of papers, suggesting she is working or studying. The character appears to be in a thoughtful or contemplative pose. There is no visible text in the image.
ihe ndaba	N'okwu Dkt Guichet bụ na onweghi nleghara anya ọbụla, mgbaji ụkwụ nakwa oge o gburu tupu ọkpụkpụ eto esighi na nleghara anya kama na ọ bụ ihe ndaba, na ọ bụ nwada Foo mere ka ọkpụkpụ ụkwụ nri ahụ ghara itochi ọfụma site n'ụfọdụ ihe ndị ọ na-eme nakwa mgbatị ọ gbatịrị igwe ahụ karịa ogogo ha kwekọrịtara.		68567244309.png	The image depicts an animated character, a woman, sitting on a chair with her head resting on her hand. She is wearing glasses, a white lab coat, and an orange dress. Behind her is a large stack of papers, suggesting she is working or studying. The character appears to be in a thoughtful or contemplative pose. There is no visible text in the image.	11813800552.png	The image depicts a stylized illustration of a dog lying under a table. The dog is brown and white with a prominent black nose and darker brown ears. It appears to be resting with its eyes closed. The table is a simple, rectangular design with a flat top and four legs. The background is plain and does not provide any additional context or details. There is no visible text in the image. The style of the illustration is cartoonish with a limited color palette and a flat, two-dimensional appearance.	63656181252.png	The image shows an interior space that appears to be a workshop or garage. The room is filled with various tools and equipment, suggesting a space used for woodworking or similar activities. On the left side, there is a wooden workbench with shelves above it, containing an assortment of items including jars, bottles, and other containers. The shelves are cluttered with various objects, including what looks like a collection of old-fashioned tools and equipment.  In the center of the room, there is a large, weathered log lying on the floor. The log is long and has a rough, textured surface.  To the right, there is a white door with a single window, which is partially obscured by a curtain. The door is closed and appears to be made of wood with a visible grain pattern.  The walls of the room are covered in wooden planks, and the floor is a light color, possibly concrete or a similar material. The overall atmosphere of the room is one of a well-used, functional space. There is no visible text in the image.	95893057559.png	The image depicts an animated character, a young boy, carrying a large wooden cross on his back. The boy is wearing a bright orange shirt, dark pants, and brown shoes. He is walking on a flat surface, and the cross appears to be made of wooden planks with visible grain and texture. The boy's posture suggests he is exerting effort, with his head bowed and his arms bent at the elbows. There is no visible text in the image. The style of the image is illustrative, with a limited color palette and a focus on the character and the cross.	97801533259.png	The image depicts an animated character, a man with glasses and a beard, sitting at a desk. He is wearing a white shirt and a dark tie. The man appears to be looking at a stack of papers on the desk. The desk is cluttered with various items, including a computer monitor, a clock, and a cup. Behind the man, there is a tall stack of papers that seems to be overflowing from the desk. The background is plain and does not provide any additional context. There is no visible text in the image. The style of the image is cartoonish with a limited color palette.
iru mgbede	Mgbe elu bụ ala ọsa, mgbe ezi dị n'ukwu ụkwa, mgbe nwoke na-achụ nwaanyị, iru mgbede bụ ihe ezinaụlọ Igbo jiri hiwe isi.		64087182344.png	The image is a digital illustration featuring three animated female characters. The character on the left is seated with her legs crossed, wearing a yellow top and a black skirt. She has dark hair and is smiling broadly. The character in the center is standing and holding a gift box with a large orange ribbon. She is wearing a brown dress and has a cheerful expression. The character on the right is kneeling on one knee, with her hands clasped together in front of her. She is wearing a brown top with a polka dot pattern and a large orange headband. She has short black hair and is also smiling. The characters appear to be in a joyful mood, possibly celebrating or preparing for a gift exchange. There is no visible text in the image.	43598109742.png	The image shows a group of eight women posing for a photograph. They are all wearing matching traditional attire with orange sashes and matching orange and white dresses. The women are seated in a row on a patterned carpet, with a white wall in the background. The attire suggests a cultural or ceremonial occasion. There is no visible text in the image. The women appear to be of varying ages, and their expressions are neutral to slightly smiling. The setting seems to be a domestic interior, possibly a living room, given the presence of a couch and a wall-mounted object that could be a decorative item or a piece of equipment.	91774362392.png	The image depicts a stack of books on a wooden shelf. The books vary in size and color, with some having visible text on their spines. The topmost book is partially obscured by the others, and the stack is arranged in a way that the books are leaning against each other. The shelf has a simple, flat design and is positioned against a plain white background. The style of the image is illustrative, with a focus on a limited color palette and a clean, cartoon-like aesthetic.	63997435391.png	The image shows a group of five chickens standing behind a wire fence. The chickens are of different colors: two are orange, one is brown, and the other two are white with orange markings on their heads. They are facing the camera, and their beaks are open. The background is a plain, light color, providing a neutral backdrop that contrasts with the chickens' colors. There is no visible text in the image. The chickens appear to be in a pen or enclosure, as suggested by the fence.	78390713874.png	The image depicts a stylized illustration of a rooster standing in front of a small, wooden structure with a thatched roof. The rooster is prominently featured in the center of the image, with its body facing the viewer and its head turned to the side. It has a vibrant orange plumage with a red comb and wattle. The rooster's feet are on a rock, and there are orange flowers to the left and right of the structure. The background is a plain, light color, which contrasts with the rooster and the structure. There is no visible text in the image. The style of the illustration is cartoonish and colorful, with a focus on the rooster and the surrounding flora.
iru mgbede	O nwere ebe ndị na-eme ịgbanwkụ nakwa iru mgbede.		91774362392.png	The image depicts a stack of books on a wooden shelf. The books vary in size and color, with some having visible text on their spines. The topmost book is partially obscured by the others, and the stack is arranged in a way that the books are leaning against each other. The shelf has a simple, flat design and is positioned against a plain white background. The style of the image is illustrative, with a focus on a limited color palette and a clean, cartoon-like aesthetic.	78390713874.png	The image depicts a stylized illustration of a rooster standing in front of a small, wooden structure with a thatched roof. The rooster is prominently featured in the center of the image, with its body facing the viewer and its head turned to the side. It has a vibrant orange plumage with a red comb and wattle. The rooster's feet are on a rock, and there are orange flowers to the left and right of the structure. The background is a plain, light color, which contrasts with the rooster and the structure. There is no visible text in the image. The style of the illustration is cartoonish and colorful, with a focus on the rooster and the surrounding flora.	43598109742.png	The image shows a group of eight women posing for a photograph. They are all wearing matching traditional attire with orange sashes and matching orange and white dresses. The women are seated in a row on a patterned carpet, with a white wall in the background. The attire suggests a cultural or ceremonial occasion. There is no visible text in the image. The women appear to be of varying ages, and their expressions are neutral to slightly smiling. The setting seems to be a domestic interior, possibly a living room, given the presence of a couch and a wall-mounted object that could be a decorative item or a piece of equipment.	64087182344.png	The image is a digital illustration featuring three animated female characters. The character on the left is seated with her legs crossed, wearing a yellow top and a black skirt. She has dark hair and is smiling broadly. The character in the center is standing and holding a gift box with a large orange ribbon. She is wearing a brown dress and has a cheerful expression. The character on the right is kneeling on one knee, with her hands clasped together in front of her. She is wearing a brown top with a polka dot pattern and a large orange headband. She has short black hair and is also smiling. The characters appear to be in a joyful mood, possibly celebrating or preparing for a gift exchange. There is no visible text in the image.	63997435391.png	The image shows a group of five chickens standing behind a wire fence. The chickens are of different colors: two are orange, one is brown, and the other two are white with orange markings on their heads. They are facing the camera, and their beaks are open. The background is a plain, light color, providing a neutral backdrop that contrasts with the chickens' colors. There is no visible text in the image. The chickens appear to be in a pen or enclosure, as suggested by the fence.
nturu ugo	Burna Boy, Naira Marley na Rema nwetara ntụrụ ugo		45846009132.png	The image is a photograph with a warm, inviting tone. It features a man standing at the head of a long dining table, smiling broadly and looking towards the camera. He is wearing a black apron with a white collar and a brown stripe at the top. The man appears to be a chef or a host, given his attire and the context of the scene.  The table is set with plates of food, including what looks like a salad and a main dish, along with cutlery and glasses. There are also decorative elements such as orange flowers in vases and orange flower-shaped decorations floating in the air above the table.  The setting suggests a restaurant or a dining event, with a group of people seated around the table, clapping their hands in appreciation or applause. The people are dressed in casual attire, and their expressions are not fully visible, but they seem to be enjoying the occasion.  The lighting is soft and ambient, contributing to the cozy and celebratory atmosphere of the scene. There is no visible text in the image. The overall style of the image is realistic and it captures a moment of joy and appreciation.	20329943587.png	The image shows a stack of newspapers tied together with an orange string. The newspapers are folded and appear to be of a similar size and design, suggesting they may be from the same publication or issue. The string is tied in a bow at the top of the stack, creating a decorative element. The background is plain and does not provide any additional context or information.	40165113984.png	The image depicts an animated character, a young baseball player, in mid-action. He is wearing a baseball uniform with orange and white colors, a black helmet with an orange bill, and black cleats with orange accents. The player is holding a baseball bat in his right hand and appears to be running towards the right side of the image. He is behind a chain-link fence, which suggests he is on a baseball field. The background is a plain, light color, providing a clear contrast to the character and the fence. There is no visible text in the image.	97731510848.png	"The image depicts two animated characters, a girl and a boy, sitting at a desk. The girl is on the left, wearing a yellow top and black pants, with her hair tied in a ponytail. She is holding a clipboard with a form on it, which has a red ""CANCEL"" button and various checkboxes and fields. The boy, on the right, is wearing a green sweater and black pants, with his hair styled in a bun. He is smiling and holding a tablet with a similar form displayed on its screen. The tablet has a red ""SUBMIT"" button and also features checkboxes and fields. The characters appear to be engaged in a discussion or activity related to the forms they are holding."	40906131534.png	The image shows a baseball glove with a baseball inside it, resting on a wooden baseball bat. The glove is orange with black stitching and a black pocket. The baseball bat is brown with a black handle and a yellow stripe running down the middle. The baseball is white with red stitching. The background is plain white, emphasizing the objects. There is no visible text in the image.
nturu ugo	Ndị na-ahazị ihe ntụrụ ugo a na-enye ndị aka ha dị n'ihe nkiri akpọrọ Golden Globe Awards na Bekee ewepụtara aha ndị ga-eso zuo ntụru ugo ahụ nke afọ a.		97731510848.png	"The image depicts two animated characters, a girl and a boy, sitting at a desk. The girl is on the left, wearing a yellow top and black pants, with her hair tied in a ponytail. She is holding a clipboard with a form on it, which has a red ""CANCEL"" button and various checkboxes and fields. The boy, on the right, is wearing a green sweater and black pants, with his hair styled in a bun. He is smiling and holding a tablet with a similar form displayed on its screen. The tablet has a red ""SUBMIT"" button and also features checkboxes and fields. The characters appear to be engaged in a discussion or activity related to the forms they are holding."	45846009132.png	The image is a photograph with a warm, inviting tone. It features a man standing at the head of a long dining table, smiling broadly and looking towards the camera. He is wearing a black apron with a white collar and a brown stripe at the top. The man appears to be a chef or a host, given his attire and the context of the scene.  The table is set with plates of food, including what looks like a salad and a main dish, along with cutlery and glasses. There are also decorative elements such as orange flowers in vases and orange flower-shaped decorations floating in the air above the table.  The setting suggests a restaurant or a dining event, with a group of people seated around the table, clapping their hands in appreciation or applause. The people are dressed in casual attire, and their expressions are not fully visible, but they seem to be enjoying the occasion.  The lighting is soft and ambient, contributing to the cozy and celebratory atmosphere of the scene. There is no visible text in the image. The overall style of the image is realistic and it captures a moment of joy and appreciation.	40906131534.png	The image shows a baseball glove with a baseball inside it, resting on a wooden baseball bat. The glove is orange with black stitching and a black pocket. The baseball bat is brown with a black handle and a yellow stripe running down the middle. The baseball is white with red stitching. The background is plain white, emphasizing the objects. There is no visible text in the image.	40165113984.png	The image depicts an animated character, a young baseball player, in mid-action. He is wearing a baseball uniform with orange and white colors, a black helmet with an orange bill, and black cleats with orange accents. The player is holding a baseball bat in his right hand and appears to be running towards the right side of the image. He is behind a chain-link fence, which suggests he is on a baseball field. The background is a plain, light color, providing a clear contrast to the character and the fence. There is no visible text in the image.	20329943587.png	The image shows a stack of newspapers tied together with an orange string. The newspapers are folded and appear to be of a similar size and design, suggesting they may be from the same publication or issue. The string is tied in a bow at the top of the stack, creating a decorative element. The background is plain and does not provide any additional context or information.
uwa mgbede	Otiegwu Mike tiri n'egwu sị na ụwa mgbede ka mma, mana ugbua ụwa mgbede adịla njọ.		27100477897.png	The image depicts a stylized kitchen scene with a focus on a large, cream-colored pot with orange polka dots on a white countertop. The pot contains a yellowish soup with green specks, suggesting it might be a vegetable or herb-based dish. To the right of the pot, there is a wooden spoon resting on the counter. In the background, there is a white tiled wall, and to the left, there is a wooden shelf with various kitchen items, including a teapot, a bowl, and a jar. The overall style of the image is cartoonish and appears to be a digital rendering rather than a photograph.	23082452363.png	The image shows a pathway with fallen leaves scattered across it. The leaves are predominantly orange and yellow, suggesting it might be autumn. The pathway is bordered by what appears to be a dark, possibly paved surface on one side and a natural, possibly grassy area on the other. The background is a plain, light color, which contrasts with the vibrant colors of the leaves. There is no visible text in the image. The style of the image is realistic with a focus on the play of light and shadow, particularly on the leaves.	75076790748.png	The image depicts two animated characters, an older woman and a younger girl, both wearing glasses and playing a keyboard. The older woman is on the left, wearing a patterned dress and a white blouse, while the younger girl is on the right, dressed in an orange dress and a green cardigan. They are both smiling and appear to be enjoying playing the keyboard. The keyboard itself is black with orange accents and has a visible brand logo on the front panel. The characters are standing on a white surface, and there is no visible text in the image. The style of the image is cartoonish and colorful, with a focus on the characters and their activity.	96883810685.png	The image depicts a tranquil landscape scene. In the foreground, there are three orange trees with vibrant leaves, standing on a sandy ground with patches of grass and small flowers. The middle ground features a rocky hill with sparse vegetation, and a few more trees are scattered around. In the background, there is a large, round, orange-colored sun or moon, which is the most prominent object in the sky. The sky is a soft gradient of light blue, suggesting either dawn or dusk. There are three small birds flying in the sky, adding a sense of movement to the scene. The overall style of the image is illustrative, with a focus on natural colors and a serene atmosphere.	29928325715.png	The image shows an older man with white hair and a beard, wearing glasses and a white shirt, standing in front of an easel. He is holding a paintbrush and appears to be painting a scene of a street with buildings and trees. The painting on the easel depicts a similar scene with autumnal colors. The man is standing on a cobblestone street, and there is a potted plant with green leaves in the background. The style of the image is a photograph with a focus on the man and his artwork.
uwa mgbede	Ee, anyị apụtasịa (Ee ụwa mgbede); bịa, mma Nkechi nyekwuo m one bọ, nyekwuo m one bọ, onye akawo.		29928325715.png	The image shows an older man with white hair and a beard, wearing glasses and a white shirt, standing in front of an easel. He is holding a paintbrush and appears to be painting a scene of a street with buildings and trees. The painting on the easel depicts a similar scene with autumnal colors. The man is standing on a cobblestone street, and there is a potted plant with green leaves in the background. The style of the image is a photograph with a focus on the man and his artwork.	96883810685.png	The image depicts a tranquil landscape scene. In the foreground, there are three orange trees with vibrant leaves, standing on a sandy ground with patches of grass and small flowers. The middle ground features a rocky hill with sparse vegetation, and a few more trees are scattered around. In the background, there is a large, round, orange-colored sun or moon, which is the most prominent object in the sky. The sky is a soft gradient of light blue, suggesting either dawn or dusk. There are three small birds flying in the sky, adding a sense of movement to the scene. The overall style of the image is illustrative, with a focus on natural colors and a serene atmosphere.	75076790748.png	The image depicts two animated characters, an older woman and a younger girl, both wearing glasses and playing a keyboard. The older woman is on the left, wearing a patterned dress and a white blouse, while the younger girl is on the right, dressed in an orange dress and a green cardigan. They are both smiling and appear to be enjoying playing the keyboard. The keyboard itself is black with orange accents and has a visible brand logo on the front panel. The characters are standing on a white surface, and there is no visible text in the image. The style of the image is cartoonish and colorful, with a focus on the characters and their activity.	23082452363.png	The image shows a pathway with fallen leaves scattered across it. The leaves are predominantly orange and yellow, suggesting it might be autumn. The pathway is bordered by what appears to be a dark, possibly paved surface on one side and a natural, possibly grassy area on the other. The background is a plain, light color, which contrasts with the vibrant colors of the leaves. There is no visible text in the image. The style of the image is realistic with a focus on the play of light and shadow, particularly on the leaves.	27100477897.png	The image depicts a stylized kitchen scene with a focus on a large, cream-colored pot with orange polka dots on a white countertop. The pot contains a yellowish soup with green specks, suggesting it might be a vegetable or herb-based dish. To the right of the pot, there is a wooden spoon resting on the counter. In the background, there is a white tiled wall, and to the left, there is a wooden shelf with various kitchen items, including a teapot, a bowl, and a jar. The overall style of the image is cartoonish and appears to be a digital rendering rather than a photograph.
