compound	sentence	expected_order	image1_name	image1_caption	image2_name	image2_caption	image3_name	image3_caption	image4_name	image4_caption	image5_name	image5_caption
tirriq buzoq	Boshqa tarafdan olib qaraganda, bitta tirraqi buzoq butun podani buzadi degan gap bor.		56166268135.png	The image depicts a stylized illustration of a young calf standing in a grassy field. The calf is brown with a lighter brown muzzle and has a white spot on its forehead. It has large, expressive eyes and a small, black nose. The calf's ears are pointed upwards, and it has a tuft of hair on its head. The grass around the calf is green, and there are small plants with green leaves and stems. The calf's hooves are visible, and it appears to be standing on a patch of dirt. There is no visible text in the image. The style of the illustration is cartoonish and simplistic, with a focus on the calf's features and the surrounding environment.	86868362830.png	The image depicts three stylized sheep with fluffy white wool, standing on a grassy path with small yellow flowers. The sheep are arranged in a line, with the first one looking directly at the viewer, the second one looking to the left, and the third one looking to the right. The path they are on appears to be a rocky trail with grass and flowers growing around it. The background is plain white, emphasizing the subjects. There is no visible text in the image.	75058565937.png	The image depicts a single calf with a predominantly light brown coat, featuring darker brown spots and patches. The calf has a long neck, a small head with dark eyes, and a short, stubby tail. Its legs are long and slender, with dark brown hooves. The calf is standing on a flat surface with a hint of a dry, brownish plant or grass at its feet. The background is plain and white, emphasizing the calf as the sole subject of the image. There is no visible text in the image. The style of the image is a digital illustration with a realistic texture and shading, giving it a lifelike appearance.	46119799164.png	The image depicts two animated characters, a boy with red hair and a boy with black hair, both wearing orange shirts and brown shorts. The boy with red hair is on the left, and he is making a face with his mouth open, as if he is shouting or speaking loudly. The boy with black hair is on the right, and he is pointing his finger towards the boy with red hair, with a cloud of smoke emanating from his mouth, suggesting that he is speaking with a strong or angry tone. The background is plain white, emphasizing the characters. There is no visible text in the image.	46157199031.png	The image shows a shiny, red apple with a green leaf attached to its stem. The apple has a glossy surface with small bubbles, suggesting it might be a digital rendering or a photograph of a polished apple. The leaf is attached to the stem, which is visible at the top of the apple. The background is plain white, emphasizing the apple as the central subject of the image. There is no visible text in the image.
tirriq buzoq	Hamma oʻlib-tirilib ishlab yursa-yu, bir tirraqi buzoq podani bulgʻasa, hali koʻra-san, buning isnodi butun brigadaga tegadi		75058565937.png	The image depicts a single calf with a predominantly light brown coat, featuring darker brown spots and patches. The calf has a long neck, a small head with dark eyes, and a short, stubby tail. Its legs are long and slender, with dark brown hooves. The calf is standing on a flat surface with a hint of a dry, brownish plant or grass at its feet. The background is plain and white, emphasizing the calf as the sole subject of the image. There is no visible text in the image. The style of the image is a digital illustration with a realistic texture and shading, giving it a lifelike appearance.	86868362830.png	The image depicts three stylized sheep with fluffy white wool, standing on a grassy path with small yellow flowers. The sheep are arranged in a line, with the first one looking directly at the viewer, the second one looking to the left, and the third one looking to the right. The path they are on appears to be a rocky trail with grass and flowers growing around it. The background is plain white, emphasizing the subjects. There is no visible text in the image.	46119799164.png	The image depicts two animated characters, a boy with red hair and a boy with black hair, both wearing orange shirts and brown shorts. The boy with red hair is on the left, and he is making a face with his mouth open, as if he is shouting or speaking loudly. The boy with black hair is on the right, and he is pointing his finger towards the boy with red hair, with a cloud of smoke emanating from his mouth, suggesting that he is speaking with a strong or angry tone. The background is plain white, emphasizing the characters. There is no visible text in the image.	56166268135.png	The image depicts a stylized illustration of a young calf standing in a grassy field. The calf is brown with a lighter brown muzzle and has a white spot on its forehead. It has large, expressive eyes and a small, black nose. The calf's ears are pointed upwards, and it has a tuft of hair on its head. The grass around the calf is green, and there are small plants with green leaves and stems. The calf's hooves are visible, and it appears to be standing on a patch of dirt. There is no visible text in the image. The style of the illustration is cartoonish and simplistic, with a focus on the calf's features and the surrounding environment.	46157199031.png	The image shows a shiny, red apple with a green leaf attached to its stem. The apple has a glossy surface with small bubbles, suggesting it might be a digital rendering or a photograph of a polished apple. The leaf is attached to the stem, which is visible at the top of the apple. The background is plain white, emphasizing the apple as the central subject of the image. There is no visible text in the image.
tirriq buzoq	Shodiyor mol bozorga chiqib, bitta tirriq buzoq bo'lsa ham sotib olishga had qildi.		86868362830.png	The image depicts three stylized sheep with fluffy white wool, standing on a grassy path with small yellow flowers. The sheep are arranged in a line, with the first one looking directly at the viewer, the second one looking to the left, and the third one looking to the right. The path they are on appears to be a rocky trail with grass and flowers growing around it. The background is plain white, emphasizing the subjects. There is no visible text in the image.	46119799164.png	The image depicts two animated characters, a boy with red hair and a boy with black hair, both wearing orange shirts and brown shorts. The boy with red hair is on the left, and he is making a face with his mouth open, as if he is shouting or speaking loudly. The boy with black hair is on the right, and he is pointing his finger towards the boy with red hair, with a cloud of smoke emanating from his mouth, suggesting that he is speaking with a strong or angry tone. The background is plain white, emphasizing the characters. There is no visible text in the image.	75058565937.png	The image depicts a single calf with a predominantly light brown coat, featuring darker brown spots and patches. The calf has a long neck, a small head with dark eyes, and a short, stubby tail. Its legs are long and slender, with dark brown hooves. The calf is standing on a flat surface with a hint of a dry, brownish plant or grass at its feet. The background is plain and white, emphasizing the calf as the sole subject of the image. There is no visible text in the image. The style of the image is a digital illustration with a realistic texture and shading, giving it a lifelike appearance.	46157199031.png	The image shows a shiny, red apple with a green leaf attached to its stem. The apple has a glossy surface with small bubbles, suggesting it might be a digital rendering or a photograph of a polished apple. The leaf is attached to the stem, which is visible at the top of the apple. The background is plain white, emphasizing the apple as the central subject of the image. There is no visible text in the image.	56166268135.png	The image depicts a stylized illustration of a young calf standing in a grassy field. The calf is brown with a lighter brown muzzle and has a white spot on its forehead. It has large, expressive eyes and a small, black nose. The calf's ears are pointed upwards, and it has a tuft of hair on its head. The grass around the calf is green, and there are small plants with green leaves and stems. The calf's hooves are visible, and it appears to be standing on a patch of dirt. There is no visible text in the image. The style of the illustration is cartoonish and simplistic, with a focus on the calf's features and the surrounding environment.
tirriq buzoq	Og'ilda ikki tirriq buzoq va bir sigir bor edi.		46157199031.png	The image shows a shiny, red apple with a green leaf attached to its stem. The apple has a glossy surface with small bubbles, suggesting it might be a digital rendering or a photograph of a polished apple. The leaf is attached to the stem, which is visible at the top of the apple. The background is plain white, emphasizing the apple as the central subject of the image. There is no visible text in the image.	86868362830.png	The image depicts three stylized sheep with fluffy white wool, standing on a grassy path with small yellow flowers. The sheep are arranged in a line, with the first one looking directly at the viewer, the second one looking to the left, and the third one looking to the right. The path they are on appears to be a rocky trail with grass and flowers growing around it. The background is plain white, emphasizing the subjects. There is no visible text in the image.	56166268135.png	The image depicts a stylized illustration of a young calf standing in a grassy field. The calf is brown with a lighter brown muzzle and has a white spot on its forehead. It has large, expressive eyes and a small, black nose. The calf's ears are pointed upwards, and it has a tuft of hair on its head. The grass around the calf is green, and there are small plants with green leaves and stems. The calf's hooves are visible, and it appears to be standing on a patch of dirt. There is no visible text in the image. The style of the illustration is cartoonish and simplistic, with a focus on the calf's features and the surrounding environment.	75058565937.png	The image depicts a single calf with a predominantly light brown coat, featuring darker brown spots and patches. The calf has a long neck, a small head with dark eyes, and a short, stubby tail. Its legs are long and slender, with dark brown hooves. The calf is standing on a flat surface with a hint of a dry, brownish plant or grass at its feet. The background is plain and white, emphasizing the calf as the sole subject of the image. There is no visible text in the image. The style of the image is a digital illustration with a realistic texture and shading, giving it a lifelike appearance.	46119799164.png	The image depicts two animated characters, a boy with red hair and a boy with black hair, both wearing orange shirts and brown shorts. The boy with red hair is on the left, and he is making a face with his mouth open, as if he is shouting or speaking loudly. The boy with black hair is on the right, and he is pointing his finger towards the boy with red hair, with a cloud of smoke emanating from his mouth, suggesting that he is speaking with a strong or angry tone. The background is plain white, emphasizing the characters. There is no visible text in the image.
ko'zini moshdek ochmoq	Shoshmay turing, ko‘zingizni moshday ochib qo‘yganimda bilasiz!		42808204143.png	The image depicts an illustration of a cat lying on a rug. The cat is a tabby with a mix of orange and black fur, and it appears to be smiling or in a contented state. The rug has a pattern with a central floral design and a fringe at the edge. The background is plain and light-colored, providing a neutral backdrop that contrasts with the cat and the rug. There is no visible text in the image. The style of the illustration is cartoonish and whimsical, with a focus on the cat's expression and the soft texture of the rug.	89801878410.png	The image is a cartoon illustration featuring two stylized characters. On the left is a male character with dark hair, wearing glasses and a black shirt. He has his mouth open as if speaking or shouting. On the right is a female character with dark hair tied up in a bun, wearing a red shirt. She has her hands clasped together in front of her mouth, which is open as if she is surprised or reacting to something. Between the two characters are two speech bubbles with question marks inside them, suggesting a dialogue or exchange of questions. The background is plain white, emphasizing the characters and their expressions.	84677103218.png	The image is a digital illustration of a cartoon-style character. The character has dark hair, large eyes with exaggerated pupils, and is wearing a white shirt. The character's hands are raised to the face, with the palms facing outward. The eyes are covered with what appears to be a bowl of green grapes, and the character's mouth is open as if shouting or expressing surprise. Surrounding the character's head are additional green grapes, suggesting a shower or a cascade of grapes. The background is plain white, which contrasts with the character and the grapes. There is no visible text in the image.	43103006663.png	The image shows a shiny, green, spherical object with a reflective surface. There are two small, brown spots on the top of the sphere. The object is set against a plain, light background. The style of the image is a simple, clean 3D rendering with a focus on the object's texture and color.	22031587227.png	The image depicts a stylized cartoon of a boy with brown hair. He is wearing a black hat with a light bulb on top, suggesting a theme of creativity or ideas. The boy has a surprised or contemplative expression, with his eyes wide open and his mouth slightly agape. The background is plain white, which contrasts with the boy's features and the hat. There are no visible texts in the image.
ko'zini moshdek ochmoq	Mana bugungi majlis ko‘zimni moshdek ochdi.		89801878410.png	The image is a cartoon illustration featuring two stylized characters. On the left is a male character with dark hair, wearing glasses and a black shirt. He has his mouth open as if speaking or shouting. On the right is a female character with dark hair tied up in a bun, wearing a red shirt. She has her hands clasped together in front of her mouth, which is open as if she is surprised or reacting to something. Between the two characters are two speech bubbles with question marks inside them, suggesting a dialogue or exchange of questions. The background is plain white, emphasizing the characters and their expressions.	22031587227.png	The image depicts a stylized cartoon of a boy with brown hair. He is wearing a black hat with a light bulb on top, suggesting a theme of creativity or ideas. The boy has a surprised or contemplative expression, with his eyes wide open and his mouth slightly agape. The background is plain white, which contrasts with the boy's features and the hat. There are no visible texts in the image.	84677103218.png	The image is a digital illustration of a cartoon-style character. The character has dark hair, large eyes with exaggerated pupils, and is wearing a white shirt. The character's hands are raised to the face, with the palms facing outward. The eyes are covered with what appears to be a bowl of green grapes, and the character's mouth is open as if shouting or expressing surprise. Surrounding the character's head are additional green grapes, suggesting a shower or a cascade of grapes. The background is plain white, which contrasts with the character and the grapes. There is no visible text in the image.	42808204143.png	The image depicts an illustration of a cat lying on a rug. The cat is a tabby with a mix of orange and black fur, and it appears to be smiling or in a contented state. The rug has a pattern with a central floral design and a fringe at the edge. The background is plain and light-colored, providing a neutral backdrop that contrasts with the cat and the rug. There is no visible text in the image. The style of the illustration is cartoonish and whimsical, with a focus on the cat's expression and the soft texture of the rug.	43103006663.png	The image shows a shiny, green, spherical object with a reflective surface. There are two small, brown spots on the top of the sphere. The object is set against a plain, light background. The style of the image is a simple, clean 3D rendering with a focus on the object's texture and color.
ko'zini moshdek ochmoq	Bola qo‘rqib ketganidan ko‘zini moshdek ochib, jim turib qoldi.		84677103218.png	The image is a digital illustration of a cartoon-style character. The character has dark hair, large eyes with exaggerated pupils, and is wearing a white shirt. The character's hands are raised to the face, with the palms facing outward. The eyes are covered with what appears to be a bowl of green grapes, and the character's mouth is open as if shouting or expressing surprise. Surrounding the character's head are additional green grapes, suggesting a shower or a cascade of grapes. The background is plain white, which contrasts with the character and the grapes. There is no visible text in the image.	22031587227.png	The image depicts a stylized cartoon of a boy with brown hair. He is wearing a black hat with a light bulb on top, suggesting a theme of creativity or ideas. The boy has a surprised or contemplative expression, with his eyes wide open and his mouth slightly agape. The background is plain white, which contrasts with the boy's features and the hat. There are no visible texts in the image.	43103006663.png	The image shows a shiny, green, spherical object with a reflective surface. There are two small, brown spots on the top of the sphere. The object is set against a plain, light background. The style of the image is a simple, clean 3D rendering with a focus on the object's texture and color.	42808204143.png	The image depicts an illustration of a cat lying on a rug. The cat is a tabby with a mix of orange and black fur, and it appears to be smiling or in a contented state. The rug has a pattern with a central floral design and a fringe at the edge. The background is plain and light-colored, providing a neutral backdrop that contrasts with the cat and the rug. There is no visible text in the image. The style of the illustration is cartoonish and whimsical, with a focus on the cat's expression and the soft texture of the rug.	89801878410.png	The image is a cartoon illustration featuring two stylized characters. On the left is a male character with dark hair, wearing glasses and a black shirt. He has his mouth open as if speaking or shouting. On the right is a female character with dark hair tied up in a bun, wearing a red shirt. She has her hands clasped together in front of her mouth, which is open as if she is surprised or reacting to something. Between the two characters are two speech bubbles with question marks inside them, suggesting a dialogue or exchange of questions. The background is plain white, emphasizing the characters and their expressions.
ko'zini moshdek ochmoq	U filmning eng hayajonli joyida ko‘zini moshdek ochib ekranga tikilib qoldi.		84677103218.png	The image is a digital illustration of a cartoon-style character. The character has dark hair, large eyes with exaggerated pupils, and is wearing a white shirt. The character's hands are raised to the face, with the palms facing outward. The eyes are covered with what appears to be a bowl of green grapes, and the character's mouth is open as if shouting or expressing surprise. Surrounding the character's head are additional green grapes, suggesting a shower or a cascade of grapes. The background is plain white, which contrasts with the character and the grapes. There is no visible text in the image.	22031587227.png	The image depicts a stylized cartoon of a boy with brown hair. He is wearing a black hat with a light bulb on top, suggesting a theme of creativity or ideas. The boy has a surprised or contemplative expression, with his eyes wide open and his mouth slightly agape. The background is plain white, which contrasts with the boy's features and the hat. There are no visible texts in the image.	89801878410.png	The image is a cartoon illustration featuring two stylized characters. On the left is a male character with dark hair, wearing glasses and a black shirt. He has his mouth open as if speaking or shouting. On the right is a female character with dark hair tied up in a bun, wearing a red shirt. She has her hands clasped together in front of her mouth, which is open as if she is surprised or reacting to something. Between the two characters are two speech bubbles with question marks inside them, suggesting a dialogue or exchange of questions. The background is plain white, emphasizing the characters and their expressions.	42808204143.png	The image depicts an illustration of a cat lying on a rug. The cat is a tabby with a mix of orange and black fur, and it appears to be smiling or in a contented state. The rug has a pattern with a central floral design and a fringe at the edge. The background is plain and light-colored, providing a neutral backdrop that contrasts with the cat and the rug. There is no visible text in the image. The style of the illustration is cartoonish and whimsical, with a focus on the cat's expression and the soft texture of the rug.	43103006663.png	The image shows a shiny, green, spherical object with a reflective surface. There are two small, brown spots on the top of the sphere. The object is set against a plain, light background. The style of the image is a simple, clean 3D rendering with a focus on the object's texture and color.
qora quti	U aviahalokat sabablari bortdagi maxsus qurilma hamda qora quti ma’lumotlari asosida aniqlanishini qayd etgan.		80966283780.png	The image shows a stylized, three-dimensional illustration of a rectangular box with a textured surface that resembles a wooden crate. The box has a lid that is open, revealing the interior. The lid is secured with two visible straps, one on each side, and there are two red rectangles on the top corners of the lid. The box is placed against a plain white background. There is no visible text in the image. The style of the illustration is simple and cartoonish, with a limited color palette and a lack of intricate detail.	86765380565.png	The image shows a three-dimensional rendering of a black rectangular box with a lid. The box is placed on a white surface, and the lid is open, revealing an interior space. The box has a visible seam along its edges, and there is a small orange detail on the bottom right corner of the box. The style of the image is clean and minimalistic, with a focus on the object's design and color. There is no visible text in the image.	57356563999.png	The image is a stylized illustration featuring a simplified human head profile. The head is black with a white outline, and it has a question mark symbol on the forehead. Surrounding the question mark are various red arrows pointing in different directions, suggesting a sense of confusion or indecision. The arrows are of different lengths and angles, creating a dynamic and chaotic appearance. The background is plain white, which contrasts with the black head and red arrows, making the elements stand out. There is no visible text in the image. The style of the illustration is modern and graphic, with a limited color palette and a focus on geometric shapes.	45524682328.png	The image features a single sunflower with vibrant yellow petals and a dark brown center. The flower has a long, slender green stem and is surrounded by two large, green, serrated leaves. The background is a plain, light color, providing a stark contrast to the vivid colors of the sunflower. There is no visible text in the image. The sunflower is the central focus, with its bright colors and detailed textures. The leaves are positioned on either side of the stem, framing the flower. The overall composition is simple and clear, with the sunflower as the sole subject.	85041395219.png	The image shows a stylized illustration of a cardboard box with a flap on top. The box is colored in shades of brown and has a white question mark prominently displayed on its side. There is a small red sticker with a white border on the front of the box. The background is plain white, emphasizing the box and its features. The style of the image is cartoonish and simplistic, with no additional text or objects visible.
qora quti	Mamlakat transport va yo‘llar vaziri Jamshid Kalilov uchta qora qutidan bittasi topilgani haqidagi ma’lumotni tasdiqladi.		86765380565.png	The image shows a three-dimensional rendering of a black rectangular box with a lid. The box is placed on a white surface, and the lid is open, revealing an interior space. The box has a visible seam along its edges, and there is a small orange detail on the bottom right corner of the box. The style of the image is clean and minimalistic, with a focus on the object's design and color. There is no visible text in the image.	85041395219.png	The image shows a stylized illustration of a cardboard box with a flap on top. The box is colored in shades of brown and has a white question mark prominently displayed on its side. There is a small red sticker with a white border on the front of the box. The background is plain white, emphasizing the box and its features. The style of the image is cartoonish and simplistic, with no additional text or objects visible.	80966283780.png	The image shows a stylized, three-dimensional illustration of a rectangular box with a textured surface that resembles a wooden crate. The box has a lid that is open, revealing the interior. The lid is secured with two visible straps, one on each side, and there are two red rectangles on the top corners of the lid. The box is placed against a plain white background. There is no visible text in the image. The style of the illustration is simple and cartoonish, with a limited color palette and a lack of intricate detail.	45524682328.png	The image features a single sunflower with vibrant yellow petals and a dark brown center. The flower has a long, slender green stem and is surrounded by two large, green, serrated leaves. The background is a plain, light color, providing a stark contrast to the vivid colors of the sunflower. There is no visible text in the image. The sunflower is the central focus, with its bright colors and detailed textures. The leaves are positioned on either side of the stem, framing the flower. The overall composition is simple and clear, with the sunflower as the sole subject.	57356563999.png	The image is a stylized illustration featuring a simplified human head profile. The head is black with a white outline, and it has a question mark symbol on the forehead. Surrounding the question mark are various red arrows pointing in different directions, suggesting a sense of confusion or indecision. The arrows are of different lengths and angles, creating a dynamic and chaotic appearance. The background is plain white, which contrasts with the black head and red arrows, making the elements stand out. There is no visible text in the image. The style of the illustration is modern and graphic, with a limited color palette and a focus on geometric shapes.
qora quti	Meizu 16 va Meizu 16 Plus smartfonlarining taqdimotiga bag‘ishlangan tadbir taklifnomasi qora qutiga joylashtirildi.		85041395219.png	The image shows a stylized illustration of a cardboard box with a flap on top. The box is colored in shades of brown and has a white question mark prominently displayed on its side. There is a small red sticker with a white border on the front of the box. The background is plain white, emphasizing the box and its features. The style of the image is cartoonish and simplistic, with no additional text or objects visible.	45524682328.png	The image features a single sunflower with vibrant yellow petals and a dark brown center. The flower has a long, slender green stem and is surrounded by two large, green, serrated leaves. The background is a plain, light color, providing a stark contrast to the vivid colors of the sunflower. There is no visible text in the image. The sunflower is the central focus, with its bright colors and detailed textures. The leaves are positioned on either side of the stem, framing the flower. The overall composition is simple and clear, with the sunflower as the sole subject.	86765380565.png	The image shows a three-dimensional rendering of a black rectangular box with a lid. The box is placed on a white surface, and the lid is open, revealing an interior space. The box has a visible seam along its edges, and there is a small orange detail on the bottom right corner of the box. The style of the image is clean and minimalistic, with a focus on the object's design and color. There is no visible text in the image.	57356563999.png	The image is a stylized illustration featuring a simplified human head profile. The head is black with a white outline, and it has a question mark symbol on the forehead. Surrounding the question mark are various red arrows pointing in different directions, suggesting a sense of confusion or indecision. The arrows are of different lengths and angles, creating a dynamic and chaotic appearance. The background is plain white, which contrasts with the black head and red arrows, making the elements stand out. There is no visible text in the image. The style of the illustration is modern and graphic, with a limited color palette and a focus on geometric shapes.	80966283780.png	The image shows a stylized, three-dimensional illustration of a rectangular box with a textured surface that resembles a wooden crate. The box has a lid that is open, revealing the interior. The lid is secured with two visible straps, one on each side, and there are two red rectangles on the top corners of the lid. The box is placed against a plain white background. There is no visible text in the image. The style of the illustration is simple and cartoonish, with a limited color palette and a lack of intricate detail.
qora quti	Moviy quti – shisha, metall bankalar, plastmassa, sut qutilari va plastik qoplar, qora quti – qog‘oz, gazeta, jurnal va karton, yashil quti – oziq-ovqat va boshqa kichik chiqindilar uchun mo‘ljallangan.		45524682328.png	The image features a single sunflower with vibrant yellow petals and a dark brown center. The flower has a long, slender green stem and is surrounded by two large, green, serrated leaves. The background is a plain, light color, providing a stark contrast to the vivid colors of the sunflower. There is no visible text in the image. The sunflower is the central focus, with its bright colors and detailed textures. The leaves are positioned on either side of the stem, framing the flower. The overall composition is simple and clear, with the sunflower as the sole subject.	57356563999.png	The image is a stylized illustration featuring a simplified human head profile. The head is black with a white outline, and it has a question mark symbol on the forehead. Surrounding the question mark are various red arrows pointing in different directions, suggesting a sense of confusion or indecision. The arrows are of different lengths and angles, creating a dynamic and chaotic appearance. The background is plain white, which contrasts with the black head and red arrows, making the elements stand out. There is no visible text in the image. The style of the illustration is modern and graphic, with a limited color palette and a focus on geometric shapes.	86765380565.png	The image shows a three-dimensional rendering of a black rectangular box with a lid. The box is placed on a white surface, and the lid is open, revealing an interior space. The box has a visible seam along its edges, and there is a small orange detail on the bottom right corner of the box. The style of the image is clean and minimalistic, with a focus on the object's design and color. There is no visible text in the image.	80966283780.png	The image shows a stylized, three-dimensional illustration of a rectangular box with a textured surface that resembles a wooden crate. The box has a lid that is open, revealing the interior. The lid is secured with two visible straps, one on each side, and there are two red rectangles on the top corners of the lid. The box is placed against a plain white background. There is no visible text in the image. The style of the illustration is simple and cartoonish, with a limited color palette and a lack of intricate detail.	85041395219.png	The image shows a stylized illustration of a cardboard box with a flap on top. The box is colored in shades of brown and has a white question mark prominently displayed on its side. There is a small red sticker with a white border on the front of the box. The background is plain white, emphasizing the box and its features. The style of the image is cartoonish and simplistic, with no additional text or objects visible.
bir burda non	U o‘ziga bir burda non topish maqsadida soatlab sabzavot va mevalar uchun savat to‘qirdi.		83947750783.png	The image depicts a loaf of bread with a golden-brown crust. The bread has a textured surface with visible grains and is speckled with small, orange-yellow spots that resemble poppy seeds. The bread is presented in a three-quarter view, with the top edge slightly curved and the bottom edge straight. The background is plain white, emphasizing the bread. There is no visible text in the image.	64944481101.png	The image shows a laptop with a colorful screen displaying a variety of icons, which appear to be from a web browser, possibly representing bookmarks or frequently visited websites. The laptop has a black keyboard and a dark gray or black exterior. The screen is turned on and takes up the majority of the laptop's surface area. The icons are arranged in a grid pattern and include a mix of shapes, colors, and symbols, suggesting a diverse range of content. The style of the image is a digital illustration with a realistic appearance.	61861632215.png	The image features a cartoon character of an older man with a white beard and mustache. He is wearing glasses, a brown jacket, a red sweater, and a white shirt with a red tie. The man is holding a slice of bread in his right hand and a cup of tea in his left hand. He is smiling and appears to be in a good mood. The background is plain white, emphasizing the character and his items. There is no visible text in the image.	24184061734.png	The image is a stylized illustration of a young boy holding a small model house. The boy has brown hair, a smiling face, and is wearing a black jacket with a patterned shirt underneath. He is also wearing black pants and black shoes with white soles. The model house has a black roof with a dollar sign on it, and there are green plants around the base. The boy is standing on a circular patch of brown dirt. There is no visible text in the image.	33264419787.png	The image depicts a stylized, animated scene of a bakery. At the center is a baker, wearing a traditional chef's hat with a red band and a white chef's coat with a red apron. The baker is standing in front of a brick oven with a fire inside, and is in the process of placing a pizza into the oven. The oven is topped with a chimney and has a rustic appearance.  To the right of the oven, there is a wooden cart with various baked goods, including loaves of bread and what appears to be pastries or buns. The baker is also holding a pizza with toppings, suggesting that the pizza is being prepared for baking.  The background features a gray sky, and there are plants and a small wooden structure to the left of the oven, adding to the rustic setting. The image is rendered in a cartoon style with a focus on warm colors and a textured appearance, giving it a cozy and inviting feel.
bir burda non	Mehnatkash bo‘lsalaring hamisha bir burda nonlaringni topib yeysizlar.		64944481101.png	The image shows a laptop with a colorful screen displaying a variety of icons, which appear to be from a web browser, possibly representing bookmarks or frequently visited websites. The laptop has a black keyboard and a dark gray or black exterior. The screen is turned on and takes up the majority of the laptop's surface area. The icons are arranged in a grid pattern and include a mix of shapes, colors, and symbols, suggesting a diverse range of content. The style of the image is a digital illustration with a realistic appearance.	83947750783.png	The image depicts a loaf of bread with a golden-brown crust. The bread has a textured surface with visible grains and is speckled with small, orange-yellow spots that resemble poppy seeds. The bread is presented in a three-quarter view, with the top edge slightly curved and the bottom edge straight. The background is plain white, emphasizing the bread. There is no visible text in the image.	24184061734.png	The image is a stylized illustration of a young boy holding a small model house. The boy has brown hair, a smiling face, and is wearing a black jacket with a patterned shirt underneath. He is also wearing black pants and black shoes with white soles. The model house has a black roof with a dollar sign on it, and there are green plants around the base. The boy is standing on a circular patch of brown dirt. There is no visible text in the image.	33264419787.png	The image depicts a stylized, animated scene of a bakery. At the center is a baker, wearing a traditional chef's hat with a red band and a white chef's coat with a red apron. The baker is standing in front of a brick oven with a fire inside, and is in the process of placing a pizza into the oven. The oven is topped with a chimney and has a rustic appearance.  To the right of the oven, there is a wooden cart with various baked goods, including loaves of bread and what appears to be pastries or buns. The baker is also holding a pizza with toppings, suggesting that the pizza is being prepared for baking.  The background features a gray sky, and there are plants and a small wooden structure to the left of the oven, adding to the rustic setting. The image is rendered in a cartoon style with a focus on warm colors and a textured appearance, giving it a cozy and inviting feel.	61861632215.png	The image features a cartoon character of an older man with a white beard and mustache. He is wearing glasses, a brown jacket, a red sweater, and a white shirt with a red tie. The man is holding a slice of bread in his right hand and a cup of tea in his left hand. He is smiling and appears to be in a good mood. The background is plain white, emphasizing the character and his items. There is no visible text in the image.
bir burda non	Bir burda non bir kunga hamdam.		83947750783.png	The image depicts a loaf of bread with a golden-brown crust. The bread has a textured surface with visible grains and is speckled with small, orange-yellow spots that resemble poppy seeds. The bread is presented in a three-quarter view, with the top edge slightly curved and the bottom edge straight. The background is plain white, emphasizing the bread. There is no visible text in the image.	64944481101.png	The image shows a laptop with a colorful screen displaying a variety of icons, which appear to be from a web browser, possibly representing bookmarks or frequently visited websites. The laptop has a black keyboard and a dark gray or black exterior. The screen is turned on and takes up the majority of the laptop's surface area. The icons are arranged in a grid pattern and include a mix of shapes, colors, and symbols, suggesting a diverse range of content. The style of the image is a digital illustration with a realistic appearance.	24184061734.png	The image is a stylized illustration of a young boy holding a small model house. The boy has brown hair, a smiling face, and is wearing a black jacket with a patterned shirt underneath. He is also wearing black pants and black shoes with white soles. The model house has a black roof with a dollar sign on it, and there are green plants around the base. The boy is standing on a circular patch of brown dirt. There is no visible text in the image.	33264419787.png	The image depicts a stylized, animated scene of a bakery. At the center is a baker, wearing a traditional chef's hat with a red band and a white chef's coat with a red apron. The baker is standing in front of a brick oven with a fire inside, and is in the process of placing a pizza into the oven. The oven is topped with a chimney and has a rustic appearance.  To the right of the oven, there is a wooden cart with various baked goods, including loaves of bread and what appears to be pastries or buns. The baker is also holding a pizza with toppings, suggesting that the pizza is being prepared for baking.  The background features a gray sky, and there are plants and a small wooden structure to the left of the oven, adding to the rustic setting. The image is rendered in a cartoon style with a focus on warm colors and a textured appearance, giving it a cozy and inviting feel.	61861632215.png	The image features a cartoon character of an older man with a white beard and mustache. He is wearing glasses, a brown jacket, a red sweater, and a white shirt with a red tie. The man is holding a slice of bread in his right hand and a cup of tea in his left hand. He is smiling and appears to be in a good mood. The background is plain white, emphasizing the character and his items. There is no visible text in the image.
bir burda non	Har kuni go‘sht yemasak ham, bir burda nonga ham qorin to‘yaveradi.		64944481101.png	The image shows a laptop with a colorful screen displaying a variety of icons, which appear to be from a web browser, possibly representing bookmarks or frequently visited websites. The laptop has a black keyboard and a dark gray or black exterior. The screen is turned on and takes up the majority of the laptop's surface area. The icons are arranged in a grid pattern and include a mix of shapes, colors, and symbols, suggesting a diverse range of content. The style of the image is a digital illustration with a realistic appearance.	83947750783.png	The image depicts a loaf of bread with a golden-brown crust. The bread has a textured surface with visible grains and is speckled with small, orange-yellow spots that resemble poppy seeds. The bread is presented in a three-quarter view, with the top edge slightly curved and the bottom edge straight. The background is plain white, emphasizing the bread. There is no visible text in the image.	24184061734.png	The image is a stylized illustration of a young boy holding a small model house. The boy has brown hair, a smiling face, and is wearing a black jacket with a patterned shirt underneath. He is also wearing black pants and black shoes with white soles. The model house has a black roof with a dollar sign on it, and there are green plants around the base. The boy is standing on a circular patch of brown dirt. There is no visible text in the image.	33264419787.png	The image depicts a stylized, animated scene of a bakery. At the center is a baker, wearing a traditional chef's hat with a red band and a white chef's coat with a red apron. The baker is standing in front of a brick oven with a fire inside, and is in the process of placing a pizza into the oven. The oven is topped with a chimney and has a rustic appearance.  To the right of the oven, there is a wooden cart with various baked goods, including loaves of bread and what appears to be pastries or buns. The baker is also holding a pizza with toppings, suggesting that the pizza is being prepared for baking.  The background features a gray sky, and there are plants and a small wooden structure to the left of the oven, adding to the rustic setting. The image is rendered in a cartoon style with a focus on warm colors and a textured appearance, giving it a cozy and inviting feel.	61861632215.png	The image features a cartoon character of an older man with a white beard and mustache. He is wearing glasses, a brown jacket, a red sweater, and a white shirt with a red tie. The man is holding a slice of bread in his right hand and a cup of tea in his left hand. He is smiling and appears to be in a good mood. The background is plain white, emphasizing the character and his items. There is no visible text in the image.
arzimagan pul	Yeganimizcha yeb, qolganini arzimagan pulga sotardik yoki mollarga berardik.		12027109520.png	The image shows a stylized illustration of a hand reaching towards a coin. The coin is in mid-air, slightly above the hand, and appears to be a golden color with a red heart on it. The hand is depicted with a soft, rounded texture and is wearing a black sleeve. The background is plain white, emphasizing the hand and coin. There is no visible text in the image. The style of the illustration is cartoonish and simplistic, with smooth lines and a limited color palette.	88651037929.png	"The image is a digital illustration of a cartoon character. The character is a young male with dark skin, curly hair, and a frown on his face. He is wearing a red hoodie with a black undershirt. In his left hand, he is holding a coin with the number ""5"" on it. The background is plain white. There is no visible text in the image."	51479201318.png	The image shows a large pile of coins on a white background. The coins are of various sizes and appear to be of different denominations, with some having a metallic sheen and others a matte finish. The coins are stacked in a somewhat haphazard manner, with some coins overlapping others. There is no visible text on the image. The style of the image is a straightforward product or still life photograph with a focus on the coins.	22108358848.png	"The image shows a torn banknote with a design that includes a portrait, text, and decorative elements. The banknote is in shades of red, black, and gold, and it appears to be in a state of disrepair, with torn edges and pieces scattered around it. The text on the banknote is partially obscured by the torn edges, but the visible portion includes the number ""100"" and the word ""BANKNOTE."" The style of the image is illustrative, with a focus on realism in the depiction of the banknote's texture and the surrounding debris."	33044337714.png	The image depicts a stylized, cartoon-like illustration of a large, hot air balloon with a vibrant orange and white striped pattern. The balloon is floating above a landscape that includes a small island with a few trees and rocks. Below the balloon, there are several clouds of varying sizes, and the ground appears to be a flat, rocky surface. The balloon has a basket with a small figure inside, suggesting it is ready for a flight. There are no visible texts in the image. The style of the image is whimsical and colorful, with a clear focus on the balloon and the landscape beneath it.
arzimagan pul	Nahotki, bola qadri shu arzimagan pul bilan o‘lchansa.		22108358848.png	"The image shows a torn banknote with a design that includes a portrait, text, and decorative elements. The banknote is in shades of red, black, and gold, and it appears to be in a state of disrepair, with torn edges and pieces scattered around it. The text on the banknote is partially obscured by the torn edges, but the visible portion includes the number ""100"" and the word ""BANKNOTE."" The style of the image is illustrative, with a focus on realism in the depiction of the banknote's texture and the surrounding debris."	88651037929.png	"The image is a digital illustration of a cartoon character. The character is a young male with dark skin, curly hair, and a frown on his face. He is wearing a red hoodie with a black undershirt. In his left hand, he is holding a coin with the number ""5"" on it. The background is plain white. There is no visible text in the image."	33044337714.png	The image depicts a stylized, cartoon-like illustration of a large, hot air balloon with a vibrant orange and white striped pattern. The balloon is floating above a landscape that includes a small island with a few trees and rocks. Below the balloon, there are several clouds of varying sizes, and the ground appears to be a flat, rocky surface. The balloon has a basket with a small figure inside, suggesting it is ready for a flight. There are no visible texts in the image. The style of the image is whimsical and colorful, with a clear focus on the balloon and the landscape beneath it.	51479201318.png	The image shows a large pile of coins on a white background. The coins are of various sizes and appear to be of different denominations, with some having a metallic sheen and others a matte finish. The coins are stacked in a somewhat haphazard manner, with some coins overlapping others. There is no visible text on the image. The style of the image is a straightforward product or still life photograph with a focus on the coins.	12027109520.png	The image shows a stylized illustration of a hand reaching towards a coin. The coin is in mid-air, slightly above the hand, and appears to be a golden color with a red heart on it. The hand is depicted with a soft, rounded texture and is wearing a black sleeve. The background is plain white, emphasizing the hand and coin. There is no visible text in the image. The style of the illustration is cartoonish and simplistic, with smooth lines and a limited color palette.
arzimagan pul	Mehnatimga arzimagan pul berishingizga noroziman.		88651037929.png	"The image is a digital illustration of a cartoon character. The character is a young male with dark skin, curly hair, and a frown on his face. He is wearing a red hoodie with a black undershirt. In his left hand, he is holding a coin with the number ""5"" on it. The background is plain white. There is no visible text in the image."	22108358848.png	"The image shows a torn banknote with a design that includes a portrait, text, and decorative elements. The banknote is in shades of red, black, and gold, and it appears to be in a state of disrepair, with torn edges and pieces scattered around it. The text on the banknote is partially obscured by the torn edges, but the visible portion includes the number ""100"" and the word ""BANKNOTE."" The style of the image is illustrative, with a focus on realism in the depiction of the banknote's texture and the surrounding debris."	33044337714.png	The image depicts a stylized, cartoon-like illustration of a large, hot air balloon with a vibrant orange and white striped pattern. The balloon is floating above a landscape that includes a small island with a few trees and rocks. Below the balloon, there are several clouds of varying sizes, and the ground appears to be a flat, rocky surface. The balloon has a basket with a small figure inside, suggesting it is ready for a flight. There are no visible texts in the image. The style of the image is whimsical and colorful, with a clear focus on the balloon and the landscape beneath it.	12027109520.png	The image shows a stylized illustration of a hand reaching towards a coin. The coin is in mid-air, slightly above the hand, and appears to be a golden color with a red heart on it. The hand is depicted with a soft, rounded texture and is wearing a black sleeve. The background is plain white, emphasizing the hand and coin. There is no visible text in the image. The style of the illustration is cartoonish and simplistic, with smooth lines and a limited color palette.	51479201318.png	The image shows a large pile of coins on a white background. The coins are of various sizes and appear to be of different denominations, with some having a metallic sheen and others a matte finish. The coins are stacked in a somewhat haphazard manner, with some coins overlapping others. There is no visible text on the image. The style of the image is a straightforward product or still life photograph with a focus on the coins.
arzimagan pul	Ishchilarga mehnatiga arzimagan pul berilsa, ular ishni shunga yarasha sifatsiz qilishi tabiiy.		88651037929.png	"The image is a digital illustration of a cartoon character. The character is a young male with dark skin, curly hair, and a frown on his face. He is wearing a red hoodie with a black undershirt. In his left hand, he is holding a coin with the number ""5"" on it. The background is plain white. There is no visible text in the image."	22108358848.png	"The image shows a torn banknote with a design that includes a portrait, text, and decorative elements. The banknote is in shades of red, black, and gold, and it appears to be in a state of disrepair, with torn edges and pieces scattered around it. The text on the banknote is partially obscured by the torn edges, but the visible portion includes the number ""100"" and the word ""BANKNOTE."" The style of the image is illustrative, with a focus on realism in the depiction of the banknote's texture and the surrounding debris."	12027109520.png	The image shows a stylized illustration of a hand reaching towards a coin. The coin is in mid-air, slightly above the hand, and appears to be a golden color with a red heart on it. The hand is depicted with a soft, rounded texture and is wearing a black sleeve. The background is plain white, emphasizing the hand and coin. There is no visible text in the image. The style of the illustration is cartoonish and simplistic, with smooth lines and a limited color palette.	51479201318.png	The image shows a large pile of coins on a white background. The coins are of various sizes and appear to be of different denominations, with some having a metallic sheen and others a matte finish. The coins are stacked in a somewhat haphazard manner, with some coins overlapping others. There is no visible text on the image. The style of the image is a straightforward product or still life photograph with a focus on the coins.	33044337714.png	The image depicts a stylized, cartoon-like illustration of a large, hot air balloon with a vibrant orange and white striped pattern. The balloon is floating above a landscape that includes a small island with a few trees and rocks. Below the balloon, there are several clouds of varying sizes, and the ground appears to be a flat, rocky surface. The balloon has a basket with a small figure inside, suggesting it is ready for a flight. There are no visible texts in the image. The style of the image is whimsical and colorful, with a clear focus on the balloon and the landscape beneath it.
bir bahya qolmoq	Oʻlishimga bir baxya qoldi.		27551322557.png	The image depicts an animated character, a young woman with dark hair tied in a bun, sitting on a brown armchair. She is wearing a red blouse with a floral pattern and black pants. The woman is holding a yellow mug with a steamy beverage, suggesting she is enjoying a hot drink. She has her eyes closed, indicating she might be relaxed or in a state of rest.  The armchair is placed on a white surface, and there are several potted plants around her, adding a touch of greenery to the scene. The plants vary in size and type, with some having broad leaves and others with more slender leaves.  The background is plain white, which contrasts with the character and the plants, making them stand out. There is no visible text in the image. The overall style of the image is illustrative and cartoonish, with a focus on simplicity and a calm atmosphere.	25897399841.png	"The image depicts an animated scene with a young girl running across a street. She has brown hair and is wearing an orange top. The girl appears to be in motion, with her arms outstretched and her mouth open as if she is shouting or calling out.  In front of her is a black car with its headlights on, suggesting it is either moving or has just stopped. The car's front right tire is on fire, indicating a possible accident or mechanical failure.  To the left of the girl is a stop sign, which is red with the word ""STOP"" in white capital letters. The sign is mounted on a metal pole and is illuminated by a traffic light, which is red.  The street has a crosswalk with yellow stripes, and the ground shows a shadow cast by the girl, indicating that the scene is set during the day. The overall style of the image is cartoonish, with bold outlines and a limited color palette."	86713532715.png	The image features a large, curved ruler with a yellow body and red markings, resting on a surface. The ruler's handle is at the top, and it appears to be leaning against a vertical surface. Below the ruler, there is a large, curly, brown hair-like object with a white substance sprinkled on it. In the background, there is a small, gray rock. The image is a 3D rendering with a focus on the ruler and the hair-like object.	10144526077.png	The image shows a single, curved strand of hair with a golden-orange hue. The hair appears to be wavy and has a smooth, glossy texture. It is set against a plain, light background that does not distract from the hair itself. The hair's curved form is the central focus of the image. There is no visible text or other objects in the image. The hair's position and the absence of other elements suggest a minimalist or abstract composition.	75288805245.png	The image depicts an animated character with a surprised expression. The character has red hair tied back and is wearing a white headband. The character's face is flushed, and there are sweat droplets on the forehead. The character's hands are placed on the head, and the mouth is slightly open. The character is wearing a white top with a black collar. The background is plain white.
bir bahya qolmoq	Oyogʻim uzilib, jagʻim osilib tushishiga bir baxya qoldi.		75288805245.png	The image depicts an animated character with a surprised expression. The character has red hair tied back and is wearing a white headband. The character's face is flushed, and there are sweat droplets on the forehead. The character's hands are placed on the head, and the mouth is slightly open. The character is wearing a white top with a black collar. The background is plain white.	86713532715.png	The image features a large, curved ruler with a yellow body and red markings, resting on a surface. The ruler's handle is at the top, and it appears to be leaning against a vertical surface. Below the ruler, there is a large, curly, brown hair-like object with a white substance sprinkled on it. In the background, there is a small, gray rock. The image is a 3D rendering with a focus on the ruler and the hair-like object.	25897399841.png	"The image depicts an animated scene with a young girl running across a street. She has brown hair and is wearing an orange top. The girl appears to be in motion, with her arms outstretched and her mouth open as if she is shouting or calling out.  In front of her is a black car with its headlights on, suggesting it is either moving or has just stopped. The car's front right tire is on fire, indicating a possible accident or mechanical failure.  To the left of the girl is a stop sign, which is red with the word ""STOP"" in white capital letters. The sign is mounted on a metal pole and is illuminated by a traffic light, which is red.  The street has a crosswalk with yellow stripes, and the ground shows a shadow cast by the girl, indicating that the scene is set during the day. The overall style of the image is cartoonish, with bold outlines and a limited color palette."	27551322557.png	The image depicts an animated character, a young woman with dark hair tied in a bun, sitting on a brown armchair. She is wearing a red blouse with a floral pattern and black pants. The woman is holding a yellow mug with a steamy beverage, suggesting she is enjoying a hot drink. She has her eyes closed, indicating she might be relaxed or in a state of rest.  The armchair is placed on a white surface, and there are several potted plants around her, adding a touch of greenery to the scene. The plants vary in size and type, with some having broad leaves and others with more slender leaves.  The background is plain white, which contrasts with the character and the plants, making them stand out. There is no visible text in the image. The overall style of the image is illustrative and cartoonish, with a focus on simplicity and a calm atmosphere.	10144526077.png	The image shows a single, curved strand of hair with a golden-orange hue. The hair appears to be wavy and has a smooth, glossy texture. It is set against a plain, light background that does not distract from the hair itself. The hair's curved form is the central focus of the image. There is no visible text or other objects in the image. The hair's position and the absence of other elements suggest a minimalist or abstract composition.
bir bahya qolmoq	Bir baxya ham suvli yerlar boʻsh qolmasin.		10144526077.png	The image shows a single, curved strand of hair with a golden-orange hue. The hair appears to be wavy and has a smooth, glossy texture. It is set against a plain, light background that does not distract from the hair itself. The hair's curved form is the central focus of the image. There is no visible text or other objects in the image. The hair's position and the absence of other elements suggest a minimalist or abstract composition.	86713532715.png	The image features a large, curved ruler with a yellow body and red markings, resting on a surface. The ruler's handle is at the top, and it appears to be leaning against a vertical surface. Below the ruler, there is a large, curly, brown hair-like object with a white substance sprinkled on it. In the background, there is a small, gray rock. The image is a 3D rendering with a focus on the ruler and the hair-like object.	27551322557.png	The image depicts an animated character, a young woman with dark hair tied in a bun, sitting on a brown armchair. She is wearing a red blouse with a floral pattern and black pants. The woman is holding a yellow mug with a steamy beverage, suggesting she is enjoying a hot drink. She has her eyes closed, indicating she might be relaxed or in a state of rest.  The armchair is placed on a white surface, and there are several potted plants around her, adding a touch of greenery to the scene. The plants vary in size and type, with some having broad leaves and others with more slender leaves.  The background is plain white, which contrasts with the character and the plants, making them stand out. There is no visible text in the image. The overall style of the image is illustrative and cartoonish, with a focus on simplicity and a calm atmosphere.	75288805245.png	The image depicts an animated character with a surprised expression. The character has red hair tied back and is wearing a white headband. The character's face is flushed, and there are sweat droplets on the forehead. The character's hands are placed on the head, and the mouth is slightly open. The character is wearing a white top with a black collar. The background is plain white.	25897399841.png	"The image depicts an animated scene with a young girl running across a street. She has brown hair and is wearing an orange top. The girl appears to be in motion, with her arms outstretched and her mouth open as if she is shouting or calling out.  In front of her is a black car with its headlights on, suggesting it is either moving or has just stopped. The car's front right tire is on fire, indicating a possible accident or mechanical failure.  To the left of the girl is a stop sign, which is red with the word ""STOP"" in white capital letters. The sign is mounted on a metal pole and is illuminated by a traffic light, which is red.  The street has a crosswalk with yellow stripes, and the ground shows a shadow cast by the girl, indicating that the scene is set during the day. The overall style of the image is cartoonish, with bold outlines and a limited color palette."
bir bahya qolmoq	Shunday yoshlarimizning ishini eshitganda, kishining koʻngli yana bir baxya koʻtarilib, koʻngling quvonchga toʻladi.		27551322557.png	The image depicts an animated character, a young woman with dark hair tied in a bun, sitting on a brown armchair. She is wearing a red blouse with a floral pattern and black pants. The woman is holding a yellow mug with a steamy beverage, suggesting she is enjoying a hot drink. She has her eyes closed, indicating she might be relaxed or in a state of rest.  The armchair is placed on a white surface, and there are several potted plants around her, adding a touch of greenery to the scene. The plants vary in size and type, with some having broad leaves and others with more slender leaves.  The background is plain white, which contrasts with the character and the plants, making them stand out. There is no visible text in the image. The overall style of the image is illustrative and cartoonish, with a focus on simplicity and a calm atmosphere.	10144526077.png	The image shows a single, curved strand of hair with a golden-orange hue. The hair appears to be wavy and has a smooth, glossy texture. It is set against a plain, light background that does not distract from the hair itself. The hair's curved form is the central focus of the image. There is no visible text or other objects in the image. The hair's position and the absence of other elements suggest a minimalist or abstract composition.	75288805245.png	The image depicts an animated character with a surprised expression. The character has red hair tied back and is wearing a white headband. The character's face is flushed, and there are sweat droplets on the forehead. The character's hands are placed on the head, and the mouth is slightly open. The character is wearing a white top with a black collar. The background is plain white.	25897399841.png	"The image depicts an animated scene with a young girl running across a street. She has brown hair and is wearing an orange top. The girl appears to be in motion, with her arms outstretched and her mouth open as if she is shouting or calling out.  In front of her is a black car with its headlights on, suggesting it is either moving or has just stopped. The car's front right tire is on fire, indicating a possible accident or mechanical failure.  To the left of the girl is a stop sign, which is red with the word ""STOP"" in white capital letters. The sign is mounted on a metal pole and is illuminated by a traffic light, which is red.  The street has a crosswalk with yellow stripes, and the ground shows a shadow cast by the girl, indicating that the scene is set during the day. The overall style of the image is cartoonish, with bold outlines and a limited color palette."	86713532715.png	The image features a large, curved ruler with a yellow body and red markings, resting on a surface. The ruler's handle is at the top, and it appears to be leaning against a vertical surface. Below the ruler, there is a large, curly, brown hair-like object with a white substance sprinkled on it. In the background, there is a small, gray rock. The image is a 3D rendering with a focus on the ruler and the hair-like object.
ishtiyoqi baland	Suyagi mehnatda qotgan suhbatdoshimiz dadasidan o‘rganganlari va yillar davomida to‘plagan tajribasini ishsiz, tadbirkorlikka ishtiyoqi baland yoshlarga o‘rgatish maqsadida bir qancha loyihalarga qo‘l urgan.		71108710093.png	The image depicts a stylized illustration of a person with their arms raised high above their head. The person has short hair and is wearing a red shirt with black sleeves. The background is plain white, emphasizing the subject. There is no visible text in the image. The style of the illustration is cartoonish and simplistic, with a limited color palette and a lack of detail that suggests it might be a digital artwork or a graphic design.	54268454048.png	The image depicts an animated character, a young boy with dark hair, wearing glasses and a black jacket with a red lining. He is seated at a desk with a laptop in front of him. The boy is smiling and has his arms raised in a gesture of excitement or celebration. On the desk, there is a white notepad and a gray mug. The background is plain white.	16981263598.png	The image depicts a serene landscape scene. In the foreground, there is a calm body of water reflecting the surrounding scenery. The water's surface is undisturbed, creating a mirror-like reflection of the mountains and trees. The mountains rise steeply from the water's edge, with a valley between them. The valley is filled with lush greenery and autumnal foliage in shades of orange and yellow. The trees are dense and appear to be coniferous, with their needles in various shades of green. The sky is overcast, with no visible clouds, and the overall color palette is dominated by greens, browns, and grays. There is no visible text in the image. The style of the image is realistic with a focus on natural beauty.	76362031426.png	The image depicts a cartoon character, a young boy with curly hair, sitting at a desk. He is wearing a gray shirt with a yellow collar and a black backpack. The boy is smiling and has his right arm raised, with his hand open as if waving or greeting someone. He is looking towards the viewer with his left hand resting on the desk. The desk is brown with a red book on it. The background is plain white. There is no visible text in the image.	34353465720.png	The image features a stylized, cartoon-like illustration of a bar graph with a three-dimensional appearance. The graph has a black background with a grid pattern, and there are three colored spheres at the bottom, each representing a different data point. The graph's arrow points upwards, indicating an increase or positive trend. The colors of the spheres are red, yellow, and green. The style of the image is simplistic and appears to be designed for educational or informational purposes.
ishtiyoqi baland	Film tomosha qilishga unchalik ishtiyoqim baland emas.		76362031426.png	The image depicts a cartoon character, a young boy with curly hair, sitting at a desk. He is wearing a gray shirt with a yellow collar and a black backpack. The boy is smiling and has his right arm raised, with his hand open as if waving or greeting someone. He is looking towards the viewer with his left hand resting on the desk. The desk is brown with a red book on it. The background is plain white. There is no visible text in the image.	34353465720.png	The image features a stylized, cartoon-like illustration of a bar graph with a three-dimensional appearance. The graph has a black background with a grid pattern, and there are three colored spheres at the bottom, each representing a different data point. The graph's arrow points upwards, indicating an increase or positive trend. The colors of the spheres are red, yellow, and green. The style of the image is simplistic and appears to be designed for educational or informational purposes.	71108710093.png	The image depicts a stylized illustration of a person with their arms raised high above their head. The person has short hair and is wearing a red shirt with black sleeves. The background is plain white, emphasizing the subject. There is no visible text in the image. The style of the illustration is cartoonish and simplistic, with a limited color palette and a lack of detail that suggests it might be a digital artwork or a graphic design.	16981263598.png	The image depicts a serene landscape scene. In the foreground, there is a calm body of water reflecting the surrounding scenery. The water's surface is undisturbed, creating a mirror-like reflection of the mountains and trees. The mountains rise steeply from the water's edge, with a valley between them. The valley is filled with lush greenery and autumnal foliage in shades of orange and yellow. The trees are dense and appear to be coniferous, with their needles in various shades of green. The sky is overcast, with no visible clouds, and the overall color palette is dominated by greens, browns, and grays. There is no visible text in the image. The style of the image is realistic with a focus on natural beauty.	54268454048.png	The image depicts an animated character, a young boy with dark hair, wearing glasses and a black jacket with a red lining. He is seated at a desk with a laptop in front of him. The boy is smiling and has his arms raised in a gesture of excitement or celebration. On the desk, there is a white notepad and a gray mug. The background is plain white.
olovga benzin sepmoq	Ularning janjaliga aralashib, salom aytgan odam olovga benzin sepgan bo‘ldi — bahs yanada kuchaydi.		81498975495.png	The image features a stylized, symmetrical snowflake with a central hexagonal shape. The snowflake is composed of numerous small, white, spherical elements that resemble snowflakes themselves, creating a layered, textured appearance. The central part of the snowflake has a darker shade, possibly indicating a shadow or a different type of snowflake. The snowflake is set against a plain, light background. There is no visible text in the image. The style of the image is illustrative and appears to be a digital artwork or graphic design.	38233487840.png	The image features a large, rusted metal canister with a red top, placed on a rocky surface. To the left of the canister, there is a small, orange fire with flames and smoke. On the right side of the canister, there is a smaller, yellow canister with a red diamond symbol on it. The background is a plain, light color, and there are a few scattered leaves and a small green plant in the foreground. The overall style of the image is a 3D rendering with a realistic texture.	13571598913.png	The image depicts an animated scene where a hand is pouring a yellow liquid from a bottle into a fire. The fire is represented by a stylized, glowing orange shape that resembles a flame. The liquid is splashing around the flame, creating a dynamic and energetic effect. The bottle has a red cap and is being held by a hand that is wearing a brown glove. The background is plain white, which contrasts with the vibrant colors of the fire and the liquid. There is no visible text in the image. The overall style of the image is cartoonish and colorful.	23815451448.png	The image is a digital illustration featuring three animated characters. On the left, there is a character with curly hair and a yellow top, covering their mouth with their hand. In the center, a character with curly hair and a brown top is smiling and pointing at the character on the right. The character on the right has curly hair, a red top, and is also smiling. Above the characters are two speech bubbles, one on the left and one on the right, both with a dark gray outline and a lighter gray interior. The style of the image is cartoonish with a limited color palette.	31464338077.png	The image is a stylized illustration featuring three animated characters. On the left, a character with curly hair and a yellow shirt is gesturing with their right hand, while their mouth is open as if speaking. In the center, a character with dark hair, wearing a red top and a black skirt, has their hand on their mouth, suggesting surprise or shock. To the right, another character with curly hair and a black shirt is leaning in towards the central character, with their hand near their ear as if listening intently. Above the characters, there is a speech bubble with a black outline and a yellow interior, containing three yellow dots, which is a common symbol for sound or noise. The characters appear to be engaged in a conversation or a shared moment of surprise or discovery.
olovga benzin sepmoq	Do‘stining g‘azablangan paytida kinoya bilan gapirish — bu holatda olovga benzin sepish bilan barobar edi.		38233487840.png	The image features a large, rusted metal canister with a red top, placed on a rocky surface. To the left of the canister, there is a small, orange fire with flames and smoke. On the right side of the canister, there is a smaller, yellow canister with a red diamond symbol on it. The background is a plain, light color, and there are a few scattered leaves and a small green plant in the foreground. The overall style of the image is a 3D rendering with a realistic texture.	81498975495.png	The image features a stylized, symmetrical snowflake with a central hexagonal shape. The snowflake is composed of numerous small, white, spherical elements that resemble snowflakes themselves, creating a layered, textured appearance. The central part of the snowflake has a darker shade, possibly indicating a shadow or a different type of snowflake. The snowflake is set against a plain, light background. There is no visible text in the image. The style of the image is illustrative and appears to be a digital artwork or graphic design.	31464338077.png	The image is a stylized illustration featuring three animated characters. On the left, a character with curly hair and a yellow shirt is gesturing with their right hand, while their mouth is open as if speaking. In the center, a character with dark hair, wearing a red top and a black skirt, has their hand on their mouth, suggesting surprise or shock. To the right, another character with curly hair and a black shirt is leaning in towards the central character, with their hand near their ear as if listening intently. Above the characters, there is a speech bubble with a black outline and a yellow interior, containing three yellow dots, which is a common symbol for sound or noise. The characters appear to be engaged in a conversation or a shared moment of surprise or discovery.	23815451448.png	The image is a digital illustration featuring three animated characters. On the left, there is a character with curly hair and a yellow top, covering their mouth with their hand. In the center, a character with curly hair and a brown top is smiling and pointing at the character on the right. The character on the right has curly hair, a red top, and is also smiling. Above the characters are two speech bubbles, one on the left and one on the right, both with a dark gray outline and a lighter gray interior. The style of the image is cartoonish with a limited color palette.	13571598913.png	The image depicts an animated scene where a hand is pouring a yellow liquid from a bottle into a fire. The fire is represented by a stylized, glowing orange shape that resembles a flame. The liquid is splashing around the flame, creating a dynamic and energetic effect. The bottle has a red cap and is being held by a hand that is wearing a brown glove. The background is plain white, which contrasts with the vibrant colors of the fire and the liquid. There is no visible text in the image. The overall style of the image is cartoonish and colorful.
olovga benzin sepmoq	Bola o‘ynab yurib, olovga benzin sepib yubordi va katta alangalanish yuz berdi.		38233487840.png	The image features a large, rusted metal canister with a red top, placed on a rocky surface. To the left of the canister, there is a small, orange fire with flames and smoke. On the right side of the canister, there is a smaller, yellow canister with a red diamond symbol on it. The background is a plain, light color, and there are a few scattered leaves and a small green plant in the foreground. The overall style of the image is a 3D rendering with a realistic texture.	81498975495.png	The image features a stylized, symmetrical snowflake with a central hexagonal shape. The snowflake is composed of numerous small, white, spherical elements that resemble snowflakes themselves, creating a layered, textured appearance. The central part of the snowflake has a darker shade, possibly indicating a shadow or a different type of snowflake. The snowflake is set against a plain, light background. There is no visible text in the image. The style of the image is illustrative and appears to be a digital artwork or graphic design.	23815451448.png	The image is a digital illustration featuring three animated characters. On the left, there is a character with curly hair and a yellow top, covering their mouth with their hand. In the center, a character with curly hair and a brown top is smiling and pointing at the character on the right. The character on the right has curly hair, a red top, and is also smiling. Above the characters are two speech bubbles, one on the left and one on the right, both with a dark gray outline and a lighter gray interior. The style of the image is cartoonish with a limited color palette.	13571598913.png	The image depicts an animated scene where a hand is pouring a yellow liquid from a bottle into a fire. The fire is represented by a stylized, glowing orange shape that resembles a flame. The liquid is splashing around the flame, creating a dynamic and energetic effect. The bottle has a red cap and is being held by a hand that is wearing a brown glove. The background is plain white, which contrasts with the vibrant colors of the fire and the liquid. There is no visible text in the image. The overall style of the image is cartoonish and colorful.	31464338077.png	The image is a stylized illustration featuring three animated characters. On the left, a character with curly hair and a yellow shirt is gesturing with their right hand, while their mouth is open as if speaking. In the center, a character with dark hair, wearing a red top and a black skirt, has their hand on their mouth, suggesting surprise or shock. To the right, another character with curly hair and a black shirt is leaning in towards the central character, with their hand near their ear as if listening intently. Above the characters, there is a speech bubble with a black outline and a yellow interior, containing three yellow dots, which is a common symbol for sound or noise. The characters appear to be engaged in a conversation or a shared moment of surprise or discovery.
olovga benzin sepmoq	Ishchilar ehtiyotsizlik bilan olovga benzin sepganlari sababli yong‘in chiqdi.		31464338077.png	The image is a stylized illustration featuring three animated characters. On the left, a character with curly hair and a yellow shirt is gesturing with their right hand, while their mouth is open as if speaking. In the center, a character with dark hair, wearing a red top and a black skirt, has their hand on their mouth, suggesting surprise or shock. To the right, another character with curly hair and a black shirt is leaning in towards the central character, with their hand near their ear as if listening intently. Above the characters, there is a speech bubble with a black outline and a yellow interior, containing three yellow dots, which is a common symbol for sound or noise. The characters appear to be engaged in a conversation or a shared moment of surprise or discovery.	38233487840.png	The image features a large, rusted metal canister with a red top, placed on a rocky surface. To the left of the canister, there is a small, orange fire with flames and smoke. On the right side of the canister, there is a smaller, yellow canister with a red diamond symbol on it. The background is a plain, light color, and there are a few scattered leaves and a small green plant in the foreground. The overall style of the image is a 3D rendering with a realistic texture.	81498975495.png	The image features a stylized, symmetrical snowflake with a central hexagonal shape. The snowflake is composed of numerous small, white, spherical elements that resemble snowflakes themselves, creating a layered, textured appearance. The central part of the snowflake has a darker shade, possibly indicating a shadow or a different type of snowflake. The snowflake is set against a plain, light background. There is no visible text in the image. The style of the image is illustrative and appears to be a digital artwork or graphic design.	13571598913.png	The image depicts an animated scene where a hand is pouring a yellow liquid from a bottle into a fire. The fire is represented by a stylized, glowing orange shape that resembles a flame. The liquid is splashing around the flame, creating a dynamic and energetic effect. The bottle has a red cap and is being held by a hand that is wearing a brown glove. The background is plain white, which contrasts with the vibrant colors of the fire and the liquid. There is no visible text in the image. The overall style of the image is cartoonish and colorful.	23815451448.png	The image is a digital illustration featuring three animated characters. On the left, there is a character with curly hair and a yellow top, covering their mouth with their hand. In the center, a character with curly hair and a brown top is smiling and pointing at the character on the right. The character on the right has curly hair, a red top, and is also smiling. Above the characters are two speech bubbles, one on the left and one on the right, both with a dark gray outline and a lighter gray interior. The style of the image is cartoonish with a limited color palette.
eski gap	Ikki do'stning bahsi yana eski gapdan,ya'ni pul masalasidagi kelishmovchilikdan boshlandi.		14557766778.png	"The image shows a calendar with a red ""X"" drawn over the 9th of the month. The calendar is placed on a stand with a small, yellow, triangular object on top. The calendar appears to be a digital or illustrated representation, with a grid of dates and a visible month and year at the top. The ""X"" is superimposed over the 9th, indicating a specific date has been marked or crossed out. The calendar is set against a plain background."	60663030726.png	The image shows a book with a predominantly black cover that appears to be in a state of disrepair. The book is lying on its side, with the spine facing upwards. The cover is peeling and flaking, revealing a layer of what looks like orange paint or a similar substance underneath. The edges of the book are frayed and worn, and there are visible particles of the material scattered around the book, suggesting it has been damaged or neglected. The background is a plain, light color that contrasts with the dark tones of the book. There is no visible text on the book or in the image. The style of the image is realistic with a focus on texture and color.	19801596184.png	The image shows a stylized illustration of a scroll or parchment with a wooden roller on each end. The rollers are orange with a yellow center, and the scroll appears to be unrolled, with the edges frayed and torn, suggesting it has been used or is old. The background is plain white, emphasizing the scroll and rollers. There is no visible text in the image. The style of the illustration is cartoonish with a limited color palette.	93376785077.png	"The image is a digital illustration featuring two animated characters. On the left is a male character with short brown hair, wearing a black shirt and dark pants. He has his mouth open as if speaking, and his right hand is raised with his palm facing outward. On the right is a female character with curly brown hair, wearing a yellow top and dark pants. She has her mouth open as if surprised or shocked, and her left hand is raised with her palm facing inward. Above the female character is a speech bubble with the word ""forget!"" written in bold, black letters. The background is plain white, emphasizing the characters. The style of the illustration is cartoonish with a limited color palette."	99717802197.png	The image shows a smartphone with a black front and orange accents. The phone has a notch at the top center, which is typical for modern smartphones to house the front-facing camera and sensors. Below the notch, there is a display with a dark background and a row of four icons at the bottom, which are likely to be app shortcuts. The icons are colorful and appear to represent different functions or applications. The phone is positioned at an angle, with the top left corner facing the viewer. The image is a digital rendering or illustration, not a photograph of a real device.
eski gap	Har safar ko'rishib qolganimizda u  eski gapni, ya'ni men qilgan xatoni qayta va qayta eslatadi.		19801596184.png	The image shows a stylized illustration of a scroll or parchment with a wooden roller on each end. The rollers are orange with a yellow center, and the scroll appears to be unrolled, with the edges frayed and torn, suggesting it has been used or is old. The background is plain white, emphasizing the scroll and rollers. There is no visible text in the image. The style of the illustration is cartoonish with a limited color palette.	93376785077.png	"The image is a digital illustration featuring two animated characters. On the left is a male character with short brown hair, wearing a black shirt and dark pants. He has his mouth open as if speaking, and his right hand is raised with his palm facing outward. On the right is a female character with curly brown hair, wearing a yellow top and dark pants. She has her mouth open as if surprised or shocked, and her left hand is raised with her palm facing inward. Above the female character is a speech bubble with the word ""forget!"" written in bold, black letters. The background is plain white, emphasizing the characters. The style of the illustration is cartoonish with a limited color palette."	60663030726.png	The image shows a book with a predominantly black cover that appears to be in a state of disrepair. The book is lying on its side, with the spine facing upwards. The cover is peeling and flaking, revealing a layer of what looks like orange paint or a similar substance underneath. The edges of the book are frayed and worn, and there are visible particles of the material scattered around the book, suggesting it has been damaged or neglected. The background is a plain, light color that contrasts with the dark tones of the book. There is no visible text on the book or in the image. The style of the image is realistic with a focus on texture and color.	99717802197.png	The image shows a smartphone with a black front and orange accents. The phone has a notch at the top center, which is typical for modern smartphones to house the front-facing camera and sensors. Below the notch, there is a display with a dark background and a row of four icons at the bottom, which are likely to be app shortcuts. The icons are colorful and appear to represent different functions or applications. The phone is positioned at an angle, with the top left corner facing the viewer. The image is a digital rendering or illustration, not a photograph of a real device.	14557766778.png	"The image shows a calendar with a red ""X"" drawn over the 9th of the month. The calendar is placed on a stand with a small, yellow, triangular object on top. The calendar appears to be a digital or illustrated representation, with a grid of dates and a visible month and year at the top. The ""X"" is superimposed over the 9th, indicating a specific date has been marked or crossed out. The calendar is set against a plain background."
tug'ruqdan keyingi tushkunlik	Shifokor aytishicha, ayrim ayollar tug‘ruqdan keyingi tushkunlik holatini boshdan kechiradi.		50241418747.png	The image shows a cartoon depiction of a crying baby. The baby has a large, open mouth and is shedding tears. The baby's hair is dark and messy, and it is wearing a white outfit with orange accents. The baby's arms are outstretched, and it appears to be in mid-air, suggesting movement or a state of distress. The background is plain and white, which contrasts with the baby's colorful attire. There is no visible text in the image.	11972575591.png	The image is a digital illustration of a woman and a child. The woman is seated on a bed with a pillow and a small plant on the nightstand beside her. She has dark hair styled in a bun with a flower accessory. Her attire consists of a red top and patterned pants. The child is lying on the bed, facing away from the viewer, with a yellow top and a small flower on the bed. The woman appears to be looking down at the child with a concerned or contemplative expression. There is no visible text in the image. The style of the illustration is cartoonish with a soft, rounded quality to the characters and their surroundings.	41164939953.png	"The image shows a stylized, three-dimensional illustration of a book with a unique design. The book has a hardcover binding with a combination of brown and red leather-like material. The spine of the book is black and features a red strap with a buckle, suggesting a secure closure. The book is open, revealing a white page with text that is too small to read clearly. There is a visible spine label with the text ""1999"" and a small circular emblem. The book is resting on a flat surface, and the illustration is done in a realistic style with attention to detail, such as the texture of the leather and the shadows cast by the book."	77745983347.png	The image depicts a stylized illustration of a woman with red hair, wearing a red top, holding a baby wrapped in a white blanket. The woman's expression is one of concern or sadness, with her eyes looking down and her mouth slightly open. The baby appears to be asleep or resting, with its eyes closed and a peaceful expression. The background is a plain, neutral color, providing no additional context or setting. There is no visible text in the image. The style of the illustration is soft and cartoonish, with a limited color palette and a focus on the emotional state of the characters.	13432657194.png	The image is a stylized illustration featuring two animated characters. On the left, there is a male character with dark hair, wearing a dark shirt and brown pants. He is holding a cup of tea with a saucer and a spoon. On the right, there is a female character with dark hair, wearing glasses and a red top. She is seated on an orange armchair and appears to be in a state of distress or sadness, with her hands clasped together and her head slightly tilted.  In front of the female character, there is a small table with a plant in a pot on it. The plant has green leaves. To the left of the male character, there is a small table with a yellow cup and a white teapot on it. The background is plain and does not provide any additional context or setting. There is no visible text in the image.
tug'ruqdan keyingi tushkunlik	Dilafruz tug‘ruqdan keyin o‘zini yomon his qilib, tug‘ruqdan keyingi tushkunlik davrini boshdan o‘tkazdi.		11972575591.png	The image is a digital illustration of a woman and a child. The woman is seated on a bed with a pillow and a small plant on the nightstand beside her. She has dark hair styled in a bun with a flower accessory. Her attire consists of a red top and patterned pants. The child is lying on the bed, facing away from the viewer, with a yellow top and a small flower on the bed. The woman appears to be looking down at the child with a concerned or contemplative expression. There is no visible text in the image. The style of the illustration is cartoonish with a soft, rounded quality to the characters and their surroundings.	13432657194.png	The image is a stylized illustration featuring two animated characters. On the left, there is a male character with dark hair, wearing a dark shirt and brown pants. He is holding a cup of tea with a saucer and a spoon. On the right, there is a female character with dark hair, wearing glasses and a red top. She is seated on an orange armchair and appears to be in a state of distress or sadness, with her hands clasped together and her head slightly tilted.  In front of the female character, there is a small table with a plant in a pot on it. The plant has green leaves. To the left of the male character, there is a small table with a yellow cup and a white teapot on it. The background is plain and does not provide any additional context or setting. There is no visible text in the image.	41164939953.png	"The image shows a stylized, three-dimensional illustration of a book with a unique design. The book has a hardcover binding with a combination of brown and red leather-like material. The spine of the book is black and features a red strap with a buckle, suggesting a secure closure. The book is open, revealing a white page with text that is too small to read clearly. There is a visible spine label with the text ""1999"" and a small circular emblem. The book is resting on a flat surface, and the illustration is done in a realistic style with attention to detail, such as the texture of the leather and the shadows cast by the book."	77745983347.png	The image depicts a stylized illustration of a woman with red hair, wearing a red top, holding a baby wrapped in a white blanket. The woman's expression is one of concern or sadness, with her eyes looking down and her mouth slightly open. The baby appears to be asleep or resting, with its eyes closed and a peaceful expression. The background is a plain, neutral color, providing no additional context or setting. There is no visible text in the image. The style of the illustration is soft and cartoonish, with a limited color palette and a focus on the emotional state of the characters.	50241418747.png	The image shows a cartoon depiction of a crying baby. The baby has a large, open mouth and is shedding tears. The baby's hair is dark and messy, and it is wearing a white outfit with orange accents. The baby's arms are outstretched, and it appears to be in mid-air, suggesting movement or a state of distress. The background is plain and white, which contrasts with the baby's colorful attire. There is no visible text in the image.
beqaror mamlakat	Erishilgan kelishuvlarga qaramay Yaman beqaror mamlakatligicha qolmoqda.		31453250739.png	The image features a stylized depiction of a globe with a flat, circular object floating above it. The globe is detailed with various colors representing different countries, and it is set against a plain white background. The flat object appears to be a simplified representation of a pizza, with a brown crust and a variety of toppings, including what looks like cheese, tomato sauce, and possibly other ingredients. There is no visible text in the image. The relationship between the objects is that the flat object is hovering above the globe, suggesting a conceptual or symbolic connection between the two.	50063955154.png	The image depicts a stylized, cartoon-like illustration of a landscape with a cracked, jagged earth surface. The land is divided into several distinct areas, each with its own vegetation and color scheme. The central area is a large, flat expanse with a mix of greenery and what appears to be a yellowish substance, possibly representing a desert or a mineral-rich terrain. Surrounding this central area are smaller, irregularly shaped land masses, each with its own vegetation and color variations. The land masses are connected by a network of thin, dark lines that suggest cracks or fault lines. The overall style is reminiscent of a digital painting or a conceptual map. There is no visible text in the image.	96979245373.png	The image depicts a stylized, cartoon-like illustration of a balance scale. The scale has two bowls, one on each side, connected by a vertical bar. The bowl on the left is orange and the one on the right is brown. The vertical bar is brown with a few yellow circles at the top. The scale is placed on a base that appears to be a dark brown color. The background is plain white, emphasizing the object. There is no visible text in the image.	18721821668.png	The image depicts a stylized illustration of a blue teapot pouring a stream of orange liquid into a blue cup. The teapot has a brown handle and a matching brown lid. The cup has a small floral pattern on its side. The liquid appears to be in motion, creating a dynamic scene. There is no visible text in the image. The style of the illustration is cartoonish and simplistic, with a focus on bright colors and smooth lines.	25019476515.png	The image depicts a classical-style building with a prominent red roof, situated on a cliff. The building features multiple windows, a central entrance with columns, and a balcony on the second floor. The facade shows signs of wear and damage, with cracks and missing pieces of the structure. The cliff on which the building is perched is partially eroded, revealing the interior of the building. The surrounding area includes greenery and a few flowers, suggesting a garden or park setting. There is no visible text in the image. The style of the image is illustrative, with a focus on detail and color.
beqaror mamlakat	2021 yil may oyida Malida harbiy to‘ntarish sodir bo‘lganidan beri, Afrikadagi juda beqaror mamlakat Rossiya va jangchilari mamlakatda «harbiy maslahatchilar» deb ataladigan Vagner guruhi bilan yaqin aloqada bo‘lgan harbiy xunta tomonidan boshqariladi.		18721821668.png	The image depicts a stylized illustration of a blue teapot pouring a stream of orange liquid into a blue cup. The teapot has a brown handle and a matching brown lid. The cup has a small floral pattern on its side. The liquid appears to be in motion, creating a dynamic scene. There is no visible text in the image. The style of the illustration is cartoonish and simplistic, with a focus on bright colors and smooth lines.	25019476515.png	The image depicts a classical-style building with a prominent red roof, situated on a cliff. The building features multiple windows, a central entrance with columns, and a balcony on the second floor. The facade shows signs of wear and damage, with cracks and missing pieces of the structure. The cliff on which the building is perched is partially eroded, revealing the interior of the building. The surrounding area includes greenery and a few flowers, suggesting a garden or park setting. There is no visible text in the image. The style of the image is illustrative, with a focus on detail and color.	31453250739.png	The image features a stylized depiction of a globe with a flat, circular object floating above it. The globe is detailed with various colors representing different countries, and it is set against a plain white background. The flat object appears to be a simplified representation of a pizza, with a brown crust and a variety of toppings, including what looks like cheese, tomato sauce, and possibly other ingredients. There is no visible text in the image. The relationship between the objects is that the flat object is hovering above the globe, suggesting a conceptual or symbolic connection between the two.	96979245373.png	The image depicts a stylized, cartoon-like illustration of a balance scale. The scale has two bowls, one on each side, connected by a vertical bar. The bowl on the left is orange and the one on the right is brown. The vertical bar is brown with a few yellow circles at the top. The scale is placed on a base that appears to be a dark brown color. The background is plain white, emphasizing the object. There is no visible text in the image.	50063955154.png	The image depicts a stylized, cartoon-like illustration of a landscape with a cracked, jagged earth surface. The land is divided into several distinct areas, each with its own vegetation and color scheme. The central area is a large, flat expanse with a mix of greenery and what appears to be a yellowish substance, possibly representing a desert or a mineral-rich terrain. Surrounding this central area are smaller, irregularly shaped land masses, each with its own vegetation and color variations. The land masses are connected by a network of thin, dark lines that suggest cracks or fault lines. The overall style is reminiscent of a digital painting or a conceptual map. There is no visible text in the image.
xom semiz	Yurolmaydi bularning hammasi, xomsemiz bo‘lib qolgan.		69596908947.png	The image features a cartoon character standing in an open doorway. The character is a male with a large, round head, a prominent nose, and a wide mouth. He has dark hair and is wearing a white shirt with a brown tie, black pants, and brown shoes. The character's arms are at his sides, and he appears to be looking directly at the viewer. The background is minimal, with the doorway leading to a dark room. There is no visible text in the image.	19292136922.png	The image shows a three-dimensional rendering of a piece of meat, specifically a steak, with a focus on its texture and color. The steak is presented in a realistic style, with a rich red color and visible fat marbling throughout. The background is plain white, which contrasts with the meat and highlights its details. There is no visible text in the image.	77117824230.png	The image shows a tangled bundle of rope with a predominantly brown color, interspersed with orange and red accents. The rope appears to be in a state of disarray, with loops and twists creating a chaotic appearance. The background is plain and white, which contrasts with the rope's colors. There is no visible text in the image. The style of the image is illustrative, with a focus on the texture and color variations of the rope.	12744706124.png	The image features a vibrant sunflower with a large, bright yellow head and a dark brown center. The petals are layered and have a glossy finish, giving the flower a fresh and healthy appearance. The sunflower is attached to a green stem with two visible leaves, one on each side. The background is a plain white, which contrasts with the vivid colors of the sunflower, making it the focal point of the image. There is no visible text in the image. The sunflower is depicted in a realistic style, with attention to detail in the textures and shading of the petals and leaves.	75259502474.png	The image depicts a stylized illustration of a large, glossy, orange-colored blob with a smooth, rounded surface. It appears to be dripping or oozing a small amount of a similar orange substance from its lower right side. The blob is set against a plain white background. There is no visible text in the image. The style of the illustration is simplistic and cartoonish, with a focus on the texture and color of the blob.
xom semiz	Endi Joshuani barcha o‘sha kichkina xomsemizga mag‘lub bo‘lgan bokschi sifatida ko‘radi		75259502474.png	The image depicts a stylized illustration of a large, glossy, orange-colored blob with a smooth, rounded surface. It appears to be dripping or oozing a small amount of a similar orange substance from its lower right side. The blob is set against a plain white background. There is no visible text in the image. The style of the illustration is simplistic and cartoonish, with a focus on the texture and color of the blob.	19292136922.png	The image shows a three-dimensional rendering of a piece of meat, specifically a steak, with a focus on its texture and color. The steak is presented in a realistic style, with a rich red color and visible fat marbling throughout. The background is plain white, which contrasts with the meat and highlights its details. There is no visible text in the image.	69596908947.png	The image features a cartoon character standing in an open doorway. The character is a male with a large, round head, a prominent nose, and a wide mouth. He has dark hair and is wearing a white shirt with a brown tie, black pants, and brown shoes. The character's arms are at his sides, and he appears to be looking directly at the viewer. The background is minimal, with the doorway leading to a dark room. There is no visible text in the image.	77117824230.png	The image shows a tangled bundle of rope with a predominantly brown color, interspersed with orange and red accents. The rope appears to be in a state of disarray, with loops and twists creating a chaotic appearance. The background is plain and white, which contrasts with the rope's colors. There is no visible text in the image. The style of the image is illustrative, with a focus on the texture and color variations of the rope.	12744706124.png	The image features a vibrant sunflower with a large, bright yellow head and a dark brown center. The petals are layered and have a glossy finish, giving the flower a fresh and healthy appearance. The sunflower is attached to a green stem with two visible leaves, one on each side. The background is a plain white, which contrasts with the vivid colors of the sunflower, making it the focal point of the image. There is no visible text in the image. The sunflower is depicted in a realistic style, with attention to detail in the textures and shading of the petals and leaves.
biologik soat	Har bir ayol o‘z biologik soatini his qilib, farzand ko‘rishni juda kechga qoldirmasligi kerak.		53687176255.png	The image features a stylized, cartoon-like alarm clock with a large, round body. The clock has a vibrant red exterior with a yellow center, and it is standing on two legs. The face of the clock displays the time as 10:10, with black numbers and hands. There are two small, round protrusions on the top of the clock, which could be interpreted as ears or handles. The clock is set against a plain, light background.	21565310944.png	The image shows a stylized, cartoon-like toaster with a red body and a black handle. The toaster has two slots on the top, each containing a slice of bread. The front of the toaster features two knobs, one on each side, and a button with a yellow smiley face in the center. The toaster is placed on a flat surface, and there is a small black shadow beneath it, suggesting it is resting on a surface. The image is simple and does not contain any text.	55635324795.png	The image shows a round clock face with a black border. The clock has a white background with black numbers from 1 to 12 around the circumference. The hour and minute hands of the clock are black and point to approximately 11:30. The clock face is adorned with a colorful illustration of a double helix DNA molecule, which is composed of orange, blue, and green segments. Surrounding the DNA molecule are various small colored spheres, possibly representing atoms or molecules, in shades of red, orange, yellow, green, and blue. The style of the image is illustrative and appears to be a digital rendering rather than a photograph.	39277895897.png	The image features a stylized hourglass with a desert scene inside. The hourglass has a black top and a brown base, and the sand inside is a gradient of orange to yellow. Inside the hourglass, there is a desert landscape with a cactus, a red car, a yellow creature resembling a cartoonish animal, and a small brown building. The scene is depicted in a cartoonish style with a limited color palette. There is no visible text in the image.	52073337532.png	The image is a digital illustration of a stylized female character. She has curly hair, wears glasses with a thick black frame, and has a concerned or puzzled expression. The character is wearing a dark top and a red necklace with large red beads. There is a thought bubble above her head with a white outline and a gray interior. The background is plain white.
biologik soat	Yoshi o‘tib borar ekan, u ich-ichidan biologik soati “ishlayotganini” sezdi.		52073337532.png	The image is a digital illustration of a stylized female character. She has curly hair, wears glasses with a thick black frame, and has a concerned or puzzled expression. The character is wearing a dark top and a red necklace with large red beads. There is a thought bubble above her head with a white outline and a gray interior. The background is plain white.	53687176255.png	The image features a stylized, cartoon-like alarm clock with a large, round body. The clock has a vibrant red exterior with a yellow center, and it is standing on two legs. The face of the clock displays the time as 10:10, with black numbers and hands. There are two small, round protrusions on the top of the clock, which could be interpreted as ears or handles. The clock is set against a plain, light background.	21565310944.png	The image shows a stylized, cartoon-like toaster with a red body and a black handle. The toaster has two slots on the top, each containing a slice of bread. The front of the toaster features two knobs, one on each side, and a button with a yellow smiley face in the center. The toaster is placed on a flat surface, and there is a small black shadow beneath it, suggesting it is resting on a surface. The image is simple and does not contain any text.	39277895897.png	The image features a stylized hourglass with a desert scene inside. The hourglass has a black top and a brown base, and the sand inside is a gradient of orange to yellow. Inside the hourglass, there is a desert landscape with a cactus, a red car, a yellow creature resembling a cartoonish animal, and a small brown building. The scene is depicted in a cartoonish style with a limited color palette. There is no visible text in the image.	55635324795.png	The image shows a round clock face with a black border. The clock has a white background with black numbers from 1 to 12 around the circumference. The hour and minute hands of the clock are black and point to approximately 11:30. The clock face is adorned with a colorful illustration of a double helix DNA molecule, which is composed of orange, blue, and green segments. Surrounding the DNA molecule are various small colored spheres, possibly representing atoms or molecules, in shades of red, orange, yellow, green, and blue. The style of the image is illustrative and appears to be a digital rendering rather than a photograph.
biologik soat	Biologik soat ayniqsa hayvonlar va parrandalarda yaqqol namoyon boʻladi.		52073337532.png	The image is a digital illustration of a stylized female character. She has curly hair, wears glasses with a thick black frame, and has a concerned or puzzled expression. The character is wearing a dark top and a red necklace with large red beads. There is a thought bubble above her head with a white outline and a gray interior. The background is plain white.	21565310944.png	The image shows a stylized, cartoon-like toaster with a red body and a black handle. The toaster has two slots on the top, each containing a slice of bread. The front of the toaster features two knobs, one on each side, and a button with a yellow smiley face in the center. The toaster is placed on a flat surface, and there is a small black shadow beneath it, suggesting it is resting on a surface. The image is simple and does not contain any text.	53687176255.png	The image features a stylized, cartoon-like alarm clock with a large, round body. The clock has a vibrant red exterior with a yellow center, and it is standing on two legs. The face of the clock displays the time as 10:10, with black numbers and hands. There are two small, round protrusions on the top of the clock, which could be interpreted as ears or handles. The clock is set against a plain, light background.	39277895897.png	The image features a stylized hourglass with a desert scene inside. The hourglass has a black top and a brown base, and the sand inside is a gradient of orange to yellow. Inside the hourglass, there is a desert landscape with a cactus, a red car, a yellow creature resembling a cartoonish animal, and a small brown building. The scene is depicted in a cartoonish style with a limited color palette. There is no visible text in the image.	55635324795.png	The image shows a round clock face with a black border. The clock has a white background with black numbers from 1 to 12 around the circumference. The hour and minute hands of the clock are black and point to approximately 11:30. The clock face is adorned with a colorful illustration of a double helix DNA molecule, which is composed of orange, blue, and green segments. Surrounding the DNA molecule are various small colored spheres, possibly representing atoms or molecules, in shades of red, orange, yellow, green, and blue. The style of the image is illustrative and appears to be a digital rendering rather than a photograph.
biologik soat	Ayniqsa, qushlarda biologik soat hissi juda nozik boʻladi.		39277895897.png	The image features a stylized hourglass with a desert scene inside. The hourglass has a black top and a brown base, and the sand inside is a gradient of orange to yellow. Inside the hourglass, there is a desert landscape with a cactus, a red car, a yellow creature resembling a cartoonish animal, and a small brown building. The scene is depicted in a cartoonish style with a limited color palette. There is no visible text in the image.	21565310944.png	The image shows a stylized, cartoon-like toaster with a red body and a black handle. The toaster has two slots on the top, each containing a slice of bread. The front of the toaster features two knobs, one on each side, and a button with a yellow smiley face in the center. The toaster is placed on a flat surface, and there is a small black shadow beneath it, suggesting it is resting on a surface. The image is simple and does not contain any text.	52073337532.png	The image is a digital illustration of a stylized female character. She has curly hair, wears glasses with a thick black frame, and has a concerned or puzzled expression. The character is wearing a dark top and a red necklace with large red beads. There is a thought bubble above her head with a white outline and a gray interior. The background is plain white.	53687176255.png	The image features a stylized, cartoon-like alarm clock with a large, round body. The clock has a vibrant red exterior with a yellow center, and it is standing on two legs. The face of the clock displays the time as 10:10, with black numbers and hands. There are two small, round protrusions on the top of the clock, which could be interpreted as ears or handles. The clock is set against a plain, light background.	55635324795.png	The image shows a round clock face with a black border. The clock has a white background with black numbers from 1 to 12 around the circumference. The hour and minute hands of the clock are black and point to approximately 11:30. The clock face is adorned with a colorful illustration of a double helix DNA molecule, which is composed of orange, blue, and green segments. Surrounding the DNA molecule are various small colored spheres, possibly representing atoms or molecules, in shades of red, orange, yellow, green, and blue. The style of the image is illustrative and appears to be a digital rendering rather than a photograph.
qora bozor	Ushbu qimmatbaho topilmalar chet eldagi xorijiy kolleksiyalarga yuborilgan yoki arxeologlar qora bozorga chiqarib, pullab yuborgan.		72945069597.png	The image depicts a lively scene at an outdoor market. A group of people, both adults and children, are gathered around a market stall. The stall is covered by a large orange awning and has a thatched roof. The stall is filled with various fruits and vegetables, including apples, oranges, and carrots.  The people are standing in front of the stall, some are looking at the produce, while others are engaged in conversation. The individuals are dressed in a variety of colors and styles, suggesting a diverse crowd.  In the background, there is a flag on a pole, but the text on the flag is not legible in the image. The overall atmosphere of the image is vibrant and bustling, capturing a typical day at a local market.	13937990526.png	The image shows a stylized, cartoon-like representation of a black suitcase with orange corner protectors. On the front of the suitcase, there are two yellow locks, a red tag with a white label, and a white tag with a red label. The suitcase appears to be closed and is placed against a plain, light background. The style of the image is illustrative and appears to be designed for a digital medium, possibly for a website or a graphic design project.	84611562582.png	The image shows a stylized, cartoon-like illustration of a bicycle. The bicycle is predominantly red with orange accents and features a large basket on the front. The basket contains various items, including what appears to be a green box, a brown bag, and a cylindrical object that could be a thermos. There is a yellow reflector on the front wheel. The bicycle has a single-speed chain and a simple, single-speed derailleur. The seat is a solid color, and the handlebars are equipped with handbrakes. There is no visible text in the image. The style of the illustration is reminiscent of a children's book or a graphic design for a toy.	65143029989.png	The image is a stylized illustration depicting a hand holding a brown paper bag with a dollar sign on it, suggesting a bribe or a payment. The hand is positioned in front of a brick wall, and the background shows a narrow alleyway with dilapidated buildings. The overall style is reminiscent of a watercolor painting with a limited color palette. There is no visible text in the image.	59378403911.png	The image shows a small, outdoor market stall with a black roof. The stall is filled with various items, including a variety of jars containing different colored seeds or spices, potted plants, and a selection of items that appear to be handmade or crafted. There are also several hanging lanterns with orange shades. The stall is situated on a street with a yellow curb and a white line marking the edge of the road. The sky is overcast, and the overall atmosphere suggests a calm, possibly early morning or late afternoon setting. There is no visible text in the image.
qora bozor	Agar ushbu taqiqlangan yuk manzilga yetib borganda edi, qora bozorda 800 million yevroga pullangan bo‘lardi”, – deyiladi xabarda.		59378403911.png	The image shows a small, outdoor market stall with a black roof. The stall is filled with various items, including a variety of jars containing different colored seeds or spices, potted plants, and a selection of items that appear to be handmade or crafted. There are also several hanging lanterns with orange shades. The stall is situated on a street with a yellow curb and a white line marking the edge of the road. The sky is overcast, and the overall atmosphere suggests a calm, possibly early morning or late afternoon setting. There is no visible text in the image.	13937990526.png	The image shows a stylized, cartoon-like representation of a black suitcase with orange corner protectors. On the front of the suitcase, there are two yellow locks, a red tag with a white label, and a white tag with a red label. The suitcase appears to be closed and is placed against a plain, light background. The style of the image is illustrative and appears to be designed for a digital medium, possibly for a website or a graphic design project.	65143029989.png	The image is a stylized illustration depicting a hand holding a brown paper bag with a dollar sign on it, suggesting a bribe or a payment. The hand is positioned in front of a brick wall, and the background shows a narrow alleyway with dilapidated buildings. The overall style is reminiscent of a watercolor painting with a limited color palette. There is no visible text in the image.	72945069597.png	The image depicts a lively scene at an outdoor market. A group of people, both adults and children, are gathered around a market stall. The stall is covered by a large orange awning and has a thatched roof. The stall is filled with various fruits and vegetables, including apples, oranges, and carrots.  The people are standing in front of the stall, some are looking at the produce, while others are engaged in conversation. The individuals are dressed in a variety of colors and styles, suggesting a diverse crowd.  In the background, there is a flag on a pole, but the text on the flag is not legible in the image. The overall atmosphere of the image is vibrant and bustling, capturing a typical day at a local market.	84611562582.png	The image shows a stylized, cartoon-like illustration of a bicycle. The bicycle is predominantly red with orange accents and features a large basket on the front. The basket contains various items, including what appears to be a green box, a brown bag, and a cylindrical object that could be a thermos. There is a yellow reflector on the front wheel. The bicycle has a single-speed chain and a simple, single-speed derailleur. The seat is a solid color, and the handlebars are equipped with handbrakes. There is no visible text in the image. The style of the illustration is reminiscent of a children's book or a graphic design for a toy.
qora bozor	Bozorning atrofi qora rangli baland devor bilan o'ralgani uchun uni qora bozor deb atashardi.		84611562582.png	The image shows a stylized, cartoon-like illustration of a bicycle. The bicycle is predominantly red with orange accents and features a large basket on the front. The basket contains various items, including what appears to be a green box, a brown bag, and a cylindrical object that could be a thermos. There is a yellow reflector on the front wheel. The bicycle has a single-speed chain and a simple, single-speed derailleur. The seat is a solid color, and the handlebars are equipped with handbrakes. There is no visible text in the image. The style of the illustration is reminiscent of a children's book or a graphic design for a toy.	72945069597.png	The image depicts a lively scene at an outdoor market. A group of people, both adults and children, are gathered around a market stall. The stall is covered by a large orange awning and has a thatched roof. The stall is filled with various fruits and vegetables, including apples, oranges, and carrots.  The people are standing in front of the stall, some are looking at the produce, while others are engaged in conversation. The individuals are dressed in a variety of colors and styles, suggesting a diverse crowd.  In the background, there is a flag on a pole, but the text on the flag is not legible in the image. The overall atmosphere of the image is vibrant and bustling, capturing a typical day at a local market.	59378403911.png	The image shows a small, outdoor market stall with a black roof. The stall is filled with various items, including a variety of jars containing different colored seeds or spices, potted plants, and a selection of items that appear to be handmade or crafted. There are also several hanging lanterns with orange shades. The stall is situated on a street with a yellow curb and a white line marking the edge of the road. The sky is overcast, and the overall atmosphere suggests a calm, possibly early morning or late afternoon setting. There is no visible text in the image.	13937990526.png	The image shows a stylized, cartoon-like representation of a black suitcase with orange corner protectors. On the front of the suitcase, there are two yellow locks, a red tag with a white label, and a white tag with a red label. The suitcase appears to be closed and is placed against a plain, light background. The style of the image is illustrative and appears to be designed for a digital medium, possibly for a website or a graphic design project.	65143029989.png	The image is a stylized illustration depicting a hand holding a brown paper bag with a dollar sign on it, suggesting a bribe or a payment. The hand is positioned in front of a brick wall, and the background shows a narrow alleyway with dilapidated buildings. The overall style is reminiscent of a watercolor painting with a limited color palette. There is no visible text in the image.
qora bozor	"Ahmad o'zi ochgan yangi do'konining fasadi qora rangda bo'lgani uchun unga ""qora bozor"" deb nom beribdi."		84611562582.png	The image shows a stylized, cartoon-like illustration of a bicycle. The bicycle is predominantly red with orange accents and features a large basket on the front. The basket contains various items, including what appears to be a green box, a brown bag, and a cylindrical object that could be a thermos. There is a yellow reflector on the front wheel. The bicycle has a single-speed chain and a simple, single-speed derailleur. The seat is a solid color, and the handlebars are equipped with handbrakes. There is no visible text in the image. The style of the illustration is reminiscent of a children's book or a graphic design for a toy.	72945069597.png	The image depicts a lively scene at an outdoor market. A group of people, both adults and children, are gathered around a market stall. The stall is covered by a large orange awning and has a thatched roof. The stall is filled with various fruits and vegetables, including apples, oranges, and carrots.  The people are standing in front of the stall, some are looking at the produce, while others are engaged in conversation. The individuals are dressed in a variety of colors and styles, suggesting a diverse crowd.  In the background, there is a flag on a pole, but the text on the flag is not legible in the image. The overall atmosphere of the image is vibrant and bustling, capturing a typical day at a local market.	65143029989.png	The image is a stylized illustration depicting a hand holding a brown paper bag with a dollar sign on it, suggesting a bribe or a payment. The hand is positioned in front of a brick wall, and the background shows a narrow alleyway with dilapidated buildings. The overall style is reminiscent of a watercolor painting with a limited color palette. There is no visible text in the image.	13937990526.png	The image shows a stylized, cartoon-like representation of a black suitcase with orange corner protectors. On the front of the suitcase, there are two yellow locks, a red tag with a white label, and a white tag with a red label. The suitcase appears to be closed and is placed against a plain, light background. The style of the image is illustrative and appears to be designed for a digital medium, possibly for a website or a graphic design project.	59378403911.png	The image shows a small, outdoor market stall with a black roof. The stall is filled with various items, including a variety of jars containing different colored seeds or spices, potted plants, and a selection of items that appear to be handmade or crafted. There are also several hanging lanterns with orange shades. The stall is situated on a street with a yellow curb and a white line marking the edge of the road. The sky is overcast, and the overall atmosphere suggests a calm, possibly early morning or late afternoon setting. There is no visible text in the image.
bir-biriga aybni to'nkamoq	Orif yolgʻonchilik qilib, ham-ma aybni menga toʻnkagani uchun sal boʻlmasa yigʻlavoray dedim.		63081156815.png	The image features two cartoon characters, each holding a small potted plant. The character on the left is wearing a cap, a plaid shirt, and blue jeans, while the character on the right is wearing an orange cap, a striped shirt, and blue jeans. Both characters are smiling and appear to be in a happy or celebratory mood. The background is plain white, which puts the focus on the characters and their plants. There is no visible text in the image.	59444285845.png	The image shows two animated characters, both wearing hooded jackets and dark pants. The character on the left is wearing an orange jacket and has a surprised or shocked expression, with his mouth open and eyes wide. The character on the right is wearing a yellow jacket and has a similar expression, with his mouth open and eyes wide. Both characters appear to be in a confrontational stance, facing each other with their arms outstretched. There is no visible text in the image. The style of the image is cartoonish and appears to be designed for a younger audience.	66334439826.png	The image is a digital illustration featuring two animated characters. On the left, there is a male character with a stern expression, wearing a gray suit with a red tie, and he appears to be in a state of anger or frustration. He is holding a brown coat with his right hand, which is clenched into a fist. On the right, there is a female character with a surprised or shocked expression, wearing glasses and a yellow jacket. She is holding the same brown coat with her left hand, and her right hand is raised to her mouth as if she is in the middle of speaking or reacting. The characters are standing on a plain white background. There is no visible text in the image. The style of the illustration is cartoonish with exaggerated facial expressions and body language.	97064093651.png	The image shows two animated characters, a male and a female, standing side by side against a plain background. The male character is on the left and the female character is on the right. Both characters are depicted with exaggerated facial expressions, suggesting they are in the middle of a heated argument or discussion. The male character is pointing his finger towards the female character, who is also pointing her finger back at him. Both characters are wearing business attire, with the male in a white shirt and black pants, and the female in a white shirt, black skirt, and an orange tie. The style of the image is cartoonish and appears to be designed for a humorous or illustrative purpose.	16379741140.png	The image is a digital illustration featuring four animated characters, two men and two women, standing side by side. The characters are depicted with exaggerated facial expressions and body language, suggesting a scene of intense conversation or disagreement.  The man on the far left has a beard and is wearing glasses, a brown sweater, and brown pants. He has his hands in his pockets and his mouth is open as if he is speaking or shouting.  Next to him, the woman is wearing a red blouse with a black skirt and has her arms crossed. She has a concerned or worried expression on her face.  The woman in the center is wearing a yellow dress with a polka dot pattern and has her arms crossed as well. She appears to be listening intently, with a slightly open mouth and a concerned expression.  The man on the far right has a beard and is wearing glasses, a black sweater, and brown pants. He has his hands on his hips and his mouth is open, indicating that he is also speaking or shouting.  There is no visible text in the image. The characters are drawn in a cartoon style with a limited color palette, emphasizing the emotions and expressions over detailed backgrounds.
bir-biriga aybni to'nkamoq	Odam xom sut emgan bandada, bir joyda yolg‘on gapirishi mumkin, yomon ko‘rgan odamiga qo‘shimcha ayb to‘nkashi mumkin.		16379741140.png	The image is a digital illustration featuring four animated characters, two men and two women, standing side by side. The characters are depicted with exaggerated facial expressions and body language, suggesting a scene of intense conversation or disagreement.  The man on the far left has a beard and is wearing glasses, a brown sweater, and brown pants. He has his hands in his pockets and his mouth is open as if he is speaking or shouting.  Next to him, the woman is wearing a red blouse with a black skirt and has her arms crossed. She has a concerned or worried expression on her face.  The woman in the center is wearing a yellow dress with a polka dot pattern and has her arms crossed as well. She appears to be listening intently, with a slightly open mouth and a concerned expression.  The man on the far right has a beard and is wearing glasses, a black sweater, and brown pants. He has his hands on his hips and his mouth is open, indicating that he is also speaking or shouting.  There is no visible text in the image. The characters are drawn in a cartoon style with a limited color palette, emphasizing the emotions and expressions over detailed backgrounds.	97064093651.png	The image shows two animated characters, a male and a female, standing side by side against a plain background. The male character is on the left and the female character is on the right. Both characters are depicted with exaggerated facial expressions, suggesting they are in the middle of a heated argument or discussion. The male character is pointing his finger towards the female character, who is also pointing her finger back at him. Both characters are wearing business attire, with the male in a white shirt and black pants, and the female in a white shirt, black skirt, and an orange tie. The style of the image is cartoonish and appears to be designed for a humorous or illustrative purpose.	63081156815.png	The image features two cartoon characters, each holding a small potted plant. The character on the left is wearing a cap, a plaid shirt, and blue jeans, while the character on the right is wearing an orange cap, a striped shirt, and blue jeans. Both characters are smiling and appear to be in a happy or celebratory mood. The background is plain white, which puts the focus on the characters and their plants. There is no visible text in the image.	59444285845.png	The image shows two animated characters, both wearing hooded jackets and dark pants. The character on the left is wearing an orange jacket and has a surprised or shocked expression, with his mouth open and eyes wide. The character on the right is wearing a yellow jacket and has a similar expression, with his mouth open and eyes wide. Both characters appear to be in a confrontational stance, facing each other with their arms outstretched. There is no visible text in the image. The style of the image is cartoonish and appears to be designed for a younger audience.	66334439826.png	The image is a digital illustration featuring two animated characters. On the left, there is a male character with a stern expression, wearing a gray suit with a red tie, and he appears to be in a state of anger or frustration. He is holding a brown coat with his right hand, which is clenched into a fist. On the right, there is a female character with a surprised or shocked expression, wearing glasses and a yellow jacket. She is holding the same brown coat with her left hand, and her right hand is raised to her mouth as if she is in the middle of speaking or reacting. The characters are standing on a plain white background. There is no visible text in the image. The style of the illustration is cartoonish with exaggerated facial expressions and body language.
ko'ngli bo'sh	Homiladorlik davrida odam juda ko‘ngli bo‘sh bo‘lib qolarkan.		64384235811.png	The image depicts an animated scene with two characters. On the left, there is a woman wearing a face mask and an orange dress with a pattern. She is kneeling down and appears to be wiping a child's face with a tissue. The child, on the right, is wearing a yellow shirt and black shorts. The child has dark hair and is looking down with a sad expression. The background is plain white, emphasizing the characters. There is no visible text in the image. The style of the image is cartoonish and the characters are drawn in a simplistic manner.	41744434939.png	The image features a stylized, fluffy, white heart-shaped object with a soft texture. On the left side of the heart, there is a red heart-shaped sticker. On the right side, there are two red heart-shaped stickers. The background is plain white, emphasizing the heart-shaped object.	69460727352.png	The image depicts an animated scene of a young woman and a small cat. The woman is crouched down, holding a bowl of food in her right hand. She is wearing a backpack, a green jacket, and a red headband. Her hair is styled in a bun. The cat is standing on the ground next to her, looking up at the bowl with a content expression. The cat has orange fur with darker orange markings on its face and ears. The background is plain white, emphasizing the subjects. There is no visible text in the image. The style of the image is cartoonish with a focus on soft, rounded lines and a limited color palette.	52926105722.png	The image is a digital illustration of a stylized character. The character has short brown hair, a smiling face, and is wearing a black jacket with a heart-shaped pendant hanging from a chain around their neck. The character's hands are open and facing upwards, as if offering or presenting something. The background is plain white, which contrasts with the character's dark clothing and the red heart pendant. There is no visible text in the image.	87515005657.png	The image is a colorful illustration featuring three animated characters. In the foreground, there is a young boy with red hair and a cheerful expression, wearing a gray t-shirt and black shorts. He is in mid-run, with one foot on a soccer ball and the other foot lifted as if he is kicking the ball. Behind him, there are two other characters: a boy with brown hair and a red t-shirt, and a girl with black hair and a yellow t-shirt. Both are smiling and appear to be watching the boy kick the ball. They are standing on a grassy area with small white flowers. The background is plain white, emphasizing the characters and their activity. There is no visible text in the image.
ko'ngli bo'sh	Atrofdagilar esa uni ko‘ngli bo‘sh, yumshoqlikda ayblashadi.		64384235811.png	The image depicts an animated scene with two characters. On the left, there is a woman wearing a face mask and an orange dress with a pattern. She is kneeling down and appears to be wiping a child's face with a tissue. The child, on the right, is wearing a yellow shirt and black shorts. The child has dark hair and is looking down with a sad expression. The background is plain white, emphasizing the characters. There is no visible text in the image. The style of the image is cartoonish and the characters are drawn in a simplistic manner.	87515005657.png	The image is a colorful illustration featuring three animated characters. In the foreground, there is a young boy with red hair and a cheerful expression, wearing a gray t-shirt and black shorts. He is in mid-run, with one foot on a soccer ball and the other foot lifted as if he is kicking the ball. Behind him, there are two other characters: a boy with brown hair and a red t-shirt, and a girl with black hair and a yellow t-shirt. Both are smiling and appear to be watching the boy kick the ball. They are standing on a grassy area with small white flowers. The background is plain white, emphasizing the characters and their activity. There is no visible text in the image.	52926105722.png	The image is a digital illustration of a stylized character. The character has short brown hair, a smiling face, and is wearing a black jacket with a heart-shaped pendant hanging from a chain around their neck. The character's hands are open and facing upwards, as if offering or presenting something. The background is plain white, which contrasts with the character's dark clothing and the red heart pendant. There is no visible text in the image.	69460727352.png	The image depicts an animated scene of a young woman and a small cat. The woman is crouched down, holding a bowl of food in her right hand. She is wearing a backpack, a green jacket, and a red headband. Her hair is styled in a bun. The cat is standing on the ground next to her, looking up at the bowl with a content expression. The cat has orange fur with darker orange markings on its face and ears. The background is plain white, emphasizing the subjects. There is no visible text in the image. The style of the image is cartoonish with a focus on soft, rounded lines and a limited color palette.	41744434939.png	The image features a stylized, fluffy, white heart-shaped object with a soft texture. On the left side of the heart, there is a red heart-shaped sticker. On the right side, there are two red heart-shaped stickers. The background is plain white, emphasizing the heart-shaped object.
oq suyak	Badavlat oqsuyaklar oilasida tug‘ilgan Tildaning ota-onasi qizini 10 yoshga to‘lganida Kentdagi maktab-internatga yuborgan.		78855658627.png	The image features a 3D rendering of a skeleton with a human-like appearance. The skeleton is white with black details, including the eyes, nose, and mouth. It has a smiling expression and is standing upright. The skeleton has a complete set of bones, including a skull, ribcage, spine, arms, legs, and feet. The feet are positioned as if the skeleton is standing on a flat surface. There is no visible text in the image. The style of the image is clean and minimalistic, with a focus on the skeleton as the central subject.	12998126771.png	The image depicts an animated character, a man with a beard and mustache, wearing a straw hat and overalls. He is engaged in gardening activities, using a trowel to plant a seed in a small patch of soil. The garden is populated with various plants, including what appears to be a tomato plant and a plant with yellow flowers. There is a watering can and a small pile of what could be compost or soil. The character is standing on a grassy area with a dirt path. The overall style is cartoonish and colorful.	22752529095.png	The image is a digital illustration of a group of six characters, likely from a historical or fantasy setting, depicted in a realistic style. In the center, there is a man with a white beard and mustache, wearing a black suit with a white shirt and a black bow tie. He is seated and has his hands clasped together. To his left, there is a woman with white hair, wearing a black dress with a white collar and a pearl necklace. She is also seated and has her hands resting on her lap. To the right of the man, there is a woman with brown hair, wearing a red dress with a white collar and a pearl necklace. She is seated and has her hands resting on her lap. Behind the man, there are three more women, each with a different hairstyle and dress color: one with blonde hair in a bun, wearing a yellow dress with a white collar and a pearl necklace; one with brown hair in a bun, wearing a red dress with a white collar and a pearl necklace; and one with white hair in a bun, wearing a white dress with a white collar and a pearl necklace. The background is a simple, dark gray, and there is a circular pattern on the floor in front of the characters. There is no visible text in the image.	97325074002.png	The image features a stylized animated character dressed in Renaissance-style clothing. The character is wearing a large, ornate hat with a feather, a ruffled collar, a puffy shirt with a high collar, and a vest with a patterned design. The attire includes brown pants with red stripes, and the character is holding a small bag or pouch. The character has a mustache and a beard, and is depicted with a neutral expression and arms crossed. The background is plain and does not provide any additional context.	66700512235.png	The image shows a three-dimensional rendering of a human femur bone. The bone is depicted in a simplified, stylized manner with a smooth, glossy surface. It is colored in shades of white and orange, with the orange highlighting the curvature of the bone. The bone is positioned against a plain, light background, which provides a stark contrast to the bone's color. There is no visible text or additional objects in the image. The bone is the sole focus, and its position and orientation suggest it is being held or displayed.
oq suyak	Haqiqatan ham u oqsuyak nasabli, demokratiya va respublika tuzumi tarafdori bo‘lishiga qaramasdan, qirollik saroyining eng latif odatlari, odobini o‘zida mujassam etgandi.		22752529095.png	The image is a digital illustration of a group of six characters, likely from a historical or fantasy setting, depicted in a realistic style. In the center, there is a man with a white beard and mustache, wearing a black suit with a white shirt and a black bow tie. He is seated and has his hands clasped together. To his left, there is a woman with white hair, wearing a black dress with a white collar and a pearl necklace. She is also seated and has her hands resting on her lap. To the right of the man, there is a woman with brown hair, wearing a red dress with a white collar and a pearl necklace. She is seated and has her hands resting on her lap. Behind the man, there are three more women, each with a different hairstyle and dress color: one with blonde hair in a bun, wearing a yellow dress with a white collar and a pearl necklace; one with brown hair in a bun, wearing a red dress with a white collar and a pearl necklace; and one with white hair in a bun, wearing a white dress with a white collar and a pearl necklace. The background is a simple, dark gray, and there is a circular pattern on the floor in front of the characters. There is no visible text in the image.	66700512235.png	The image shows a three-dimensional rendering of a human femur bone. The bone is depicted in a simplified, stylized manner with a smooth, glossy surface. It is colored in shades of white and orange, with the orange highlighting the curvature of the bone. The bone is positioned against a plain, light background, which provides a stark contrast to the bone's color. There is no visible text or additional objects in the image. The bone is the sole focus, and its position and orientation suggest it is being held or displayed.	97325074002.png	The image features a stylized animated character dressed in Renaissance-style clothing. The character is wearing a large, ornate hat with a feather, a ruffled collar, a puffy shirt with a high collar, and a vest with a patterned design. The attire includes brown pants with red stripes, and the character is holding a small bag or pouch. The character has a mustache and a beard, and is depicted with a neutral expression and arms crossed. The background is plain and does not provide any additional context.	78855658627.png	The image features a 3D rendering of a skeleton with a human-like appearance. The skeleton is white with black details, including the eyes, nose, and mouth. It has a smiling expression and is standing upright. The skeleton has a complete set of bones, including a skull, ribcage, spine, arms, legs, and feet. The feet are positioned as if the skeleton is standing on a flat surface. There is no visible text in the image. The style of the image is clean and minimalistic, with a focus on the skeleton as the central subject.	12998126771.png	The image depicts an animated character, a man with a beard and mustache, wearing a straw hat and overalls. He is engaged in gardening activities, using a trowel to plant a seed in a small patch of soil. The garden is populated with various plants, including what appears to be a tomato plant and a plant with yellow flowers. There is a watering can and a small pile of what could be compost or soil. The character is standing on a grassy area with a dirt path. The overall style is cartoonish and colorful.
oq suyak	Otlar bilan bog‘liq musobaqalar, kurash, oq suyak kabi o‘yinlar shular jumlasidan.		78855658627.png	The image features a 3D rendering of a skeleton with a human-like appearance. The skeleton is white with black details, including the eyes, nose, and mouth. It has a smiling expression and is standing upright. The skeleton has a complete set of bones, including a skull, ribcage, spine, arms, legs, and feet. The feet are positioned as if the skeleton is standing on a flat surface. There is no visible text in the image. The style of the image is clean and minimalistic, with a focus on the skeleton as the central subject.	12998126771.png	The image depicts an animated character, a man with a beard and mustache, wearing a straw hat and overalls. He is engaged in gardening activities, using a trowel to plant a seed in a small patch of soil. The garden is populated with various plants, including what appears to be a tomato plant and a plant with yellow flowers. There is a watering can and a small pile of what could be compost or soil. The character is standing on a grassy area with a dirt path. The overall style is cartoonish and colorful.	97325074002.png	The image features a stylized animated character dressed in Renaissance-style clothing. The character is wearing a large, ornate hat with a feather, a ruffled collar, a puffy shirt with a high collar, and a vest with a patterned design. The attire includes brown pants with red stripes, and the character is holding a small bag or pouch. The character has a mustache and a beard, and is depicted with a neutral expression and arms crossed. The background is plain and does not provide any additional context.	66700512235.png	The image shows a three-dimensional rendering of a human femur bone. The bone is depicted in a simplified, stylized manner with a smooth, glossy surface. It is colored in shades of white and orange, with the orange highlighting the curvature of the bone. The bone is positioned against a plain, light background, which provides a stark contrast to the bone's color. There is no visible text or additional objects in the image. The bone is the sole focus, and its position and orientation suggest it is being held or displayed.	22752529095.png	The image is a digital illustration of a group of six characters, likely from a historical or fantasy setting, depicted in a realistic style. In the center, there is a man with a white beard and mustache, wearing a black suit with a white shirt and a black bow tie. He is seated and has his hands clasped together. To his left, there is a woman with white hair, wearing a black dress with a white collar and a pearl necklace. She is also seated and has her hands resting on her lap. To the right of the man, there is a woman with brown hair, wearing a red dress with a white collar and a pearl necklace. She is seated and has her hands resting on her lap. Behind the man, there are three more women, each with a different hairstyle and dress color: one with blonde hair in a bun, wearing a yellow dress with a white collar and a pearl necklace; one with brown hair in a bun, wearing a red dress with a white collar and a pearl necklace; and one with white hair in a bun, wearing a white dress with a white collar and a pearl necklace. The background is a simple, dark gray, and there is a circular pattern on the floor in front of the characters. There is no visible text in the image.
oq suyak	Ramazon boshlandi deguncha Badaxshon qishlog‘ining har kuni “Oq suyak”, “Chavandoz va egarchi” o‘ynaydigan o‘g‘il bolalari tutumlarini o‘zgartiradilar.		97325074002.png	The image features a stylized animated character dressed in Renaissance-style clothing. The character is wearing a large, ornate hat with a feather, a ruffled collar, a puffy shirt with a high collar, and a vest with a patterned design. The attire includes brown pants with red stripes, and the character is holding a small bag or pouch. The character has a mustache and a beard, and is depicted with a neutral expression and arms crossed. The background is plain and does not provide any additional context.	66700512235.png	The image shows a three-dimensional rendering of a human femur bone. The bone is depicted in a simplified, stylized manner with a smooth, glossy surface. It is colored in shades of white and orange, with the orange highlighting the curvature of the bone. The bone is positioned against a plain, light background, which provides a stark contrast to the bone's color. There is no visible text or additional objects in the image. The bone is the sole focus, and its position and orientation suggest it is being held or displayed.	12998126771.png	The image depicts an animated character, a man with a beard and mustache, wearing a straw hat and overalls. He is engaged in gardening activities, using a trowel to plant a seed in a small patch of soil. The garden is populated with various plants, including what appears to be a tomato plant and a plant with yellow flowers. There is a watering can and a small pile of what could be compost or soil. The character is standing on a grassy area with a dirt path. The overall style is cartoonish and colorful.	22752529095.png	The image is a digital illustration of a group of six characters, likely from a historical or fantasy setting, depicted in a realistic style. In the center, there is a man with a white beard and mustache, wearing a black suit with a white shirt and a black bow tie. He is seated and has his hands clasped together. To his left, there is a woman with white hair, wearing a black dress with a white collar and a pearl necklace. She is also seated and has her hands resting on her lap. To the right of the man, there is a woman with brown hair, wearing a red dress with a white collar and a pearl necklace. She is seated and has her hands resting on her lap. Behind the man, there are three more women, each with a different hairstyle and dress color: one with blonde hair in a bun, wearing a yellow dress with a white collar and a pearl necklace; one with brown hair in a bun, wearing a red dress with a white collar and a pearl necklace; and one with white hair in a bun, wearing a white dress with a white collar and a pearl necklace. The background is a simple, dark gray, and there is a circular pattern on the floor in front of the characters. There is no visible text in the image.	78855658627.png	The image features a 3D rendering of a skeleton with a human-like appearance. The skeleton is white with black details, including the eyes, nose, and mouth. It has a smiling expression and is standing upright. The skeleton has a complete set of bones, including a skull, ribcage, spine, arms, legs, and feet. The feet are positioned as if the skeleton is standing on a flat surface. There is no visible text in the image. The style of the image is clean and minimalistic, with a focus on the skeleton as the central subject.
paxta qo'ymoq	Buning asosiy sababi real ish qolib, ko‘p sohada xo‘jako‘rsinga ishlash, kattalarga “paxta qo‘yish” bilan vaqt o‘tkazayotganimiz.		71912488478.png	The image shows a pair of hands reaching towards a pile of white cotton balls that are falling from a person's hands. The hands are wearing dark clothing, and the background is a plain, light color. The style of the image is a digital illustration with a realistic appearance.	85820628333.png	The image is a digital illustration featuring two animated characters. On the left is a female character with short brown hair, wearing a black blazer over a red top, and a black skirt. She has a wide smile and is gesturing with her right hand, which is open and facing the viewer. Surrounding her head are several orange stars. On the right is a male character with short brown hair, wearing a dark suit with a light shirt and a dark tie. He has a broad smile and his arms are crossed. The background is plain white. There is no visible text in the image. The style of the illustration is cartoonish and colorful.	54808023912.png	The image depicts an animated character, a bearded man with a mustache, wearing a straw hat and a plaid shirt. He is engaged in the task of sorting through a large basket of white cotton balls. The man is holding a few cotton balls in his left hand, while the rest of the basket is spilling out onto the ground. The background is plain white, emphasizing the subject. There is no visible text in the image. The style of the image is cartoonish and appears to be designed for illustrative purposes, possibly for a story or a game.	11214160778.png	The image is a digital illustration featuring two animated characters. On the left is a female character with brown hair, wearing a brown sweater with a polka dot pattern and a black skirt. She is smiling and holding a gift box with a red ribbon. On the right is a male character with black hair, wearing a dark sweater and a dark shirt. He is also smiling and holding the same gift box with a red ribbon. The background is plain white. There is no visible text in the image. The style of the illustration is cartoonish and friendly, with a focus on the characters' expressions and the gift box.	21975827155.png	The image depicts a stylized illustration of a person walking a dog on a leash. The person is wearing a red jacket, a cap, and a backpack. The dog is black and has a red collar. They are walking on a path with a bench to the right. The bench is surrounded by autumn foliage and flowers. In the background, there is a tree with orange leaves and a few birds flying around. The overall style is flat with a limited color palette, giving it a graphic quality.
paxta qo'ymoq	Menga bunaqa paxta qo‘yishlar kerak emas! – deb na’ra tortadi.		21975827155.png	The image depicts a stylized illustration of a person walking a dog on a leash. The person is wearing a red jacket, a cap, and a backpack. The dog is black and has a red collar. They are walking on a path with a bench to the right. The bench is surrounded by autumn foliage and flowers. In the background, there is a tree with orange leaves and a few birds flying around. The overall style is flat with a limited color palette, giving it a graphic quality.	11214160778.png	The image is a digital illustration featuring two animated characters. On the left is a female character with brown hair, wearing a brown sweater with a polka dot pattern and a black skirt. She is smiling and holding a gift box with a red ribbon. On the right is a male character with black hair, wearing a dark sweater and a dark shirt. He is also smiling and holding the same gift box with a red ribbon. The background is plain white. There is no visible text in the image. The style of the illustration is cartoonish and friendly, with a focus on the characters' expressions and the gift box.	54808023912.png	The image depicts an animated character, a bearded man with a mustache, wearing a straw hat and a plaid shirt. He is engaged in the task of sorting through a large basket of white cotton balls. The man is holding a few cotton balls in his left hand, while the rest of the basket is spilling out onto the ground. The background is plain white, emphasizing the subject. There is no visible text in the image. The style of the image is cartoonish and appears to be designed for illustrative purposes, possibly for a story or a game.	71912488478.png	The image shows a pair of hands reaching towards a pile of white cotton balls that are falling from a person's hands. The hands are wearing dark clothing, and the background is a plain, light color. The style of the image is a digital illustration with a realistic appearance.	85820628333.png	The image is a digital illustration featuring two animated characters. On the left is a female character with short brown hair, wearing a black blazer over a red top, and a black skirt. She has a wide smile and is gesturing with her right hand, which is open and facing the viewer. Surrounding her head are several orange stars. On the right is a male character with short brown hair, wearing a dark suit with a light shirt and a dark tie. He has a broad smile and his arms are crossed. The background is plain white. There is no visible text in the image. The style of the illustration is cartoonish and colorful.
paxta qo'ymoq	U kecha olgan paxtani omborxonaga qo'ydi.		85820628333.png	The image is a digital illustration featuring two animated characters. On the left is a female character with short brown hair, wearing a black blazer over a red top, and a black skirt. She has a wide smile and is gesturing with her right hand, which is open and facing the viewer. Surrounding her head are several orange stars. On the right is a male character with short brown hair, wearing a dark suit with a light shirt and a dark tie. He has a broad smile and his arms are crossed. The background is plain white. There is no visible text in the image. The style of the illustration is cartoonish and colorful.	21975827155.png	The image depicts a stylized illustration of a person walking a dog on a leash. The person is wearing a red jacket, a cap, and a backpack. The dog is black and has a red collar. They are walking on a path with a bench to the right. The bench is surrounded by autumn foliage and flowers. In the background, there is a tree with orange leaves and a few birds flying around. The overall style is flat with a limited color palette, giving it a graphic quality.	54808023912.png	The image depicts an animated character, a bearded man with a mustache, wearing a straw hat and a plaid shirt. He is engaged in the task of sorting through a large basket of white cotton balls. The man is holding a few cotton balls in his left hand, while the rest of the basket is spilling out onto the ground. The background is plain white, emphasizing the subject. There is no visible text in the image. The style of the image is cartoonish and appears to be designed for illustrative purposes, possibly for a story or a game.	71912488478.png	The image shows a pair of hands reaching towards a pile of white cotton balls that are falling from a person's hands. The hands are wearing dark clothing, and the background is a plain, light color. The style of the image is a digital illustration with a realistic appearance.	11214160778.png	The image is a digital illustration featuring two animated characters. On the left is a female character with brown hair, wearing a brown sweater with a polka dot pattern and a black skirt. She is smiling and holding a gift box with a red ribbon. On the right is a male character with black hair, wearing a dark sweater and a dark shirt. He is also smiling and holding the same gift box with a red ribbon. The background is plain white. There is no visible text in the image. The style of the illustration is cartoonish and friendly, with a focus on the characters' expressions and the gift box.
paxta qo'ymoq	Paxtani qo'y,  bu yerdan so'roqsiz  paxta olib ketish mumkin emas.		54808023912.png	The image depicts an animated character, a bearded man with a mustache, wearing a straw hat and a plaid shirt. He is engaged in the task of sorting through a large basket of white cotton balls. The man is holding a few cotton balls in his left hand, while the rest of the basket is spilling out onto the ground. The background is plain white, emphasizing the subject. There is no visible text in the image. The style of the image is cartoonish and appears to be designed for illustrative purposes, possibly for a story or a game.	71912488478.png	The image shows a pair of hands reaching towards a pile of white cotton balls that are falling from a person's hands. The hands are wearing dark clothing, and the background is a plain, light color. The style of the image is a digital illustration with a realistic appearance.	11214160778.png	The image is a digital illustration featuring two animated characters. On the left is a female character with brown hair, wearing a brown sweater with a polka dot pattern and a black skirt. She is smiling and holding a gift box with a red ribbon. On the right is a male character with black hair, wearing a dark sweater and a dark shirt. He is also smiling and holding the same gift box with a red ribbon. The background is plain white. There is no visible text in the image. The style of the illustration is cartoonish and friendly, with a focus on the characters' expressions and the gift box.	85820628333.png	The image is a digital illustration featuring two animated characters. On the left is a female character with short brown hair, wearing a black blazer over a red top, and a black skirt. She has a wide smile and is gesturing with her right hand, which is open and facing the viewer. Surrounding her head are several orange stars. On the right is a male character with short brown hair, wearing a dark suit with a light shirt and a dark tie. He has a broad smile and his arms are crossed. The background is plain white. There is no visible text in the image. The style of the illustration is cartoonish and colorful.	21975827155.png	The image depicts a stylized illustration of a person walking a dog on a leash. The person is wearing a red jacket, a cap, and a backpack. The dog is black and has a red collar. They are walking on a path with a bench to the right. The bench is surrounded by autumn foliage and flowers. In the background, there is a tree with orange leaves and a few birds flying around. The overall style is flat with a limited color palette, giving it a graphic quality.
og'ir oyoq	Og‘iroyoq kelinni ona kuzatdi.		72330157999.png	The image depicts a cartoon-style illustration of a young boy in mid-run. He has curly black hair and is wearing a yellow and white checkered shirt with a red scarf around his neck. The boy is holding a kite with a red and black striped tail and a black and white diamond-shaped body. The kite is in the air, and the boy appears to be flying it. There are small orange leaves falling around him, suggesting a season like autumn. The background is plain white, which contrasts with the boy and the kite. There is no visible text in the image.	20777774089.png	The image is a digital illustration of a pregnant woman. She has long, dark hair and is wearing a red top. The woman is smiling and has her eyes closed, suggesting a moment of relaxation or contentment. Her belly is prominently displayed, indicating her pregnancy. The background is plain and does not distract from the subject. There is no visible text in the image.	70484253990.png	The image is a stylized illustration featuring a man and a woman standing in front of a baby's crib. The woman is on the left, wearing a red dress, and the man is on the right, dressed in a gray shirt. Between them, there is a small baby doll with a smiling face. The crib is made of wood and has a small door. Above the crib, there is a decorative garland with various ornaments. To the right of the crib, there is a large stuffed giraffe. In the background, there is a potted plant and a curtain. The overall scene suggests a domestic setting, possibly a nursery or a child's room. There is no visible text in the image.	50698905973.png	The image shows a pair of boots with a rustic appearance, standing on a muddy ground. The boots are brown with orange accents and feature laces and metal eyelets. The ground is covered in mud with visible footprints, and there are small rocks scattered around. The background is a plain, light color, providing a contrast to the darker tones of the boots and the mud. There is no visible text in the image.	92374767855.png	The image depicts a stylized, animated character of a person in mid-stride. The character is wearing a bright orange shirt, dark pants, and brown shoes. They are carrying a backpack on their back. The background is plain white, emphasizing the character. There is no visible text in the image. The style of the image is reminiscent of a digital illustration, with clean lines and a limited color palette.
og'ir oyoq	Bu orada og‘iroyoq kelinning ko‘zi yoridi.		92374767855.png	The image depicts a stylized, animated character of a person in mid-stride. The character is wearing a bright orange shirt, dark pants, and brown shoes. They are carrying a backpack on their back. The background is plain white, emphasizing the character. There is no visible text in the image. The style of the image is reminiscent of a digital illustration, with clean lines and a limited color palette.	20777774089.png	The image is a digital illustration of a pregnant woman. She has long, dark hair and is wearing a red top. The woman is smiling and has her eyes closed, suggesting a moment of relaxation or contentment. Her belly is prominently displayed, indicating her pregnancy. The background is plain and does not distract from the subject. There is no visible text in the image.	70484253990.png	The image is a stylized illustration featuring a man and a woman standing in front of a baby's crib. The woman is on the left, wearing a red dress, and the man is on the right, dressed in a gray shirt. Between them, there is a small baby doll with a smiling face. The crib is made of wood and has a small door. Above the crib, there is a decorative garland with various ornaments. To the right of the crib, there is a large stuffed giraffe. In the background, there is a potted plant and a curtain. The overall scene suggests a domestic setting, possibly a nursery or a child's room. There is no visible text in the image.	50698905973.png	The image shows a pair of boots with a rustic appearance, standing on a muddy ground. The boots are brown with orange accents and feature laces and metal eyelets. The ground is covered in mud with visible footprints, and there are small rocks scattered around. The background is a plain, light color, providing a contrast to the darker tones of the boots and the mud. There is no visible text in the image.	72330157999.png	The image depicts a cartoon-style illustration of a young boy in mid-run. He has curly black hair and is wearing a yellow and white checkered shirt with a red scarf around his neck. The boy is holding a kite with a red and black striped tail and a black and white diamond-shaped body. The kite is in the air, and the boy appears to be flying it. There are small orange leaves falling around him, suggesting a season like autumn. The background is plain white, which contrasts with the boy and the kite. There is no visible text in the image.
og'ir oyoq	Malika ertalab bozordan har biri 1 kilodan keladigan 2 ta tozalangan og'ir oyoq sotib oldi.		72330157999.png	The image depicts a cartoon-style illustration of a young boy in mid-run. He has curly black hair and is wearing a yellow and white checkered shirt with a red scarf around his neck. The boy is holding a kite with a red and black striped tail and a black and white diamond-shaped body. The kite is in the air, and the boy appears to be flying it. There are small orange leaves falling around him, suggesting a season like autumn. The background is plain white, which contrasts with the boy and the kite. There is no visible text in the image.	50698905973.png	The image shows a pair of boots with a rustic appearance, standing on a muddy ground. The boots are brown with orange accents and feature laces and metal eyelets. The ground is covered in mud with visible footprints, and there are small rocks scattered around. The background is a plain, light color, providing a contrast to the darker tones of the boots and the mud. There is no visible text in the image.	20777774089.png	The image is a digital illustration of a pregnant woman. She has long, dark hair and is wearing a red top. The woman is smiling and has her eyes closed, suggesting a moment of relaxation or contentment. Her belly is prominently displayed, indicating her pregnancy. The background is plain and does not distract from the subject. There is no visible text in the image.	92374767855.png	The image depicts a stylized, animated character of a person in mid-stride. The character is wearing a bright orange shirt, dark pants, and brown shoes. They are carrying a backpack on their back. The background is plain white, emphasizing the character. There is no visible text in the image. The style of the image is reminiscent of a digital illustration, with clean lines and a limited color palette.	70484253990.png	The image is a stylized illustration featuring a man and a woman standing in front of a baby's crib. The woman is on the left, wearing a red dress, and the man is on the right, dressed in a gray shirt. Between them, there is a small baby doll with a smiling face. The crib is made of wood and has a small door. Above the crib, there is a decorative garland with various ornaments. To the right of the crib, there is a large stuffed giraffe. In the background, there is a potted plant and a curtain. The overall scene suggests a domestic setting, possibly a nursery or a child's room. There is no visible text in the image.
og'ir oyoq	Ushbu taomni tayyorlash uchun bizga 1 ta molning og'ir oyog'i, sabzavotlar hamda ziravorlar kerak bo'ladi.		92374767855.png	The image depicts a stylized, animated character of a person in mid-stride. The character is wearing a bright orange shirt, dark pants, and brown shoes. They are carrying a backpack on their back. The background is plain white, emphasizing the character. There is no visible text in the image. The style of the image is reminiscent of a digital illustration, with clean lines and a limited color palette.	72330157999.png	The image depicts a cartoon-style illustration of a young boy in mid-run. He has curly black hair and is wearing a yellow and white checkered shirt with a red scarf around his neck. The boy is holding a kite with a red and black striped tail and a black and white diamond-shaped body. The kite is in the air, and the boy appears to be flying it. There are small orange leaves falling around him, suggesting a season like autumn. The background is plain white, which contrasts with the boy and the kite. There is no visible text in the image.	70484253990.png	The image is a stylized illustration featuring a man and a woman standing in front of a baby's crib. The woman is on the left, wearing a red dress, and the man is on the right, dressed in a gray shirt. Between them, there is a small baby doll with a smiling face. The crib is made of wood and has a small door. Above the crib, there is a decorative garland with various ornaments. To the right of the crib, there is a large stuffed giraffe. In the background, there is a potted plant and a curtain. The overall scene suggests a domestic setting, possibly a nursery or a child's room. There is no visible text in the image.	50698905973.png	The image shows a pair of boots with a rustic appearance, standing on a muddy ground. The boots are brown with orange accents and feature laces and metal eyelets. The ground is covered in mud with visible footprints, and there are small rocks scattered around. The background is a plain, light color, providing a contrast to the darker tones of the boots and the mud. There is no visible text in the image.	20777774089.png	The image is a digital illustration of a pregnant woman. She has long, dark hair and is wearing a red top. The woman is smiling and has her eyes closed, suggesting a moment of relaxation or contentment. Her belly is prominently displayed, indicating her pregnancy. The background is plain and does not distract from the subject. There is no visible text in the image.
mehnatkash chumoli	"Bernardu Silva — yuqori texnikaga ega, shu bilan birga ""mehnatkash chumoli""."		21431986145.png	The image depicts an animated scene of a young girl engrossed in reading a book at a desk. She is wearing glasses and a yellow top, and her hair is tied in a bun. The desk is cluttered with various items, including a lamp, a stack of books, and a cup. Behind her is a bookshelf filled with books, and the room is illuminated by string lights. The girl appears to be in a cozy, personal space, possibly a study or a reading nook.	35222567636.png	The image depicts a stylized illustration of an orange ant with large, green leaves attached to its back. The ant has six legs and two antennae. The leaves are detailed with veins and have a glossy appearance. The background is plain white, emphasizing the subject. There is no visible text in the image. The style of the illustration is cartoonish with a focus on vibrant colors and a simplified design.	73172203682.png	The image depicts a cartoon-style orange tabby cat with white paws and a white muzzle, lying on a brown armchair. The cat's eyes are closed, and it appears to be sleeping or resting. To the right of the cat, there is a small, decorative pillow with a floral pattern. The background is a plain, light gray color. There is no visible text in the image.	15331541855.png	The image depicts an animated character, a man with a beard and glasses, sitting at a desk. He is wearing a black shirt with a yellow collar and brown pants. The man is smiling and appears to be working on a computer. On the desk, there is a computer monitor, a keyboard, a mouse, a red potted plant, a small cactus, and a cup. The background is plain white.	48685372144.png	The image depicts a whimsical scene with a large, smiling ant standing atop a small hill of dirt. The ant has a cheerful expression and is surrounded by smaller ants, also smiling, that are climbing up the hill. The ants are illustrated in a cartoon style with exaggerated features and bright colors. The background is a plain white, which contrasts with the earthy tones of the ants and the dirt. There is no visible text in the image. The overall impression is one of a friendly, cooperative group of ants enjoying their time together.
mehnatkash chumoli	U mehnatkash chumolidek tinim bilmay ishlar edi.		15331541855.png	The image depicts an animated character, a man with a beard and glasses, sitting at a desk. He is wearing a black shirt with a yellow collar and brown pants. The man is smiling and appears to be working on a computer. On the desk, there is a computer monitor, a keyboard, a mouse, a red potted plant, a small cactus, and a cup. The background is plain white.	21431986145.png	The image depicts an animated scene of a young girl engrossed in reading a book at a desk. She is wearing glasses and a yellow top, and her hair is tied in a bun. The desk is cluttered with various items, including a lamp, a stack of books, and a cup. Behind her is a bookshelf filled with books, and the room is illuminated by string lights. The girl appears to be in a cozy, personal space, possibly a study or a reading nook.	48685372144.png	The image depicts a whimsical scene with a large, smiling ant standing atop a small hill of dirt. The ant has a cheerful expression and is surrounded by smaller ants, also smiling, that are climbing up the hill. The ants are illustrated in a cartoon style with exaggerated features and bright colors. The background is a plain white, which contrasts with the earthy tones of the ants and the dirt. There is no visible text in the image. The overall impression is one of a friendly, cooperative group of ants enjoying their time together.	35222567636.png	The image depicts a stylized illustration of an orange ant with large, green leaves attached to its back. The ant has six legs and two antennae. The leaves are detailed with veins and have a glossy appearance. The background is plain white, emphasizing the subject. There is no visible text in the image. The style of the illustration is cartoonish with a focus on vibrant colors and a simplified design.	73172203682.png	The image depicts a cartoon-style orange tabby cat with white paws and a white muzzle, lying on a brown armchair. The cat's eyes are closed, and it appears to be sleeping or resting. To the right of the cat, there is a small, decorative pillow with a floral pattern. The background is a plain, light gray color. There is no visible text in the image.
mehnatkash chumoli	Chumoli, mehnatkash chumoli, kuyinma, atrofga bir qara maysalar, oh, qanday himoli, dunyoni qilma ko‘p masxara.		73172203682.png	The image depicts a cartoon-style orange tabby cat with white paws and a white muzzle, lying on a brown armchair. The cat's eyes are closed, and it appears to be sleeping or resting. To the right of the cat, there is a small, decorative pillow with a floral pattern. The background is a plain, light gray color. There is no visible text in the image.	48685372144.png	The image depicts a whimsical scene with a large, smiling ant standing atop a small hill of dirt. The ant has a cheerful expression and is surrounded by smaller ants, also smiling, that are climbing up the hill. The ants are illustrated in a cartoon style with exaggerated features and bright colors. The background is a plain white, which contrasts with the earthy tones of the ants and the dirt. There is no visible text in the image. The overall impression is one of a friendly, cooperative group of ants enjoying their time together.	21431986145.png	The image depicts an animated scene of a young girl engrossed in reading a book at a desk. She is wearing glasses and a yellow top, and her hair is tied in a bun. The desk is cluttered with various items, including a lamp, a stack of books, and a cup. Behind her is a bookshelf filled with books, and the room is illuminated by string lights. The girl appears to be in a cozy, personal space, possibly a study or a reading nook.	35222567636.png	The image depicts a stylized illustration of an orange ant with large, green leaves attached to its back. The ant has six legs and two antennae. The leaves are detailed with veins and have a glossy appearance. The background is plain white, emphasizing the subject. There is no visible text in the image. The style of the illustration is cartoonish with a focus on vibrant colors and a simplified design.	15331541855.png	The image depicts an animated character, a man with a beard and glasses, sitting at a desk. He is wearing a black shirt with a yellow collar and brown pants. The man is smiling and appears to be working on a computer. On the desk, there is a computer monitor, a keyboard, a mouse, a red potted plant, a small cactus, and a cup. The background is plain white.
mehnatkash chumoli	Qadim zamonda bir mehnatkash chumoli bo'lgan ekan.		48685372144.png	The image depicts a whimsical scene with a large, smiling ant standing atop a small hill of dirt. The ant has a cheerful expression and is surrounded by smaller ants, also smiling, that are climbing up the hill. The ants are illustrated in a cartoon style with exaggerated features and bright colors. The background is a plain white, which contrasts with the earthy tones of the ants and the dirt. There is no visible text in the image. The overall impression is one of a friendly, cooperative group of ants enjoying their time together.	73172203682.png	The image depicts a cartoon-style orange tabby cat with white paws and a white muzzle, lying on a brown armchair. The cat's eyes are closed, and it appears to be sleeping or resting. To the right of the cat, there is a small, decorative pillow with a floral pattern. The background is a plain, light gray color. There is no visible text in the image.	15331541855.png	The image depicts an animated character, a man with a beard and glasses, sitting at a desk. He is wearing a black shirt with a yellow collar and brown pants. The man is smiling and appears to be working on a computer. On the desk, there is a computer monitor, a keyboard, a mouse, a red potted plant, a small cactus, and a cup. The background is plain white.	35222567636.png	The image depicts a stylized illustration of an orange ant with large, green leaves attached to its back. The ant has six legs and two antennae. The leaves are detailed with veins and have a glossy appearance. The background is plain white, emphasizing the subject. There is no visible text in the image. The style of the illustration is cartoonish with a focus on vibrant colors and a simplified design.	21431986145.png	The image depicts an animated scene of a young girl engrossed in reading a book at a desk. She is wearing glasses and a yellow top, and her hair is tied in a bun. The desk is cluttered with various items, including a lamp, a stack of books, and a cup. Behind her is a bookshelf filled with books, and the room is illuminated by string lights. The girl appears to be in a cozy, personal space, possibly a study or a reading nook.
muammolar o'chog'i	Xullas, o‘tgan davr ichida bu mavze, ko‘pchilik kutganidek, obod va ko‘rkam go‘shaga emas, balki muammolar o‘chog‘iga aylandi.		54022950593.png	The image depicts an animated character, a man with a surprised expression, wearing a suit and tie. He is holding a phone to his ear with his right hand. The character is surrounded by various objects that appear to be floating around him, including papers, tools, and a wrench. The background is white, and the overall style is cartoonish. There is no visible text in the image.	51872959090.png	The image depicts a cartoon-style illustration of a young boy in mid-run. He has dark hair and is wearing a striped shirt with a scarf around his neck. The boy is holding a kite with a diamond-shaped design in orange and black colors. The kite has a tail with a red string attached to it. There are two small butterflies flying near the kite. The background is plain white.	39672726048.png	The image depicts a stylized illustration of a campfire. The fire is composed of bright orange flames with yellow sparks, and it is surrounded by a ring of gray rocks. The fire is the central focus of the image, with the rocks arranged in a circular pattern around it. The background is a plain white color, which contrasts with the vivid colors of the fire and rocks. There is no visible text in the image. The style of the image is cartoonish and simplistic, with a limited color palette and a clear, bold outline.	11547959931.png	The image depicts a group of four animated characters, two males and two females, sitting around a table with a map spread out on it. The characters are drawn in a cartoon style with exaggerated facial expressions, suggesting a moment of surprise or confusion. The males are on the left side of the table, and the females are on the right. The characters are wearing glasses and casual clothing. The background is plain white, emphasizing the characters and the map. There is no visible text in the image.	56671379214.png	The image features a stylized illustration of a fire with flames and sparks. To the right of the fire, there is a black and orange warning sign with an exclamation mark. The background is white, and the overall style is cartoonish with a limited color palette.
muammolar o'chog'i	Har bir mahalla muammolar o‘chog‘i emas, balki islohotlar markazi bo‘lishi kerak, dedi mahalla oqsoqoli.		51872959090.png	The image depicts a cartoon-style illustration of a young boy in mid-run. He has dark hair and is wearing a striped shirt with a scarf around his neck. The boy is holding a kite with a diamond-shaped design in orange and black colors. The kite has a tail with a red string attached to it. There are two small butterflies flying near the kite. The background is plain white.	39672726048.png	The image depicts a stylized illustration of a campfire. The fire is composed of bright orange flames with yellow sparks, and it is surrounded by a ring of gray rocks. The fire is the central focus of the image, with the rocks arranged in a circular pattern around it. The background is a plain white color, which contrasts with the vivid colors of the fire and rocks. There is no visible text in the image. The style of the image is cartoonish and simplistic, with a limited color palette and a clear, bold outline.	56671379214.png	The image features a stylized illustration of a fire with flames and sparks. To the right of the fire, there is a black and orange warning sign with an exclamation mark. The background is white, and the overall style is cartoonish with a limited color palette.	11547959931.png	The image depicts a group of four animated characters, two males and two females, sitting around a table with a map spread out on it. The characters are drawn in a cartoon style with exaggerated facial expressions, suggesting a moment of surprise or confusion. The males are on the left side of the table, and the females are on the right. The characters are wearing glasses and casual clothing. The background is plain white, emphasizing the characters and the map. There is no visible text in the image.	54022950593.png	The image depicts an animated character, a man with a surprised expression, wearing a suit and tie. He is holding a phone to his ear with his right hand. The character is surrounded by various objects that appear to be floating around him, including papers, tools, and a wrench. The background is white, and the overall style is cartoonish. There is no visible text in the image.
daromad manbai	Biroq barchaga ma’lumki, futbol yulduzlarining daromad manbayi faqat maosh bilan cheklanmagan.		73429845462.png	The image depicts a stylized illustration of a young boy in a park setting. The boy is wearing a red shirt and black shorts, with orange shoes. He is running towards a soccer ball, which is on the grass. The park is filled with lush green trees and bushes, and there are yellow flowers visible. In the background, there is a city skyline with tall buildings. The style of the illustration is cartoonish with a limited color palette. There is no visible text in the image.	65680856910.png	"The image depicts an animated character, a man with a broad smile, standing behind a wooden counter. He is wearing a black apron and a striped shirt. The counter is adorned with a cash register, a computer monitor, and a stack of money. There are also two bags of money on the counter, one labeled with a dollar sign and the other with a pound sign. Above the counter, there are two potted plants and a sign that reads ""BLOCKCHAIN."" The background features a shelf with various items, including a plant, a bottle, and a book. The overall setting suggests a shop or a service establishment."	78551314193.png	The image depicts a picturesque landscape featuring a winding river that meanders through a lush green valley. The river is flanked by verdant banks, with patches of orange and yellow flowers adding a splash of color to the scene. On the left side of the image, there is a large, imposing mountain with a rocky surface and a peak that is partially covered by a cloud. The mountain casts a shadow on the valley floor, suggesting a source of light from the upper right side of the image. The sky above is a clear blue with a few scattered clouds. The overall style of the image is illustrative, with a focus on natural scenery. There is no visible text in the image.	25548750493.png	The image depicts an animated scene of a waterfall cascading from a stone structure into a pool of water. The waterfall is adorned with coins of various sizes, and the water is flowing from the top of the structure to the bottom. The structure is surrounded by a variety of rocks and plants, including grass and what appears to be a small tree. The overall style of the image is cartoonish and colorful, with a focus on the playful and whimsical nature of the scene.	14478206857.png	The image is a cartoon illustration featuring a character with curly hair and glasses, wearing a dress with a floral pattern. The character is standing to the right of a tree with a thick trunk and a full canopy of leaves. The leaves are depicted as money bills, with various denominations visible. The character is holding a small amount of money in their hands and appears to be laughing or smiling. The money bills are falling from the tree, creating a dynamic sense of movement. The background is plain white, which contrasts with the colorful character and the tree. There is no visible text in the image.
daromad manbai	Domla repetitorlikka biznes, daromad manbayi deb qaraganini sezmagan ekanman.		25548750493.png	The image depicts an animated scene of a waterfall cascading from a stone structure into a pool of water. The waterfall is adorned with coins of various sizes, and the water is flowing from the top of the structure to the bottom. The structure is surrounded by a variety of rocks and plants, including grass and what appears to be a small tree. The overall style of the image is cartoonish and colorful, with a focus on the playful and whimsical nature of the scene.	78551314193.png	The image depicts a picturesque landscape featuring a winding river that meanders through a lush green valley. The river is flanked by verdant banks, with patches of orange and yellow flowers adding a splash of color to the scene. On the left side of the image, there is a large, imposing mountain with a rocky surface and a peak that is partially covered by a cloud. The mountain casts a shadow on the valley floor, suggesting a source of light from the upper right side of the image. The sky above is a clear blue with a few scattered clouds. The overall style of the image is illustrative, with a focus on natural scenery. There is no visible text in the image.	73429845462.png	The image depicts a stylized illustration of a young boy in a park setting. The boy is wearing a red shirt and black shorts, with orange shoes. He is running towards a soccer ball, which is on the grass. The park is filled with lush green trees and bushes, and there are yellow flowers visible. In the background, there is a city skyline with tall buildings. The style of the illustration is cartoonish with a limited color palette. There is no visible text in the image.	65680856910.png	"The image depicts an animated character, a man with a broad smile, standing behind a wooden counter. He is wearing a black apron and a striped shirt. The counter is adorned with a cash register, a computer monitor, and a stack of money. There are also two bags of money on the counter, one labeled with a dollar sign and the other with a pound sign. Above the counter, there are two potted plants and a sign that reads ""BLOCKCHAIN."" The background features a shelf with various items, including a plant, a bottle, and a book. The overall setting suggests a shop or a service establishment."	14478206857.png	The image is a cartoon illustration featuring a character with curly hair and glasses, wearing a dress with a floral pattern. The character is standing to the right of a tree with a thick trunk and a full canopy of leaves. The leaves are depicted as money bills, with various denominations visible. The character is holding a small amount of money in their hands and appears to be laughing or smiling. The money bills are falling from the tree, creating a dynamic sense of movement. The background is plain white, which contrasts with the colorful character and the tree. There is no visible text in the image.
bir tiyinga qimmat	Biroq men aminmanki, Vladimir bu gaplar bir tiyinga qimmat ekanini isbotlashga tayyor.		18449543971.png	The image depicts an animated character, a woman with short brown hair, wearing glasses and a patterned blouse. She is seated at a desk with a laptop and a smartphone. The woman appears to be in a state of distress or frustration, as indicated by her wide-open mouth and the shattered pieces of the laptop screen flying around her. The smartphone is intact and placed on the desk. The background is plain white, emphasizing the character and the shattered laptop. There is no visible text in the image.	41869262197.png	The image shows a circular object with a red border and a black center, adorned with gold stars, lying on a cracked, dry ground surface. The object appears to be a coin or a medallion, and it is tilted to one side, with the stars visible on the upper side. There is a small green plant sprouting from the crack where the object is resting. The background is a plain, light-colored surface with a few indistinct green objects that could be plants or shrubs. The overall style of the image is realistic with a focus on the contrast between the man-made object and the natural environment.	76659283905.png	The image shows a hand with an open palm, against a white background. The hand appears to be that of an adult, with a fair skin tone. In the center of the palm, there is a circular object that resembles a coin or a medallion. The object has a metallic appearance with a pattern of symbols or characters on its surface. It is slightly tilted and appears to be falling or being dropped from the hand. The object is not in focus, and the image is stylized with a flat, two-dimensional quality. There is no visible text in the image.	99867314090.png	The image depicts an animated character, a young boy with black hair and a yellow jacket, standing next to a trash can. He is holding a smartphone with a red case. The boy appears to be looking at the phone with a concerned or puzzled expression. The trash can is full and overflowing with various items, including what appears to be a broken umbrella and other miscellaneous objects. The background is plain white, emphasizing the subject matter. There is no visible text in the image.	51555489534.png	The image depicts a stylized illustration of an orange and white tabby cat lying on a windowsill. The cat appears to be sleeping with its eyes closed and a contented expression. The windowsill is adorned with a white lace curtain, and there is a hint of greenery outside the window. The background is a plain, light color, providing a calm and serene atmosphere. There is no visible text in the image.
bir tiyinga qimmat	Mana shunaqa mantiqsiz she’rlardan bir tiyinga qimmat qo‘shiqlar yuzaga kelayotir		18449543971.png	The image depicts an animated character, a woman with short brown hair, wearing glasses and a patterned blouse. She is seated at a desk with a laptop and a smartphone. The woman appears to be in a state of distress or frustration, as indicated by her wide-open mouth and the shattered pieces of the laptop screen flying around her. The smartphone is intact and placed on the desk. The background is plain white, emphasizing the character and the shattered laptop. There is no visible text in the image.	76659283905.png	The image shows a hand with an open palm, against a white background. The hand appears to be that of an adult, with a fair skin tone. In the center of the palm, there is a circular object that resembles a coin or a medallion. The object has a metallic appearance with a pattern of symbols or characters on its surface. It is slightly tilted and appears to be falling or being dropped from the hand. The object is not in focus, and the image is stylized with a flat, two-dimensional quality. There is no visible text in the image.	99867314090.png	The image depicts an animated character, a young boy with black hair and a yellow jacket, standing next to a trash can. He is holding a smartphone with a red case. The boy appears to be looking at the phone with a concerned or puzzled expression. The trash can is full and overflowing with various items, including what appears to be a broken umbrella and other miscellaneous objects. The background is plain white, emphasizing the subject matter. There is no visible text in the image.	41869262197.png	The image shows a circular object with a red border and a black center, adorned with gold stars, lying on a cracked, dry ground surface. The object appears to be a coin or a medallion, and it is tilted to one side, with the stars visible on the upper side. There is a small green plant sprouting from the crack where the object is resting. The background is a plain, light-colored surface with a few indistinct green objects that could be plants or shrubs. The overall style of the image is realistic with a focus on the contrast between the man-made object and the natural environment.	51555489534.png	The image depicts a stylized illustration of an orange and white tabby cat lying on a windowsill. The cat appears to be sleeping with its eyes closed and a contented expression. The windowsill is adorned with a white lace curtain, and there is a hint of greenery outside the window. The background is a plain, light color, providing a calm and serene atmosphere. There is no visible text in the image.
bir tiyinga qimmat	Bu olmalar chirigan, bir tiyinga qimmat, arzonroq qiling, ikki kilosini bir tiyinga bering, dedi xaridor.		99867314090.png	The image depicts an animated character, a young boy with black hair and a yellow jacket, standing next to a trash can. He is holding a smartphone with a red case. The boy appears to be looking at the phone with a concerned or puzzled expression. The trash can is full and overflowing with various items, including what appears to be a broken umbrella and other miscellaneous objects. The background is plain white, emphasizing the subject matter. There is no visible text in the image.	76659283905.png	The image shows a hand with an open palm, against a white background. The hand appears to be that of an adult, with a fair skin tone. In the center of the palm, there is a circular object that resembles a coin or a medallion. The object has a metallic appearance with a pattern of symbols or characters on its surface. It is slightly tilted and appears to be falling or being dropped from the hand. The object is not in focus, and the image is stylized with a flat, two-dimensional quality. There is no visible text in the image.	51555489534.png	The image depicts a stylized illustration of an orange and white tabby cat lying on a windowsill. The cat appears to be sleeping with its eyes closed and a contented expression. The windowsill is adorned with a white lace curtain, and there is a hint of greenery outside the window. The background is a plain, light color, providing a calm and serene atmosphere. There is no visible text in the image.	18449543971.png	The image depicts an animated character, a woman with short brown hair, wearing glasses and a patterned blouse. She is seated at a desk with a laptop and a smartphone. The woman appears to be in a state of distress or frustration, as indicated by her wide-open mouth and the shattered pieces of the laptop screen flying around her. The smartphone is intact and placed on the desk. The background is plain white, emphasizing the character and the shattered laptop. There is no visible text in the image.	41869262197.png	The image shows a circular object with a red border and a black center, adorned with gold stars, lying on a cracked, dry ground surface. The object appears to be a coin or a medallion, and it is tilted to one side, with the stars visible on the upper side. There is a small green plant sprouting from the crack where the object is resting. The background is a plain, light-colored surface with a few indistinct green objects that could be plants or shrubs. The overall style of the image is realistic with a focus on the contrast between the man-made object and the natural environment.
bir tiyinga qimmat	Kecha men olgan nok bir tiyinga qimmat ekan, sotib olganimdan so'ng, undan arzonrog'i chiqib qolsa deng.		51555489534.png	The image depicts a stylized illustration of an orange and white tabby cat lying on a windowsill. The cat appears to be sleeping with its eyes closed and a contented expression. The windowsill is adorned with a white lace curtain, and there is a hint of greenery outside the window. The background is a plain, light color, providing a calm and serene atmosphere. There is no visible text in the image.	76659283905.png	The image shows a hand with an open palm, against a white background. The hand appears to be that of an adult, with a fair skin tone. In the center of the palm, there is a circular object that resembles a coin or a medallion. The object has a metallic appearance with a pattern of symbols or characters on its surface. It is slightly tilted and appears to be falling or being dropped from the hand. The object is not in focus, and the image is stylized with a flat, two-dimensional quality. There is no visible text in the image.	41869262197.png	The image shows a circular object with a red border and a black center, adorned with gold stars, lying on a cracked, dry ground surface. The object appears to be a coin or a medallion, and it is tilted to one side, with the stars visible on the upper side. There is a small green plant sprouting from the crack where the object is resting. The background is a plain, light-colored surface with a few indistinct green objects that could be plants or shrubs. The overall style of the image is realistic with a focus on the contrast between the man-made object and the natural environment.	18449543971.png	The image depicts an animated character, a woman with short brown hair, wearing glasses and a patterned blouse. She is seated at a desk with a laptop and a smartphone. The woman appears to be in a state of distress or frustration, as indicated by her wide-open mouth and the shattered pieces of the laptop screen flying around her. The smartphone is intact and placed on the desk. The background is plain white, emphasizing the character and the shattered laptop. There is no visible text in the image.	99867314090.png	The image depicts an animated character, a young boy with black hair and a yellow jacket, standing next to a trash can. He is holding a smartphone with a red case. The boy appears to be looking at the phone with a concerned or puzzled expression. The trash can is full and overflowing with various items, including what appears to be a broken umbrella and other miscellaneous objects. The background is plain white, emphasizing the subject matter. There is no visible text in the image.
bir balodan qolmoq	Bozorda mashina yonib ketay deganda, u zo‘rg‘a qochib, bir balodan qoldi.		18276394117.png	The image depicts an animated character, a young male with brown hair, wearing a bright orange jacket and black pants. He is in mid-action, running with his arms outstretched, as if he is falling or jumping. The character is also wearing a red backpack. The background is a plain white, and the character is positioned in front of a brick wall that appears to be crumbling or breaking apart, with pieces of brick flying around him, suggesting a dynamic, possibly chaotic, scene. There is no visible text in the image. The style of the image is cartoonish and colorful, with a focus on the character's movement and the implied action of the brick wall.	41033222197.png	The image depicts a stylized, animated scene with a dramatic atmosphere. In the foreground, there is a single figure standing on a road, looking towards a large, fiery explosion that dominates the background. The explosion is characterized by bright orange and red hues, with darker tones suggesting smoke or ash. The figure appears to be a young person with a backpack, standing alone and facing the explosion.  The setting is a residential area with houses on either side of the road. The houses are depicted in a sketchy, hand-drawn style with muted colors, contrasting with the vibrant explosion. The sky is overcast with dark clouds, and there are power lines running above the road. The overall style of the image is reminiscent of a comic book or animated film, with a focus on color and texture to convey the intensity of the scene.	67607257841.png	The image depicts an animated character, a young man with brown hair, wearing a white shirt and black pants, with his arms outstretched and his mouth open in a surprised or shocked expression. He is running towards the right side of the image. In front of him is a large, dark brown ball with a rough texture, which appears to be exploding or shattering into smaller pieces, some of which are flying towards the character. The pieces are colored in shades of brown and yellow, suggesting a natural or earthy theme. The background is plain and does not provide any additional context or setting. There is no visible text in the image. The style of the image is cartoonish and appears to be designed for a humorous or illustrative purpose.	92689354082.png	The image depicts an animated character, a woman with dark hair, sitting at a small table. She is wearing a yellow dress and is engaged in reading a book. The table is adorned with various items including a teapot, a cup, a small plant, and a stack of books. Above the table, there are hanging plants, and to the right, there is a larger potted plant. The setting appears to be a cozy indoor space, possibly a reading nook or a small home office.	31668480975.png	The image depicts a stylized cartoon of a young boy with a surprised or shocked expression. He has dark hair, a black t-shirt, and his hands are clasped together in front of him. The boy's eyes are closed, and his mouth is slightly open, suggesting a gasp or a reaction to something unexpected. The background is plain white, which puts the focus entirely on the character. There is no visible text in the image.
bir balodan qolmoq	Daraxtdan shox uzayotgan paytda qulab tushay dedi, lekin arqon ushlab qolib, bir balodan qoldi.		92689354082.png	The image depicts an animated character, a woman with dark hair, sitting at a small table. She is wearing a yellow dress and is engaged in reading a book. The table is adorned with various items including a teapot, a cup, a small plant, and a stack of books. Above the table, there are hanging plants, and to the right, there is a larger potted plant. The setting appears to be a cozy indoor space, possibly a reading nook or a small home office.	67607257841.png	The image depicts an animated character, a young man with brown hair, wearing a white shirt and black pants, with his arms outstretched and his mouth open in a surprised or shocked expression. He is running towards the right side of the image. In front of him is a large, dark brown ball with a rough texture, which appears to be exploding or shattering into smaller pieces, some of which are flying towards the character. The pieces are colored in shades of brown and yellow, suggesting a natural or earthy theme. The background is plain and does not provide any additional context or setting. There is no visible text in the image. The style of the image is cartoonish and appears to be designed for a humorous or illustrative purpose.	18276394117.png	The image depicts an animated character, a young male with brown hair, wearing a bright orange jacket and black pants. He is in mid-action, running with his arms outstretched, as if he is falling or jumping. The character is also wearing a red backpack. The background is a plain white, and the character is positioned in front of a brick wall that appears to be crumbling or breaking apart, with pieces of brick flying around him, suggesting a dynamic, possibly chaotic, scene. There is no visible text in the image. The style of the image is cartoonish and colorful, with a focus on the character's movement and the implied action of the brick wall.	41033222197.png	The image depicts a stylized, animated scene with a dramatic atmosphere. In the foreground, there is a single figure standing on a road, looking towards a large, fiery explosion that dominates the background. The explosion is characterized by bright orange and red hues, with darker tones suggesting smoke or ash. The figure appears to be a young person with a backpack, standing alone and facing the explosion.  The setting is a residential area with houses on either side of the road. The houses are depicted in a sketchy, hand-drawn style with muted colors, contrasting with the vibrant explosion. The sky is overcast with dark clouds, and there are power lines running above the road. The overall style of the image is reminiscent of a comic book or animated film, with a focus on color and texture to convey the intensity of the scene.	31668480975.png	The image depicts a stylized cartoon of a young boy with a surprised or shocked expression. He has dark hair, a black t-shirt, and his hands are clasped together in front of him. The boy's eyes are closed, and his mouth is slightly open, suggesting a gasp or a reaction to something unexpected. The background is plain white, which puts the focus entirely on the character. There is no visible text in the image.
yettinchi osmonda	Garchi, bu kamtarona taklif bo‘lsa-da, Tigana omadi chopganidan yettinchi osmonda edi.		14862382559.png	The image depicts an animated character, a young boy with dark hair, sitting on a cloud. He is wearing a red shirt and blue shorts, with red shoes. The boy appears to be looking down at the ground below, which is obscured by a multitude of clouds. The clouds are white and fluffy, with varying shades of gray, suggesting depth and distance. The background is a plain, light color, providing a stark contrast to the detailed clouds. There is no visible text in the image. The style of the image is illustrative, with a focus on soft, rounded shapes and a limited color palette.	11833704721.png	The image depicts an animated character lying on a bed of fluffy white clouds. The character is wearing a red jacket and brown pants, with brown shoes. The clouds are depicted in a soft, pastel color palette, and there are a few smaller clouds scattered around the character. The background is a light gray, and there are no visible texts or other objects in the image. The style of the image is illustrative and whimsical, with a focus on the character's relaxed posture.	63581037041.png	The image depicts an animated chef in a kitchen, stirring a large pot of soup. The chef is wearing a white chef's hat and a white apron, and has a mustache. He is holding a wooden spoon in his right hand and is smiling. The kitchen has a tiled wall and a shelf with various kitchen items. On the counter, there are several bottles, a bowl, and a spoon. The chef is standing in front of a stove with a kettle on it. The overall style of the image is cartoonish and colorful.	49445971606.png	The image features an animated character, a young girl with dark hair, wearing glasses and a yellow top. She is jumping with her arms outstretched, appearing joyful. The background is white with numerous small hearts and stars scattered around her. The style is cartoonish and colorful.	21485405968.png	The image features two animated characters, a male and a female, both in mid-jump with their arms outstretched. The male character has short brown hair, is wearing a black jacket over a red shirt, and has orange shoes. The female character has long brown hair, is wearing a brown coat over an orange sweater, and has red shoes. Both characters are smiling and appear to be in a joyful mood. There is no visible text in the image.
yettinchi osmonda	Ha, xursandligimdan yettinchi osmonda uchib yurgandek bo‘ldim.		11833704721.png	The image depicts an animated character lying on a bed of fluffy white clouds. The character is wearing a red jacket and brown pants, with brown shoes. The clouds are depicted in a soft, pastel color palette, and there are a few smaller clouds scattered around the character. The background is a light gray, and there are no visible texts or other objects in the image. The style of the image is illustrative and whimsical, with a focus on the character's relaxed posture.	14862382559.png	The image depicts an animated character, a young boy with dark hair, sitting on a cloud. He is wearing a red shirt and blue shorts, with red shoes. The boy appears to be looking down at the ground below, which is obscured by a multitude of clouds. The clouds are white and fluffy, with varying shades of gray, suggesting depth and distance. The background is a plain, light color, providing a stark contrast to the detailed clouds. There is no visible text in the image. The style of the image is illustrative, with a focus on soft, rounded shapes and a limited color palette.	21485405968.png	The image features two animated characters, a male and a female, both in mid-jump with their arms outstretched. The male character has short brown hair, is wearing a black jacket over a red shirt, and has orange shoes. The female character has long brown hair, is wearing a brown coat over an orange sweater, and has red shoes. Both characters are smiling and appear to be in a joyful mood. There is no visible text in the image.	49445971606.png	The image features an animated character, a young girl with dark hair, wearing glasses and a yellow top. She is jumping with her arms outstretched, appearing joyful. The background is white with numerous small hearts and stars scattered around her. The style is cartoonish and colorful.	63581037041.png	The image depicts an animated chef in a kitchen, stirring a large pot of soup. The chef is wearing a white chef's hat and a white apron, and has a mustache. He is holding a wooden spoon in his right hand and is smiling. The kitchen has a tiled wall and a shelf with various kitchen items. On the counter, there are several bottles, a bowl, and a spoon. The chef is standing in front of a stove with a kettle on it. The overall style of the image is cartoonish and colorful.
ruhi tushmoq	Bu gal omadi kelmagan sportchilarimizga qarata, ruhingiz tushmasin, kelgusi safar baxt sizlarga albatta kulib boqadi, deb ishonch bildirmoqchiman.		29264384358.png	The image depicts an animated character in mid-air, with a dynamic sense of movement. The character appears to be a young male with short black hair, wearing a bright orange coat with a black scarf. He is dressed in black pants and black shoes. The character is surrounded by a shower of autumn leaves in shades of orange, yellow, and brown, which are scattered around him, creating a sense of motion and the changing of seasons. The background is a plain white, which contrasts with the colorful character and leaves. There is no visible text in the image. The style of the image is illustrative and cartoonish, with a focus on vibrant colors and a playful, energetic feel.	83451666503.png	The image is a stylized illustration featuring a character with a large, orange curtain partially covering their face. The character appears to be standing on a stage with a crowd of people in the background, suggesting a live performance or event. The crowd is depicted in a simplified manner with various shades of gray, indicating a diverse group of spectators. The curtain has vertical folds and is a solid, bright orange color. The character's expression is not fully visible due to the curtain, and no text is present in the image. The style of the illustration is reminiscent of a cartoon or animated film.	65549796151.png	The image depicts a slice of cake with a vibrant orange glaze. The cake is topped with a generous drizzle of the same glaze. It is adorned with white cream rosettes and strawberries, which are sliced and arranged in a decorative manner. The strawberries are red with visible seeds and green leaves. The cake is placed on a white surface, and there is a small puddle of the orange glaze to the right of the slice. The style of the image is illustrative, with a focus on bright colors and a playful, appetizing presentation.	24952256604.png	The image is a digital illustration of a man and a woman standing at a table. The man is wearing a black suit with a yellow tie and has a beard. The woman is wearing a white dress with a veil and has a red flush on her cheeks. Both characters have exaggerated facial expressions, with the man looking surprised and the woman looking distressed. The table has a red cloth on it, and there are flowers on either side. The background is plain white. There is no visible text in the image.	11036927656.png	The image shows a pair of human feet standing on a field of dry grass. The feet are bare and appear to be in motion, as suggested by the blurred effect around them. The toes are spread out, and the skin tone is a natural shade. The background is a plain, light-colored surface that fades into a soft gradient, giving the impression of a sky or a hazy environment. There is no visible text in the image. The style of the image is a digital rendering or illustration, characterized by its smooth and polished appearance.
ruhi tushmoq	U shunday dedi-yu, juda yaqin kishisidan judo bo‘lgandek, ruhi tushib ketdi.		65549796151.png	The image depicts a slice of cake with a vibrant orange glaze. The cake is topped with a generous drizzle of the same glaze. It is adorned with white cream rosettes and strawberries, which are sliced and arranged in a decorative manner. The strawberries are red with visible seeds and green leaves. The cake is placed on a white surface, and there is a small puddle of the orange glaze to the right of the slice. The style of the image is illustrative, with a focus on bright colors and a playful, appetizing presentation.	11036927656.png	The image shows a pair of human feet standing on a field of dry grass. The feet are bare and appear to be in motion, as suggested by the blurred effect around them. The toes are spread out, and the skin tone is a natural shade. The background is a plain, light-colored surface that fades into a soft gradient, giving the impression of a sky or a hazy environment. There is no visible text in the image. The style of the image is a digital rendering or illustration, characterized by its smooth and polished appearance.	24952256604.png	The image is a digital illustration of a man and a woman standing at a table. The man is wearing a black suit with a yellow tie and has a beard. The woman is wearing a white dress with a veil and has a red flush on her cheeks. Both characters have exaggerated facial expressions, with the man looking surprised and the woman looking distressed. The table has a red cloth on it, and there are flowers on either side. The background is plain white. There is no visible text in the image.	83451666503.png	The image is a stylized illustration featuring a character with a large, orange curtain partially covering their face. The character appears to be standing on a stage with a crowd of people in the background, suggesting a live performance or event. The crowd is depicted in a simplified manner with various shades of gray, indicating a diverse group of spectators. The curtain has vertical folds and is a solid, bright orange color. The character's expression is not fully visible due to the curtain, and no text is present in the image. The style of the illustration is reminiscent of a cartoon or animated film.	29264384358.png	The image depicts an animated character in mid-air, with a dynamic sense of movement. The character appears to be a young male with short black hair, wearing a bright orange coat with a black scarf. He is dressed in black pants and black shoes. The character is surrounded by a shower of autumn leaves in shades of orange, yellow, and brown, which are scattered around him, creating a sense of motion and the changing of seasons. The background is a plain white, which contrasts with the colorful character and leaves. There is no visible text in the image. The style of the image is illustrative and cartoonish, with a focus on vibrant colors and a playful, energetic feel.
nazarga ilmaslik	Inson yaxshi tarbiya ko‘rmagan va turmushda tajriba orttirmagan bo‘lsa, u ko‘p narsalarni nazarga ilmaydi va undan jirkanadi.		60994353181.png	The image is a stylized illustration featuring four animated characters seated around a table. On the left, there is a character with curly hair, wearing a green top and black pants, leaning towards another character with brown hair and a yellow top. The character in the yellow top is smiling and appears to be engaged in conversation. Next to this character is another with brown hair and a red top, also smiling and looking at the character in the yellow top. On the right, there is a character with brown hair and glasses, wearing a white top and black pants, sitting alone on a bench with a backpack beside them. The characters are depicted in a friendly and casual manner, suggesting a social gathering or meeting. There is no visible text in the image.	87454962178.png	The image features a stylized illustration of a human eye with a hook attached to its lower eyelid. The eye is depicted with a realistic appearance, showing a detailed iris with a pupil, and a red-rimmed eyelid. The hook is black with a curved shape and a small loop at the top. There is no visible text in the image. The style of the image is graphic and appears to be a digital illustration.	98468253908.png	The image features a stylized, cartoon-like depiction of a watermelon slice. The slice is red with green rind and has black seeds scattered across its surface. The slice is presented against a plain white background. There is no visible text in the image. The slice is oriented with the top of the slice facing the viewer and the bottom facing downward. The style of the image is illustrative and appears to be designed for a simple, clear representation of the subject.	75238871531.png	The image features two animated characters, a male and a female, standing side by side against a white background. The male character is on the left and is depicted with short dark hair, wearing a black t-shirt and khaki pants, with red shoes. The female character is on the right and has long dark hair, wearing an orange top and black pants, with black shoes. Both characters are facing away from each other, and the female character has her arms crossed. There is no visible text in the image. The style of the image is cartoonish and simplistic, with a focus on the characters' expressions and postures.	33597654409.png	The image features a close-up of a person with curly hair and a surprised expression. The individual has large, wide-open eyes and a slightly open mouth, giving the impression of surprise or shock. The person is wearing a white top with a visible neckline. The background is plain and white, which contrasts with the subject's hair and skin tone. There is no visible text in the image.
nazarga ilmaslik	Uncha-muncha ovqatni nazari ilmaydi: osh, do‘lma, manti-yu qazidan gapiradi.		98468253908.png	The image features a stylized, cartoon-like depiction of a watermelon slice. The slice is red with green rind and has black seeds scattered across its surface. The slice is presented against a plain white background. There is no visible text in the image. The slice is oriented with the top of the slice facing the viewer and the bottom facing downward. The style of the image is illustrative and appears to be designed for a simple, clear representation of the subject.	33597654409.png	The image features a close-up of a person with curly hair and a surprised expression. The individual has large, wide-open eyes and a slightly open mouth, giving the impression of surprise or shock. The person is wearing a white top with a visible neckline. The background is plain and white, which contrasts with the subject's hair and skin tone. There is no visible text in the image.	87454962178.png	The image features a stylized illustration of a human eye with a hook attached to its lower eyelid. The eye is depicted with a realistic appearance, showing a detailed iris with a pupil, and a red-rimmed eyelid. The hook is black with a curved shape and a small loop at the top. There is no visible text in the image. The style of the image is graphic and appears to be a digital illustration.	75238871531.png	The image features two animated characters, a male and a female, standing side by side against a white background. The male character is on the left and is depicted with short dark hair, wearing a black t-shirt and khaki pants, with red shoes. The female character is on the right and has long dark hair, wearing an orange top and black pants, with black shoes. Both characters are facing away from each other, and the female character has her arms crossed. There is no visible text in the image. The style of the image is cartoonish and simplistic, with a focus on the characters' expressions and postures.	60994353181.png	The image is a stylized illustration featuring four animated characters seated around a table. On the left, there is a character with curly hair, wearing a green top and black pants, leaning towards another character with brown hair and a yellow top. The character in the yellow top is smiling and appears to be engaged in conversation. Next to this character is another with brown hair and a red top, also smiling and looking at the character in the yellow top. On the right, there is a character with brown hair and glasses, wearing a white top and black pants, sitting alone on a bench with a backpack beside them. The characters are depicted in a friendly and casual manner, suggesting a social gathering or meeting. There is no visible text in the image.
birdaniga tashlamoq	Chekishni birdaniga tashlamoqchi bo‘lgan insonlarda organizm uzoq vaqt kurashadi va nikotin talab qiladi.		58279667171.png	The image depicts a stylized illustration of a sea turtle swimming in water. The turtle is rendered in a digital art style with a color palette that includes shades of orange, brown, and black, with a pattern that resembles a tortoiseshell. The turtle is surrounded by bubbles, suggesting movement through the water. In the foreground, there is a small plant or algae visible, and the background is a muted gray, which could represent the ocean floor or a cloudy sky. There is no visible text in the image.	23928568139.png	The image depicts an animated character with black hair and a surprised expression, peeking out from a black trash can. The character is wearing a brown shirt and has a hand on their head. The trash can is overflowing with various bottles of different shapes and sizes, suggesting a variety of beverages. The bottles are scattered around the trash can, some falling out of it. The background is plain white, emphasizing the character and the trash can. There is no visible text in the image. The style of the image is cartoonish and appears to be designed for a humorous or illustrative purpose.	50103299901.png	The image features two animated characters. On the left, there is a character with a dark cloak and a hood, with a flowing, ghostly appearance. The character's face is obscured by the hood, and it has a glowing orange eye. The right character is a young boy with a backpack, holding a drink in his hand. He is wearing a red sweater, brown pants, and orange shoes. The boy is walking away from the cloaked figure. There is no visible text in the image. The style of the image is cartoonish and appears to be from a children's book or animation.	12192732090.png	The image is a digital illustration featuring a cartoon character, a young girl with curly hair, wearing a red jacket and black pants. She is reaching out towards a black trash can, which is overflowing with various items that appear to be food, such as donuts and candy. The girl is also holding a black trash bag in her other hand. The trash can is situated on the right side of the image, and the girl is on the left. The background is plain white, and there are no visible texts in the image. The style of the illustration is playful and colorful, with a focus on the contrast between the girl's action and the contents of the trash can.	17974909376.png	The image depicts an animated scene where a hand is reaching towards an open suitcase. The suitcase is filled with various items, including what appears to be food and small objects that could be toys or trinkets. The items are spilling out of the suitcase, creating a dynamic and somewhat chaotic effect. The hand is positioned as if it is about to grab one of the items from the suitcase. The style of the image is cartoonish, with a limited color palette and a simple, clean background that does not distract from the main action. There is no visible text in the image.
birdaniga tashlamoq	Chekishni birdaniga tashlagandan so‘ng dastlabki o‘zgarishlar bir necha daqiqa ichida boshlanadi.		58279667171.png	The image depicts a stylized illustration of a sea turtle swimming in water. The turtle is rendered in a digital art style with a color palette that includes shades of orange, brown, and black, with a pattern that resembles a tortoiseshell. The turtle is surrounded by bubbles, suggesting movement through the water. In the foreground, there is a small plant or algae visible, and the background is a muted gray, which could represent the ocean floor or a cloudy sky. There is no visible text in the image.	23928568139.png	The image depicts an animated character with black hair and a surprised expression, peeking out from a black trash can. The character is wearing a brown shirt and has a hand on their head. The trash can is overflowing with various bottles of different shapes and sizes, suggesting a variety of beverages. The bottles are scattered around the trash can, some falling out of it. The background is plain white, emphasizing the character and the trash can. There is no visible text in the image. The style of the image is cartoonish and appears to be designed for a humorous or illustrative purpose.	50103299901.png	The image features two animated characters. On the left, there is a character with a dark cloak and a hood, with a flowing, ghostly appearance. The character's face is obscured by the hood, and it has a glowing orange eye. The right character is a young boy with a backpack, holding a drink in his hand. He is wearing a red sweater, brown pants, and orange shoes. The boy is walking away from the cloaked figure. There is no visible text in the image. The style of the image is cartoonish and appears to be from a children's book or animation.	17974909376.png	The image depicts an animated scene where a hand is reaching towards an open suitcase. The suitcase is filled with various items, including what appears to be food and small objects that could be toys or trinkets. The items are spilling out of the suitcase, creating a dynamic and somewhat chaotic effect. The hand is positioned as if it is about to grab one of the items from the suitcase. The style of the image is cartoonish, with a limited color palette and a simple, clean background that does not distract from the main action. There is no visible text in the image.	12192732090.png	The image is a digital illustration featuring a cartoon character, a young girl with curly hair, wearing a red jacket and black pants. She is reaching out towards a black trash can, which is overflowing with various items that appear to be food, such as donuts and candy. The girl is also holding a black trash bag in her other hand. The trash can is situated on the right side of the image, and the girl is on the left. The background is plain white, and there are no visible texts in the image. The style of the illustration is playful and colorful, with a focus on the contrast between the girl's action and the contents of the trash can.
birdaniga tashlamoq	U qo'lidagi qog'ozni birdaniga tashladi.		58279667171.png	The image depicts a stylized illustration of a sea turtle swimming in water. The turtle is rendered in a digital art style with a color palette that includes shades of orange, brown, and black, with a pattern that resembles a tortoiseshell. The turtle is surrounded by bubbles, suggesting movement through the water. In the foreground, there is a small plant or algae visible, and the background is a muted gray, which could represent the ocean floor or a cloudy sky. There is no visible text in the image.	23928568139.png	The image depicts an animated character with black hair and a surprised expression, peeking out from a black trash can. The character is wearing a brown shirt and has a hand on their head. The trash can is overflowing with various bottles of different shapes and sizes, suggesting a variety of beverages. The bottles are scattered around the trash can, some falling out of it. The background is plain white, emphasizing the character and the trash can. There is no visible text in the image. The style of the image is cartoonish and appears to be designed for a humorous or illustrative purpose.	50103299901.png	The image features two animated characters. On the left, there is a character with a dark cloak and a hood, with a flowing, ghostly appearance. The character's face is obscured by the hood, and it has a glowing orange eye. The right character is a young boy with a backpack, holding a drink in his hand. He is wearing a red sweater, brown pants, and orange shoes. The boy is walking away from the cloaked figure. There is no visible text in the image. The style of the image is cartoonish and appears to be from a children's book or animation.	17974909376.png	The image depicts an animated scene where a hand is reaching towards an open suitcase. The suitcase is filled with various items, including what appears to be food and small objects that could be toys or trinkets. The items are spilling out of the suitcase, creating a dynamic and somewhat chaotic effect. The hand is positioned as if it is about to grab one of the items from the suitcase. The style of the image is cartoonish, with a limited color palette and a simple, clean background that does not distract from the main action. There is no visible text in the image.	12192732090.png	The image is a digital illustration featuring a cartoon character, a young girl with curly hair, wearing a red jacket and black pants. She is reaching out towards a black trash can, which is overflowing with various items that appear to be food, such as donuts and candy. The girl is also holding a black trash bag in her other hand. The trash can is situated on the right side of the image, and the girl is on the left. The background is plain white, and there are no visible texts in the image. The style of the illustration is playful and colorful, with a focus on the contrast between the girl's action and the contents of the trash can.
birdaniga tashlamoq	Onasi unga axlatni birdaniga tashla, deb buyruq berdi.		17974909376.png	The image depicts an animated scene where a hand is reaching towards an open suitcase. The suitcase is filled with various items, including what appears to be food and small objects that could be toys or trinkets. The items are spilling out of the suitcase, creating a dynamic and somewhat chaotic effect. The hand is positioned as if it is about to grab one of the items from the suitcase. The style of the image is cartoonish, with a limited color palette and a simple, clean background that does not distract from the main action. There is no visible text in the image.	23928568139.png	The image depicts an animated character with black hair and a surprised expression, peeking out from a black trash can. The character is wearing a brown shirt and has a hand on their head. The trash can is overflowing with various bottles of different shapes and sizes, suggesting a variety of beverages. The bottles are scattered around the trash can, some falling out of it. The background is plain white, emphasizing the character and the trash can. There is no visible text in the image. The style of the image is cartoonish and appears to be designed for a humorous or illustrative purpose.	50103299901.png	The image features two animated characters. On the left, there is a character with a dark cloak and a hood, with a flowing, ghostly appearance. The character's face is obscured by the hood, and it has a glowing orange eye. The right character is a young boy with a backpack, holding a drink in his hand. He is wearing a red sweater, brown pants, and orange shoes. The boy is walking away from the cloaked figure. There is no visible text in the image. The style of the image is cartoonish and appears to be from a children's book or animation.	12192732090.png	The image is a digital illustration featuring a cartoon character, a young girl with curly hair, wearing a red jacket and black pants. She is reaching out towards a black trash can, which is overflowing with various items that appear to be food, such as donuts and candy. The girl is also holding a black trash bag in her other hand. The trash can is situated on the right side of the image, and the girl is on the left. The background is plain white, and there are no visible texts in the image. The style of the illustration is playful and colorful, with a focus on the contrast between the girl's action and the contents of the trash can.	58279667171.png	The image depicts a stylized illustration of a sea turtle swimming in water. The turtle is rendered in a digital art style with a color palette that includes shades of orange, brown, and black, with a pattern that resembles a tortoiseshell. The turtle is surrounded by bubbles, suggesting movement through the water. In the foreground, there is a small plant or algae visible, and the background is a muted gray, which could represent the ocean floor or a cloudy sky. There is no visible text in the image.
dordan qochgan	Bular umuman o‘qimaganlar, dordan qochganlar, “qo‘ng‘iroq orqali” o‘qishga kirganlar, qo‘lidan hech bir ish kelmaydiganlar.		47683223115.png	The image shows a clear glass jar with a red and white checkered ribbon tied around its neck. Inside the jar, there are four ripe, red tomatoes with green leaves attached to their tops. The jar is placed on a flat surface, and the background is plain white. There is no visible text in the image.	77020678178.png	The image is a stylized illustration of a man in mid-stride, wearing a suit and tie. He has a broad smile and is holding a red card in his right hand. The man is also holding a stack of papers in his left hand. Surrounding him are various objects: a white paper with a red heart, a gold coin, a red card with a white heart, and a white paper with a red heart. The man appears to be in motion, as suggested by the dynamic pose and the flying objects around him. There is no visible text in the image.	90569084466.png	The image shows two animated characters shaking hands. The character on the left is wearing glasses, a black suit, and a red tie, with brown hair and a smile. The character on the right is wearing a black suit, a yellow tie, and has brown hair and a smile. Both characters are smiling and appear to be in a friendly or professional interaction. The background is plain white.	93204316435.png	The image depicts an animated character, a young man with brown hair, running towards a wooden gallows. He is wearing a white shirt, a red scarf, and brown pants. The gallows has two wooden posts with a crossbeam and is topped with a noose. The character appears to be in motion, as suggested by the blurred background and the dynamic pose of the character. There is no visible text in the image. The style of the image is cartoonish and appears to be designed for a humorous or satirical purpose.	51259767575.png	The image features a cartoon character with a surprised expression. The character has a beard and mustache, and is wearing a plaid shirt with rolled-up sleeves. The character's arms are outstretched, and they appear to be in mid-air, suggesting a sense of surprise or excitement. The character is also holding a rope with a frayed end, which is wrapped around their waist. The background is plain and does not provide any additional context. There is no visible text in the image.
dordan qochgan	Ekspeditorlaring dordan qochgan!!		77020678178.png	The image is a stylized illustration of a man in mid-stride, wearing a suit and tie. He has a broad smile and is holding a red card in his right hand. The man is also holding a stack of papers in his left hand. Surrounding him are various objects: a white paper with a red heart, a gold coin, a red card with a white heart, and a white paper with a red heart. The man appears to be in motion, as suggested by the dynamic pose and the flying objects around him. There is no visible text in the image.	90569084466.png	The image shows two animated characters shaking hands. The character on the left is wearing glasses, a black suit, and a red tie, with brown hair and a smile. The character on the right is wearing a black suit, a yellow tie, and has brown hair and a smile. Both characters are smiling and appear to be in a friendly or professional interaction. The background is plain white.	51259767575.png	The image features a cartoon character with a surprised expression. The character has a beard and mustache, and is wearing a plaid shirt with rolled-up sleeves. The character's arms are outstretched, and they appear to be in mid-air, suggesting a sense of surprise or excitement. The character is also holding a rope with a frayed end, which is wrapped around their waist. The background is plain and does not provide any additional context. There is no visible text in the image.	93204316435.png	The image depicts an animated character, a young man with brown hair, running towards a wooden gallows. He is wearing a white shirt, a red scarf, and brown pants. The gallows has two wooden posts with a crossbeam and is topped with a noose. The character appears to be in motion, as suggested by the blurred background and the dynamic pose of the character. There is no visible text in the image. The style of the image is cartoonish and appears to be designed for a humorous or satirical purpose.	47683223115.png	The image shows a clear glass jar with a red and white checkered ribbon tied around its neck. Inside the jar, there are four ripe, red tomatoes with green leaves attached to their tops. The jar is placed on a flat surface, and the background is plain white. There is no visible text in the image.
dordan qochgan	Hayotda Anvar achchiq so‘zlarni xonning yuziga aytganiga ishonish mumkindir, ammo dordan qochib qutulganiga ishongisi kelmaydi kishining.		93204316435.png	The image depicts an animated character, a young man with brown hair, running towards a wooden gallows. He is wearing a white shirt, a red scarf, and brown pants. The gallows has two wooden posts with a crossbeam and is topped with a noose. The character appears to be in motion, as suggested by the blurred background and the dynamic pose of the character. There is no visible text in the image. The style of the image is cartoonish and appears to be designed for a humorous or satirical purpose.	51259767575.png	The image features a cartoon character with a surprised expression. The character has a beard and mustache, and is wearing a plaid shirt with rolled-up sleeves. The character's arms are outstretched, and they appear to be in mid-air, suggesting a sense of surprise or excitement. The character is also holding a rope with a frayed end, which is wrapped around their waist. The background is plain and does not provide any additional context. There is no visible text in the image.	90569084466.png	The image shows two animated characters shaking hands. The character on the left is wearing glasses, a black suit, and a red tie, with brown hair and a smile. The character on the right is wearing a black suit, a yellow tie, and has brown hair and a smile. Both characters are smiling and appear to be in a friendly or professional interaction. The background is plain white.	47683223115.png	The image shows a clear glass jar with a red and white checkered ribbon tied around its neck. Inside the jar, there are four ripe, red tomatoes with green leaves attached to their tops. The jar is placed on a flat surface, and the background is plain white. There is no visible text in the image.	77020678178.png	The image is a stylized illustration of a man in mid-stride, wearing a suit and tie. He has a broad smile and is holding a red card in his right hand. The man is also holding a stack of papers in his left hand. Surrounding him are various objects: a white paper with a red heart, a gold coin, a red card with a white heart, and a white paper with a red heart. The man appears to be in motion, as suggested by the dynamic pose and the flying objects around him. There is no visible text in the image.
dordan qochgan	U bir amallab dordan qochishga muvaffaq bo'ldi.		90569084466.png	The image shows two animated characters shaking hands. The character on the left is wearing glasses, a black suit, and a red tie, with brown hair and a smile. The character on the right is wearing a black suit, a yellow tie, and has brown hair and a smile. Both characters are smiling and appear to be in a friendly or professional interaction. The background is plain white.	93204316435.png	The image depicts an animated character, a young man with brown hair, running towards a wooden gallows. He is wearing a white shirt, a red scarf, and brown pants. The gallows has two wooden posts with a crossbeam and is topped with a noose. The character appears to be in motion, as suggested by the blurred background and the dynamic pose of the character. There is no visible text in the image. The style of the image is cartoonish and appears to be designed for a humorous or satirical purpose.	51259767575.png	The image features a cartoon character with a surprised expression. The character has a beard and mustache, and is wearing a plaid shirt with rolled-up sleeves. The character's arms are outstretched, and they appear to be in mid-air, suggesting a sense of surprise or excitement. The character is also holding a rope with a frayed end, which is wrapped around their waist. The background is plain and does not provide any additional context. There is no visible text in the image.	77020678178.png	The image is a stylized illustration of a man in mid-stride, wearing a suit and tie. He has a broad smile and is holding a red card in his right hand. The man is also holding a stack of papers in his left hand. Surrounding him are various objects: a white paper with a red heart, a gold coin, a red card with a white heart, and a white paper with a red heart. The man appears to be in motion, as suggested by the dynamic pose and the flying objects around him. There is no visible text in the image.	47683223115.png	The image shows a clear glass jar with a red and white checkered ribbon tied around its neck. Inside the jar, there are four ripe, red tomatoes with green leaves attached to their tops. The jar is placed on a flat surface, and the background is plain white. There is no visible text in the image.
shirin paxta	Jajji bolajonlar uchun esa mazali pop-korn va shirin paxtalar ulashildi.		16494927710.png	The image depicts a field of cotton plants with white, fluffy cotton bolls. The plants have green leaves and are set against a backdrop of a clear blue sky with a few scattered clouds. The plants are arranged in rows, and the field extends to the horizon. The style of the image is illustrative, with a focus on realism in the depiction of the plants and the environment.	28550763657.png	The image depicts a row of four stylized houses with a variety of colors and roof materials, situated along a riverbank. The houses have distinct architectural features such as chimneys, windows, and doors. The riverbank is lined with a wooden fence, and there are rocks visible in the water. The style of the image is illustrative, with a flat perspective and a clear, bright color palette. There is no visible text in the image.	79368873040.png	The image depicts an animated character, a young girl with brown hair styled in a braid, wearing a white shirt with a black collar and an orange apron. She is holding a large, fluffy pink cotton candy in her right hand and appears to be eating it. The girl is standing in front of a colorful carnival booth with a red and white striped awning and a yellow and red striped banner hanging above it. The booth has a red and white checkered roof and is adorned with various carnival games and prizes. In the background, there are other people, some of whom are also enjoying cotton candy. The setting suggests a lively and cheerful atmosphere, likely at a fair or carnival. There is no visible text in the image.	40086242442.png	The image depicts a hand holding a large, fluffy pink cotton candy. The cotton candy is being pulled from a stick with a red and white striped pattern, which is partially visible at the bottom of the image. The background is a plain, light gray color. The cotton candy appears soft and airy, with a smooth, even surface. The hand holding the cotton candy is positioned in the lower right corner of the image, with the fingers wrapped around the stick and the thumb extended upwards. The image is stylized with a smooth, almost painterly quality to the textures and colors.	65541586190.png	The image shows a hand holding a cluster of white, fluffy substance that appears to be sugar or a similar white powder. The substance is being gently sprinkled or scattered, as evidenced by the small white specks around the hand and the substance. The background is plain and white, which contrasts with the hand and the substance, making them the focal point of the image. There is no visible text in the image. The style of the image is a clean, digital illustration with a soft, pastel color palette.
shirin paxta	Shirin paxta bolajonlarning jon-u dili, dedi u kulib		40086242442.png	The image depicts a hand holding a large, fluffy pink cotton candy. The cotton candy is being pulled from a stick with a red and white striped pattern, which is partially visible at the bottom of the image. The background is a plain, light gray color. The cotton candy appears soft and airy, with a smooth, even surface. The hand holding the cotton candy is positioned in the lower right corner of the image, with the fingers wrapped around the stick and the thumb extended upwards. The image is stylized with a smooth, almost painterly quality to the textures and colors.	65541586190.png	The image shows a hand holding a cluster of white, fluffy substance that appears to be sugar or a similar white powder. The substance is being gently sprinkled or scattered, as evidenced by the small white specks around the hand and the substance. The background is plain and white, which contrasts with the hand and the substance, making them the focal point of the image. There is no visible text in the image. The style of the image is a clean, digital illustration with a soft, pastel color palette.	28550763657.png	The image depicts a row of four stylized houses with a variety of colors and roof materials, situated along a riverbank. The houses have distinct architectural features such as chimneys, windows, and doors. The riverbank is lined with a wooden fence, and there are rocks visible in the water. The style of the image is illustrative, with a flat perspective and a clear, bright color palette. There is no visible text in the image.	79368873040.png	The image depicts an animated character, a young girl with brown hair styled in a braid, wearing a white shirt with a black collar and an orange apron. She is holding a large, fluffy pink cotton candy in her right hand and appears to be eating it. The girl is standing in front of a colorful carnival booth with a red and white striped awning and a yellow and red striped banner hanging above it. The booth has a red and white checkered roof and is adorned with various carnival games and prizes. In the background, there are other people, some of whom are also enjoying cotton candy. The setting suggests a lively and cheerful atmosphere, likely at a fair or carnival. There is no visible text in the image.	16494927710.png	The image depicts a field of cotton plants with white, fluffy cotton bolls. The plants have green leaves and are set against a backdrop of a clear blue sky with a few scattered clouds. The plants are arranged in rows, and the field extends to the horizon. The style of the image is illustrative, with a focus on realism in the depiction of the plants and the environment.
soxta ko'z-yoshlar	Yetar bas, soxta ko`z yoshlar kerakmas, ishonchim tugab bitdi, bas.		94778564725.png	The image depicts an animated character, a man with curly hair, standing on a small stage with a microphone. He is wearing a black jacket with a yellow shirt underneath and a black tie. The character is crying, with tears streaming down his face. The background is plain white, emphasizing the character and the stage. There is no visible text in the image.	10980329918.png	The image depicts a cartoon-style illustration of a young girl with brown hair tied in a bun. She has a surprised or shocked expression, with her eyes wide open and her mouth slightly open. Her hands are raised to her face, with her fingers touching her cheeks. She is wearing a dark jacket and a light-colored shirt. The background is plain and white, which contrasts with the colorful illustration of the girl. There is no visible text in the image.	56903014959.png	The image is a digital illustration of a stylized female character with a distressed expression. She has dark hair tied in a ponytail and is wearing a black jacket over a red shirt. The character is holding a small bottle with a dropper, which appears to contain a yellow liquid, possibly medication. She is crying, as indicated by the teardrops falling from her eyes. The background is plain white, emphasizing the character and the bottle. There is no visible text in the image.	62473855493.png	The image is a digital illustration of a cartoon boy with black hair and a big smile. He is wearing a yellow shirt and brown pants. The boy is floating in the air with his arms outstretched, as if he is flying. Surrounding him are numerous transparent bubbles with orange centers, giving the impression that he is surrounded by a bubble bath. The background is plain white, which contrasts with the colorful bubbles and the boy's vibrant attire. There is no visible text in the image.	49549284246.png	The image depicts a close-up of a human eye with a tear falling from it. The eye is detailed with shades of brown and orange, and the eyelashes are rendered with a soft, feathery texture. The tear is shown in motion, with multiple smaller droplets trailing behind it, suggesting a sense of movement and emotion. The background is plain white, which contrasts with the eye and tear, making them the central focus of the image. There is no visible text in the image. The style of the image is illustrative, with a smooth, clean line quality that gives it a polished and artistic appearance.
soxta ko'z-yoshlar	U o'tirib olib, rosa soxta ko'z-yosh to'kdi.		56903014959.png	The image is a digital illustration of a stylized female character with a distressed expression. She has dark hair tied in a ponytail and is wearing a black jacket over a red shirt. The character is holding a small bottle with a dropper, which appears to contain a yellow liquid, possibly medication. She is crying, as indicated by the teardrops falling from her eyes. The background is plain white, emphasizing the character and the bottle. There is no visible text in the image.	49549284246.png	The image depicts a close-up of a human eye with a tear falling from it. The eye is detailed with shades of brown and orange, and the eyelashes are rendered with a soft, feathery texture. The tear is shown in motion, with multiple smaller droplets trailing behind it, suggesting a sense of movement and emotion. The background is plain white, which contrasts with the eye and tear, making them the central focus of the image. There is no visible text in the image. The style of the image is illustrative, with a smooth, clean line quality that gives it a polished and artistic appearance.	62473855493.png	The image is a digital illustration of a cartoon boy with black hair and a big smile. He is wearing a yellow shirt and brown pants. The boy is floating in the air with his arms outstretched, as if he is flying. Surrounding him are numerous transparent bubbles with orange centers, giving the impression that he is surrounded by a bubble bath. The background is plain white, which contrasts with the colorful bubbles and the boy's vibrant attire. There is no visible text in the image.	94778564725.png	The image depicts an animated character, a man with curly hair, standing on a small stage with a microphone. He is wearing a black jacket with a yellow shirt underneath and a black tie. The character is crying, with tears streaming down his face. The background is plain white, emphasizing the character and the stage. There is no visible text in the image.	10980329918.png	The image depicts a cartoon-style illustration of a young girl with brown hair tied in a bun. She has a surprised or shocked expression, with her eyes wide open and her mouth slightly open. Her hands are raised to her face, with her fingers touching her cheeks. She is wearing a dark jacket and a light-colored shirt. The background is plain and white, which contrasts with the colorful illustration of the girl. There is no visible text in the image.
ilg'or rivojlanish	Bu, o‘z navbatida, ilg‘or rivojlanadigan demokratik davlatni barpo etishga ko‘maklashadi.		74711850054.png	The image depicts a whimsical scene featuring a construction site with various equipment and structures. In the foreground, there is a large orange crane with a yellow arm and a red claw, which is lifting a small red car. To the left of the crane, there is a tall, multi-story building with a variety of objects and characters on its exterior, including a balcony with a table and chairs, a satellite dish, and a character that appears to be a chef. The building has a gray base and a brown upper section.  In the middle ground, there is a smaller orange crane with a yellow arm and a red claw, which is lifting a small orange truck. This truck is carrying a large orange dumpster.  In the background, there is a large gray crane with a yellow arm and a red claw, which is lifting a small gray truck. This truck is carrying a large gray dumpster.  The scene is set against a plain white background, and there is no visible text in the image. The style of the image is cartoonish and colorful, with a focus on exaggerated proportions and a playful, imaginative theme.	79096630370.png	The image depicts two animated characters, both wearing glasses and lab coats, sitting at a desk with various scientific equipment. The character on the left is standing and appears to be operating a device with a yellow bulb. The character on the right is seated and is holding a test tube. The desk is cluttered with various gadgets and wires, suggesting a scientific or inventor theme. There is no visible text in the image. The style of the image is cartoonish and colorful.	66381888071.png	The image features a stylized illustration of a plant with a thin, elongated stem and multiple green leaves. The plant is set against a plain, light background. At the top of the stem, there is a single, small white flower with a yellow center. The leaves are depicted with a glossy texture, and the stem appears to be thin and wiry. The plant is rooted in a small patch of soil, and there are small green shoots sprouting around the base, suggesting growth or new plant life. The overall style of the image is clean and minimalistic, with a focus on the plant and its details.	46392212333.png	The image depicts an animated character, a woman, engaged in cleaning a black couch. She is wearing a yellow apron and is holding a black vacuum cleaner. The woman is standing on a red carpet, and there are bubbles floating around her, suggesting a cleaning or vacuuming process. On the couch, there are two orange pillows and a small green plant. To the left of the couch, there is a small table with a white vase containing red flowers. The woman is smiling and appears to be in a good mood while performing her task.	47677986947.png	The image is a stylized illustration featuring four animated characters, likely representing scientists, standing around a large magnifying glass. The magnifying glass is placed on a pedestal and is filled with various scientific equipment and test tubes, suggesting a laboratory setting. The characters are wearing glasses and lab coats, and they are pointing at different items within the magnifying glass. The background is plain white, emphasizing the subjects. There is no visible text in the image. The style is cartoonish and appears to be designed for educational or entertainment purposes.
ilg'or rivojlanish	2017 yilda Asqar Akayev va uning qizi Bermet muallifligida respublika kelajagi haqidagi “Qirg‘izistonning ilg‘or rivojlanish strategiyasi” kitobi taqdim etildi.		74711850054.png	The image depicts a whimsical scene featuring a construction site with various equipment and structures. In the foreground, there is a large orange crane with a yellow arm and a red claw, which is lifting a small red car. To the left of the crane, there is a tall, multi-story building with a variety of objects and characters on its exterior, including a balcony with a table and chairs, a satellite dish, and a character that appears to be a chef. The building has a gray base and a brown upper section.  In the middle ground, there is a smaller orange crane with a yellow arm and a red claw, which is lifting a small orange truck. This truck is carrying a large orange dumpster.  In the background, there is a large gray crane with a yellow arm and a red claw, which is lifting a small gray truck. This truck is carrying a large gray dumpster.  The scene is set against a plain white background, and there is no visible text in the image. The style of the image is cartoonish and colorful, with a focus on exaggerated proportions and a playful, imaginative theme.	47677986947.png	The image is a stylized illustration featuring four animated characters, likely representing scientists, standing around a large magnifying glass. The magnifying glass is placed on a pedestal and is filled with various scientific equipment and test tubes, suggesting a laboratory setting. The characters are wearing glasses and lab coats, and they are pointing at different items within the magnifying glass. The background is plain white, emphasizing the subjects. There is no visible text in the image. The style is cartoonish and appears to be designed for educational or entertainment purposes.	66381888071.png	The image features a stylized illustration of a plant with a thin, elongated stem and multiple green leaves. The plant is set against a plain, light background. At the top of the stem, there is a single, small white flower with a yellow center. The leaves are depicted with a glossy texture, and the stem appears to be thin and wiry. The plant is rooted in a small patch of soil, and there are small green shoots sprouting around the base, suggesting growth or new plant life. The overall style of the image is clean and minimalistic, with a focus on the plant and its details.	46392212333.png	The image depicts an animated character, a woman, engaged in cleaning a black couch. She is wearing a yellow apron and is holding a black vacuum cleaner. The woman is standing on a red carpet, and there are bubbles floating around her, suggesting a cleaning or vacuuming process. On the couch, there are two orange pillows and a small green plant. To the left of the couch, there is a small table with a white vase containing red flowers. The woman is smiling and appears to be in a good mood while performing her task.	79096630370.png	The image depicts two animated characters, both wearing glasses and lab coats, sitting at a desk with various scientific equipment. The character on the left is standing and appears to be operating a device with a yellow bulb. The character on the right is seated and is holding a test tube. The desk is cluttered with various gadgets and wires, suggesting a scientific or inventor theme. There is no visible text in the image. The style of the image is cartoonish and colorful.
yashirin iste'dod	Elektron musiqa vakillari orasida yashirin iste’dodlarni izlash va topish asosiy vazifalardan biridir.		66836306174.png	The image shows a three-dimensional, open-top box with a dark interior. The box is illuminated from within, creating a contrast between the dark interior and the brightly lit exterior. The exterior of the box is adorned with numerous small, glowing dots that resemble stars, giving it a celestial appearance. The dots are scattered across the visible surface of the box, creating a pattern that suggests a night sky. The box is set against a black background, which further accentuates its glowing contents. There is no visible text in the image. The style of the image is digital art, with a focus on creating a visually striking and imaginative representation of a box.	47154594133.png	The image depicts a stylized, animated character with dark hair and a closed eye, holding a glowing, star-like object with both hands. The character is wearing a white garment and appears to be emitting a soft glow from the eyes, which is also present around the star. The background is a dark, textured gradient. There is no visible text in the image. The style of the image is reminiscent of a digital illustration with a soft, warm color palette.	72354980999.png	The image is a digital illustration featuring four animated characters. In the center stands a male character with curly hair, wearing glasses and a black shirt, holding a trophy. He is making a surprised or shocked facial expression. To his left is a female character with curly hair, wearing an orange top and black pants, with her hands on her hips. To his right is another female character with curly hair, wearing a red dress and holding her hands together in front of her. Behind the male character is a third female character with curly hair, wearing a gray suit and holding a plaque. The characters are depicted in a cartoon style with exaggerated features. There is no visible text in the image.	97630668766.png	The image depicts an animated character, a young boy with glasses, playing a violin. He is dressed in a brown suit with a white shirt and a red tie. The boy is standing on a pile of papers that are scattered around him, and there are falling leaves in the background. The character is holding a violin with a bow, and his mouth is open as if he is singing or playing with expression. The overall style of the image is illustrative and cartoonish.	44737276012.png	The image depicts a group of five animated characters seated around a round table outdoors. The table is set with various dishes, cups, and utensils, suggesting a meal in progress. The characters are engaged in conversation, with some looking at each other and others at the food. They are dressed in casual attire, and the setting includes a brick wall, a tree, and potted plants, contributing to a relaxed, outdoor dining atmosphere. There is no visible text in the image.
yashirin iste'dod	Shuningdek xodimlarning kompetensiyalarini baholash ham amalga oshiriladi, bu baholashdan ko‘zlangan maqsad bir tomondan kompaniyadagi mavjud inson resurslarini aniqlash va ulardan unumli foydalanish va boshqa tomondan xodimlarning yashirin iste’dodlarini aniqlashdir.		44737276012.png	The image depicts a group of five animated characters seated around a round table outdoors. The table is set with various dishes, cups, and utensils, suggesting a meal in progress. The characters are engaged in conversation, with some looking at each other and others at the food. They are dressed in casual attire, and the setting includes a brick wall, a tree, and potted plants, contributing to a relaxed, outdoor dining atmosphere. There is no visible text in the image.	72354980999.png	The image is a digital illustration featuring four animated characters. In the center stands a male character with curly hair, wearing glasses and a black shirt, holding a trophy. He is making a surprised or shocked facial expression. To his left is a female character with curly hair, wearing an orange top and black pants, with her hands on her hips. To his right is another female character with curly hair, wearing a red dress and holding her hands together in front of her. Behind the male character is a third female character with curly hair, wearing a gray suit and holding a plaque. The characters are depicted in a cartoon style with exaggerated features. There is no visible text in the image.	97630668766.png	The image depicts an animated character, a young boy with glasses, playing a violin. He is dressed in a brown suit with a white shirt and a red tie. The boy is standing on a pile of papers that are scattered around him, and there are falling leaves in the background. The character is holding a violin with a bow, and his mouth is open as if he is singing or playing with expression. The overall style of the image is illustrative and cartoonish.	47154594133.png	The image depicts a stylized, animated character with dark hair and a closed eye, holding a glowing, star-like object with both hands. The character is wearing a white garment and appears to be emitting a soft glow from the eyes, which is also present around the star. The background is a dark, textured gradient. There is no visible text in the image. The style of the image is reminiscent of a digital illustration with a soft, warm color palette.	66836306174.png	The image shows a three-dimensional, open-top box with a dark interior. The box is illuminated from within, creating a contrast between the dark interior and the brightly lit exterior. The exterior of the box is adorned with numerous small, glowing dots that resemble stars, giving it a celestial appearance. The dots are scattered across the visible surface of the box, creating a pattern that suggests a night sky. The box is set against a black background, which further accentuates its glowing contents. There is no visible text in the image. The style of the image is digital art, with a focus on creating a visually striking and imaginative representation of a box.
kelajagi yo'q	Kitob o’qimagan millatning kelajagi yo’q		63478817148.png	The image depicts an illustration of a person sitting at a desk with a computer monitor in front of them. The person appears to be wearing a white shirt and has their head down, possibly working or focused on the screen. The desk is cluttered with various items including a cup, a potted plant, and what looks like a stack of papers or books. On the wall behind the desk, there is a clock with a red frame and a white face. The overall style of the image is cartoonish with a limited color palette. There is no visible text in the image.	71636342893.png	The image features a potted plant with vibrant red flowers and green leaves. The pot appears to be made of a weathered material, possibly concrete or stone, with a rustic texture. The plant is in a state of decay, with some leaves and petals falling off, indicating it may be dying or has been neglected. The background is a solid dark color, which contrasts with the plant and highlights its details. There is no visible text in the image. The overall style of the image is realistic with a focus on the plant, and it is presented in a way that suggests a narrative of the plant's decline.	84256393214.png	The image depicts an animated character, a young man with brown hair, wearing glasses and a white lab coat. He is standing in front of a chalkboard with various diagrams and equations, suggesting a classroom or educational setting. The character is pointing to the chalkboard with his right hand, indicating a teaching or explaining role. The chalkboard is on an easel, and there is a red eraser on the easel. The character is also holding a clipboard with a pen in his left hand. The background is plain white, emphasizing the subject. There is no visible text in the image.	64740791577.png	The image depicts a barren landscape with a cracked, dry earth surface. The ground is a mix of brown and orange hues, suggesting a desert-like environment. A pathway cuts through the cracked earth, leading towards a horizon where a large, gray, cloudy sky looms. The clouds appear dense and ominous, suggesting an impending storm or harsh weather conditions. The overall scene conveys a sense of desolation and the harshness of nature.	37506391977.png	"The image depicts a desert road scene. At the center of the image is a stop sign with the word ""STOP"" in white letters on a red background. To the left of the stop sign, there is a sign with the word ""STOP"" in yellow letters on a brown background, and below it, another sign with the word ""STOP"" in white letters on a red background. To the right of the stop sign, there is a sign with the word ""STOP"" in white letters on a red background, and below it, another sign with the word ""STOP"" in yellow letters on a brown background. The road appears to be in disrepair, with cracks and debris scattered across its surface. On the right side of the road, there is a dilapidated structure with a sign that reads ""STOP"" in white letters on a red background. The background features a barren desert landscape with rock formations and a clear sky."
kelajagi yo'q	Porsche Cayenne mashinam bor, lekin u yerda kelajagim yo‘q		71636342893.png	The image features a potted plant with vibrant red flowers and green leaves. The pot appears to be made of a weathered material, possibly concrete or stone, with a rustic texture. The plant is in a state of decay, with some leaves and petals falling off, indicating it may be dying or has been neglected. The background is a solid dark color, which contrasts with the plant and highlights its details. There is no visible text in the image. The overall style of the image is realistic with a focus on the plant, and it is presented in a way that suggests a narrative of the plant's decline.	64740791577.png	The image depicts a barren landscape with a cracked, dry earth surface. The ground is a mix of brown and orange hues, suggesting a desert-like environment. A pathway cuts through the cracked earth, leading towards a horizon where a large, gray, cloudy sky looms. The clouds appear dense and ominous, suggesting an impending storm or harsh weather conditions. The overall scene conveys a sense of desolation and the harshness of nature.	63478817148.png	The image depicts an illustration of a person sitting at a desk with a computer monitor in front of them. The person appears to be wearing a white shirt and has their head down, possibly working or focused on the screen. The desk is cluttered with various items including a cup, a potted plant, and what looks like a stack of papers or books. On the wall behind the desk, there is a clock with a red frame and a white face. The overall style of the image is cartoonish with a limited color palette. There is no visible text in the image.	37506391977.png	"The image depicts a desert road scene. At the center of the image is a stop sign with the word ""STOP"" in white letters on a red background. To the left of the stop sign, there is a sign with the word ""STOP"" in yellow letters on a brown background, and below it, another sign with the word ""STOP"" in white letters on a red background. To the right of the stop sign, there is a sign with the word ""STOP"" in white letters on a red background, and below it, another sign with the word ""STOP"" in yellow letters on a brown background. The road appears to be in disrepair, with cracks and debris scattered across its surface. On the right side of the road, there is a dilapidated structure with a sign that reads ""STOP"" in white letters on a red background. The background features a barren desert landscape with rock formations and a clear sky."	84256393214.png	The image depicts an animated character, a young man with brown hair, wearing glasses and a white lab coat. He is standing in front of a chalkboard with various diagrams and equations, suggesting a classroom or educational setting. The character is pointing to the chalkboard with his right hand, indicating a teaching or explaining role. The chalkboard is on an easel, and there is a red eraser on the easel. The character is also holding a clipboard with a pen in his left hand. The background is plain white, emphasizing the subject. There is no visible text in the image.
xavf ostida	Ammo butun oila xavf ostida qolgan.		58259245655.png	The image depicts a scene where a large, dilapidated grand piano is suspended in mid-air by chains. The piano is predominantly black with some yellow and red accents, and it appears to be in a state of disrepair. Below the piano, a man is standing, looking up at the instrument. He is wearing an orange safety vest and dark pants. The man is positioned on a platform that is connected to the piano by chains, suggesting that he may be involved in the maintenance or transportation of the piano. The background is plain and does not provide any additional context. There is no visible text in the image.	53931033263.png	The image depicts an animated character, a young man with a surprised expression, running through a forest at night. He is wearing a yellow jacket and a backpack. The forest is dark with silhouettes of trees and a few glowing lanterns. The ground is wet, suggesting recent rain, and there are red flowers on the ground. The character's eyes are wide open, and his mouth is slightly open as if he is shouting or calling out. There is no visible text in the image.	73097539159.png	The image features a stylized illustration of a skull with a large bone sticking out of its mouth, set against a red background. The skull is white with black eye sockets and a black mouth. Surrounding the skull are smaller skulls, also white with black eye sockets and mouths, arranged in a circular pattern. The skulls are of varying sizes, with the largest one at the center. The illustration has a cartoonish style and is presented on a circular platform with black and yellow stripes at the bottom. There is no visible text in the image.	71205585664.png	The image features a cartoon depiction of a puppy dressed in a suit with a red tie. The puppy is sitting on grass and holding a red ball in its paws. The background is blurred but appears to be a natural setting with greenery. There is no visible text in the image.	54910924111.png	The image depicts an animated scene with a young boy in the foreground, crouched and looking up with a surprised or scared expression. Behind him is a brick wall with a dark, shadowy figure that appears to be a silhouette of a person. The figure has two large, white eyes and a small mouth, giving it a menacing or eerie appearance. The boy is wearing an orange sweater and blue pants, and his hands are clasped together in front of him. The overall style of the image is cartoonish, with a limited color palette that emphasizes the contrast between the boy and the shadowy figure. There is no visible text in the image.
xavf ostida	O‘lim darajasi 90 foizga teng bo‘lgan koronavirusning paydo bo‘lishi tufayli insoniyat o‘lim xavfi ostida qolmoqda.		53931033263.png	The image depicts an animated character, a young man with a surprised expression, running through a forest at night. He is wearing a yellow jacket and a backpack. The forest is dark with silhouettes of trees and a few glowing lanterns. The ground is wet, suggesting recent rain, and there are red flowers on the ground. The character's eyes are wide open, and his mouth is slightly open as if he is shouting or calling out. There is no visible text in the image.	73097539159.png	The image features a stylized illustration of a skull with a large bone sticking out of its mouth, set against a red background. The skull is white with black eye sockets and a black mouth. Surrounding the skull are smaller skulls, also white with black eye sockets and mouths, arranged in a circular pattern. The skulls are of varying sizes, with the largest one at the center. The illustration has a cartoonish style and is presented on a circular platform with black and yellow stripes at the bottom. There is no visible text in the image.	71205585664.png	The image features a cartoon depiction of a puppy dressed in a suit with a red tie. The puppy is sitting on grass and holding a red ball in its paws. The background is blurred but appears to be a natural setting with greenery. There is no visible text in the image.	54910924111.png	The image depicts an animated scene with a young boy in the foreground, crouched and looking up with a surprised or scared expression. Behind him is a brick wall with a dark, shadowy figure that appears to be a silhouette of a person. The figure has two large, white eyes and a small mouth, giving it a menacing or eerie appearance. The boy is wearing an orange sweater and blue pants, and his hands are clasped together in front of him. The overall style of the image is cartoonish, with a limited color palette that emphasizes the contrast between the boy and the shadowy figure. There is no visible text in the image.	58259245655.png	The image depicts a scene where a large, dilapidated grand piano is suspended in mid-air by chains. The piano is predominantly black with some yellow and red accents, and it appears to be in a state of disrepair. Below the piano, a man is standing, looking up at the instrument. He is wearing an orange safety vest and dark pants. The man is positioned on a platform that is connected to the piano by chains, suggesting that he may be involved in the maintenance or transportation of the piano. The background is plain and does not provide any additional context. There is no visible text in the image.
og'ir mehnat	Suratkash o‘zining loyihasiga ko‘ra, yosh bolalarga oilasining roziligi bilan ta’lim olishiga homiylik qiladi va og‘ir mehnatdan qutqaradi.		56242498796.png	The image depicts a stylized cartoon character walking with a large sack on his back. The character is wearing a wide-brimmed hat, a red shirt, and dark pants. He is also wearing sandals. The sack appears to be filled with various items, including what looks like a plant or a bundle of sticks. The character's expression is neutral, and he is looking forward. There is no visible text in the image. The style of the image is reminiscent of a digital illustration with a limited color palette.	46010601514.png	The image depicts an animated character, a young boy, who is wearing a straw hat and a backpack. He is holding an ice cream cone with a scoop of ice cream and a cherry on top. The boy is walking towards a small tree with a few flowers and a bird perched on a branch. The background is plain white, emphasizing the subject. The boy's expression is one of delight or anticipation, as he seems to be enjoying the ice cream. There is no visible text in the image. The style of the image is cartoonish and colorful, with a focus on a cheerful, summery atmosphere.	42553709523.png	The image depicts an animated character, a young boy, engaged in the act of sweeping a puddle with a broom. He is wearing a black shirt with a yellow apron over it, and his attire includes orange pants and black shoes. The boy is standing in a puddle that reflects his image, and there is a red bucket nearby. The background is plain white, emphasizing the subject. The boy's expression is one of concentration or effort.	56726740625.png	The image depicts an animated character, a young woman with brown hair tied in a bun, wearing a red jacket and black pants. She is carrying a stack of boxes on her back and has a few more boxes in her hands. The boxes are of various sizes and are adorned with green plants and red berries. The character is walking on a white surface, and there is no visible text in the image.	85848313968.png	The image depicts an animated character, a young man with brown hair, sitting at a desk with a stack of papers in front of him. He is wearing a suit with a tie and has a concerned or tired expression on his face. The desk is cluttered with various items including a clock, a cup with pens, and a stack of books. The background is plain and does not provide any additional context. There is no visible text in the image. The style of the image is cartoonish with a limited color palette.
og'ir mehnat	Bolalarni majburiy mehnatga jalb etishga qarshi olib borilayotgan chora-tadbirlarga qaramay, aksariyat mamlakatlarda kichik yoshdagi bolalar og‘ir mehnatga jalb etilmoqda.		56242498796.png	The image depicts a stylized cartoon character walking with a large sack on his back. The character is wearing a wide-brimmed hat, a red shirt, and dark pants. He is also wearing sandals. The sack appears to be filled with various items, including what looks like a plant or a bundle of sticks. The character's expression is neutral, and he is looking forward. There is no visible text in the image. The style of the image is reminiscent of a digital illustration with a limited color palette.	46010601514.png	The image depicts an animated character, a young boy, who is wearing a straw hat and a backpack. He is holding an ice cream cone with a scoop of ice cream and a cherry on top. The boy is walking towards a small tree with a few flowers and a bird perched on a branch. The background is plain white, emphasizing the subject. The boy's expression is one of delight or anticipation, as he seems to be enjoying the ice cream. There is no visible text in the image. The style of the image is cartoonish and colorful, with a focus on a cheerful, summery atmosphere.	42553709523.png	The image depicts an animated character, a young boy, engaged in the act of sweeping a puddle with a broom. He is wearing a black shirt with a yellow apron over it, and his attire includes orange pants and black shoes. The boy is standing in a puddle that reflects his image, and there is a red bucket nearby. The background is plain white, emphasizing the subject. The boy's expression is one of concentration or effort.	85848313968.png	The image depicts an animated character, a young man with brown hair, sitting at a desk with a stack of papers in front of him. He is wearing a suit with a tie and has a concerned or tired expression on his face. The desk is cluttered with various items including a clock, a cup with pens, and a stack of books. The background is plain and does not provide any additional context. There is no visible text in the image. The style of the image is cartoonish with a limited color palette.	56726740625.png	The image depicts an animated character, a young woman with brown hair tied in a bun, wearing a red jacket and black pants. She is carrying a stack of boxes on her back and has a few more boxes in her hands. The boxes are of various sizes and are adorned with green plants and red berries. The character is walking on a white surface, and there is no visible text in the image.
abadiy uyqu	Keyin kabinaga qaytib, yotadi va abadiy uyquga ketadi		82231959871.png	The image depicts an illustration of a man lying in bed, appearing to be asleep. He has a beard and is wearing a dark shirt. The bed has a red blanket with a star pattern and a black headboard. Above the man, there is a crescent moon and a cloud with stars, suggesting a nighttime setting. The background is white, and the overall style is cartoonish with a limited color palette.	99566925893.png	The image depicts a stylized, cartoon-like illustration of a tree with a large, gnarled trunk and a canopy of green leaves. The tree is situated in a grassy area with a few scattered rocks and small plants. To the left of the tree, there is a single, weathered gravestone. The background is a plain, light color, providing a contrast that highlights the tree and the gravestone. There is no visible text in the image. The style of the illustration is reminiscent of a digital painting with a soft, painterly quality.	65405884201.png	The image depicts an illustration of a young girl lying on a cloud, gazing at the night sky. The cloud is fluffy and white, with the girl dressed in a red nightgown with a pattern of small white dots. She has dark hair and is smiling. The night sky is dark with a crescent moon and numerous stars. The overall style is whimsical and cartoonish.	44915055970.png	The image depicts an animated character, a young man with glasses, sitting at a desk with a computer monitor. The monitor displays a colorful array of icons and symbols, suggesting a user interface for a game or application. The character is wearing a gray t-shirt and blue jeans, and has a pair of red sneakers. On the desk, there is a bottle, a potted plant, and a small trash can. The setting appears to be a casual, indoor environment.	93369316090.png	The image shows a stylized hourglass with a transparent body filled with a gradient of colors, ranging from yellow at the top to orange in the middle and red at the bottom. The hourglass has a black top and bottom, and the sand inside appears to be a mix of brown and white grains. The hourglass is placed on a flat surface, and the background is plain white. There is no visible text in the image.
abadiy uyqu	Ostonaga bosh qo‘yganicha abadiy uyquga ketgan yosh juvonning tepasida olti yashar o‘g‘ilchasi Xisrav yig‘lab turar, hali o‘lim nimaligini bilmaydigan bechora bola nuqul onasini uyg‘otmoqchi bo‘lardi.		99566925893.png	The image depicts a stylized, cartoon-like illustration of a tree with a large, gnarled trunk and a canopy of green leaves. The tree is situated in a grassy area with a few scattered rocks and small plants. To the left of the tree, there is a single, weathered gravestone. The background is a plain, light color, providing a contrast that highlights the tree and the gravestone. There is no visible text in the image. The style of the illustration is reminiscent of a digital painting with a soft, painterly quality.	44915055970.png	The image depicts an animated character, a young man with glasses, sitting at a desk with a computer monitor. The monitor displays a colorful array of icons and symbols, suggesting a user interface for a game or application. The character is wearing a gray t-shirt and blue jeans, and has a pair of red sneakers. On the desk, there is a bottle, a potted plant, and a small trash can. The setting appears to be a casual, indoor environment.	65405884201.png	The image depicts an illustration of a young girl lying on a cloud, gazing at the night sky. The cloud is fluffy and white, with the girl dressed in a red nightgown with a pattern of small white dots. She has dark hair and is smiling. The night sky is dark with a crescent moon and numerous stars. The overall style is whimsical and cartoonish.	93369316090.png	The image shows a stylized hourglass with a transparent body filled with a gradient of colors, ranging from yellow at the top to orange in the middle and red at the bottom. The hourglass has a black top and bottom, and the sand inside appears to be a mix of brown and white grains. The hourglass is placed on a flat surface, and the background is plain white. There is no visible text in the image.	82231959871.png	The image depicts an illustration of a man lying in bed, appearing to be asleep. He has a beard and is wearing a dark shirt. The bed has a red blanket with a star pattern and a black headboard. Above the man, there is a crescent moon and a cloud with stars, suggesting a nighttime setting. The background is white, and the overall style is cartoonish with a limited color palette.
adolat bilan yondashuv	Jurnalistikaning asosini azaldan xolislik, faqat haqiqatni gapirish, yozish, fikr yuritilayotgan mavzuga adolat bilan yondashish tashkil etadi.		51058100577.png	The image depicts an animated character, a young boy with glasses, sitting on a pile of books. He is wearing a brown jacket, a white shirt, and yellow shoes. The boy is holding a book open with both hands, and his expression is one of concentration or enjoyment. To his left, there is a small, anthropomorphic lion with a friendly expression, also sitting on the books. The lion has a brown mane and is wearing a yellow sweater. The background is plain white, emphasizing the subjects in the foreground. There is no visible text in the image.	45735886666.png	The image depicts a wooden balance scale with two pans hanging from its arms. The pan on the left is filled with a substance that appears to be a reddish-orange liquid or paste, while the pan on the right is empty. The scale is placed on a flat surface, and the background is plain white. There are no visible texts or other objects in the image. The style of the image is illustrative, with a focus on the scale and its contents.	50901078815.png	The image depicts an animated character, a man, dressed in a black robe and holding a pair of golden scales in each hand. He has a beard and mustache, and is wearing glasses. The character is standing on a pedestal. The background is plain and white. There is no visible text in the image.	68265834610.png	The image depicts an animated character standing on a road with a steep incline. The character has dark hair and is wearing a red jacket and black pants. They are looking to the side, away from the viewer. On either side of the road are two yellow signs with black arrows pointing upwards. The road itself appears to be made of a dark material with orange speckles, suggesting it might be a dirt or gravel path. The background is plain white, emphasizing the character and the road. There is no visible text in the image.	94609322344.png	The image shows two animated characters, a boy and a girl, shaking hands. The boy has short blonde hair, is wearing a sleeveless top with red and black stripes, black shorts with a red stripe, and white shoes with orange and yellow accents. The girl has long brown hair tied in a ponytail, is wearing a sleeveless top with a white background and a yellow and black design, black shorts with a yellow stripe, and white shoes with blue and yellow accents. Both characters are smiling and appear to be in a friendly or congratulatory pose. There is no visible text in the image.
adolat bilan yondashuv	Lekin onalarning mehnatlari odatda soyada qoladi, shuning uchun adolat bilan yondashgan holda taniqli shaxslarning onalari haqidagi maqolani e’tiboringizga havola etamiz.		94609322344.png	The image shows two animated characters, a boy and a girl, shaking hands. The boy has short blonde hair, is wearing a sleeveless top with red and black stripes, black shorts with a red stripe, and white shoes with orange and yellow accents. The girl has long brown hair tied in a ponytail, is wearing a sleeveless top with a white background and a yellow and black design, black shorts with a yellow stripe, and white shoes with blue and yellow accents. Both characters are smiling and appear to be in a friendly or congratulatory pose. There is no visible text in the image.	45735886666.png	The image depicts a wooden balance scale with two pans hanging from its arms. The pan on the left is filled with a substance that appears to be a reddish-orange liquid or paste, while the pan on the right is empty. The scale is placed on a flat surface, and the background is plain white. There are no visible texts or other objects in the image. The style of the image is illustrative, with a focus on the scale and its contents.	68265834610.png	The image depicts an animated character standing on a road with a steep incline. The character has dark hair and is wearing a red jacket and black pants. They are looking to the side, away from the viewer. On either side of the road are two yellow signs with black arrows pointing upwards. The road itself appears to be made of a dark material with orange speckles, suggesting it might be a dirt or gravel path. The background is plain white, emphasizing the character and the road. There is no visible text in the image.	50901078815.png	The image depicts an animated character, a man, dressed in a black robe and holding a pair of golden scales in each hand. He has a beard and mustache, and is wearing glasses. The character is standing on a pedestal. The background is plain and white. There is no visible text in the image.	51058100577.png	The image depicts an animated character, a young boy with glasses, sitting on a pile of books. He is wearing a brown jacket, a white shirt, and yellow shoes. The boy is holding a book open with both hands, and his expression is one of concentration or enjoyment. To his left, there is a small, anthropomorphic lion with a friendly expression, also sitting on the books. The lion has a brown mane and is wearing a yellow sweater. The background is plain white, emphasizing the subjects in the foreground. There is no visible text in the image.
yemagan somsasiga pul to'lamoq	O‘zimiz uchun zarur bo‘lgan bunga o‘xshash tartiblarni, haq-huquqlarimizni bilmaganimiz bois, ba’zan yemagan somsaga pul to‘lashga majbur bo‘lamiz.		96410626119.png	The image is a cartoon illustration featuring two stylized characters. On the left, there is a character with dark hair, wearing a white shirt with a red tie, and black pants. This character is holding a plate with a stack of money on it. On the right, there is another character with dark hair, wearing a black suit with a red tie, and black pants. This character is holding a plate with several golden-brown food items that resemble fried pastries or breaded items. The background is plain white, and there are no visible texts in the image. The style of the illustration is simplistic and colorful, with a focus on the characters and the food items.	65262920773.png	The image features a cartoon character, a young boy with curly hair, wearing a black t-shirt with a yellow collar and black pants. He has a frown on his face and is pointing his right hand towards the viewer. The boy is standing against a white background. There are four hands pointing towards the boy from the top left, top right, bottom left, and bottom right corners of the image. The hands are colored in shades of brown and orange.	39579041292.png	The image is a cartoon illustration featuring four animated characters. On the left, there is a woman with her hands clasped together in front of her face, her eyes wide and her mouth open as if she is surprised or shocked. Next to her, a man with a beard and glasses is wearing a white shirt and a red tie, his mouth open in a surprised or shocked expression. To his right, another woman is depicted with her hands on her cheeks, her eyes wide and her mouth open in a similar expression of surprise or shock. On the far right, a young man with short hair is also shown with his hands on his cheeks, his eyes wide and his mouth open in the same manner. The characters are drawn in a stylized manner typical of animated films or television shows. There is no visible text in the image.	20502806344.png	The image is a digital illustration of a cartoon-style character, a young man with brown hair, wearing a black apron. He is standing behind a wooden counter, smiling broadly, and holding a stack of US dollar bills in his right hand. In his left hand, he is pouring a liquid from a bottle into a bowl on the counter. The counter also has a plate with a small mound of white powder and a small bowl with a green substance. The background is plain white, emphasizing the character and the counter. There is no visible text in the image.	39502668843.png	The image depicts an animated character, a young boy with curly hair, standing in front of an easel. He is wearing a red shirt and gray shorts, and he is holding a paintbrush in his right hand. The easel has a white canvas with a colorful scene painted on it. The scene includes various elements such as buildings, trees, and clouds, suggesting a landscape or cityscape. The boy appears to be in the process of painting or has just finished painting. There is no visible text in the image. The style of the image is cartoonish and appears to be a digital illustration.
yemagan somsasiga pul to'lamoq	Savolimiz shunday: qachongacha yemagan somsaga pul to‘laymiz?		65262920773.png	The image features a cartoon character, a young boy with curly hair, wearing a black t-shirt with a yellow collar and black pants. He has a frown on his face and is pointing his right hand towards the viewer. The boy is standing against a white background. There are four hands pointing towards the boy from the top left, top right, bottom left, and bottom right corners of the image. The hands are colored in shades of brown and orange.	20502806344.png	The image is a digital illustration of a cartoon-style character, a young man with brown hair, wearing a black apron. He is standing behind a wooden counter, smiling broadly, and holding a stack of US dollar bills in his right hand. In his left hand, he is pouring a liquid from a bottle into a bowl on the counter. The counter also has a plate with a small mound of white powder and a small bowl with a green substance. The background is plain white, emphasizing the character and the counter. There is no visible text in the image.	39502668843.png	The image depicts an animated character, a young boy with curly hair, standing in front of an easel. He is wearing a red shirt and gray shorts, and he is holding a paintbrush in his right hand. The easel has a white canvas with a colorful scene painted on it. The scene includes various elements such as buildings, trees, and clouds, suggesting a landscape or cityscape. The boy appears to be in the process of painting or has just finished painting. There is no visible text in the image. The style of the image is cartoonish and appears to be a digital illustration.	96410626119.png	The image is a cartoon illustration featuring two stylized characters. On the left, there is a character with dark hair, wearing a white shirt with a red tie, and black pants. This character is holding a plate with a stack of money on it. On the right, there is another character with dark hair, wearing a black suit with a red tie, and black pants. This character is holding a plate with several golden-brown food items that resemble fried pastries or breaded items. The background is plain white, and there are no visible texts in the image. The style of the illustration is simplistic and colorful, with a focus on the characters and the food items.	39579041292.png	The image is a cartoon illustration featuring four animated characters. On the left, there is a woman with her hands clasped together in front of her face, her eyes wide and her mouth open as if she is surprised or shocked. Next to her, a man with a beard and glasses is wearing a white shirt and a red tie, his mouth open in a surprised or shocked expression. To his right, another woman is depicted with her hands on her cheeks, her eyes wide and her mouth open in a similar expression of surprise or shock. On the far right, a young man with short hair is also shown with his hands on his cheeks, his eyes wide and his mouth open in the same manner. The characters are drawn in a stylized manner typical of animated films or television shows. There is no visible text in the image.
yemagan somsasiga pul to'lamoq	Kecha restoranda o'tirganida qo'ng'iroq bo'lib  qoldi, somsalar endi dasturxonga tortilgan edi, xabarni eshitib, yemagan somsasiga pul to'ladi va tezda jo'nab ketdi.		39502668843.png	The image depicts an animated character, a young boy with curly hair, standing in front of an easel. He is wearing a red shirt and gray shorts, and he is holding a paintbrush in his right hand. The easel has a white canvas with a colorful scene painted on it. The scene includes various elements such as buildings, trees, and clouds, suggesting a landscape or cityscape. The boy appears to be in the process of painting or has just finished painting. There is no visible text in the image. The style of the image is cartoonish and appears to be a digital illustration.	96410626119.png	The image is a cartoon illustration featuring two stylized characters. On the left, there is a character with dark hair, wearing a white shirt with a red tie, and black pants. This character is holding a plate with a stack of money on it. On the right, there is another character with dark hair, wearing a black suit with a red tie, and black pants. This character is holding a plate with several golden-brown food items that resemble fried pastries or breaded items. The background is plain white, and there are no visible texts in the image. The style of the illustration is simplistic and colorful, with a focus on the characters and the food items.	20502806344.png	The image is a digital illustration of a cartoon-style character, a young man with brown hair, wearing a black apron. He is standing behind a wooden counter, smiling broadly, and holding a stack of US dollar bills in his right hand. In his left hand, he is pouring a liquid from a bottle into a bowl on the counter. The counter also has a plate with a small mound of white powder and a small bowl with a green substance. The background is plain white, emphasizing the character and the counter. There is no visible text in the image.	65262920773.png	The image features a cartoon character, a young boy with curly hair, wearing a black t-shirt with a yellow collar and black pants. He has a frown on his face and is pointing his right hand towards the viewer. The boy is standing against a white background. There are four hands pointing towards the boy from the top left, top right, bottom left, and bottom right corners of the image. The hands are colored in shades of brown and orange.	39579041292.png	The image is a cartoon illustration featuring four animated characters. On the left, there is a woman with her hands clasped together in front of her face, her eyes wide and her mouth open as if she is surprised or shocked. Next to her, a man with a beard and glasses is wearing a white shirt and a red tie, his mouth open in a surprised or shocked expression. To his right, another woman is depicted with her hands on her cheeks, her eyes wide and her mouth open in a similar expression of surprise or shock. On the far right, a young man with short hair is also shown with his hands on his cheeks, his eyes wide and his mouth open in the same manner. The characters are drawn in a stylized manner typical of animated films or television shows. There is no visible text in the image.
yemagan somsasiga pul to'lamoq	Do'stimning puli kamroq ekan, shu sababli,   bitta yemagan  somsamga pul to'lashimga to'g'ri keldi.		39502668843.png	The image depicts an animated character, a young boy with curly hair, standing in front of an easel. He is wearing a red shirt and gray shorts, and he is holding a paintbrush in his right hand. The easel has a white canvas with a colorful scene painted on it. The scene includes various elements such as buildings, trees, and clouds, suggesting a landscape or cityscape. The boy appears to be in the process of painting or has just finished painting. There is no visible text in the image. The style of the image is cartoonish and appears to be a digital illustration.	65262920773.png	The image features a cartoon character, a young boy with curly hair, wearing a black t-shirt with a yellow collar and black pants. He has a frown on his face and is pointing his right hand towards the viewer. The boy is standing against a white background. There are four hands pointing towards the boy from the top left, top right, bottom left, and bottom right corners of the image. The hands are colored in shades of brown and orange.	39579041292.png	The image is a cartoon illustration featuring four animated characters. On the left, there is a woman with her hands clasped together in front of her face, her eyes wide and her mouth open as if she is surprised or shocked. Next to her, a man with a beard and glasses is wearing a white shirt and a red tie, his mouth open in a surprised or shocked expression. To his right, another woman is depicted with her hands on her cheeks, her eyes wide and her mouth open in a similar expression of surprise or shock. On the far right, a young man with short hair is also shown with his hands on his cheeks, his eyes wide and his mouth open in the same manner. The characters are drawn in a stylized manner typical of animated films or television shows. There is no visible text in the image.	20502806344.png	The image is a digital illustration of a cartoon-style character, a young man with brown hair, wearing a black apron. He is standing behind a wooden counter, smiling broadly, and holding a stack of US dollar bills in his right hand. In his left hand, he is pouring a liquid from a bottle into a bowl on the counter. The counter also has a plate with a small mound of white powder and a small bowl with a green substance. The background is plain white, emphasizing the character and the counter. There is no visible text in the image.	96410626119.png	The image is a cartoon illustration featuring two stylized characters. On the left, there is a character with dark hair, wearing a white shirt with a red tie, and black pants. This character is holding a plate with a stack of money on it. On the right, there is another character with dark hair, wearing a black suit with a red tie, and black pants. This character is holding a plate with several golden-brown food items that resemble fried pastries or breaded items. The background is plain white, and there are no visible texts in the image. The style of the illustration is simplistic and colorful, with a focus on the characters and the food items.
nozik farq	Lingvomadaniyatshunoslik til birliklarining milliy-madaniy mazmunini o‘rganib, ularni butun to‘liq mazmuni va nozik farqlarini mana shu tilning va mana shu madaniyatning sohiblari tomonidan idrok qilishga yaqinlashtirilgan darajada zohir bo‘ladi.		14875511775.png	The image features a cartoon character, a man with a beard and mustache, wearing a white shirt and a brown tie with stripes. He is holding a magnifying glass up to his face, as if examining something closely. His expression is one of surprise or curiosity. The character is standing against a plain, light background. There is no visible text in the image.	92286926853.png	The image shows a 3D rendering of a person holding two framed pictures. The person is facing away from the viewer, wearing a white shirt, and appears to be standing against a plain background. The framed pictures depict a landscape scene with trees and a body of water. The style of the image is realistic with a focus on the person and the pictures. There is no visible text in the image.	49205510161.png	The image features two stylized cartoon characters, each with a distinct hairstyle and attire. The character on the left has curly brown hair, wears glasses, a black sweater, and brown pants with white sneakers. The character on the right has curly red hair, also wears glasses, a black sweater with an orange logo on the left side, and yellow pants with red and white sneakers. Both characters have a beard and mustache, and they are standing side by side against a plain white background.	20986977143.png	The image shows two black, cylindrical objects with orange ends. They are positioned parallel to each other against a white background. The objects appear to be of equal length and are likely designed for use as a pair, possibly for a specific purpose or as part of a set. The orange ends suggest they may have a functional role, such as attachment points or grips. The style of the image is a simple product photograph with a clear focus on the items without any additional context or embellishments.	70153066139.png	The image depicts a cartoon-style illustration of a young child with curly hair, wearing a yellow shirt, lying on a bed with a brown headboard. The child appears to be sleeping with their eyes closed and a peaceful expression. The bed has a red blanket and a gray mattress. The background is plain white, emphasizing the subject. There is no visible text in the image.
nozik farq	Ular ta’sir qiladigan yorug‘lik kuchiga qarab, kulrang va qora ranglarning nozik farqlarini namoyon qiladi.		14875511775.png	The image features a cartoon character, a man with a beard and mustache, wearing a white shirt and a brown tie with stripes. He is holding a magnifying glass up to his face, as if examining something closely. His expression is one of surprise or curiosity. The character is standing against a plain, light background. There is no visible text in the image.	92286926853.png	The image shows a 3D rendering of a person holding two framed pictures. The person is facing away from the viewer, wearing a white shirt, and appears to be standing against a plain background. The framed pictures depict a landscape scene with trees and a body of water. The style of the image is realistic with a focus on the person and the pictures. There is no visible text in the image.	70153066139.png	The image depicts a cartoon-style illustration of a young child with curly hair, wearing a yellow shirt, lying on a bed with a brown headboard. The child appears to be sleeping with their eyes closed and a peaceful expression. The bed has a red blanket and a gray mattress. The background is plain white, emphasizing the subject. There is no visible text in the image.	20986977143.png	The image shows two black, cylindrical objects with orange ends. They are positioned parallel to each other against a white background. The objects appear to be of equal length and are likely designed for use as a pair, possibly for a specific purpose or as part of a set. The orange ends suggest they may have a functional role, such as attachment points or grips. The style of the image is a simple product photograph with a clear focus on the items without any additional context or embellishments.	49205510161.png	The image features two stylized cartoon characters, each with a distinct hairstyle and attire. The character on the left has curly brown hair, wears glasses, a black sweater, and brown pants with white sneakers. The character on the right has curly red hair, also wears glasses, a black sweater with an orange logo on the left side, and yellow pants with red and white sneakers. Both characters have a beard and mustache, and they are standing side by side against a plain white background.
pirovard natija	Lekin, afsuski, birgina xohish bilan biz yuqori hosildorlikka va pirovard natijaga erisha olmaymiz.		52262290340.png	The image is a digital illustration featuring a young girl with brown hair, wearing a yellow hat and a blue dress with a white apron. She is bending over to feed a flock of pigeons, which are predominantly gray with some red and black accents. The girl is holding a basket with a floral arrangement. In the background, there are buildings with balconies adorned with potted plants, and people are visible on the street. The scene is set in a European-style square with a cobblestone surface. The overall style of the image is whimsical and detailed, with a focus on the interaction between the girl and the birds.	41427862417.png	The image depicts two animated characters, both dressed in academic regalia, which includes black graduation caps and gowns. The character on the left is wearing a red robe over the gown, and the character on the right is holding a rolled-up document, possibly a diploma, with a red ribbon tied around it. Both characters are smiling and appear to be shaking hands, suggesting a moment of celebration or achievement. The characters are illustrated in a cartoon style with exaggerated features, such as large eyes and stylized hair. There is no visible text in the image.	44724166183.png	The image shows a stylized illustration of a person's hands holding a tablet with a checklist on it. The tablet has a black frame and a white screen with a red border at the top. The checklist contains five items, each marked with a red checkmark. The person's hands are visible, with one hand holding the tablet and the other pointing to the checklist. The background is plain white. There is no visible text in the image.	20083508596.png	"The image features an animated male figure in a running pose, with his arms raised in a celebratory manner. He is wearing a sleeveless top with a yellow panel on the chest and black shorts. The figure is standing on a red platform with a red ribbon draped over his shoulders, bearing the word ""FINISH"" in large, bold yellow letters. The background is plain white."	97203046375.png	"The image depicts a stylized illustration of a group of four animated characters standing in front of a computer monitor. The characters are diverse in appearance, with different hairstyles and clothing styles, suggesting a diverse team. They are smiling and appear to be in a positive mood.  The computer monitor displays a colorful line graph with a red line, indicating some form of data or performance measurement. The graph has a title that reads ""Sales,"" and there are numerical values on the y-axis, ranging from 0 to 100, with increments of 100. The x-axis is labeled with the word ""Month,"" but the specific months are not visible.  To the right of the monitor, there is a trophy with a gold base and a golden star on top, suggesting an award or recognition. Below the trophy, there are three gold coins, which could symbolize a reward or achievement.  The overall style of the image is cartoonish and colorful, with a focus on a friendly and celebratory atmosphere. The image seems to convey a sense of achievement or success in a business or sales context."
pirovard natija	Bundan ko‘zlangan pirovard natija iqtisodiyotda soliq yukini pasaytirish orqali raqobatbardoshlikni oshirish va investitsiyalarni jalb etishga imkoniyat yaratishdir.		20083508596.png	"The image features an animated male figure in a running pose, with his arms raised in a celebratory manner. He is wearing a sleeveless top with a yellow panel on the chest and black shorts. The figure is standing on a red platform with a red ribbon draped over his shoulders, bearing the word ""FINISH"" in large, bold yellow letters. The background is plain white."	41427862417.png	The image depicts two animated characters, both dressed in academic regalia, which includes black graduation caps and gowns. The character on the left is wearing a red robe over the gown, and the character on the right is holding a rolled-up document, possibly a diploma, with a red ribbon tied around it. Both characters are smiling and appear to be shaking hands, suggesting a moment of celebration or achievement. The characters are illustrated in a cartoon style with exaggerated features, such as large eyes and stylized hair. There is no visible text in the image.	97203046375.png	"The image depicts a stylized illustration of a group of four animated characters standing in front of a computer monitor. The characters are diverse in appearance, with different hairstyles and clothing styles, suggesting a diverse team. They are smiling and appear to be in a positive mood.  The computer monitor displays a colorful line graph with a red line, indicating some form of data or performance measurement. The graph has a title that reads ""Sales,"" and there are numerical values on the y-axis, ranging from 0 to 100, with increments of 100. The x-axis is labeled with the word ""Month,"" but the specific months are not visible.  To the right of the monitor, there is a trophy with a gold base and a golden star on top, suggesting an award or recognition. Below the trophy, there are three gold coins, which could symbolize a reward or achievement.  The overall style of the image is cartoonish and colorful, with a focus on a friendly and celebratory atmosphere. The image seems to convey a sense of achievement or success in a business or sales context."	52262290340.png	The image is a digital illustration featuring a young girl with brown hair, wearing a yellow hat and a blue dress with a white apron. She is bending over to feed a flock of pigeons, which are predominantly gray with some red and black accents. The girl is holding a basket with a floral arrangement. In the background, there are buildings with balconies adorned with potted plants, and people are visible on the street. The scene is set in a European-style square with a cobblestone surface. The overall style of the image is whimsical and detailed, with a focus on the interaction between the girl and the birds.	44724166183.png	The image shows a stylized illustration of a person's hands holding a tablet with a checklist on it. The tablet has a black frame and a white screen with a red border at the top. The checklist contains five items, each marked with a red checkmark. The person's hands are visible, with one hand holding the tablet and the other pointing to the checklist. The background is plain white. There is no visible text in the image.
o'zining tomorqasidan tashqarida	U yangi ish boshlaganda o‘zini o‘zining tomorqasidan tashqarida his qildi — hamma narsa begona tuyuldi.		64883397075.png	The image depicts an animated scene of a person standing behind a chain-link fence. The person appears to be a young adult with short hair, wearing a white t-shirt and dark pants. They are looking out towards a city skyline, which is obscured by a hazy atmosphere. The fence is surrounded by lush greenery, including various plants and flowers, and there are rocks scattered on the ground. The overall style of the image is illustrative, with a focus on a serene and somewhat contemplative mood.	33875489966.png	The image depicts a lively scene of three children playing in a park. The child on the left is holding a red balloon, the one in the middle is holding a yellow balloon, and the one on the right is holding an orange balloon. They are all running and appear to be enjoying themselves. The park is filled with various elements such as trees, a house, and a dog. The sky is clear and blue, and there are a few more balloons floating in the air. The children are dressed in casual clothing suitable for outdoor play. The image is colorful and cartoon-like, with a cheerful and playful atmosphere.	80845749332.png	The image is an illustration featuring a central figure, a young woman with a surprised expression, wearing a red top with a black strap over her shoulder. She has dark hair tied up and is looking to the side with a questioning or puzzled expression. Above her head, there are several question marks in various sizes and colors, suggesting a theme of confusion or inquiry.  In the background, there is a large crowd of people, depicted in a more simplistic and less detailed style compared to the foreground figure. The crowd appears to be diverse, with individuals of different ages and styles of dress. The crowd is dense, with people standing close together, and they are looking in various directions, some towards the central figure.  The overall style of the illustration is cartoonish with a limited color palette, and it conveys a sense of a public gathering or event where the central figure is the focus of attention. There is no visible text in the image.	84868855526.png	The image depicts a stylized, cartoon-like illustration of a small house with a chimney, surrounded by a variety of colorful flowers and plants. A person is walking away from the house, carrying a backpack, and wearing a hat. The house has a brown roof and a white exterior, with a single window visible. The person is dressed in a yellow shirt and dark pants. The ground is covered with a mix of flowers and plants, and there are several potted plants placed around the house. The overall scene suggests a peaceful, garden-like setting.	28186296063.png	The image depicts a stylized, cartoonish fish with a large, open mouth, revealing its teeth. The fish has a patterned body with shades of orange, brown, and black, and it has a prominent dorsal fin. It is situated on a cracked, earth-toned surface that resembles a dry, cracked ground or a rocky terrain. There are small plants or weeds sprouting from the cracks. The background is plain white, which contrasts with the vivid colors of the fish and the ground. There is no visible text in the image. The style of the image is illustrative and appears to be designed for a playful or whimsical purpose.
o'zining tomorqasidan tashqarida	Notanish muhitda u o‘zining tomorqasidan tashqarida bo‘lgandek, noqulay va ishonchsiz harakat qildi.		28186296063.png	The image depicts a stylized, cartoonish fish with a large, open mouth, revealing its teeth. The fish has a patterned body with shades of orange, brown, and black, and it has a prominent dorsal fin. It is situated on a cracked, earth-toned surface that resembles a dry, cracked ground or a rocky terrain. There are small plants or weeds sprouting from the cracks. The background is plain white, which contrasts with the vivid colors of the fish and the ground. There is no visible text in the image. The style of the image is illustrative and appears to be designed for a playful or whimsical purpose.	33875489966.png	The image depicts a lively scene of three children playing in a park. The child on the left is holding a red balloon, the one in the middle is holding a yellow balloon, and the one on the right is holding an orange balloon. They are all running and appear to be enjoying themselves. The park is filled with various elements such as trees, a house, and a dog. The sky is clear and blue, and there are a few more balloons floating in the air. The children are dressed in casual clothing suitable for outdoor play. The image is colorful and cartoon-like, with a cheerful and playful atmosphere.	84868855526.png	The image depicts a stylized, cartoon-like illustration of a small house with a chimney, surrounded by a variety of colorful flowers and plants. A person is walking away from the house, carrying a backpack, and wearing a hat. The house has a brown roof and a white exterior, with a single window visible. The person is dressed in a yellow shirt and dark pants. The ground is covered with a mix of flowers and plants, and there are several potted plants placed around the house. The overall scene suggests a peaceful, garden-like setting.	64883397075.png	The image depicts an animated scene of a person standing behind a chain-link fence. The person appears to be a young adult with short hair, wearing a white t-shirt and dark pants. They are looking out towards a city skyline, which is obscured by a hazy atmosphere. The fence is surrounded by lush greenery, including various plants and flowers, and there are rocks scattered on the ground. The overall style of the image is illustrative, with a focus on a serene and somewhat contemplative mood.	80845749332.png	The image is an illustration featuring a central figure, a young woman with a surprised expression, wearing a red top with a black strap over her shoulder. She has dark hair tied up and is looking to the side with a questioning or puzzled expression. Above her head, there are several question marks in various sizes and colors, suggesting a theme of confusion or inquiry.  In the background, there is a large crowd of people, depicted in a more simplistic and less detailed style compared to the foreground figure. The crowd appears to be diverse, with individuals of different ages and styles of dress. The crowd is dense, with people standing close together, and they are looking in various directions, some towards the central figure.  The overall style of the illustration is cartoonish with a limited color palette, and it conveys a sense of a public gathering or event where the central figure is the focus of attention. There is no visible text in the image.
o'zining tomorqasidan tashqarida	U butun kunni o‘zining tomorqasidan tashqarida ishlamay, daraxt ekish bilan o‘tkazadi.		33875489966.png	The image depicts a lively scene of three children playing in a park. The child on the left is holding a red balloon, the one in the middle is holding a yellow balloon, and the one on the right is holding an orange balloon. They are all running and appear to be enjoying themselves. The park is filled with various elements such as trees, a house, and a dog. The sky is clear and blue, and there are a few more balloons floating in the air. The children are dressed in casual clothing suitable for outdoor play. The image is colorful and cartoon-like, with a cheerful and playful atmosphere.	64883397075.png	The image depicts an animated scene of a person standing behind a chain-link fence. The person appears to be a young adult with short hair, wearing a white t-shirt and dark pants. They are looking out towards a city skyline, which is obscured by a hazy atmosphere. The fence is surrounded by lush greenery, including various plants and flowers, and there are rocks scattered on the ground. The overall style of the image is illustrative, with a focus on a serene and somewhat contemplative mood.	84868855526.png	The image depicts a stylized, cartoon-like illustration of a small house with a chimney, surrounded by a variety of colorful flowers and plants. A person is walking away from the house, carrying a backpack, and wearing a hat. The house has a brown roof and a white exterior, with a single window visible. The person is dressed in a yellow shirt and dark pants. The ground is covered with a mix of flowers and plants, and there are several potted plants placed around the house. The overall scene suggests a peaceful, garden-like setting.	28186296063.png	The image depicts a stylized, cartoonish fish with a large, open mouth, revealing its teeth. The fish has a patterned body with shades of orange, brown, and black, and it has a prominent dorsal fin. It is situated on a cracked, earth-toned surface that resembles a dry, cracked ground or a rocky terrain. There are small plants or weeds sprouting from the cracks. The background is plain white, which contrasts with the vivid colors of the fish and the ground. There is no visible text in the image. The style of the image is illustrative and appears to be designed for a playful or whimsical purpose.	80845749332.png	The image is an illustration featuring a central figure, a young woman with a surprised expression, wearing a red top with a black strap over her shoulder. She has dark hair tied up and is looking to the side with a questioning or puzzled expression. Above her head, there are several question marks in various sizes and colors, suggesting a theme of confusion or inquiry.  In the background, there is a large crowd of people, depicted in a more simplistic and less detailed style compared to the foreground figure. The crowd appears to be diverse, with individuals of different ages and styles of dress. The crowd is dense, with people standing close together, and they are looking in various directions, some towards the central figure.  The overall style of the illustration is cartoonish with a limited color palette, and it conveys a sense of a public gathering or event where the central figure is the focus of attention. There is no visible text in the image.
o'zining tomorqasidan tashqarida	Bolaligidan o‘zining tomorqasidan tashqariga kam chiqadigan, uy ishlarini yaxshi ko‘radigan bola edi.		80845749332.png	The image is an illustration featuring a central figure, a young woman with a surprised expression, wearing a red top with a black strap over her shoulder. She has dark hair tied up and is looking to the side with a questioning or puzzled expression. Above her head, there are several question marks in various sizes and colors, suggesting a theme of confusion or inquiry.  In the background, there is a large crowd of people, depicted in a more simplistic and less detailed style compared to the foreground figure. The crowd appears to be diverse, with individuals of different ages and styles of dress. The crowd is dense, with people standing close together, and they are looking in various directions, some towards the central figure.  The overall style of the illustration is cartoonish with a limited color palette, and it conveys a sense of a public gathering or event where the central figure is the focus of attention. There is no visible text in the image.	84868855526.png	The image depicts a stylized, cartoon-like illustration of a small house with a chimney, surrounded by a variety of colorful flowers and plants. A person is walking away from the house, carrying a backpack, and wearing a hat. The house has a brown roof and a white exterior, with a single window visible. The person is dressed in a yellow shirt and dark pants. The ground is covered with a mix of flowers and plants, and there are several potted plants placed around the house. The overall scene suggests a peaceful, garden-like setting.	28186296063.png	The image depicts a stylized, cartoonish fish with a large, open mouth, revealing its teeth. The fish has a patterned body with shades of orange, brown, and black, and it has a prominent dorsal fin. It is situated on a cracked, earth-toned surface that resembles a dry, cracked ground or a rocky terrain. There are small plants or weeds sprouting from the cracks. The background is plain white, which contrasts with the vivid colors of the fish and the ground. There is no visible text in the image. The style of the image is illustrative and appears to be designed for a playful or whimsical purpose.	33875489966.png	The image depicts a lively scene of three children playing in a park. The child on the left is holding a red balloon, the one in the middle is holding a yellow balloon, and the one on the right is holding an orange balloon. They are all running and appear to be enjoying themselves. The park is filled with various elements such as trees, a house, and a dog. The sky is clear and blue, and there are a few more balloons floating in the air. The children are dressed in casual clothing suitable for outdoor play. The image is colorful and cartoon-like, with a cheerful and playful atmosphere.	64883397075.png	The image depicts an animated scene of a person standing behind a chain-link fence. The person appears to be a young adult with short hair, wearing a white t-shirt and dark pants. They are looking out towards a city skyline, which is obscured by a hazy atmosphere. The fence is surrounded by lush greenery, including various plants and flowers, and there are rocks scattered on the ground. The overall style of the image is illustrative, with a focus on a serene and somewhat contemplative mood.
