compound	sentence	expected_order	image1_name	image1_caption	image2_name	image2_caption	image3_name	image3_caption	image4_name	image4_caption	image5_name	image5_caption
storfisk	Det hjelper alltid å henvise til fjorårets bragder når du skal hale inn storfisk av sponsorer og artister til festivalen.		28892435916.png	The image depicts a stylized illustration of a baby in a stroller. The baby has a rosy complexion, closed eyes, and a small, contented smile. The baby's hair is a light brown color, and the stroller has a modern design with a black frame and orange accents. The stroller's seat is visible, and the baby's hands are resting on the stroller's handle. There is no visible text in the image. The style of the illustration is cartoonish and appears to be designed for a child-friendly audience.	84914714498.png	The image features a stylized, animated character of a woman standing on a circular platform. She is dressed in a black suit with an orange shirt and tie, and she is holding a tablet with both hands. The character has brown hair, is smiling, and appears to be presenting or demonstrating something on the tablet. The background is plain white, emphasizing the character and the platform she is standing on. There is no visible text in the image.	37946170345.png	The image shows a rectangular metal container with a lid, containing a cooked dish. The dish appears to be a type of fish, possibly sardines, with a golden-brown color suggesting they have been roasted or grilled. The fish are arranged in a single layer, and there are visible seasonings or spices on top of the fish. The container is placed on a white surface, and the image is a digital illustration with a realistic style. There is no visible text in the image.	47150772799.png	The image features a 3D animated character of a man dressed in a military uniform. The uniform consists of a brown shirt, brown trousers, a brown cap with a badge on the front, and black shoes. The character has a stern expression with his mouth open, as if shouting or speaking loudly. The character is standing against a plain white background. There is no visible text in the image.	61886671265.png	The image features a cartoon depiction of a shark and a fish. The shark is large, with a black body and a white underbelly, and is adorned with small white spots. It has a wide mouth with sharp teeth and is swimming towards the right side of the image. Below the shark, there is a smaller fish with an orange body and a white underbelly. The fish is swimming towards the left side of the image. Both the shark and the fish are surrounded by bubbles, suggesting they are underwater. The background is a plain white, and there are green plants visible at the bottom of the image. The image is stylized and does not depict a realistic scene.
storfisk	Tidligere proffsyklist Kjærgaard var en storfisk i norsk idrett nettopp på grunn av hans seks år i sportssjefsjobben, som opphørte ved nyttår.		37946170345.png	The image shows a rectangular metal container with a lid, containing a cooked dish. The dish appears to be a type of fish, possibly sardines, with a golden-brown color suggesting they have been roasted or grilled. The fish are arranged in a single layer, and there are visible seasonings or spices on top of the fish. The container is placed on a white surface, and the image is a digital illustration with a realistic style. There is no visible text in the image.	84914714498.png	The image features a stylized, animated character of a woman standing on a circular platform. She is dressed in a black suit with an orange shirt and tie, and she is holding a tablet with both hands. The character has brown hair, is smiling, and appears to be presenting or demonstrating something on the tablet. The background is plain white, emphasizing the character and the platform she is standing on. There is no visible text in the image.	47150772799.png	The image features a 3D animated character of a man dressed in a military uniform. The uniform consists of a brown shirt, brown trousers, a brown cap with a badge on the front, and black shoes. The character has a stern expression with his mouth open, as if shouting or speaking loudly. The character is standing against a plain white background. There is no visible text in the image.	28892435916.png	The image depicts a stylized illustration of a baby in a stroller. The baby has a rosy complexion, closed eyes, and a small, contented smile. The baby's hair is a light brown color, and the stroller has a modern design with a black frame and orange accents. The stroller's seat is visible, and the baby's hands are resting on the stroller's handle. There is no visible text in the image. The style of the illustration is cartoonish and appears to be designed for a child-friendly audience.	61886671265.png	The image features a cartoon depiction of a shark and a fish. The shark is large, with a black body and a white underbelly, and is adorned with small white spots. It has a wide mouth with sharp teeth and is swimming towards the right side of the image. Below the shark, there is a smaller fish with an orange body and a white underbelly. The fish is swimming towards the left side of the image. Both the shark and the fish are surrounded by bubbles, suggesting they are underwater. The background is a plain white, and there are green plants visible at the bottom of the image. The image is stylized and does not depict a realistic scene.
storfisk	Får du en storfisk på kroken risikerer du at angelen ikke holder og retter seg ut.		61886671265.png	The image features a cartoon depiction of a shark and a fish. The shark is large, with a black body and a white underbelly, and is adorned with small white spots. It has a wide mouth with sharp teeth and is swimming towards the right side of the image. Below the shark, there is a smaller fish with an orange body and a white underbelly. The fish is swimming towards the left side of the image. Both the shark and the fish are surrounded by bubbles, suggesting they are underwater. The background is a plain white, and there are green plants visible at the bottom of the image. The image is stylized and does not depict a realistic scene.	37946170345.png	The image shows a rectangular metal container with a lid, containing a cooked dish. The dish appears to be a type of fish, possibly sardines, with a golden-brown color suggesting they have been roasted or grilled. The fish are arranged in a single layer, and there are visible seasonings or spices on top of the fish. The container is placed on a white surface, and the image is a digital illustration with a realistic style. There is no visible text in the image.	47150772799.png	The image features a 3D animated character of a man dressed in a military uniform. The uniform consists of a brown shirt, brown trousers, a brown cap with a badge on the front, and black shoes. The character has a stern expression with his mouth open, as if shouting or speaking loudly. The character is standing against a plain white background. There is no visible text in the image.	84914714498.png	The image features a stylized, animated character of a woman standing on a circular platform. She is dressed in a black suit with an orange shirt and tie, and she is holding a tablet with both hands. The character has brown hair, is smiling, and appears to be presenting or demonstrating something on the tablet. The background is plain white, emphasizing the character and the platform she is standing on. There is no visible text in the image.	28892435916.png	The image depicts a stylized illustration of a baby in a stroller. The baby has a rosy complexion, closed eyes, and a small, contented smile. The baby's hair is a light brown color, and the stroller has a modern design with a black frame and orange accents. The stroller's seat is visible, and the baby's hands are resting on the stroller's handle. There is no visible text in the image. The style of the illustration is cartoonish and appears to be designed for a child-friendly audience.
storfisk	Fisker du på topper og kanter på dypere vann enn 50 meter, får du også arter som uer, lange og brosme, og sjansen for å få storfisk er også betydelig større.		84914714498.png	The image features a stylized, animated character of a woman standing on a circular platform. She is dressed in a black suit with an orange shirt and tie, and she is holding a tablet with both hands. The character has brown hair, is smiling, and appears to be presenting or demonstrating something on the tablet. The background is plain white, emphasizing the character and the platform she is standing on. There is no visible text in the image.	28892435916.png	The image depicts a stylized illustration of a baby in a stroller. The baby has a rosy complexion, closed eyes, and a small, contented smile. The baby's hair is a light brown color, and the stroller has a modern design with a black frame and orange accents. The stroller's seat is visible, and the baby's hands are resting on the stroller's handle. There is no visible text in the image. The style of the illustration is cartoonish and appears to be designed for a child-friendly audience.	47150772799.png	The image features a 3D animated character of a man dressed in a military uniform. The uniform consists of a brown shirt, brown trousers, a brown cap with a badge on the front, and black shoes. The character has a stern expression with his mouth open, as if shouting or speaking loudly. The character is standing against a plain white background. There is no visible text in the image.	37946170345.png	The image shows a rectangular metal container with a lid, containing a cooked dish. The dish appears to be a type of fish, possibly sardines, with a golden-brown color suggesting they have been roasted or grilled. The fish are arranged in a single layer, and there are visible seasonings or spices on top of the fish. The container is placed on a white surface, and the image is a digital illustration with a realistic style. There is no visible text in the image.	61886671265.png	The image features a cartoon depiction of a shark and a fish. The shark is large, with a black body and a white underbelly, and is adorned with small white spots. It has a wide mouth with sharp teeth and is swimming towards the right side of the image. Below the shark, there is a smaller fish with an orange body and a white underbelly. The fish is swimming towards the left side of the image. Both the shark and the fish are surrounded by bubbles, suggesting they are underwater. The background is a plain white, and there are green plants visible at the bottom of the image. The image is stylized and does not depict a realistic scene.
kattøye	I år har Louise fått ny sykkel, men da hun og foreldrene kom hjem, oppdaget de at den manglet både kattøye bak og ringeklokke.		66956412743.png	The image depicts a 3D rendering of a street scene. There are two buildings on either side of the street, both with a similar architectural style, featuring flat roofs and large windows. The buildings are rendered in a warm, earthy color palette, with the left building in a lighter shade and the right building in a darker shade.  The street itself is a two-lane road with a yellow center line. The road is flanked by a sidewalk on the left side, which is not detailed in the image. The street appears to be empty, with no visible vehicles or pedestrians.  The sky is a plain white, suggesting a clear day with no clouds. There are no visible texts or distinguishing marks that provide additional context or information about the location or the image itself. The style of the image is realistic with a focus on clean lines and a lack of texture, which is typical for 3D renderings.	21316162336.png	The image features a close-up of a cat's face, focusing on its eyes and nose. The cat has striking orange eyes with a black pupil, and its fur appears to be a mix of white and orange, with the white fur being more prominent. The cat's nose is pink, and it has long, white whiskers. The background is plain and white, which contrasts with the cat's fur and highlights its features. There is no visible text in the image.	96869161635.png	The image features a stylized depiction of an orange traffic cone with a white stripe running down its center. On the white stripe, there is a small graphic of a red flag with a black outline and a yellow border. The cone is placed on a black surface that has a slight shadow beneath it, suggesting a light source from above. The background is plain white, emphasizing the cone as the central object in the image. There is no visible text in the image. The style of the image is graphic and appears to be a digital illustration.	56164360799.png	The image depicts a nighttime scene of a road with a series of streetlights lining the sides. The road appears to be a highway or a major road, as indicated by the presence of a center divider. The streetlights are illuminated, casting a warm glow on the road surface. There are no visible texts or distinctive markings on the road. The background is dark, emphasizing the lights and the road itself. The image is a digital rendering or illustration, not a photograph.	49827768665.png	The image depicts a stylized illustration of an orange and white cat curled up and sleeping on a chair. The chair has a patterned upholstery with a dark brown background and lighter brown spots. The cat's eyes are closed, and it appears to be in a peaceful state of rest. There is no visible text in the image. The style of the illustration is cartoonish and simplistic, with a focus on the cat and the chair.
kattøye	Syklister skal ha kattøye som lyser bak, og det skal være synlig.		56164360799.png	The image depicts a nighttime scene of a road with a series of streetlights lining the sides. The road appears to be a highway or a major road, as indicated by the presence of a center divider. The streetlights are illuminated, casting a warm glow on the road surface. There are no visible texts or distinctive markings on the road. The background is dark, emphasizing the lights and the road itself. The image is a digital rendering or illustration, not a photograph.	96869161635.png	The image features a stylized depiction of an orange traffic cone with a white stripe running down its center. On the white stripe, there is a small graphic of a red flag with a black outline and a yellow border. The cone is placed on a black surface that has a slight shadow beneath it, suggesting a light source from above. The background is plain white, emphasizing the cone as the central object in the image. There is no visible text in the image. The style of the image is graphic and appears to be a digital illustration.	21316162336.png	The image features a close-up of a cat's face, focusing on its eyes and nose. The cat has striking orange eyes with a black pupil, and its fur appears to be a mix of white and orange, with the white fur being more prominent. The cat's nose is pink, and it has long, white whiskers. The background is plain and white, which contrasts with the cat's fur and highlights its features. There is no visible text in the image.	66956412743.png	The image depicts a 3D rendering of a street scene. There are two buildings on either side of the street, both with a similar architectural style, featuring flat roofs and large windows. The buildings are rendered in a warm, earthy color palette, with the left building in a lighter shade and the right building in a darker shade.  The street itself is a two-lane road with a yellow center line. The road is flanked by a sidewalk on the left side, which is not detailed in the image. The street appears to be empty, with no visible vehicles or pedestrians.  The sky is a plain white, suggesting a clear day with no clouds. There are no visible texts or distinguishing marks that provide additional context or information about the location or the image itself. The style of the image is realistic with a focus on clean lines and a lack of texture, which is typical for 3D renderings.	49827768665.png	The image depicts a stylized illustration of an orange and white cat curled up and sleeping on a chair. The chair has a patterned upholstery with a dark brown background and lighter brown spots. The cat's eyes are closed, and it appears to be in a peaceful state of rest. There is no visible text in the image. The style of the illustration is cartoonish and simplistic, with a focus on the cat and the chair.
kattøye	Morten skulle passe foreldrenes katt, og så sorg i de grønne katteøynene da foreldrene dro.		96869161635.png	The image features a stylized depiction of an orange traffic cone with a white stripe running down its center. On the white stripe, there is a small graphic of a red flag with a black outline and a yellow border. The cone is placed on a black surface that has a slight shadow beneath it, suggesting a light source from above. The background is plain white, emphasizing the cone as the central object in the image. There is no visible text in the image. The style of the image is graphic and appears to be a digital illustration.	21316162336.png	The image features a close-up of a cat's face, focusing on its eyes and nose. The cat has striking orange eyes with a black pupil, and its fur appears to be a mix of white and orange, with the white fur being more prominent. The cat's nose is pink, and it has long, white whiskers. The background is plain and white, which contrasts with the cat's fur and highlights its features. There is no visible text in the image.	66956412743.png	The image depicts a 3D rendering of a street scene. There are two buildings on either side of the street, both with a similar architectural style, featuring flat roofs and large windows. The buildings are rendered in a warm, earthy color palette, with the left building in a lighter shade and the right building in a darker shade.  The street itself is a two-lane road with a yellow center line. The road is flanked by a sidewalk on the left side, which is not detailed in the image. The street appears to be empty, with no visible vehicles or pedestrians.  The sky is a plain white, suggesting a clear day with no clouds. There are no visible texts or distinguishing marks that provide additional context or information about the location or the image itself. The style of the image is realistic with a focus on clean lines and a lack of texture, which is typical for 3D renderings.	49827768665.png	The image depicts a stylized illustration of an orange and white cat curled up and sleeping on a chair. The chair has a patterned upholstery with a dark brown background and lighter brown spots. The cat's eyes are closed, and it appears to be in a peaceful state of rest. There is no visible text in the image. The style of the illustration is cartoonish and simplistic, with a focus on the cat and the chair.	56164360799.png	The image depicts a nighttime scene of a road with a series of streetlights lining the sides. The road appears to be a highway or a major road, as indicated by the presence of a center divider. The streetlights are illuminated, casting a warm glow on the road surface. There are no visible texts or distinctive markings on the road. The background is dark, emphasizing the lights and the road itself. The image is a digital rendering or illustration, not a photograph.
kattøye	Da han gikk hjem fra skolen, så han et par lysende katteøyne i utkanten til skogen.		49827768665.png	The image depicts a stylized illustration of an orange and white cat curled up and sleeping on a chair. The chair has a patterned upholstery with a dark brown background and lighter brown spots. The cat's eyes are closed, and it appears to be in a peaceful state of rest. There is no visible text in the image. The style of the illustration is cartoonish and simplistic, with a focus on the cat and the chair.	56164360799.png	The image depicts a nighttime scene of a road with a series of streetlights lining the sides. The road appears to be a highway or a major road, as indicated by the presence of a center divider. The streetlights are illuminated, casting a warm glow on the road surface. There are no visible texts or distinctive markings on the road. The background is dark, emphasizing the lights and the road itself. The image is a digital rendering or illustration, not a photograph.	66956412743.png	The image depicts a 3D rendering of a street scene. There are two buildings on either side of the street, both with a similar architectural style, featuring flat roofs and large windows. The buildings are rendered in a warm, earthy color palette, with the left building in a lighter shade and the right building in a darker shade.  The street itself is a two-lane road with a yellow center line. The road is flanked by a sidewalk on the left side, which is not detailed in the image. The street appears to be empty, with no visible vehicles or pedestrians.  The sky is a plain white, suggesting a clear day with no clouds. There are no visible texts or distinguishing marks that provide additional context or information about the location or the image itself. The style of the image is realistic with a focus on clean lines and a lack of texture, which is typical for 3D renderings.	96869161635.png	The image features a stylized depiction of an orange traffic cone with a white stripe running down its center. On the white stripe, there is a small graphic of a red flag with a black outline and a yellow border. The cone is placed on a black surface that has a slight shadow beneath it, suggesting a light source from above. The background is plain white, emphasizing the cone as the central object in the image. There is no visible text in the image. The style of the image is graphic and appears to be a digital illustration.	21316162336.png	The image features a close-up of a cat's face, focusing on its eyes and nose. The cat has striking orange eyes with a black pupil, and its fur appears to be a mix of white and orange, with the white fur being more prominent. The cat's nose is pink, and it has long, white whiskers. The background is plain and white, which contrasts with the cat's fur and highlights its features. There is no visible text in the image.
lommerusk	I årets forslag til statsbudsjett avses likestilling med lommerusk og heller ikke denne gangen blir likestilling tydelig prioritert.		80868078095.png	The image depicts a family of four, a man, a woman, and two children, seated around a round table. The man is on the left, the woman is on the right, and the children are between them. The table is set with four plates of food, each containing green leaves. The family appears to be engaged in a meal, with the children looking at the plates in front of them. The setting suggests a home environment, with potted plants on a shelf above the table and a window with a plant in the background. The style of the image is illustrative, with a limited color palette and a flat design. There is no visible text in the image.	40154770614.png	The image shows a pair of faded blue jeans with a visible orange button on the waistband. The jeans are depicted in a stylized manner with a flat, two-dimensional appearance. The legs are straight and the jeans are shown from the waist down to the ankles, where the cuffs are rolled up to reveal the soles of brown shoes. The background is plain and white, emphasizing the jeans. There is no visible text in the image.	55869545936.png	The image shows a close-up of a section of a room with a focus on a piece of furniture, which appears to be a sofa or couch. The furniture has a floral pattern and is positioned against a dark background. The sofa is elevated on a platform, and there is a visible dust or debris cloud being kicked up from the floor, suggesting movement or activity. The flooring is not fully visible, but it seems to be a carpeted area. The lighting in the image is soft and diffused, creating a gentle atmosphere. There is no visible text in the image.	15502541407.png	The image shows a close-up of a person's hand holding a crumpled piece of paper. The hand is wearing a white shirt and a black skirt. The paper appears to be white and is being held in the hand, which is positioned as if the person is about to place the paper into a pocket. The background is plain and white, which contrasts with the darker tones of the clothing and the paper. There is no visible text in the image.	39470694619.png	The image shows a wallet with a textured design, possibly leather, lying on a surface with a slight shadow cast beneath it. The wallet is open, revealing three coins placed on top of it. The coins are of different sizes and appear to be of a metallic nature, possibly made of gold or a similar precious metal. The background is a plain, light color, providing a neutral backdrop that contrasts with the wallet and coins. There is no visible text in the image. The style of the image is a straightforward product photograph with a focus on the wallet and coins.
lommerusk	FrPs leder Sylvi Listhaug foreslår makspris for både privatpersoner og næringsliv på 50 øre og kaller regjeringens tiltak mot strømprisene lommerusk.		39470694619.png	The image shows a wallet with a textured design, possibly leather, lying on a surface with a slight shadow cast beneath it. The wallet is open, revealing three coins placed on top of it. The coins are of different sizes and appear to be of a metallic nature, possibly made of gold or a similar precious metal. The background is a plain, light color, providing a neutral backdrop that contrasts with the wallet and coins. There is no visible text in the image. The style of the image is a straightforward product photograph with a focus on the wallet and coins.	15502541407.png	The image shows a close-up of a person's hand holding a crumpled piece of paper. The hand is wearing a white shirt and a black skirt. The paper appears to be white and is being held in the hand, which is positioned as if the person is about to place the paper into a pocket. The background is plain and white, which contrasts with the darker tones of the clothing and the paper. There is no visible text in the image.	80868078095.png	The image depicts a family of four, a man, a woman, and two children, seated around a round table. The man is on the left, the woman is on the right, and the children are between them. The table is set with four plates of food, each containing green leaves. The family appears to be engaged in a meal, with the children looking at the plates in front of them. The setting suggests a home environment, with potted plants on a shelf above the table and a window with a plant in the background. The style of the image is illustrative, with a limited color palette and a flat design. There is no visible text in the image.	40154770614.png	The image shows a pair of faded blue jeans with a visible orange button on the waistband. The jeans are depicted in a stylized manner with a flat, two-dimensional appearance. The legs are straight and the jeans are shown from the waist down to the ankles, where the cuffs are rolled up to reveal the soles of brown shoes. The background is plain and white, emphasizing the jeans. There is no visible text in the image.	55869545936.png	The image shows a close-up of a section of a room with a focus on a piece of furniture, which appears to be a sofa or couch. The furniture has a floral pattern and is positioned against a dark background. The sofa is elevated on a platform, and there is a visible dust or debris cloud being kicked up from the floor, suggesting movement or activity. The flooring is not fully visible, but it seems to be a carpeted area. The lighting in the image is soft and diffused, creating a gentle atmosphere. There is no visible text in the image.
lommerusk	Et svært praktisk deksel med et vindu foran ladeporten, som forhindrer lommerusk i å sette seg fast, og gi dårlig ladeevne.		40154770614.png	The image shows a pair of faded blue jeans with a visible orange button on the waistband. The jeans are depicted in a stylized manner with a flat, two-dimensional appearance. The legs are straight and the jeans are shown from the waist down to the ankles, where the cuffs are rolled up to reveal the soles of brown shoes. The background is plain and white, emphasizing the jeans. There is no visible text in the image.	39470694619.png	The image shows a wallet with a textured design, possibly leather, lying on a surface with a slight shadow cast beneath it. The wallet is open, revealing three coins placed on top of it. The coins are of different sizes and appear to be of a metallic nature, possibly made of gold or a similar precious metal. The background is a plain, light color, providing a neutral backdrop that contrasts with the wallet and coins. There is no visible text in the image. The style of the image is a straightforward product photograph with a focus on the wallet and coins.	55869545936.png	The image shows a close-up of a section of a room with a focus on a piece of furniture, which appears to be a sofa or couch. The furniture has a floral pattern and is positioned against a dark background. The sofa is elevated on a platform, and there is a visible dust or debris cloud being kicked up from the floor, suggesting movement or activity. The flooring is not fully visible, but it seems to be a carpeted area. The lighting in the image is soft and diffused, creating a gentle atmosphere. There is no visible text in the image.	80868078095.png	The image depicts a family of four, a man, a woman, and two children, seated around a round table. The man is on the left, the woman is on the right, and the children are between them. The table is set with four plates of food, each containing green leaves. The family appears to be engaged in a meal, with the children looking at the plates in front of them. The setting suggests a home environment, with potted plants on a shelf above the table and a window with a plant in the background. The style of the image is illustrative, with a limited color palette and a flat design. There is no visible text in the image.	15502541407.png	The image shows a close-up of a person's hand holding a crumpled piece of paper. The hand is wearing a white shirt and a black skirt. The paper appears to be white and is being held in the hand, which is positioned as if the person is about to place the paper into a pocket. The background is plain and white, which contrasts with the darker tones of the clothing and the paper. There is no visible text in the image.
lommerusk	Som VG tidligere i sommer tipset om, kan Lightning-porten på telefonen være full av lommerusk.		39470694619.png	The image shows a wallet with a textured design, possibly leather, lying on a surface with a slight shadow cast beneath it. The wallet is open, revealing three coins placed on top of it. The coins are of different sizes and appear to be of a metallic nature, possibly made of gold or a similar precious metal. The background is a plain, light color, providing a neutral backdrop that contrasts with the wallet and coins. There is no visible text in the image. The style of the image is a straightforward product photograph with a focus on the wallet and coins.	40154770614.png	The image shows a pair of faded blue jeans with a visible orange button on the waistband. The jeans are depicted in a stylized manner with a flat, two-dimensional appearance. The legs are straight and the jeans are shown from the waist down to the ankles, where the cuffs are rolled up to reveal the soles of brown shoes. The background is plain and white, emphasizing the jeans. There is no visible text in the image.	55869545936.png	The image shows a close-up of a section of a room with a focus on a piece of furniture, which appears to be a sofa or couch. The furniture has a floral pattern and is positioned against a dark background. The sofa is elevated on a platform, and there is a visible dust or debris cloud being kicked up from the floor, suggesting movement or activity. The flooring is not fully visible, but it seems to be a carpeted area. The lighting in the image is soft and diffused, creating a gentle atmosphere. There is no visible text in the image.	80868078095.png	The image depicts a family of four, a man, a woman, and two children, seated around a round table. The man is on the left, the woman is on the right, and the children are between them. The table is set with four plates of food, each containing green leaves. The family appears to be engaged in a meal, with the children looking at the plates in front of them. The setting suggests a home environment, with potted plants on a shelf above the table and a window with a plant in the background. The style of the image is illustrative, with a limited color palette and a flat design. There is no visible text in the image.	15502541407.png	The image shows a close-up of a person's hand holding a crumpled piece of paper. The hand is wearing a white shirt and a black skirt. The paper appears to be white and is being held in the hand, which is positioned as if the person is about to place the paper into a pocket. The background is plain and white, which contrasts with the darker tones of the clothing and the paper. There is no visible text in the image.
på hengende håret	Fire biler greide å stanse på hengende håret uten å kræsje med hverandre.		66728835893.png	The image depicts an animated scene of a person entering a train car. The train car has a gray exterior with orange and white stripes running along the top. The person is wearing an orange jacket and dark pants, and is carrying a brown bag. They are stepping onto the train, which is shown in profile. The interior of the train car is visible through the windows, and there is a red light illuminated on the exterior of the train car. The style of the image is illustrative, with a focus on color and detail.	54851629364.png	The image depicts an animated scene of a young boy with brown hair and a cape, climbing a tall tower. The boy is holding onto a long, golden rope that extends from the tower. The tower is made of gray stone and is adorned with green foliage and red flowers. The background features a pale blue sky with fluffy white clouds. The boy is wearing a green shirt and brown pants. There is no visible text in the image.	90459290772.png	The image depicts a stylized, animated character performing a balancing act on a rope. The character is wearing an orange shirt, black pants, and black shoes with white soles. The rope is adorned with what appears to be brown leaves or petals, and the character is balancing on one foot with arms outstretched for balance. The background is a plain, light gray color. There is no visible text in the image.	86794519026.png	The image depicts an animated character with curly hair and a beard, lying in bed with a pillow and a blanket. The character is wearing an orange shirt and has a surprised or contemplative expression. The background is plain and does not provide any additional context.	73658754536.png	The image features a close-up of a doll with a surprised expression, holding a key in its hand. The doll has brown hair and is wearing a white sweater. The key is inserted into a lock on a dark door. The background is plain and white, emphasizing the subject.
på hengende håret	Mens redningsarbeidet pågikk  passerte politiet ulykkesstedet i stor fart på biljakt, og unngikk på hengende håret å kjøre inn i bilen der en sjåfør satt fastklemt.		73658754536.png	The image features a close-up of a doll with a surprised expression, holding a key in its hand. The doll has brown hair and is wearing a white sweater. The key is inserted into a lock on a dark door. The background is plain and white, emphasizing the subject.	66728835893.png	The image depicts an animated scene of a person entering a train car. The train car has a gray exterior with orange and white stripes running along the top. The person is wearing an orange jacket and dark pants, and is carrying a brown bag. They are stepping onto the train, which is shown in profile. The interior of the train car is visible through the windows, and there is a red light illuminated on the exterior of the train car. The style of the image is illustrative, with a focus on color and detail.	86794519026.png	The image depicts an animated character with curly hair and a beard, lying in bed with a pillow and a blanket. The character is wearing an orange shirt and has a surprised or contemplative expression. The background is plain and does not provide any additional context.	54851629364.png	The image depicts an animated scene of a young boy with brown hair and a cape, climbing a tall tower. The boy is holding onto a long, golden rope that extends from the tower. The tower is made of gray stone and is adorned with green foliage and red flowers. The background features a pale blue sky with fluffy white clouds. The boy is wearing a green shirt and brown pants. There is no visible text in the image.	90459290772.png	The image depicts a stylized, animated character performing a balancing act on a rope. The character is wearing an orange shirt, black pants, and black shoes with white soles. The rope is adorned with what appears to be brown leaves or petals, and the character is balancing on one foot with arms outstretched for balance. The background is a plain, light gray color. There is no visible text in the image.
på hengende håret	Den lille marihønen satt på hengende hår som hadde løsnet fra børsten, og nå dinglet fra bordkanten.		73658754536.png	The image features a close-up of a doll with a surprised expression, holding a key in its hand. The doll has brown hair and is wearing a white sweater. The key is inserted into a lock on a dark door. The background is plain and white, emphasizing the subject.	86794519026.png	The image depicts an animated character with curly hair and a beard, lying in bed with a pillow and a blanket. The character is wearing an orange shirt and has a surprised or contemplative expression. The background is plain and does not provide any additional context.	90459290772.png	The image depicts a stylized, animated character performing a balancing act on a rope. The character is wearing an orange shirt, black pants, and black shoes with white soles. The rope is adorned with what appears to be brown leaves or petals, and the character is balancing on one foot with arms outstretched for balance. The background is a plain, light gray color. There is no visible text in the image.	66728835893.png	The image depicts an animated scene of a person entering a train car. The train car has a gray exterior with orange and white stripes running along the top. The person is wearing an orange jacket and dark pants, and is carrying a brown bag. They are stepping onto the train, which is shown in profile. The interior of the train car is visible through the windows, and there is a red light illuminated on the exterior of the train car. The style of the image is illustrative, with a focus on color and detail.	54851629364.png	The image depicts an animated scene of a young boy with brown hair and a cape, climbing a tall tower. The boy is holding onto a long, golden rope that extends from the tower. The tower is made of gray stone and is adorned with green foliage and red flowers. The background features a pale blue sky with fluffy white clouds. The boy is wearing a green shirt and brown pants. There is no visible text in the image.
på hengende håret	Når Marie er med moren sin til frisørsallongen, ser hun ofte på det hengende håret på veggen, som viser hvilke farger de tilbyr.		86794519026.png	The image depicts an animated character with curly hair and a beard, lying in bed with a pillow and a blanket. The character is wearing an orange shirt and has a surprised or contemplative expression. The background is plain and does not provide any additional context.	90459290772.png	The image depicts a stylized, animated character performing a balancing act on a rope. The character is wearing an orange shirt, black pants, and black shoes with white soles. The rope is adorned with what appears to be brown leaves or petals, and the character is balancing on one foot with arms outstretched for balance. The background is a plain, light gray color. There is no visible text in the image.	54851629364.png	The image depicts an animated scene of a young boy with brown hair and a cape, climbing a tall tower. The boy is holding onto a long, golden rope that extends from the tower. The tower is made of gray stone and is adorned with green foliage and red flowers. The background features a pale blue sky with fluffy white clouds. The boy is wearing a green shirt and brown pants. There is no visible text in the image.	66728835893.png	The image depicts an animated scene of a person entering a train car. The train car has a gray exterior with orange and white stripes running along the top. The person is wearing an orange jacket and dark pants, and is carrying a brown bag. They are stepping onto the train, which is shown in profile. The interior of the train car is visible through the windows, and there is a red light illuminated on the exterior of the train car. The style of the image is illustrative, with a focus on color and detail.	73658754536.png	The image features a close-up of a doll with a surprised expression, holding a key in its hand. The doll has brown hair and is wearing a white sweater. The key is inserted into a lock on a dark door. The background is plain and white, emphasizing the subject.
djevelens advokat	Min oppgave blir på den måten å være djevelens advokat og være kritisk til det som løftes fram.		23390212918.png	"The image depicts four animated female characters standing side by side. They are all wearing orange tops and black pants. The character on the far left is holding a brown cardboard sign with the word ""SALE"" written on it. The character in the center is also holding a similar sign. The character on the far right is holding a brown cardboard sign with the word ""OPEN"" written on it. The character in the middle is smiling and looking at the other two characters. The background is plain white."	67843236278.png	The image features a stylized, animated character of a woman. She has short brown hair tied in a ponytail, with a side parting. The character is smiling and has rosy cheeks. She is wearing a white short-sleeved shirt with a black collar and a small orange logo on the left side of the chest. The shirt has black trim around the neckline and the sleeves. She is also wearing black pants with an orange stripe running down the side. The pants have a black belt with a silver buckle. The character is standing with her hands on her hips, and her feet are slightly apart. The background is plain white, emphasizing the character. There is no visible text in the image.	72911078295.png	The image is a digital illustration featuring three animated characters in a professional setting. On the left, there is a red demon-like creature with horns, a tail, and a menacing expression. In the center, there is a blonde woman with a surprised or shocked expression, wearing a suit and sitting at a desk. On the right, there is a man with short dark hair, wearing a suit and tie, and gesturing with his hands. The characters are depicted in a cartoon style, and the background is minimal, with a plain white wall. There is no visible text in the image.	70654805926.png	The image is a digital illustration featuring two animated characters. On the left is a female character with brown hair, wearing a bright orange blazer over a white shirt, black pants, and black high heels. She is smiling and gesturing with her hands. On the right is a male character with brown hair, wearing a dark suit with a yellow tie, and black shoes. He is also smiling and holding a black microphone in his right hand. Both characters are seated on black chairs with wheels, and they appear to be engaged in a conversation or interview. The background is plain white, emphasizing the characters. There is no visible text in the image.	45600277303.png	The image is a stylized illustration featuring three animated characters. On the left, there is a male character with black hair, wearing a black and white striped shirt and black pants, standing with his right hand extended towards a female character. The female character, in the center, is seated at a desk with a laptop and a cup of coffee. She has black hair, is wearing a black dress, and is smiling. To her right, there is another female character seated on a chair, also smiling and looking towards the male character. The setting appears to be an office environment, with a desk and a chair visible. There is no visible text in the image.
djevelens advokat	Gjennom karrieren forsvarte han en lang rekke aktivister og krigsforbrytere fra ytre venstre til ytre høyre fløy, og franske medier døpte ham for djevelens advokat.		67843236278.png	The image features a stylized, animated character of a woman. She has short brown hair tied in a ponytail, with a side parting. The character is smiling and has rosy cheeks. She is wearing a white short-sleeved shirt with a black collar and a small orange logo on the left side of the chest. The shirt has black trim around the neckline and the sleeves. She is also wearing black pants with an orange stripe running down the side. The pants have a black belt with a silver buckle. The character is standing with her hands on her hips, and her feet are slightly apart. The background is plain white, emphasizing the character. There is no visible text in the image.	70654805926.png	The image is a digital illustration featuring two animated characters. On the left is a female character with brown hair, wearing a bright orange blazer over a white shirt, black pants, and black high heels. She is smiling and gesturing with her hands. On the right is a male character with brown hair, wearing a dark suit with a yellow tie, and black shoes. He is also smiling and holding a black microphone in his right hand. Both characters are seated on black chairs with wheels, and they appear to be engaged in a conversation or interview. The background is plain white, emphasizing the characters. There is no visible text in the image.	45600277303.png	The image is a stylized illustration featuring three animated characters. On the left, there is a male character with black hair, wearing a black and white striped shirt and black pants, standing with his right hand extended towards a female character. The female character, in the center, is seated at a desk with a laptop and a cup of coffee. She has black hair, is wearing a black dress, and is smiling. To her right, there is another female character seated on a chair, also smiling and looking towards the male character. The setting appears to be an office environment, with a desk and a chair visible. There is no visible text in the image.	72911078295.png	The image is a digital illustration featuring three animated characters in a professional setting. On the left, there is a red demon-like creature with horns, a tail, and a menacing expression. In the center, there is a blonde woman with a surprised or shocked expression, wearing a suit and sitting at a desk. On the right, there is a man with short dark hair, wearing a suit and tie, and gesturing with his hands. The characters are depicted in a cartoon style, and the background is minimal, with a plain white wall. There is no visible text in the image.	23390212918.png	"The image depicts four animated female characters standing side by side. They are all wearing orange tops and black pants. The character on the far left is holding a brown cardboard sign with the word ""SALE"" written on it. The character in the center is also holding a similar sign. The character on the far right is holding a brown cardboard sign with the word ""OPEN"" written on it. The character in the middle is smiling and looking at the other two characters. The background is plain white."
djevelens advokat	I rettsaken fortalte djevelens advokat om den rettferdige straffen djevelen utfører daglig.		70654805926.png	The image is a digital illustration featuring two animated characters. On the left is a female character with brown hair, wearing a bright orange blazer over a white shirt, black pants, and black high heels. She is smiling and gesturing with her hands. On the right is a male character with brown hair, wearing a dark suit with a yellow tie, and black shoes. He is also smiling and holding a black microphone in his right hand. Both characters are seated on black chairs with wheels, and they appear to be engaged in a conversation or interview. The background is plain white, emphasizing the characters. There is no visible text in the image.	72911078295.png	The image is a digital illustration featuring three animated characters in a professional setting. On the left, there is a red demon-like creature with horns, a tail, and a menacing expression. In the center, there is a blonde woman with a surprised or shocked expression, wearing a suit and sitting at a desk. On the right, there is a man with short dark hair, wearing a suit and tie, and gesturing with his hands. The characters are depicted in a cartoon style, and the background is minimal, with a plain white wall. There is no visible text in the image.	67843236278.png	The image features a stylized, animated character of a woman. She has short brown hair tied in a ponytail, with a side parting. The character is smiling and has rosy cheeks. She is wearing a white short-sleeved shirt with a black collar and a small orange logo on the left side of the chest. The shirt has black trim around the neckline and the sleeves. She is also wearing black pants with an orange stripe running down the side. The pants have a black belt with a silver buckle. The character is standing with her hands on her hips, and her feet are slightly apart. The background is plain white, emphasizing the character. There is no visible text in the image.	23390212918.png	"The image depicts four animated female characters standing side by side. They are all wearing orange tops and black pants. The character on the far left is holding a brown cardboard sign with the word ""SALE"" written on it. The character in the center is also holding a similar sign. The character on the far right is holding a brown cardboard sign with the word ""OPEN"" written on it. The character in the middle is smiling and looking at the other two characters. The background is plain white."	45600277303.png	The image is a stylized illustration featuring three animated characters. On the left, there is a male character with black hair, wearing a black and white striped shirt and black pants, standing with his right hand extended towards a female character. The female character, in the center, is seated at a desk with a laptop and a cup of coffee. She has black hair, is wearing a black dress, and is smiling. To her right, there is another female character seated on a chair, also smiling and looking towards the male character. The setting appears to be an office environment, with a desk and a chair visible. There is no visible text in the image.
djevelens advokat	I et intervju forteller djevelens advokat om vanskelighetene ved å forsvare ham.		67843236278.png	The image features a stylized, animated character of a woman. She has short brown hair tied in a ponytail, with a side parting. The character is smiling and has rosy cheeks. She is wearing a white short-sleeved shirt with a black collar and a small orange logo on the left side of the chest. The shirt has black trim around the neckline and the sleeves. She is also wearing black pants with an orange stripe running down the side. The pants have a black belt with a silver buckle. The character is standing with her hands on her hips, and her feet are slightly apart. The background is plain white, emphasizing the character. There is no visible text in the image.	70654805926.png	The image is a digital illustration featuring two animated characters. On the left is a female character with brown hair, wearing a bright orange blazer over a white shirt, black pants, and black high heels. She is smiling and gesturing with her hands. On the right is a male character with brown hair, wearing a dark suit with a yellow tie, and black shoes. He is also smiling and holding a black microphone in his right hand. Both characters are seated on black chairs with wheels, and they appear to be engaged in a conversation or interview. The background is plain white, emphasizing the characters. There is no visible text in the image.	23390212918.png	"The image depicts four animated female characters standing side by side. They are all wearing orange tops and black pants. The character on the far left is holding a brown cardboard sign with the word ""SALE"" written on it. The character in the center is also holding a similar sign. The character on the far right is holding a brown cardboard sign with the word ""OPEN"" written on it. The character in the middle is smiling and looking at the other two characters. The background is plain white."	72911078295.png	The image is a digital illustration featuring three animated characters in a professional setting. On the left, there is a red demon-like creature with horns, a tail, and a menacing expression. In the center, there is a blonde woman with a surprised or shocked expression, wearing a suit and sitting at a desk. On the right, there is a man with short dark hair, wearing a suit and tie, and gesturing with his hands. The characters are depicted in a cartoon style, and the background is minimal, with a plain white wall. There is no visible text in the image.	45600277303.png	The image is a stylized illustration featuring three animated characters. On the left, there is a male character with black hair, wearing a black and white striped shirt and black pants, standing with his right hand extended towards a female character. The female character, in the center, is seated at a desk with a laptop and a cup of coffee. She has black hair, is wearing a black dress, and is smiling. To her right, there is another female character seated on a chair, also smiling and looking towards the male character. The setting appears to be an office environment, with a desk and a chair visible. There is no visible text in the image.
helle bensin på bålet	Før det norske hopplandslaget i går tok seg en fridag i slalåmbakken i Seefeld, fikk utøverne beskjed om ikke å si noe om saken, i frykt for å helle bensin på bålet.		59592148519.png	The image depicts an animated character, a young boy, standing in front of a small, orange campfire. The boy is wearing a plaid jacket, a long-sleeve orange shirt, and brown shoes. He is holding a yellow watering can with a black spout, which is spraying water onto the fire. The fire is surrounded by gray rocks. The boy is smiling and appears to be enjoying the activity. There is no visible text in the image. The style of the image is cartoonish and colorful.	16416864773.png	The image is a stylized illustration of three animated characters at a table. On the left, a man with a beard and mustache is wearing a dark suit and has his mouth open as if shouting or speaking loudly. In the center, a man with a beard and a black bow tie is wearing a white shirt and has his hands raised in a gesture that suggests he is speaking or explaining something. On the right, a woman with curly hair is wearing a green dress and has her mouth open in a surprised or shocked expression. The table has various items on it, including a bottle, a wine glass, and a plate with food. The characters are seated on chairs, and the setting appears to be a restaurant or dining area. There is no visible text in the image.	21966624120.png	The image shows two animated characters, a girl and a boy, standing side by side against a plain background. The girl has dark hair tied in a bun, wears a yellow cardigan over a white shirt, a black skirt with white polka dots, and black shoes with white soles. She has her mouth open as if she is speaking or shouting. The boy has short brown hair, wears a black jacket over a striped shirt, brown pants, and brown shoes with white soles. He also has his mouth open, displaying a surprised or shocked expression. There is no visible text in the image. The style of the image is cartoonish, with exaggerated facial expressions and simplified clothing designs.	46179179197.png	The image depicts a stylized, cartoon-like illustration of a stone fireplace. The fireplace has a prominent chimney on the left side, with a stack of firewood on the right. Inside the fireplace, there is a fire with orange and yellow flames. The fireplace is set against a white background. There are no visible texts in the image. The style of the image is reminiscent of a digital painting or a digital illustration.	82718417635.png	The image depicts a stylized, cartoon-like illustration of a bathroom sink. The sink is white with a visible crack running across its surface. Water is flowing from the faucet, which is situated on the right side of the sink. The faucet is brown with two yellow handles. The sink is mounted on a wall, and there are droplets of water splashing around it, suggesting the water is running. The background is plain and white, which contrasts with the sink and highlights its details. There is no visible text in the image.
helle bensin på bålet	Framtidens utfordringer er først og fremst knyttet til arbeidskraftmangel, og en generell innføring av 6-timersdagen kan virke som å helle bensin på bålet.		16416864773.png	The image is a stylized illustration of three animated characters at a table. On the left, a man with a beard and mustache is wearing a dark suit and has his mouth open as if shouting or speaking loudly. In the center, a man with a beard and a black bow tie is wearing a white shirt and has his hands raised in a gesture that suggests he is speaking or explaining something. On the right, a woman with curly hair is wearing a green dress and has her mouth open in a surprised or shocked expression. The table has various items on it, including a bottle, a wine glass, and a plate with food. The characters are seated on chairs, and the setting appears to be a restaurant or dining area. There is no visible text in the image.	59592148519.png	The image depicts an animated character, a young boy, standing in front of a small, orange campfire. The boy is wearing a plaid jacket, a long-sleeve orange shirt, and brown shoes. He is holding a yellow watering can with a black spout, which is spraying water onto the fire. The fire is surrounded by gray rocks. The boy is smiling and appears to be enjoying the activity. There is no visible text in the image. The style of the image is cartoonish and colorful.	82718417635.png	The image depicts a stylized, cartoon-like illustration of a bathroom sink. The sink is white with a visible crack running across its surface. Water is flowing from the faucet, which is situated on the right side of the sink. The faucet is brown with two yellow handles. The sink is mounted on a wall, and there are droplets of water splashing around it, suggesting the water is running. The background is plain and white, which contrasts with the sink and highlights its details. There is no visible text in the image.	21966624120.png	The image shows two animated characters, a girl and a boy, standing side by side against a plain background. The girl has dark hair tied in a bun, wears a yellow cardigan over a white shirt, a black skirt with white polka dots, and black shoes with white soles. She has her mouth open as if she is speaking or shouting. The boy has short brown hair, wears a black jacket over a striped shirt, brown pants, and brown shoes with white soles. He also has his mouth open, displaying a surprised or shocked expression. There is no visible text in the image. The style of the image is cartoonish, with exaggerated facial expressions and simplified clothing designs.	46179179197.png	The image depicts a stylized, cartoon-like illustration of a stone fireplace. The fireplace has a prominent chimney on the left side, with a stack of firewood on the right. Inside the fireplace, there is a fire with orange and yellow flames. The fireplace is set against a white background. There are no visible texts in the image. The style of the image is reminiscent of a digital painting or a digital illustration.
helle bensin på bålet	I sin skildring av barndommen, forteller han om hvordan han likte å helle bensin på bålet for å se hvor store flammene kunne bli.		46179179197.png	The image depicts a stylized, cartoon-like illustration of a stone fireplace. The fireplace has a prominent chimney on the left side, with a stack of firewood on the right. Inside the fireplace, there is a fire with orange and yellow flames. The fireplace is set against a white background. There are no visible texts in the image. The style of the image is reminiscent of a digital painting or a digital illustration.	82718417635.png	The image depicts a stylized, cartoon-like illustration of a bathroom sink. The sink is white with a visible crack running across its surface. Water is flowing from the faucet, which is situated on the right side of the sink. The faucet is brown with two yellow handles. The sink is mounted on a wall, and there are droplets of water splashing around it, suggesting the water is running. The background is plain and white, which contrasts with the sink and highlights its details. There is no visible text in the image.	21966624120.png	The image shows two animated characters, a girl and a boy, standing side by side against a plain background. The girl has dark hair tied in a bun, wears a yellow cardigan over a white shirt, a black skirt with white polka dots, and black shoes with white soles. She has her mouth open as if she is speaking or shouting. The boy has short brown hair, wears a black jacket over a striped shirt, brown pants, and brown shoes with white soles. He also has his mouth open, displaying a surprised or shocked expression. There is no visible text in the image. The style of the image is cartoonish, with exaggerated facial expressions and simplified clothing designs.	16416864773.png	The image is a stylized illustration of three animated characters at a table. On the left, a man with a beard and mustache is wearing a dark suit and has his mouth open as if shouting or speaking loudly. In the center, a man with a beard and a black bow tie is wearing a white shirt and has his hands raised in a gesture that suggests he is speaking or explaining something. On the right, a woman with curly hair is wearing a green dress and has her mouth open in a surprised or shocked expression. The table has various items on it, including a bottle, a wine glass, and a plate with food. The characters are seated on chairs, and the setting appears to be a restaurant or dining area. There is no visible text in the image.	59592148519.png	The image depicts an animated character, a young boy, standing in front of a small, orange campfire. The boy is wearing a plaid jacket, a long-sleeve orange shirt, and brown shoes. He is holding a yellow watering can with a black spout, which is spraying water onto the fire. The fire is surrounded by gray rocks. The boy is smiling and appears to be enjoying the activity. There is no visible text in the image. The style of the image is cartoonish and colorful.
helle bensin på bålet	Det er ikke uvanlig at unggutter driver med skøyerstreker, som å helle bensin på bålet.		46179179197.png	The image depicts a stylized, cartoon-like illustration of a stone fireplace. The fireplace has a prominent chimney on the left side, with a stack of firewood on the right. Inside the fireplace, there is a fire with orange and yellow flames. The fireplace is set against a white background. There are no visible texts in the image. The style of the image is reminiscent of a digital painting or a digital illustration.	82718417635.png	The image depicts a stylized, cartoon-like illustration of a bathroom sink. The sink is white with a visible crack running across its surface. Water is flowing from the faucet, which is situated on the right side of the sink. The faucet is brown with two yellow handles. The sink is mounted on a wall, and there are droplets of water splashing around it, suggesting the water is running. The background is plain and white, which contrasts with the sink and highlights its details. There is no visible text in the image.	21966624120.png	The image shows two animated characters, a girl and a boy, standing side by side against a plain background. The girl has dark hair tied in a bun, wears a yellow cardigan over a white shirt, a black skirt with white polka dots, and black shoes with white soles. She has her mouth open as if she is speaking or shouting. The boy has short brown hair, wears a black jacket over a striped shirt, brown pants, and brown shoes with white soles. He also has his mouth open, displaying a surprised or shocked expression. There is no visible text in the image. The style of the image is cartoonish, with exaggerated facial expressions and simplified clothing designs.	16416864773.png	The image is a stylized illustration of three animated characters at a table. On the left, a man with a beard and mustache is wearing a dark suit and has his mouth open as if shouting or speaking loudly. In the center, a man with a beard and a black bow tie is wearing a white shirt and has his hands raised in a gesture that suggests he is speaking or explaining something. On the right, a woman with curly hair is wearing a green dress and has her mouth open in a surprised or shocked expression. The table has various items on it, including a bottle, a wine glass, and a plate with food. The characters are seated on chairs, and the setting appears to be a restaurant or dining area. There is no visible text in the image.	59592148519.png	The image depicts an animated character, a young boy, standing in front of a small, orange campfire. The boy is wearing a plaid jacket, a long-sleeve orange shirt, and brown shoes. He is holding a yellow watering can with a black spout, which is spraying water onto the fire. The fire is surrounded by gray rocks. The boy is smiling and appears to be enjoying the activity. There is no visible text in the image. The style of the image is cartoonish and colorful.
lakmustest	Det har gått langt i autoritær retning i det siste, og dette valget blir en lakmustest på hvor man ligger i den balansen.		10933296834.png	The image features a stylized illustration of a glass bottle with a black cap. Inside the bottle, there is a dark liquid with a bright orange substance that appears to be boiling or reacting with the liquid. Above the liquid, there is a black, wavy line that suggests smoke or steam rising from the bottle. The bottle is placed on a white surface, and the background is a plain, light gray color. There is no visible text in the image. The style of the image is graphic and modern, with a limited color palette and a focus on simple shapes and lines.	44795897592.png	The image depicts an animated character, a young girl with brown hair, wearing a white lab coat and black pants. She is standing next to a large, orange and white microscope with a magnifying glass on top. The girl is holding the microscope's eyepiece with her right hand, and her eyes are focused on the eyepiece. The microscope has a black base and a silver arm with a black handle. There is a small, orange light on the side of the microscope. The background is plain white, emphasizing the subject. There is no visible text in the image.	20632798153.png	The image depicts an animated character wearing a white lab coat and a gas mask with a black strap and orange accents. The character is holding a test tube with an orange substance and appears to be adding it to another test tube. The character is also holding a beaker with a red substance. The background is plain white, and there is a small amount of smoke or vapor rising from the beaker. The style of the image is cartoonish and appears to be designed for illustrative purposes, possibly for educational or informational content related to science or chemistry.	89819919668.png	The image is a stylized illustration depicting three animated characters in a professional setting. On the left, there is a man in a dark suit sitting at a desk, holding a pen and looking at a piece of paper. In the center, there is a woman with short hair, wearing a red blazer and a white shirt, gesturing with her hands while speaking. To the right, there is another woman with short hair, wearing a black suit and an orange blouse, with her mouth open as if she is speaking or listening attentively. The characters are drawn in a cartoon style with exaggerated features. There is no visible text in the image. The setting appears to be an office environment, with a desk and a chair visible.	47017175005.png	The image is a stylized illustration of a young man with brown hair and glasses. He is wearing a white shirt with a black tie and a black backpack. The man is seated at a table with a plate of food in front of him, which includes a sandwich and a cup of coffee. He is holding a fork in his right hand and appears to be eating. The background is plain white, emphasizing the subject. There is no visible text in the image.
lakmustest	Regjeringen har et ansvar for å minske sosiale forskjeller, Oslo er en lakmustest for hvordan det ser ut i resten av landet.		44795897592.png	The image depicts an animated character, a young girl with brown hair, wearing a white lab coat and black pants. She is standing next to a large, orange and white microscope with a magnifying glass on top. The girl is holding the microscope's eyepiece with her right hand, and her eyes are focused on the eyepiece. The microscope has a black base and a silver arm with a black handle. There is a small, orange light on the side of the microscope. The background is plain white, emphasizing the subject. There is no visible text in the image.	10933296834.png	The image features a stylized illustration of a glass bottle with a black cap. Inside the bottle, there is a dark liquid with a bright orange substance that appears to be boiling or reacting with the liquid. Above the liquid, there is a black, wavy line that suggests smoke or steam rising from the bottle. The bottle is placed on a white surface, and the background is a plain, light gray color. There is no visible text in the image. The style of the image is graphic and modern, with a limited color palette and a focus on simple shapes and lines.	47017175005.png	The image is a stylized illustration of a young man with brown hair and glasses. He is wearing a white shirt with a black tie and a black backpack. The man is seated at a table with a plate of food in front of him, which includes a sandwich and a cup of coffee. He is holding a fork in his right hand and appears to be eating. The background is plain white, emphasizing the subject. There is no visible text in the image.	89819919668.png	The image is a stylized illustration depicting three animated characters in a professional setting. On the left, there is a man in a dark suit sitting at a desk, holding a pen and looking at a piece of paper. In the center, there is a woman with short hair, wearing a red blazer and a white shirt, gesturing with her hands while speaking. To the right, there is another woman with short hair, wearing a black suit and an orange blouse, with her mouth open as if she is speaking or listening attentively. The characters are drawn in a cartoon style with exaggerated features. There is no visible text in the image. The setting appears to be an office environment, with a desk and a chair visible.	20632798153.png	The image depicts an animated character wearing a white lab coat and a gas mask with a black strap and orange accents. The character is holding a test tube with an orange substance and appears to be adding it to another test tube. The character is also holding a beaker with a red substance. The background is plain white, and there is a small amount of smoke or vapor rising from the beaker. The style of the image is cartoonish and appears to be designed for illustrative purposes, possibly for educational or informational content related to science or chemistry.
lakmustest	For å forsikre seg om at pH-balansen i vassedraget var trygt for elvemuslingene, tok de i bruk en lakmustest.		44795897592.png	The image depicts an animated character, a young girl with brown hair, wearing a white lab coat and black pants. She is standing next to a large, orange and white microscope with a magnifying glass on top. The girl is holding the microscope's eyepiece with her right hand, and her eyes are focused on the eyepiece. The microscope has a black base and a silver arm with a black handle. There is a small, orange light on the side of the microscope. The background is plain white, emphasizing the subject. There is no visible text in the image.	10933296834.png	The image features a stylized illustration of a glass bottle with a black cap. Inside the bottle, there is a dark liquid with a bright orange substance that appears to be boiling or reacting with the liquid. Above the liquid, there is a black, wavy line that suggests smoke or steam rising from the bottle. The bottle is placed on a white surface, and the background is a plain, light gray color. There is no visible text in the image. The style of the image is graphic and modern, with a limited color palette and a focus on simple shapes and lines.	20632798153.png	The image depicts an animated character wearing a white lab coat and a gas mask with a black strap and orange accents. The character is holding a test tube with an orange substance and appears to be adding it to another test tube. The character is also holding a beaker with a red substance. The background is plain white, and there is a small amount of smoke or vapor rising from the beaker. The style of the image is cartoonish and appears to be designed for illustrative purposes, possibly for educational or informational content related to science or chemistry.	89819919668.png	The image is a stylized illustration depicting three animated characters in a professional setting. On the left, there is a man in a dark suit sitting at a desk, holding a pen and looking at a piece of paper. In the center, there is a woman with short hair, wearing a red blazer and a white shirt, gesturing with her hands while speaking. To the right, there is another woman with short hair, wearing a black suit and an orange blouse, with her mouth open as if she is speaking or listening attentively. The characters are drawn in a cartoon style with exaggerated features. There is no visible text in the image. The setting appears to be an office environment, with a desk and a chair visible.	47017175005.png	The image is a stylized illustration of a young man with brown hair and glasses. He is wearing a white shirt with a black tie and a black backpack. The man is seated at a table with a plate of food in front of him, which includes a sandwich and a cup of coffee. He is holding a fork in his right hand and appears to be eating. The background is plain white, emphasizing the subject. There is no visible text in the image.
lakmustest	En del av prøven gikk ut på at elevene skulle bruke en lakmustest for å konstantere om en veske var sur eller basisk.		89819919668.png	The image is a stylized illustration depicting three animated characters in a professional setting. On the left, there is a man in a dark suit sitting at a desk, holding a pen and looking at a piece of paper. In the center, there is a woman with short hair, wearing a red blazer and a white shirt, gesturing with her hands while speaking. To the right, there is another woman with short hair, wearing a black suit and an orange blouse, with her mouth open as if she is speaking or listening attentively. The characters are drawn in a cartoon style with exaggerated features. There is no visible text in the image. The setting appears to be an office environment, with a desk and a chair visible.	10933296834.png	The image features a stylized illustration of a glass bottle with a black cap. Inside the bottle, there is a dark liquid with a bright orange substance that appears to be boiling or reacting with the liquid. Above the liquid, there is a black, wavy line that suggests smoke or steam rising from the bottle. The bottle is placed on a white surface, and the background is a plain, light gray color. There is no visible text in the image. The style of the image is graphic and modern, with a limited color palette and a focus on simple shapes and lines.	20632798153.png	The image depicts an animated character wearing a white lab coat and a gas mask with a black strap and orange accents. The character is holding a test tube with an orange substance and appears to be adding it to another test tube. The character is also holding a beaker with a red substance. The background is plain white, and there is a small amount of smoke or vapor rising from the beaker. The style of the image is cartoonish and appears to be designed for illustrative purposes, possibly for educational or informational content related to science or chemistry.	47017175005.png	The image is a stylized illustration of a young man with brown hair and glasses. He is wearing a white shirt with a black tie and a black backpack. The man is seated at a table with a plate of food in front of him, which includes a sandwich and a cup of coffee. He is holding a fork in his right hand and appears to be eating. The background is plain white, emphasizing the subject. There is no visible text in the image.	44795897592.png	The image depicts an animated character, a young girl with brown hair, wearing a white lab coat and black pants. She is standing next to a large, orange and white microscope with a magnifying glass on top. The girl is holding the microscope's eyepiece with her right hand, and her eyes are focused on the eyepiece. The microscope has a black base and a silver arm with a black handle. There is a small, orange light on the side of the microscope. The background is plain white, emphasizing the subject. There is no visible text in the image.
epler og pærer	Kommunaldirektøren hevder rapporten sammenligner epler og pærer og således ikke gir noe svar på hva som er billigst.		28073331374.png	The image features a stylized illustration of an orange with a glossy, reflective surface. The orange is depicted with a green leaf attached to its top, and there are droplets of water or dew on its surface, giving it a fresh and shiny appearance. The background is plain white, which contrasts with the orange's vibrant color. There is no visible text in the image. The style of the illustration is clean and modern, with a focus on simplicity and the use of a limited color palette.	88059257950.png	The image is a digital illustration featuring a vintage Airstream trailer, a sports car, and a man. The trailer is gray with rust spots and has a ladder on top. It has two windows and a door on the side. The sports car is orange with black accents and has a sleek design with a large front grille. The man is standing to the right of the car, holding a clipboard and a pen, and appears to be inspecting or reviewing the car. He is wearing a suit with a tie and has a smile on his face. The man is also holding a small plant in his left hand. The background is plain white, emphasizing the subjects. There is no visible text in the image.	37032027582.png	The image shows three apples with a realistic style. On the left is a green apple with a visible stem and a cut section revealing the white interior. In the center is a red apple with a glossy skin and a visible stem. On the right is a green apple with a visible stem and a glossy skin. The apples are set against a plain, light background. There is no visible text in the image.	56060071507.png	The image is a stylized illustration of a cartoon character. The character has curly hair and is wearing an orange sweater. They are holding two fruits, one in each hand. The fruit in the left hand is an apple with a green leaf, and the fruit in the right hand is a pear with a green leaf. The character's facial expression is one of surprise or shock. There is no visible text in the image. The style of the illustration is reminiscent of a children's book or a cartoon.	42798184624.png	"The image depicts two anthropomorphic animal characters on a track. On the left is a turtle with a shell patterned with various logos and text, including ""TURTLE"" and ""9,"" and it is wearing a pair of shoes. On the right is a cheetah with spots and a similar pattern on its body, also wearing shoes. Both characters are depicted in a cartoon style with exaggerated features and are shown in a running pose. The background is a plain, light color, and there is a clear lane marking on the track."
epler og pærer	Å sammenligne spillere fra ulike tidsaldere er umulig, og selv den tabloide konkurransen mellom Messi og Cristiano Ronaldo er som å sammenligne epler og pærer.		28073331374.png	The image features a stylized illustration of an orange with a glossy, reflective surface. The orange is depicted with a green leaf attached to its top, and there are droplets of water or dew on its surface, giving it a fresh and shiny appearance. The background is plain white, which contrasts with the orange's vibrant color. There is no visible text in the image. The style of the illustration is clean and modern, with a focus on simplicity and the use of a limited color palette.	88059257950.png	The image is a digital illustration featuring a vintage Airstream trailer, a sports car, and a man. The trailer is gray with rust spots and has a ladder on top. It has two windows and a door on the side. The sports car is orange with black accents and has a sleek design with a large front grille. The man is standing to the right of the car, holding a clipboard and a pen, and appears to be inspecting or reviewing the car. He is wearing a suit with a tie and has a smile on his face. The man is also holding a small plant in his left hand. The background is plain white, emphasizing the subjects. There is no visible text in the image.	42798184624.png	"The image depicts two anthropomorphic animal characters on a track. On the left is a turtle with a shell patterned with various logos and text, including ""TURTLE"" and ""9,"" and it is wearing a pair of shoes. On the right is a cheetah with spots and a similar pattern on its body, also wearing shoes. Both characters are depicted in a cartoon style with exaggerated features and are shown in a running pose. The background is a plain, light color, and there is a clear lane marking on the track."	37032027582.png	The image shows three apples with a realistic style. On the left is a green apple with a visible stem and a cut section revealing the white interior. In the center is a red apple with a glossy skin and a visible stem. On the right is a green apple with a visible stem and a glossy skin. The apples are set against a plain, light background. There is no visible text in the image.	56060071507.png	The image is a stylized illustration of a cartoon character. The character has curly hair and is wearing an orange sweater. They are holding two fruits, one in each hand. The fruit in the left hand is an apple with a green leaf, and the fruit in the right hand is a pear with a green leaf. The character's facial expression is one of surprise or shock. There is no visible text in the image. The style of the illustration is reminiscent of a children's book or a cartoon.
epler og pærer	Om drøye to uker er torgbordene sannsynligvis fulle av plommer, og litt seinere epler og pærer.		37032027582.png	The image shows three apples with a realistic style. On the left is a green apple with a visible stem and a cut section revealing the white interior. In the center is a red apple with a glossy skin and a visible stem. On the right is a green apple with a visible stem and a glossy skin. The apples are set against a plain, light background. There is no visible text in the image.	42798184624.png	"The image depicts two anthropomorphic animal characters on a track. On the left is a turtle with a shell patterned with various logos and text, including ""TURTLE"" and ""9,"" and it is wearing a pair of shoes. On the right is a cheetah with spots and a similar pattern on its body, also wearing shoes. Both characters are depicted in a cartoon style with exaggerated features and are shown in a running pose. The background is a plain, light color, and there is a clear lane marking on the track."	56060071507.png	The image is a stylized illustration of a cartoon character. The character has curly hair and is wearing an orange sweater. They are holding two fruits, one in each hand. The fruit in the left hand is an apple with a green leaf, and the fruit in the right hand is a pear with a green leaf. The character's facial expression is one of surprise or shock. There is no visible text in the image. The style of the illustration is reminiscent of a children's book or a cartoon.	88059257950.png	The image is a digital illustration featuring a vintage Airstream trailer, a sports car, and a man. The trailer is gray with rust spots and has a ladder on top. It has two windows and a door on the side. The sports car is orange with black accents and has a sleek design with a large front grille. The man is standing to the right of the car, holding a clipboard and a pen, and appears to be inspecting or reviewing the car. He is wearing a suit with a tie and has a smile on his face. The man is also holding a small plant in his left hand. The background is plain white, emphasizing the subjects. There is no visible text in the image.	28073331374.png	The image features a stylized illustration of an orange with a glossy, reflective surface. The orange is depicted with a green leaf attached to its top, and there are droplets of water or dew on its surface, giving it a fresh and shiny appearance. The background is plain white, which contrasts with the orange's vibrant color. There is no visible text in the image. The style of the illustration is clean and modern, with a focus on simplicity and the use of a limited color palette.
epler og pærer	Julefrukt som er til overs, for eksempel epler og pærer som begynner å bli løse og dårlige, er også god mat for troster, rødstrupe og meiser.		28073331374.png	The image features a stylized illustration of an orange with a glossy, reflective surface. The orange is depicted with a green leaf attached to its top, and there are droplets of water or dew on its surface, giving it a fresh and shiny appearance. The background is plain white, which contrasts with the orange's vibrant color. There is no visible text in the image. The style of the illustration is clean and modern, with a focus on simplicity and the use of a limited color palette.	42798184624.png	"The image depicts two anthropomorphic animal characters on a track. On the left is a turtle with a shell patterned with various logos and text, including ""TURTLE"" and ""9,"" and it is wearing a pair of shoes. On the right is a cheetah with spots and a similar pattern on its body, also wearing shoes. Both characters are depicted in a cartoon style with exaggerated features and are shown in a running pose. The background is a plain, light color, and there is a clear lane marking on the track."	37032027582.png	The image shows three apples with a realistic style. On the left is a green apple with a visible stem and a cut section revealing the white interior. In the center is a red apple with a glossy skin and a visible stem. On the right is a green apple with a visible stem and a glossy skin. The apples are set against a plain, light background. There is no visible text in the image.	56060071507.png	The image is a stylized illustration of a cartoon character. The character has curly hair and is wearing an orange sweater. They are holding two fruits, one in each hand. The fruit in the left hand is an apple with a green leaf, and the fruit in the right hand is a pear with a green leaf. The character's facial expression is one of surprise or shock. There is no visible text in the image. The style of the illustration is reminiscent of a children's book or a cartoon.	88059257950.png	The image is a digital illustration featuring a vintage Airstream trailer, a sports car, and a man. The trailer is gray with rust spots and has a ladder on top. It has two windows and a door on the side. The sports car is orange with black accents and has a sleek design with a large front grille. The man is standing to the right of the car, holding a clipboard and a pen, and appears to be inspecting or reviewing the car. He is wearing a suit with a tie and has a smile on his face. The man is also holding a small plant in his left hand. The background is plain white, emphasizing the subjects. There is no visible text in the image.
sofaekspert	Alle sofaeksperter bannet over at klubbløse spillere og benkeslitere igjen fikk tillit mens formsterke spillere ble sittende på benken.		50539905689.png	The image depicts an animated character, a man, sitting on a couch with his legs crossed. He is wearing a black shirt with orange accents, a cap with an orange logo, and orange shoes. The man is holding a pen in his hand and appears to be deep in thought. He has a beard and mustache.  In front of him on the couch, there is a coffee cup and a sports-related magazine or book open to a page with a football field diagram. The diagram is populated with various colored figures, likely representing players, and there are annotations and arrows indicating strategies or plays.  The background is plain white, which contrasts with the character and the items on the couch. The style of the image is cartoonish and illustrative, with a focus on the character and the items around him.	13475399557.png	The image features a stylized, anthropomorphic orange character with a cheerful expression, wearing a graduation cap and holding a diploma. The character is seated on a couch, which is adorned with a variety of books and a small plant. To the left of the couch, there is a stack of books and a potted plant. The character is smiling and appears to be in a celebratory mood, possibly indicating a graduation theme. The background is plain and does not distract from the central figure.	94203964995.png	The image shows a stylized, cartoon-like depiction of a large, orange, button-tufted sofa with a plush, textured appearance. The sofa has a prominent headboard and is adorned with two pillows, one at each end. The sofa is placed against a plain, light background. There is no visible text in the image. The style of the image is illustrative and appears to be designed for a digital medium, possibly for a website or a graphic design project.	96817323920.png	The image depicts an animated character, a man with a beard, wearing an orange jersey with black stripes and the number 10. He is seated on a black couch with a white cup and a green mug on the armrest. The man is holding a remote control in his right hand and appears to be watching a television screen, which is displaying a soccer ball. The television is placed on a small wooden table. The man's facial expression is one of surprise or shock.	52472153484.png	The image is a digital illustration featuring a stylized male character with a beard and glasses, standing to the left of a presentation board. The character is wearing a black jacket and brown pants, and is gesturing with his right hand towards the board. The board displays a grid of nine chairs, each with a different design and color, ranging from orange to brown and white. The chairs are depicted in a simplified, cartoon-like style. There is no visible text in the image. The background is plain white, emphasizing the subject and the board.
sofaekspert	Alt han gjør blir feil så lenge det ikke fører til seier, og alle vi sofaeksperter kan si hva han skulle gjort istedenfor.		94203964995.png	The image shows a stylized, cartoon-like depiction of a large, orange, button-tufted sofa with a plush, textured appearance. The sofa has a prominent headboard and is adorned with two pillows, one at each end. The sofa is placed against a plain, light background. There is no visible text in the image. The style of the image is illustrative and appears to be designed for a digital medium, possibly for a website or a graphic design project.	52472153484.png	The image is a digital illustration featuring a stylized male character with a beard and glasses, standing to the left of a presentation board. The character is wearing a black jacket and brown pants, and is gesturing with his right hand towards the board. The board displays a grid of nine chairs, each with a different design and color, ranging from orange to brown and white. The chairs are depicted in a simplified, cartoon-like style. There is no visible text in the image. The background is plain white, emphasizing the subject and the board.	96817323920.png	The image depicts an animated character, a man with a beard, wearing an orange jersey with black stripes and the number 10. He is seated on a black couch with a white cup and a green mug on the armrest. The man is holding a remote control in his right hand and appears to be watching a television screen, which is displaying a soccer ball. The television is placed on a small wooden table. The man's facial expression is one of surprise or shock.	50539905689.png	The image depicts an animated character, a man, sitting on a couch with his legs crossed. He is wearing a black shirt with orange accents, a cap with an orange logo, and orange shoes. The man is holding a pen in his hand and appears to be deep in thought. He has a beard and mustache.  In front of him on the couch, there is a coffee cup and a sports-related magazine or book open to a page with a football field diagram. The diagram is populated with various colored figures, likely representing players, and there are annotations and arrows indicating strategies or plays.  The background is plain white, which contrasts with the character and the items on the couch. The style of the image is cartoonish and illustrative, with a focus on the character and the items around him.	13475399557.png	The image features a stylized, anthropomorphic orange character with a cheerful expression, wearing a graduation cap and holding a diploma. The character is seated on a couch, which is adorned with a variety of books and a small plant. To the left of the couch, there is a stack of books and a potted plant. The character is smiling and appears to be in a celebratory mood, possibly indicating a graduation theme. The background is plain and does not distract from the central figure.
sofaekspert	Da det nygifte paret skulle innrede stuen, kontaktet de en sofaekspert for å forsikre seg å kjøpe det beste produktet.		50539905689.png	The image depicts an animated character, a man, sitting on a couch with his legs crossed. He is wearing a black shirt with orange accents, a cap with an orange logo, and orange shoes. The man is holding a pen in his hand and appears to be deep in thought. He has a beard and mustache.  In front of him on the couch, there is a coffee cup and a sports-related magazine or book open to a page with a football field diagram. The diagram is populated with various colored figures, likely representing players, and there are annotations and arrows indicating strategies or plays.  The background is plain white, which contrasts with the character and the items on the couch. The style of the image is cartoonish and illustrative, with a focus on the character and the items around him.	96817323920.png	The image depicts an animated character, a man with a beard, wearing an orange jersey with black stripes and the number 10. He is seated on a black couch with a white cup and a green mug on the armrest. The man is holding a remote control in his right hand and appears to be watching a television screen, which is displaying a soccer ball. The television is placed on a small wooden table. The man's facial expression is one of surprise or shock.	13475399557.png	The image features a stylized, anthropomorphic orange character with a cheerful expression, wearing a graduation cap and holding a diploma. The character is seated on a couch, which is adorned with a variety of books and a small plant. To the left of the couch, there is a stack of books and a potted plant. The character is smiling and appears to be in a celebratory mood, possibly indicating a graduation theme. The background is plain and does not distract from the central figure.	94203964995.png	The image shows a stylized, cartoon-like depiction of a large, orange, button-tufted sofa with a plush, textured appearance. The sofa has a prominent headboard and is adorned with two pillows, one at each end. The sofa is placed against a plain, light background. There is no visible text in the image. The style of the image is illustrative and appears to be designed for a digital medium, possibly for a website or a graphic design project.	52472153484.png	The image is a digital illustration featuring a stylized male character with a beard and glasses, standing to the left of a presentation board. The character is wearing a black jacket and brown pants, and is gesturing with his right hand towards the board. The board displays a grid of nine chairs, each with a different design and color, ranging from orange to brown and white. The chairs are depicted in a simplified, cartoon-like style. There is no visible text in the image. The background is plain white, emphasizing the subject and the board.
sofaekspert	I den nye interiørbutikken har de bred ekspertise, med alt fra duft- til sofaekspert tilgjengelig.		52472153484.png	The image is a digital illustration featuring a stylized male character with a beard and glasses, standing to the left of a presentation board. The character is wearing a black jacket and brown pants, and is gesturing with his right hand towards the board. The board displays a grid of nine chairs, each with a different design and color, ranging from orange to brown and white. The chairs are depicted in a simplified, cartoon-like style. There is no visible text in the image. The background is plain white, emphasizing the subject and the board.	94203964995.png	The image shows a stylized, cartoon-like depiction of a large, orange, button-tufted sofa with a plush, textured appearance. The sofa has a prominent headboard and is adorned with two pillows, one at each end. The sofa is placed against a plain, light background. There is no visible text in the image. The style of the image is illustrative and appears to be designed for a digital medium, possibly for a website or a graphic design project.	50539905689.png	The image depicts an animated character, a man, sitting on a couch with his legs crossed. He is wearing a black shirt with orange accents, a cap with an orange logo, and orange shoes. The man is holding a pen in his hand and appears to be deep in thought. He has a beard and mustache.  In front of him on the couch, there is a coffee cup and a sports-related magazine or book open to a page with a football field diagram. The diagram is populated with various colored figures, likely representing players, and there are annotations and arrows indicating strategies or plays.  The background is plain white, which contrasts with the character and the items on the couch. The style of the image is cartoonish and illustrative, with a focus on the character and the items around him.	96817323920.png	The image depicts an animated character, a man with a beard, wearing an orange jersey with black stripes and the number 10. He is seated on a black couch with a white cup and a green mug on the armrest. The man is holding a remote control in his right hand and appears to be watching a television screen, which is displaying a soccer ball. The television is placed on a small wooden table. The man's facial expression is one of surprise or shock.	13475399557.png	The image features a stylized, anthropomorphic orange character with a cheerful expression, wearing a graduation cap and holding a diploma. The character is seated on a couch, which is adorned with a variety of books and a small plant. To the left of the couch, there is a stack of books and a potted plant. The character is smiling and appears to be in a celebratory mood, possibly indicating a graduation theme. The background is plain and does not distract from the central figure.
barseltårer	Hormoner i ubalanse og barseltårer er like selvfølgelig som bleieskift og nattevåk den første tiden.		88200831173.png	The image depicts a stylized illustration of a woman sitting on a black couch. She has long, curly red hair and is wearing a brown sweater. The woman is holding a small orange pillow in her hands and has another similar pillow resting on the couch. She is also wearing beige shoes. The background is plain white, emphasizing the subject. There is no visible text in the image.	85753874418.png	The image is a digital illustration of a man and a child. The man is wearing glasses, a mustache, and an orange shirt. He is holding the child, who appears to be asleep, in his arms. The man's expression is one of concern or sadness. The child is wrapped in a blanket and has a neutral expression. The background is plain white, emphasizing the subjects. There is no visible text in the image.	47287056399.png	The image depicts a cartoon-style illustration of a baby lying in a crib. The baby has a distressed expression, with its eyes closed and a small tear on its cheek. The crib has a simple design with white bars and a white mattress. The baby is wearing a white onesie with orange polka dots. The background is a solid dark color, which contrasts with the lighter tones of the baby and the crib. There is no visible text in the image.	27739301582.png	The image depicts an animated scene of a woman and a child. The woman, with dark hair styled in a bun, is lying in a hospital bed. She is wearing a beige top and appears to be in a state of distress or concern. The child, dressed in an orange outfit, is being held by the woman and is also looking distressed. The bed has a white sheet and a gray headboard. There is no visible text in the image. The style of the image is illustrative, with a focus on the emotional state of the characters.	82224331024.png	The image depicts a stylized illustration of a baby swaddled in an orange blanket, lying inside a clear glass teardrop-shaped container. The baby appears to be sleeping with its eyes closed and a small smile on its face. The container is placed on a flat surface, and there are droplets of water falling from the top of the container, suggesting a rain-like effect. The background is plain white, which contrasts with the orange of the blanket and the clear glass of the container. There is no visible text in the image.
barseltårer	Det har vært mest kos, men også barseltårer, melkespreng og bekymringer.		82224331024.png	The image depicts a stylized illustration of a baby swaddled in an orange blanket, lying inside a clear glass teardrop-shaped container. The baby appears to be sleeping with its eyes closed and a small smile on its face. The container is placed on a flat surface, and there are droplets of water falling from the top of the container, suggesting a rain-like effect. The background is plain white, which contrasts with the orange of the blanket and the clear glass of the container. There is no visible text in the image.	85753874418.png	The image is a digital illustration of a man and a child. The man is wearing glasses, a mustache, and an orange shirt. He is holding the child, who appears to be asleep, in his arms. The man's expression is one of concern or sadness. The child is wrapped in a blanket and has a neutral expression. The background is plain white, emphasizing the subjects. There is no visible text in the image.	27739301582.png	The image depicts an animated scene of a woman and a child. The woman, with dark hair styled in a bun, is lying in a hospital bed. She is wearing a beige top and appears to be in a state of distress or concern. The child, dressed in an orange outfit, is being held by the woman and is also looking distressed. The bed has a white sheet and a gray headboard. There is no visible text in the image. The style of the image is illustrative, with a focus on the emotional state of the characters.	47287056399.png	The image depicts a cartoon-style illustration of a baby lying in a crib. The baby has a distressed expression, with its eyes closed and a small tear on its cheek. The crib has a simple design with white bars and a white mattress. The baby is wearing a white onesie with orange polka dots. The background is a solid dark color, which contrasts with the lighter tones of the baby and the crib. There is no visible text in the image.	88200831173.png	The image depicts a stylized illustration of a woman sitting on a black couch. She has long, curly red hair and is wearing a brown sweater. The woman is holding a small orange pillow in her hands and has another similar pillow resting on the couch. She is also wearing beige shoes. The background is plain white, emphasizing the subject. There is no visible text in the image.
barseltårer	Jordmoren tørket forsiktig bort barseltårene som falt ned babyens ansikt i det han trakk pusten sin for første gang.		82224331024.png	The image depicts a stylized illustration of a baby swaddled in an orange blanket, lying inside a clear glass teardrop-shaped container. The baby appears to be sleeping with its eyes closed and a small smile on its face. The container is placed on a flat surface, and there are droplets of water falling from the top of the container, suggesting a rain-like effect. The background is plain white, which contrasts with the orange of the blanket and the clear glass of the container. There is no visible text in the image.	27739301582.png	The image depicts an animated scene of a woman and a child. The woman, with dark hair styled in a bun, is lying in a hospital bed. She is wearing a beige top and appears to be in a state of distress or concern. The child, dressed in an orange outfit, is being held by the woman and is also looking distressed. The bed has a white sheet and a gray headboard. There is no visible text in the image. The style of the image is illustrative, with a focus on the emotional state of the characters.	88200831173.png	The image depicts a stylized illustration of a woman sitting on a black couch. She has long, curly red hair and is wearing a brown sweater. The woman is holding a small orange pillow in her hands and has another similar pillow resting on the couch. She is also wearing beige shoes. The background is plain white, emphasizing the subject. There is no visible text in the image.	47287056399.png	The image depicts a cartoon-style illustration of a baby lying in a crib. The baby has a distressed expression, with its eyes closed and a small tear on its cheek. The crib has a simple design with white bars and a white mattress. The baby is wearing a white onesie with orange polka dots. The background is a solid dark color, which contrasts with the lighter tones of the baby and the crib. There is no visible text in the image.	85753874418.png	The image is a digital illustration of a man and a child. The man is wearing glasses, a mustache, and an orange shirt. He is holding the child, who appears to be asleep, in his arms. The man's expression is one of concern or sadness. The child is wrapped in a blanket and has a neutral expression. The background is plain white, emphasizing the subjects. There is no visible text in the image.
barseltårer	Jeg har funnet stor trygghet i barselgruppen disse første ukene, og har delt mange barseltårer som følge av både glede, sorg og frykt med disse fantastiske mødrene.		88200831173.png	The image depicts a stylized illustration of a woman sitting on a black couch. She has long, curly red hair and is wearing a brown sweater. The woman is holding a small orange pillow in her hands and has another similar pillow resting on the couch. She is also wearing beige shoes. The background is plain white, emphasizing the subject. There is no visible text in the image.	82224331024.png	The image depicts a stylized illustration of a baby swaddled in an orange blanket, lying inside a clear glass teardrop-shaped container. The baby appears to be sleeping with its eyes closed and a small smile on its face. The container is placed on a flat surface, and there are droplets of water falling from the top of the container, suggesting a rain-like effect. The background is plain white, which contrasts with the orange of the blanket and the clear glass of the container. There is no visible text in the image.	27739301582.png	The image depicts an animated scene of a woman and a child. The woman, with dark hair styled in a bun, is lying in a hospital bed. She is wearing a beige top and appears to be in a state of distress or concern. The child, dressed in an orange outfit, is being held by the woman and is also looking distressed. The bed has a white sheet and a gray headboard. There is no visible text in the image. The style of the image is illustrative, with a focus on the emotional state of the characters.	47287056399.png	The image depicts a cartoon-style illustration of a baby lying in a crib. The baby has a distressed expression, with its eyes closed and a small tear on its cheek. The crib has a simple design with white bars and a white mattress. The baby is wearing a white onesie with orange polka dots. The background is a solid dark color, which contrasts with the lighter tones of the baby and the crib. There is no visible text in the image.	85753874418.png	The image is a digital illustration of a man and a child. The man is wearing glasses, a mustache, and an orange shirt. He is holding the child, who appears to be asleep, in his arms. The man's expression is one of concern or sadness. The child is wrapped in a blanket and has a neutral expression. The background is plain white, emphasizing the subjects. There is no visible text in the image.
bananrepublikk	Tror virkelig noen at Russland kan påvirke valget til det amerikanske folket som om USA bare var en bananrepublikk, spurte Russlands president Vladimir Putin retorisk før valget.		89246615702.png	The image depicts a cartoon of a man standing at a podium. He is dressed in a suit with a tie and appears to be speaking or gesturing. The man has short hair and is wearing a microphone. Behind him is a circular platform with a dark base and a lighter top. On the podium, there is a circular emblem with a design that includes a shield and a star. The background is plain white. There is no visible text in the image.	63768015853.png	The image features two animated characters, both dressed in business attire. The character on the left is wearing a gray suit, a red tie, and sunglasses, and is holding a card with a green logo. The character on the right is wearing a black suit with a red and yellow emblem on the chest, a red tie, and sunglasses. Both characters are smiling and appear to be engaged in a friendly exchange, with the character on the right holding out a card with a green logo that matches the one the other character is holding. The background is plain white.	42321535591.png	The image features a 3D animated character that resembles a squash with human-like features. The character has a large, round body with a yellowish skin texture, and it is wearing glasses with a black frame and a mustache. It has a large, brown stem on top of its head, which is also adorned with a small, green leaf. The character is dressed in a white shirt with a collar and a brown belt, and it is holding a rolled-up piece of paper in its right hand. The paper appears to have some text on it, but the text is not legible in the image. The character is also wearing a cape that is draped over its left shoulder. The background of the image is plain and white, which contrasts with the character and highlights its details.	90762754552.png	The image depicts a stylized, cartoon-like illustration of a three-story house with a fire truck parked in front. The house has a gray roof and is painted in shades of orange and brown. There are three windows visible on the second floor, and the third floor has a balcony with a railing. On the balcony, there are two firefighters in orange and yellow uniforms, one of whom is holding a hose. The fire truck is orange and white, with a ladder on the side and a hose reel on the front. In front of the house, there is a fire hydrant and a small tree. The firefighters are standing on the ground, and one of them is pointing upwards. There is no visible text in the image.	78471168083.png	The image features a stylized illustration of a dessert dish. At the center is a large scoop of vanilla ice cream with a chocolate sauce drizzled on top. Surrounding the ice cream are several cherries with stems, and interspersed among the cherries are slices of banana. The dish is presented on a plate with a scalloped edge, and the background is plain white. There is no visible text in the image. The style of the illustration is cartoonish and colorful, with a focus on the dessert's visual appeal.
bananrepublikk	Oljen er blitt en forbannelse som gjør at norsk økonomi likner på økonomien i en bananrepublikk, hvor vi selger råvarer i bulk og på paller og lar viderefordeling og verdiskaping skjer utenfor grensene.		63768015853.png	The image features two animated characters, both dressed in business attire. The character on the left is wearing a gray suit, a red tie, and sunglasses, and is holding a card with a green logo. The character on the right is wearing a black suit with a red and yellow emblem on the chest, a red tie, and sunglasses. Both characters are smiling and appear to be engaged in a friendly exchange, with the character on the right holding out a card with a green logo that matches the one the other character is holding. The background is plain white.	42321535591.png	The image features a 3D animated character that resembles a squash with human-like features. The character has a large, round body with a yellowish skin texture, and it is wearing glasses with a black frame and a mustache. It has a large, brown stem on top of its head, which is also adorned with a small, green leaf. The character is dressed in a white shirt with a collar and a brown belt, and it is holding a rolled-up piece of paper in its right hand. The paper appears to have some text on it, but the text is not legible in the image. The character is also wearing a cape that is draped over its left shoulder. The background of the image is plain and white, which contrasts with the character and highlights its details.	78471168083.png	The image features a stylized illustration of a dessert dish. At the center is a large scoop of vanilla ice cream with a chocolate sauce drizzled on top. Surrounding the ice cream are several cherries with stems, and interspersed among the cherries are slices of banana. The dish is presented on a plate with a scalloped edge, and the background is plain white. There is no visible text in the image. The style of the illustration is cartoonish and colorful, with a focus on the dessert's visual appeal.	89246615702.png	The image depicts a cartoon of a man standing at a podium. He is dressed in a suit with a tie and appears to be speaking or gesturing. The man has short hair and is wearing a microphone. Behind him is a circular platform with a dark base and a lighter top. On the podium, there is a circular emblem with a design that includes a shield and a star. The background is plain white. There is no visible text in the image.	90762754552.png	The image depicts a stylized, cartoon-like illustration of a three-story house with a fire truck parked in front. The house has a gray roof and is painted in shades of orange and brown. There are three windows visible on the second floor, and the third floor has a balcony with a railing. On the balcony, there are two firefighters in orange and yellow uniforms, one of whom is holding a hose. The fire truck is orange and white, with a ladder on the side and a hose reel on the front. In front of the house, there is a fire hydrant and a small tree. The firefighters are standing on the ground, and one of them is pointing upwards. There is no visible text in the image.
bananrepublikk	Barneshowet introduserte en banarepublikk, et lite land der alle innebyggerne var levende bananer med små hatter.		42321535591.png	The image features a 3D animated character that resembles a squash with human-like features. The character has a large, round body with a yellowish skin texture, and it is wearing glasses with a black frame and a mustache. It has a large, brown stem on top of its head, which is also adorned with a small, green leaf. The character is dressed in a white shirt with a collar and a brown belt, and it is holding a rolled-up piece of paper in its right hand. The paper appears to have some text on it, but the text is not legible in the image. The character is also wearing a cape that is draped over its left shoulder. The background of the image is plain and white, which contrasts with the character and highlights its details.	89246615702.png	The image depicts a cartoon of a man standing at a podium. He is dressed in a suit with a tie and appears to be speaking or gesturing. The man has short hair and is wearing a microphone. Behind him is a circular platform with a dark base and a lighter top. On the podium, there is a circular emblem with a design that includes a shield and a star. The background is plain white. There is no visible text in the image.	78471168083.png	The image features a stylized illustration of a dessert dish. At the center is a large scoop of vanilla ice cream with a chocolate sauce drizzled on top. Surrounding the ice cream are several cherries with stems, and interspersed among the cherries are slices of banana. The dish is presented on a plate with a scalloped edge, and the background is plain white. There is no visible text in the image. The style of the illustration is cartoonish and colorful, with a focus on the dessert's visual appeal.	90762754552.png	The image depicts a stylized, cartoon-like illustration of a three-story house with a fire truck parked in front. The house has a gray roof and is painted in shades of orange and brown. There are three windows visible on the second floor, and the third floor has a balcony with a railing. On the balcony, there are two firefighters in orange and yellow uniforms, one of whom is holding a hose. The fire truck is orange and white, with a ladder on the side and a hose reel on the front. In front of the house, there is a fire hydrant and a small tree. The firefighters are standing on the ground, and one of them is pointing upwards. There is no visible text in the image.	63768015853.png	The image features two animated characters, both dressed in business attire. The character on the left is wearing a gray suit, a red tie, and sunglasses, and is holding a card with a green logo. The character on the right is wearing a black suit with a red and yellow emblem on the chest, a red tie, and sunglasses. Both characters are smiling and appear to be engaged in a friendly exchange, with the character on the right holding out a card with a green logo that matches the one the other character is holding. The background is plain white.
bananrepublikk	I tegneboken fremstiller de Bananrepublikken, der parlamentet består av tre overmodne bananer som stadig sklir ned fra talerstolen.		78471168083.png	The image features a stylized illustration of a dessert dish. At the center is a large scoop of vanilla ice cream with a chocolate sauce drizzled on top. Surrounding the ice cream are several cherries with stems, and interspersed among the cherries are slices of banana. The dish is presented on a plate with a scalloped edge, and the background is plain white. There is no visible text in the image. The style of the illustration is cartoonish and colorful, with a focus on the dessert's visual appeal.	90762754552.png	The image depicts a stylized, cartoon-like illustration of a three-story house with a fire truck parked in front. The house has a gray roof and is painted in shades of orange and brown. There are three windows visible on the second floor, and the third floor has a balcony with a railing. On the balcony, there are two firefighters in orange and yellow uniforms, one of whom is holding a hose. The fire truck is orange and white, with a ladder on the side and a hose reel on the front. In front of the house, there is a fire hydrant and a small tree. The firefighters are standing on the ground, and one of them is pointing upwards. There is no visible text in the image.	42321535591.png	The image features a 3D animated character that resembles a squash with human-like features. The character has a large, round body with a yellowish skin texture, and it is wearing glasses with a black frame and a mustache. It has a large, brown stem on top of its head, which is also adorned with a small, green leaf. The character is dressed in a white shirt with a collar and a brown belt, and it is holding a rolled-up piece of paper in its right hand. The paper appears to have some text on it, but the text is not legible in the image. The character is also wearing a cape that is draped over its left shoulder. The background of the image is plain and white, which contrasts with the character and highlights its details.	89246615702.png	The image depicts a cartoon of a man standing at a podium. He is dressed in a suit with a tie and appears to be speaking or gesturing. The man has short hair and is wearing a microphone. Behind him is a circular platform with a dark base and a lighter top. On the podium, there is a circular emblem with a design that includes a shield and a star. The background is plain white. There is no visible text in the image.	63768015853.png	The image features two animated characters, both dressed in business attire. The character on the left is wearing a gray suit, a red tie, and sunglasses, and is holding a card with a green logo. The character on the right is wearing a black suit with a red and yellow emblem on the chest, a red tie, and sunglasses. Both characters are smiling and appear to be engaged in a friendly exchange, with the character on the right holding out a card with a green logo that matches the one the other character is holding. The background is plain white.
strandet hval	På sofaen ligger en strandet hval som ikke gjør stort annet enn å konsumere kjendisdrama.		50034529982.png	The image depicts a cartoon-style illustration of a whale beached on a sandy shore. The whale is large and gray, with a prominent dorsal fin and a tail visible above the waterline. It appears to be in a state of distress or exhaustion, as suggested by its position and the splash of water around it.  The beach is populated with a few rocks and a small amount of seaweed. In the background, there is a tree with lush green leaves, and a few black birds are flying in the sky above the whale. The water is depicted with ripples and a small wave, indicating a calm sea.  There is no visible text in the image. The overall scene suggests a narrative of a whale stranded on a beach, possibly due to injury or exhaustion, with a few elements of wildlife around it.	63207053522.png	The image depicts a white pickup truck with a muddy appearance, suggesting it has been driving through muddy conditions. The truck is shown from a three-quarter angle, with the front right side more visible than the front left. The mud splatters on the truck's body and the ground around it, indicating recent movement. The truck's tires are partially covered in mud, and the mud is also splattered on the truck's rear bumper and the area around the wheels. The truck's tailgate is visible, and the mud is splattered on it as well. There is no visible text in the image. The style of the image is illustrative, with a focus on realism in the depiction of the mud and the truck's condition.	63457556191.png	The image depicts a cartoon-style illustration. In the foreground, there is a large, open-topped birdcage with a metal frame and a wooden door. The cage is placed on a grassy area with a few orange flowers and some rocks. A small bird with orange and black plumage is flying towards the cage, with its wings spread wide. Inside the cage, there are several small butterflies. Above the cage, there is a white cloud. The background is plain white. There is no visible text in the image.	42715409298.png	The image shows a stylized, three-dimensional illustration of a wooden fence with a naturalistic background. The fence is composed of vertical slats and horizontal rails, with a pointed top. A few orange leaves are depicted as if they are falling from a tree, which is not fully visible, and are caught in the fence's structure. The ground is covered with a mix of green and brown grasses, suggesting a natural outdoor setting. There is no visible text in the image. The style of the image is realistic with a touch of artistic stylization, particularly in the way the leaves are integrated into the fence.	47047254114.png	The image features a stylized depiction of a gray dolphin with a white underbelly, swimming above a black surface that resembles water. The dolphin is oriented towards the right side of the image. Below the dolphin, there are two orange starfish with a white texture, resting on the black surface. Scattered around the image are small, colorful bubbles and stars, suggesting a playful or whimsical underwater scene. The background is plain white, which contrasts with the colorful elements in the foreground. There is no visible text in the image.
strandet hval	Nå da de fleste jarlene, hertugene, markiene og andre adelige er rensket ut av Overhuset, er kongedømmet en strandet hval som det eneste som er tilbake av vår uskrevne grunnlov, som avhenger av arvelige rettigheter.		63457556191.png	The image depicts a cartoon-style illustration. In the foreground, there is a large, open-topped birdcage with a metal frame and a wooden door. The cage is placed on a grassy area with a few orange flowers and some rocks. A small bird with orange and black plumage is flying towards the cage, with its wings spread wide. Inside the cage, there are several small butterflies. Above the cage, there is a white cloud. The background is plain white. There is no visible text in the image.	63207053522.png	The image depicts a white pickup truck with a muddy appearance, suggesting it has been driving through muddy conditions. The truck is shown from a three-quarter angle, with the front right side more visible than the front left. The mud splatters on the truck's body and the ground around it, indicating recent movement. The truck's tires are partially covered in mud, and the mud is also splattered on the truck's rear bumper and the area around the wheels. The truck's tailgate is visible, and the mud is splattered on it as well. There is no visible text in the image. The style of the image is illustrative, with a focus on realism in the depiction of the mud and the truck's condition.	50034529982.png	The image depicts a cartoon-style illustration of a whale beached on a sandy shore. The whale is large and gray, with a prominent dorsal fin and a tail visible above the waterline. It appears to be in a state of distress or exhaustion, as suggested by its position and the splash of water around it.  The beach is populated with a few rocks and a small amount of seaweed. In the background, there is a tree with lush green leaves, and a few black birds are flying in the sky above the whale. The water is depicted with ripples and a small wave, indicating a calm sea.  There is no visible text in the image. The overall scene suggests a narrative of a whale stranded on a beach, possibly due to injury or exhaustion, with a few elements of wildlife around it.	42715409298.png	The image shows a stylized, three-dimensional illustration of a wooden fence with a naturalistic background. The fence is composed of vertical slats and horizontal rails, with a pointed top. A few orange leaves are depicted as if they are falling from a tree, which is not fully visible, and are caught in the fence's structure. The ground is covered with a mix of green and brown grasses, suggesting a natural outdoor setting. There is no visible text in the image. The style of the image is realistic with a touch of artistic stylization, particularly in the way the leaves are integrated into the fence.	47047254114.png	The image features a stylized depiction of a gray dolphin with a white underbelly, swimming above a black surface that resembles water. The dolphin is oriented towards the right side of the image. Below the dolphin, there are two orange starfish with a white texture, resting on the black surface. Scattered around the image are small, colorful bubbles and stars, suggesting a playful or whimsical underwater scene. The background is plain white, which contrasts with the colorful elements in the foreground. There is no visible text in the image.
strandet hval	En syk, strandet hval kjempet tirsdag formiddag for livet inne i det trange sundet på Vesterøy i Hvaler kommune i Østfold.		63457556191.png	The image depicts a cartoon-style illustration. In the foreground, there is a large, open-topped birdcage with a metal frame and a wooden door. The cage is placed on a grassy area with a few orange flowers and some rocks. A small bird with orange and black plumage is flying towards the cage, with its wings spread wide. Inside the cage, there are several small butterflies. Above the cage, there is a white cloud. The background is plain white. There is no visible text in the image.	63207053522.png	The image depicts a white pickup truck with a muddy appearance, suggesting it has been driving through muddy conditions. The truck is shown from a three-quarter angle, with the front right side more visible than the front left. The mud splatters on the truck's body and the ground around it, indicating recent movement. The truck's tires are partially covered in mud, and the mud is also splattered on the truck's rear bumper and the area around the wheels. The truck's tailgate is visible, and the mud is splattered on it as well. There is no visible text in the image. The style of the image is illustrative, with a focus on realism in the depiction of the mud and the truck's condition.	47047254114.png	The image features a stylized depiction of a gray dolphin with a white underbelly, swimming above a black surface that resembles water. The dolphin is oriented towards the right side of the image. Below the dolphin, there are two orange starfish with a white texture, resting on the black surface. Scattered around the image are small, colorful bubbles and stars, suggesting a playful or whimsical underwater scene. The background is plain white, which contrasts with the colorful elements in the foreground. There is no visible text in the image.	42715409298.png	The image shows a stylized, three-dimensional illustration of a wooden fence with a naturalistic background. The fence is composed of vertical slats and horizontal rails, with a pointed top. A few orange leaves are depicted as if they are falling from a tree, which is not fully visible, and are caught in the fence's structure. The ground is covered with a mix of green and brown grasses, suggesting a natural outdoor setting. There is no visible text in the image. The style of the image is realistic with a touch of artistic stylization, particularly in the way the leaves are integrated into the fence.	50034529982.png	The image depicts a cartoon-style illustration of a whale beached on a sandy shore. The whale is large and gray, with a prominent dorsal fin and a tail visible above the waterline. It appears to be in a state of distress or exhaustion, as suggested by its position and the splash of water around it.  The beach is populated with a few rocks and a small amount of seaweed. In the background, there is a tree with lush green leaves, and a few black birds are flying in the sky above the whale. The water is depicted with ripples and a small wave, indicating a calm sea.  There is no visible text in the image. The overall scene suggests a narrative of a whale stranded on a beach, possibly due to injury or exhaustion, with a few elements of wildlife around it.
strandet hval	Det var tidligere i formiddag at turgåere meldte om en stor, strandet hval på Hellestøstranden i Sola kommune.		47047254114.png	The image features a stylized depiction of a gray dolphin with a white underbelly, swimming above a black surface that resembles water. The dolphin is oriented towards the right side of the image. Below the dolphin, there are two orange starfish with a white texture, resting on the black surface. Scattered around the image are small, colorful bubbles and stars, suggesting a playful or whimsical underwater scene. The background is plain white, which contrasts with the colorful elements in the foreground. There is no visible text in the image.	42715409298.png	The image shows a stylized, three-dimensional illustration of a wooden fence with a naturalistic background. The fence is composed of vertical slats and horizontal rails, with a pointed top. A few orange leaves are depicted as if they are falling from a tree, which is not fully visible, and are caught in the fence's structure. The ground is covered with a mix of green and brown grasses, suggesting a natural outdoor setting. There is no visible text in the image. The style of the image is realistic with a touch of artistic stylization, particularly in the way the leaves are integrated into the fence.	50034529982.png	The image depicts a cartoon-style illustration of a whale beached on a sandy shore. The whale is large and gray, with a prominent dorsal fin and a tail visible above the waterline. It appears to be in a state of distress or exhaustion, as suggested by its position and the splash of water around it.  The beach is populated with a few rocks and a small amount of seaweed. In the background, there is a tree with lush green leaves, and a few black birds are flying in the sky above the whale. The water is depicted with ripples and a small wave, indicating a calm sea.  There is no visible text in the image. The overall scene suggests a narrative of a whale stranded on a beach, possibly due to injury or exhaustion, with a few elements of wildlife around it.	63457556191.png	The image depicts a cartoon-style illustration. In the foreground, there is a large, open-topped birdcage with a metal frame and a wooden door. The cage is placed on a grassy area with a few orange flowers and some rocks. A small bird with orange and black plumage is flying towards the cage, with its wings spread wide. Inside the cage, there are several small butterflies. Above the cage, there is a white cloud. The background is plain white. There is no visible text in the image.	63207053522.png	The image depicts a white pickup truck with a muddy appearance, suggesting it has been driving through muddy conditions. The truck is shown from a three-quarter angle, with the front right side more visible than the front left. The mud splatters on the truck's body and the ground around it, indicating recent movement. The truck's tires are partially covered in mud, and the mud is also splattered on the truck's rear bumper and the area around the wheels. The truck's tailgate is visible, and the mud is splattered on it as well. There is no visible text in the image. The style of the image is illustrative, with a focus on realism in the depiction of the mud and the truck's condition.
bjørnemarked	Størsteparten av investeringsbransjen greier ikke å se at vi er fanget i et strukturelt bjørnemarked, og er på vei inn i andre akt, skriver Edwards.		43307722378.png	The image shows a computer monitor displaying a stock market ticker with various financial figures and percentages. The numbers are in green and red, indicating positive and negative changes in the market. The ticker includes columns with numerical values and percentages, likely representing stock prices and their changes. The monitor is turned on and is displaying a real-time financial update.	58454923550.png	The image depicts an animated scene with a man in a suit and a bear in a cage. The man is standing to the right of the cage, extending his left hand towards the bear. He appears to be speaking, as suggested by the open mouth and raised eyebrows. The bear is a large, brown creature with a friendly expression, looking towards the man with its mouth slightly open. The cage is a simple, metal structure with a visible lock on the door. There is no visible text in the image. The style of the image is cartoonish, with a focus on the interaction between the man and the bear.	48409142026.png	The image depicts a stylized, cartoon-like illustration of a food stand. The stand has a black roof with orange stripes and a black countertop. On the countertop, there are various food items such as bread, fruits, and possibly some meat or fish. Above the counter, there are three circular displays with different food items, including what appears to be a bowl of soup, a plate of carrots, and a plate of what could be a meat dish.  On the left side of the stand, there are bottles that might contain condiments or beverages. The stand is staffed by two animated characters, one on each side. The character on the left is standing behind the counter, smiling, and appears to be a male with short hair. The character on the right is also standing behind the counter, smiling, and seems to be a female with short hair.  The background is plain white, which contrasts with the colorful food items and the black and orange stand. There is no visible text in the image. The style of the image is reminiscent of a children's book or a graphic design for a children's game or app.	25165759473.png	The image is a digital illustration of a cartoon-style male character with brown hair and glasses. He is wearing a white shirt and a black tie, and appears to be in a state of distress or concern. The character is holding a smartphone to his ear, suggesting he is on a call. Behind him is a large screen displaying various financial charts and graphs, including stock prices and graphs, with red and green arrows indicating fluctuations. The overall setting suggests a financial or stock market environment. There is no visible text in the image.	29460596835.png	The image depicts an animated character, a man with a beard and mustache, wearing a wide-brimmed hat and a backpack. He is crouched in a hole in the ground, with dirt and grass around him. The character has a surprised or shocked expression on his face. The style of the image is cartoonish and appears to be a digital illustration.
bjørnemarked	Hvorfor skal man ikke ta risiko når selv en global pandemi med flere hundre tusen døde og en ødelagt økonomi ikke er tilstrekkelig til å starte et skikkelig bjørnemarked?		25165759473.png	The image is a digital illustration of a cartoon-style male character with brown hair and glasses. He is wearing a white shirt and a black tie, and appears to be in a state of distress or concern. The character is holding a smartphone to his ear, suggesting he is on a call. Behind him is a large screen displaying various financial charts and graphs, including stock prices and graphs, with red and green arrows indicating fluctuations. The overall setting suggests a financial or stock market environment. There is no visible text in the image.	48409142026.png	The image depicts a stylized, cartoon-like illustration of a food stand. The stand has a black roof with orange stripes and a black countertop. On the countertop, there are various food items such as bread, fruits, and possibly some meat or fish. Above the counter, there are three circular displays with different food items, including what appears to be a bowl of soup, a plate of carrots, and a plate of what could be a meat dish.  On the left side of the stand, there are bottles that might contain condiments or beverages. The stand is staffed by two animated characters, one on each side. The character on the left is standing behind the counter, smiling, and appears to be a male with short hair. The character on the right is also standing behind the counter, smiling, and seems to be a female with short hair.  The background is plain white, which contrasts with the colorful food items and the black and orange stand. There is no visible text in the image. The style of the image is reminiscent of a children's book or a graphic design for a children's game or app.	29460596835.png	The image depicts an animated character, a man with a beard and mustache, wearing a wide-brimmed hat and a backpack. He is crouched in a hole in the ground, with dirt and grass around him. The character has a surprised or shocked expression on his face. The style of the image is cartoonish and appears to be a digital illustration.	43307722378.png	The image shows a computer monitor displaying a stock market ticker with various financial figures and percentages. The numbers are in green and red, indicating positive and negative changes in the market. The ticker includes columns with numerical values and percentages, likely representing stock prices and their changes. The monitor is turned on and is displaying a real-time financial update.	58454923550.png	The image depicts an animated scene with a man in a suit and a bear in a cage. The man is standing to the right of the cage, extending his left hand towards the bear. He appears to be speaking, as suggested by the open mouth and raised eyebrows. The bear is a large, brown creature with a friendly expression, looking towards the man with its mouth slightly open. The cage is a simple, metal structure with a visible lock on the door. There is no visible text in the image. The style of the image is cartoonish, with a focus on the interaction between the man and the bear.
bjørnemarked	I den lille landsbyen finner du et bjørnemarked med mange typer bjørn fra omkring hele verden.		43307722378.png	The image shows a computer monitor displaying a stock market ticker with various financial figures and percentages. The numbers are in green and red, indicating positive and negative changes in the market. The ticker includes columns with numerical values and percentages, likely representing stock prices and their changes. The monitor is turned on and is displaying a real-time financial update.	25165759473.png	The image is a digital illustration of a cartoon-style male character with brown hair and glasses. He is wearing a white shirt and a black tie, and appears to be in a state of distress or concern. The character is holding a smartphone to his ear, suggesting he is on a call. Behind him is a large screen displaying various financial charts and graphs, including stock prices and graphs, with red and green arrows indicating fluctuations. The overall setting suggests a financial or stock market environment. There is no visible text in the image.	29460596835.png	The image depicts an animated character, a man with a beard and mustache, wearing a wide-brimmed hat and a backpack. He is crouched in a hole in the ground, with dirt and grass around him. The character has a surprised or shocked expression on his face. The style of the image is cartoonish and appears to be a digital illustration.	48409142026.png	The image depicts a stylized, cartoon-like illustration of a food stand. The stand has a black roof with orange stripes and a black countertop. On the countertop, there are various food items such as bread, fruits, and possibly some meat or fish. Above the counter, there are three circular displays with different food items, including what appears to be a bowl of soup, a plate of carrots, and a plate of what could be a meat dish.  On the left side of the stand, there are bottles that might contain condiments or beverages. The stand is staffed by two animated characters, one on each side. The character on the left is standing behind the counter, smiling, and appears to be a male with short hair. The character on the right is also standing behind the counter, smiling, and seems to be a female with short hair.  The background is plain white, which contrasts with the colorful food items and the black and orange stand. There is no visible text in the image. The style of the image is reminiscent of a children's book or a graphic design for a children's game or app.	58454923550.png	The image depicts an animated scene with a man in a suit and a bear in a cage. The man is standing to the right of the cage, extending his left hand towards the bear. He appears to be speaking, as suggested by the open mouth and raised eyebrows. The bear is a large, brown creature with a friendly expression, looking towards the man with its mouth slightly open. The cage is a simple, metal structure with a visible lock on the door. There is no visible text in the image. The style of the image is cartoonish, with a focus on the interaction between the man and the bear.
bjørnemarked	Da Gullhår kom frem til det lille huset, var bjørnefamilien på vei hjem fra bjørnemarkedet.		43307722378.png	The image shows a computer monitor displaying a stock market ticker with various financial figures and percentages. The numbers are in green and red, indicating positive and negative changes in the market. The ticker includes columns with numerical values and percentages, likely representing stock prices and their changes. The monitor is turned on and is displaying a real-time financial update.	58454923550.png	The image depicts an animated scene with a man in a suit and a bear in a cage. The man is standing to the right of the cage, extending his left hand towards the bear. He appears to be speaking, as suggested by the open mouth and raised eyebrows. The bear is a large, brown creature with a friendly expression, looking towards the man with its mouth slightly open. The cage is a simple, metal structure with a visible lock on the door. There is no visible text in the image. The style of the image is cartoonish, with a focus on the interaction between the man and the bear.	48409142026.png	The image depicts a stylized, cartoon-like illustration of a food stand. The stand has a black roof with orange stripes and a black countertop. On the countertop, there are various food items such as bread, fruits, and possibly some meat or fish. Above the counter, there are three circular displays with different food items, including what appears to be a bowl of soup, a plate of carrots, and a plate of what could be a meat dish.  On the left side of the stand, there are bottles that might contain condiments or beverages. The stand is staffed by two animated characters, one on each side. The character on the left is standing behind the counter, smiling, and appears to be a male with short hair. The character on the right is also standing behind the counter, smiling, and seems to be a female with short hair.  The background is plain white, which contrasts with the colorful food items and the black and orange stand. There is no visible text in the image. The style of the image is reminiscent of a children's book or a graphic design for a children's game or app.	25165759473.png	The image is a digital illustration of a cartoon-style male character with brown hair and glasses. He is wearing a white shirt and a black tie, and appears to be in a state of distress or concern. The character is holding a smartphone to his ear, suggesting he is on a call. Behind him is a large screen displaying various financial charts and graphs, including stock prices and graphs, with red and green arrows indicating fluctuations. The overall setting suggests a financial or stock market environment. There is no visible text in the image.	29460596835.png	The image depicts an animated character, a man with a beard and mustache, wearing a wide-brimmed hat and a backpack. He is crouched in a hole in the ground, with dirt and grass around him. The character has a surprised or shocked expression on his face. The style of the image is cartoonish and appears to be a digital illustration.
skjønnhetssøvn	Før hun faller i sin hundre år lange skjønnhetssøvn, får prinsesse Aurora - Tornerose - danse med alle de kjekke guttene på slottsballet.		96685289565.png	The image depicts an animated character, a young girl, lying on a reclining lawn chair. She is wearing a yellow dress with a floral pattern and a wide-brimmed straw hat. The girl is wearing sunglasses and has her arms crossed over her chest. Her legs are crossed at the ankles, and her feet are bare. The chair is positioned on a flat surface, and the girl's shadow is cast on the ground behind her. There is no visible text in the image. The style of the image is cartoonish, with a limited color palette and a simple, clean line quality.	95471583921.png	The image is a digital illustration of a stylized female character. She has dark hair styled in a messy bun and is wearing makeup, including lipstick. The character is depicted with a neutral expression and is holding a makeup brush to her lips. She is wearing a white garment that appears to be a robe or a dress with a high neckline. On the table in front of her are various makeup items, including a palette, a bottle that could be a makeup product, and a brush. The background is plain and does not provide any additional context. There is no visible text in the image.	49273554015.png	The image depicts a stylized, animated character of a young girl with blonde hair. She is wearing a white dress with a ruffled collar and a large, ornate crown with multiple layers and a golden hue. The girl is lying down with her eyes closed, suggesting she is asleep. Her hair is styled in a voluminous, curly fashion, and she has a small, delicate pearl earring in her left ear. The background is a solid dark color, which contrasts with the light color of the girl's hair and dress, making her the central focus of the image. There is no visible text in the image.	27299473186.png	The image depicts an animated character, a woman with dark hair styled in a bun, wearing a yellow headband with a polka dot pattern. She is lying down with her eyes closed, suggesting she is asleep. The character is wearing a green mask that covers her eyes and nose, and she has a small, closed-mouth smile. She is resting her head on a gray pillow. The background is plain and white, which contrasts with the character's skin tone and the colors of her headband and mask. There is no visible text in the image. The style of the image is cartoonish and appears to be a digital illustration.	67653090813.png	The image depicts a stylized, cartoon-like illustration of a young girl with dark hair styled in a messy bun. She is lying down with her eyes closed, suggesting she is asleep or resting. The girl is wearing a long-sleeved orange top with a pattern of small white dots. She is positioned on a gray pillow, which is placed on a white surface. The overall style of the image is soft and whimsical, with a limited color palette that emphasizes the orange of the girl's top.
skjønnhetssøvn	I natt er det sommertid, og da skal klokka stilles igjen, og vi går dermed glipp av en times skjønnhetssøvn		95471583921.png	The image is a digital illustration of a stylized female character. She has dark hair styled in a messy bun and is wearing makeup, including lipstick. The character is depicted with a neutral expression and is holding a makeup brush to her lips. She is wearing a white garment that appears to be a robe or a dress with a high neckline. On the table in front of her are various makeup items, including a palette, a bottle that could be a makeup product, and a brush. The background is plain and does not provide any additional context. There is no visible text in the image.	67653090813.png	The image depicts a stylized, cartoon-like illustration of a young girl with dark hair styled in a messy bun. She is lying down with her eyes closed, suggesting she is asleep or resting. The girl is wearing a long-sleeved orange top with a pattern of small white dots. She is positioned on a gray pillow, which is placed on a white surface. The overall style of the image is soft and whimsical, with a limited color palette that emphasizes the orange of the girl's top.	49273554015.png	The image depicts a stylized, animated character of a young girl with blonde hair. She is wearing a white dress with a ruffled collar and a large, ornate crown with multiple layers and a golden hue. The girl is lying down with her eyes closed, suggesting she is asleep. Her hair is styled in a voluminous, curly fashion, and she has a small, delicate pearl earring in her left ear. The background is a solid dark color, which contrasts with the light color of the girl's hair and dress, making her the central focus of the image. There is no visible text in the image.	96685289565.png	The image depicts an animated character, a young girl, lying on a reclining lawn chair. She is wearing a yellow dress with a floral pattern and a wide-brimmed straw hat. The girl is wearing sunglasses and has her arms crossed over her chest. Her legs are crossed at the ankles, and her feet are bare. The chair is positioned on a flat surface, and the girl's shadow is cast on the ground behind her. There is no visible text in the image. The style of the image is cartoonish, with a limited color palette and a simple, clean line quality.	27299473186.png	The image depicts an animated character, a woman with dark hair styled in a bun, wearing a yellow headband with a polka dot pattern. She is lying down with her eyes closed, suggesting she is asleep. The character is wearing a green mask that covers her eyes and nose, and she has a small, closed-mouth smile. She is resting her head on a gray pillow. The background is plain and white, which contrasts with the character's skin tone and the colors of her headband and mask. There is no visible text in the image. The style of the image is cartoonish and appears to be a digital illustration.
skjønnhetssøvn	Eventyret beskriver en skjønnhetssøvn så dyp at hun våkner med hår som glinser som gull.		95471583921.png	The image is a digital illustration of a stylized female character. She has dark hair styled in a messy bun and is wearing makeup, including lipstick. The character is depicted with a neutral expression and is holding a makeup brush to her lips. She is wearing a white garment that appears to be a robe or a dress with a high neckline. On the table in front of her are various makeup items, including a palette, a bottle that could be a makeup product, and a brush. The background is plain and does not provide any additional context. There is no visible text in the image.	49273554015.png	The image depicts a stylized, animated character of a young girl with blonde hair. She is wearing a white dress with a ruffled collar and a large, ornate crown with multiple layers and a golden hue. The girl is lying down with her eyes closed, suggesting she is asleep. Her hair is styled in a voluminous, curly fashion, and she has a small, delicate pearl earring in her left ear. The background is a solid dark color, which contrasts with the light color of the girl's hair and dress, making her the central focus of the image. There is no visible text in the image.	96685289565.png	The image depicts an animated character, a young girl, lying on a reclining lawn chair. She is wearing a yellow dress with a floral pattern and a wide-brimmed straw hat. The girl is wearing sunglasses and has her arms crossed over her chest. Her legs are crossed at the ankles, and her feet are bare. The chair is positioned on a flat surface, and the girl's shadow is cast on the ground behind her. There is no visible text in the image. The style of the image is cartoonish, with a limited color palette and a simple, clean line quality.	67653090813.png	The image depicts a stylized, cartoon-like illustration of a young girl with dark hair styled in a messy bun. She is lying down with her eyes closed, suggesting she is asleep or resting. The girl is wearing a long-sleeved orange top with a pattern of small white dots. She is positioned on a gray pillow, which is placed on a white surface. The overall style of the image is soft and whimsical, with a limited color palette that emphasizes the orange of the girl's top.	27299473186.png	The image depicts an animated character, a woman with dark hair styled in a bun, wearing a yellow headband with a polka dot pattern. She is lying down with her eyes closed, suggesting she is asleep. The character is wearing a green mask that covers her eyes and nose, and she has a small, closed-mouth smile. She is resting her head on a gray pillow. The background is plain and white, which contrasts with the character's skin tone and the colors of her headband and mask. There is no visible text in the image. The style of the image is cartoonish and appears to be a digital illustration.
skjønnhetssøvn	I testen skulle deltakerne gjennom en åtte timers skjønnhetssøvn mens forskerne målte hudens reaksjoner.		49273554015.png	The image depicts a stylized, animated character of a young girl with blonde hair. She is wearing a white dress with a ruffled collar and a large, ornate crown with multiple layers and a golden hue. The girl is lying down with her eyes closed, suggesting she is asleep. Her hair is styled in a voluminous, curly fashion, and she has a small, delicate pearl earring in her left ear. The background is a solid dark color, which contrasts with the light color of the girl's hair and dress, making her the central focus of the image. There is no visible text in the image.	67653090813.png	The image depicts a stylized, cartoon-like illustration of a young girl with dark hair styled in a messy bun. She is lying down with her eyes closed, suggesting she is asleep or resting. The girl is wearing a long-sleeved orange top with a pattern of small white dots. She is positioned on a gray pillow, which is placed on a white surface. The overall style of the image is soft and whimsical, with a limited color palette that emphasizes the orange of the girl's top.	27299473186.png	The image depicts an animated character, a woman with dark hair styled in a bun, wearing a yellow headband with a polka dot pattern. She is lying down with her eyes closed, suggesting she is asleep. The character is wearing a green mask that covers her eyes and nose, and she has a small, closed-mouth smile. She is resting her head on a gray pillow. The background is plain and white, which contrasts with the character's skin tone and the colors of her headband and mask. There is no visible text in the image. The style of the image is cartoonish and appears to be a digital illustration.	96685289565.png	The image depicts an animated character, a young girl, lying on a reclining lawn chair. She is wearing a yellow dress with a floral pattern and a wide-brimmed straw hat. The girl is wearing sunglasses and has her arms crossed over her chest. Her legs are crossed at the ankles, and her feet are bare. The chair is positioned on a flat surface, and the girl's shadow is cast on the ground behind her. There is no visible text in the image. The style of the image is cartoonish, with a limited color palette and a simple, clean line quality.	95471583921.png	The image is a digital illustration of a stylized female character. She has dark hair styled in a messy bun and is wearing makeup, including lipstick. The character is depicted with a neutral expression and is holding a makeup brush to her lips. She is wearing a white garment that appears to be a robe or a dress with a high neckline. On the table in front of her are various makeup items, including a palette, a bottle that could be a makeup product, and a brush. The background is plain and does not provide any additional context. There is no visible text in the image.
lek og moro	Å være barnebokforfatter i Norge er ikke bare lek og moro, mener Bjørn Arild Ersland, som har erfart at mange forlag har en tendens til å gjemme barnebøker i serier i stedet for å vise dem fram som individualle utgivelser.		51285612180.png	The image depicts a lively scene of four animated children playing in a rocky area. They are dressed in casual clothing, with two boys and two girls. The boys are wearing orange shirts and blue pants, while the girls are in orange dresses. They are all smiling and appear to be in motion, suggesting they are running or playing.  Above them, there are several bubbles floating in the air, some of which contain orange objects that resemble pumpkins or fruits. The bubbles are of various sizes and are scattered across the sky.  In the background, there is a small wooden structure that resembles a playhouse or fort. The structure has a thatched roof and a small window. The ground is covered with rocks and patches of grass, and there are a few orange pumpkins or fruits scattered around.  The overall style of the image is cartoonish and whimsical, with a focus on bright colors and a sense of joyful play. There is no visible text in the image.	69241410221.png	The image features two animated characters. On the left is a brown teddy bear with a smiling face, and on the right is a robot with a black and white head, orange and gray body, and black and white limbs. The robot has a friendly expression with a smile and two small eyes. The robot's body has orange and gray panels, and it has two black and white hands. The teddy bear has brown fur and a brown nose. The robot's feet are black and white with orange and gray details. There is no visible text in the image. The characters are standing close to each other, suggesting a friendly interaction.	89163957053.png	The image depicts a group of four animated characters sitting around a table, smiling and appearing to be in a cheerful mood. They are dressed in business attire, suggesting a professional setting. The characters are surrounded by various items on the table, including cups, a plate with food, and a book. On the floor, there are two stuffed animals, a tiger and a cat, and a clock. The background is plain and does not provide any additional context. The style of the image is cartoonish and colorful, with a focus on friendly and approachable expressions.	46573569005.png	The image depicts an animated character, a young boy, with curly hair and a backpack, standing on a rocky surface. He is holding a large, irregularly shaped rock with both hands, as if he is lifting it. The boy is smiling and appears to be in a joyful or playful mood. In the foreground, there is a small plant with green leaves and orange flowers. The background is a plain, light color, providing a contrast to the rock and the character. There is no visible text in the image. The style of the image is illustrative and cartoonish.	46494898668.png	The image features a stylized illustration of a small dog with a predominantly white coat and orange markings on its face, ears, and tail. The dog has a fluffy appearance with a soft texture, and its eyes are large and expressive. It is wearing a bright orange collar with a black buckle. The dog is sitting on a flat surface, and its tail is curled up behind it. The background is plain and does not distract from the subject. There is no visible text in the image.
lek og moro	Etterulykken var jeg klar på at jeg skulle på ski igjen, men plutselig var det ikke bare lek og moro.		46494898668.png	The image features a stylized illustration of a small dog with a predominantly white coat and orange markings on its face, ears, and tail. The dog has a fluffy appearance with a soft texture, and its eyes are large and expressive. It is wearing a bright orange collar with a black buckle. The dog is sitting on a flat surface, and its tail is curled up behind it. The background is plain and does not distract from the subject. There is no visible text in the image.	46573569005.png	The image depicts an animated character, a young boy, with curly hair and a backpack, standing on a rocky surface. He is holding a large, irregularly shaped rock with both hands, as if he is lifting it. The boy is smiling and appears to be in a joyful or playful mood. In the foreground, there is a small plant with green leaves and orange flowers. The background is a plain, light color, providing a contrast to the rock and the character. There is no visible text in the image. The style of the image is illustrative and cartoonish.	51285612180.png	The image depicts a lively scene of four animated children playing in a rocky area. They are dressed in casual clothing, with two boys and two girls. The boys are wearing orange shirts and blue pants, while the girls are in orange dresses. They are all smiling and appear to be in motion, suggesting they are running or playing.  Above them, there are several bubbles floating in the air, some of which contain orange objects that resemble pumpkins or fruits. The bubbles are of various sizes and are scattered across the sky.  In the background, there is a small wooden structure that resembles a playhouse or fort. The structure has a thatched roof and a small window. The ground is covered with rocks and patches of grass, and there are a few orange pumpkins or fruits scattered around.  The overall style of the image is cartoonish and whimsical, with a focus on bright colors and a sense of joyful play. There is no visible text in the image.	69241410221.png	The image features two animated characters. On the left is a brown teddy bear with a smiling face, and on the right is a robot with a black and white head, orange and gray body, and black and white limbs. The robot has a friendly expression with a smile and two small eyes. The robot's body has orange and gray panels, and it has two black and white hands. The teddy bear has brown fur and a brown nose. The robot's feet are black and white with orange and gray details. There is no visible text in the image. The characters are standing close to each other, suggesting a friendly interaction.	89163957053.png	The image depicts a group of four animated characters sitting around a table, smiling and appearing to be in a cheerful mood. They are dressed in business attire, suggesting a professional setting. The characters are surrounded by various items on the table, including cups, a plate with food, and a book. On the floor, there are two stuffed animals, a tiger and a cat, and a clock. The background is plain and does not provide any additional context. The style of the image is cartoonish and colorful, with a focus on friendly and approachable expressions.
lek og moro	For å redusere presset på de aller yngste i skolen, er det bare lek og moro som står på pensum i klassen til Nora.		89163957053.png	The image depicts a group of four animated characters sitting around a table, smiling and appearing to be in a cheerful mood. They are dressed in business attire, suggesting a professional setting. The characters are surrounded by various items on the table, including cups, a plate with food, and a book. On the floor, there are two stuffed animals, a tiger and a cat, and a clock. The background is plain and does not provide any additional context. The style of the image is cartoonish and colorful, with a focus on friendly and approachable expressions.	46573569005.png	The image depicts an animated character, a young boy, with curly hair and a backpack, standing on a rocky surface. He is holding a large, irregularly shaped rock with both hands, as if he is lifting it. The boy is smiling and appears to be in a joyful or playful mood. In the foreground, there is a small plant with green leaves and orange flowers. The background is a plain, light color, providing a contrast to the rock and the character. There is no visible text in the image. The style of the image is illustrative and cartoonish.	51285612180.png	The image depicts a lively scene of four animated children playing in a rocky area. They are dressed in casual clothing, with two boys and two girls. The boys are wearing orange shirts and blue pants, while the girls are in orange dresses. They are all smiling and appear to be in motion, suggesting they are running or playing.  Above them, there are several bubbles floating in the air, some of which contain orange objects that resemble pumpkins or fruits. The bubbles are of various sizes and are scattered across the sky.  In the background, there is a small wooden structure that resembles a playhouse or fort. The structure has a thatched roof and a small window. The ground is covered with rocks and patches of grass, and there are a few orange pumpkins or fruits scattered around.  The overall style of the image is cartoonish and whimsical, with a focus on bright colors and a sense of joyful play. There is no visible text in the image.	69241410221.png	The image features two animated characters. On the left is a brown teddy bear with a smiling face, and on the right is a robot with a black and white head, orange and gray body, and black and white limbs. The robot has a friendly expression with a smile and two small eyes. The robot's body has orange and gray panels, and it has two black and white hands. The teddy bear has brown fur and a brown nose. The robot's feet are black and white with orange and gray details. There is no visible text in the image. The characters are standing close to each other, suggesting a friendly interaction.	46494898668.png	The image features a stylized illustration of a small dog with a predominantly white coat and orange markings on its face, ears, and tail. The dog has a fluffy appearance with a soft texture, and its eyes are large and expressive. It is wearing a bright orange collar with a black buckle. The dog is sitting on a flat surface, and its tail is curled up behind it. The background is plain and does not distract from the subject. There is no visible text in the image.
lek og moro	Når du melder de yngste opp i idrett, er det bare lek og moro, men dette går over til alvor og hardt press lenge før de er ferdige på barneskolen.		69241410221.png	The image features two animated characters. On the left is a brown teddy bear with a smiling face, and on the right is a robot with a black and white head, orange and gray body, and black and white limbs. The robot has a friendly expression with a smile and two small eyes. The robot's body has orange and gray panels, and it has two black and white hands. The teddy bear has brown fur and a brown nose. The robot's feet are black and white with orange and gray details. There is no visible text in the image. The characters are standing close to each other, suggesting a friendly interaction.	89163957053.png	The image depicts a group of four animated characters sitting around a table, smiling and appearing to be in a cheerful mood. They are dressed in business attire, suggesting a professional setting. The characters are surrounded by various items on the table, including cups, a plate with food, and a book. On the floor, there are two stuffed animals, a tiger and a cat, and a clock. The background is plain and does not provide any additional context. The style of the image is cartoonish and colorful, with a focus on friendly and approachable expressions.	46494898668.png	The image features a stylized illustration of a small dog with a predominantly white coat and orange markings on its face, ears, and tail. The dog has a fluffy appearance with a soft texture, and its eyes are large and expressive. It is wearing a bright orange collar with a black buckle. The dog is sitting on a flat surface, and its tail is curled up behind it. The background is plain and does not distract from the subject. There is no visible text in the image.	51285612180.png	The image depicts a lively scene of four animated children playing in a rocky area. They are dressed in casual clothing, with two boys and two girls. The boys are wearing orange shirts and blue pants, while the girls are in orange dresses. They are all smiling and appear to be in motion, suggesting they are running or playing.  Above them, there are several bubbles floating in the air, some of which contain orange objects that resemble pumpkins or fruits. The bubbles are of various sizes and are scattered across the sky.  In the background, there is a small wooden structure that resembles a playhouse or fort. The structure has a thatched roof and a small window. The ground is covered with rocks and patches of grass, and there are a few orange pumpkins or fruits scattered around.  The overall style of the image is cartoonish and whimsical, with a focus on bright colors and a sense of joyful play. There is no visible text in the image.	46573569005.png	The image depicts an animated character, a young boy, with curly hair and a backpack, standing on a rocky surface. He is holding a large, irregularly shaped rock with both hands, as if he is lifting it. The boy is smiling and appears to be in a joyful or playful mood. In the foreground, there is a small plant with green leaves and orange flowers. The background is a plain, light color, providing a contrast to the rock and the character. There is no visible text in the image. The style of the image is illustrative and cartoonish.
det store bildet	Samset påpeker at vi i det store bildet kjenner havet dårlig og at det er vanskelig å forutsi hvor stor effekt disse endringene har på økosystemet i havet.		50037588806.png	The image depicts a stylized cartoon character standing on a small, brown block at the edge of a large, black maze. The character has short hair and is wearing a black suit with a white shirt. The maze is composed of numerous gray blocks, and there are small yellow flowers scattered around the base of the maze. The background is a plain, light gray color. There is no visible text in the image. The character appears to be contemplating the maze or looking into the distance.	65690047842.png	The image shows a wooden easel with a whiteboard attached to it. The whiteboard is covered with a variety of colorful sticky notes, each containing a different image or text. The images appear to be a mix of photographs and illustrations, depicting various scenes and locations. The sticky notes are connected by red lines, suggesting a relationship or connection between the different images. The easel is placed on a black surface, and the background is a plain, dark color. There is no visible text on the sticky notes. The style of the image is illustrative and appears to be a digital rendering rather than a photograph.	70068549529.png	The image depicts a large, spacious museum interior with a high ceiling. The central focus is a large painting on the wall, which features a landscape scene with boats and figures. The painting is framed by a dark border and is surrounded by a crowd of visitors who are standing at a safe distance, viewing the artwork. The visitors are dressed in a variety of casual and semi-formal attire, and some are carrying handbags. The floor is a light color, and there are no visible texts or distinguishing marks that provide additional context. The overall atmosphere is one of quiet contemplation and cultural appreciation.	22448625790.png	The image shows a framed picture on a wall. The picture contains a family of four characters: a man, a woman, and two children. The man is standing in the center, with the woman and the two children positioned to his left and right, respectively. The characters are depicted in a realistic style, with the man wearing a light-colored shirt and dark pants, the woman in a yellow dress and a brown skirt, and the children in light-colored clothing. The frame has an ornate design with a dark finish. The background of the image is a plain, light-colored wall. There is no visible text in the image.	55459158434.png	The image is a digital illustration featuring four animated characters, likely a family, standing side by side. On the left is a man with a mustache, wearing a dark coat, a scarf, and brown shoes. In the center is a woman with curly hair, wearing a dark dress and a yellow scarf. To her right is a young girl with a ponytail, wearing a yellow coat, a black skirt, and brown shoes. On the far right is a young girl with a ponytail, wearing a yellow coat, a striped shirt, and brown shoes. They all appear to be smiling and looking towards the viewer. The background is plain white, emphasizing the characters.
det store bildet	Framstillingen inneholdt enkelte feil, hvor de ikke hadde særlig betydning for det store bildet , men statistikkfeilene bidro til å gi klimaskeptikerne bensin nok til at det fortsatt i dag er høy temperatur i klimadebatten.		65690047842.png	The image shows a wooden easel with a whiteboard attached to it. The whiteboard is covered with a variety of colorful sticky notes, each containing a different image or text. The images appear to be a mix of photographs and illustrations, depicting various scenes and locations. The sticky notes are connected by red lines, suggesting a relationship or connection between the different images. The easel is placed on a black surface, and the background is a plain, dark color. There is no visible text on the sticky notes. The style of the image is illustrative and appears to be a digital rendering rather than a photograph.	55459158434.png	The image is a digital illustration featuring four animated characters, likely a family, standing side by side. On the left is a man with a mustache, wearing a dark coat, a scarf, and brown shoes. In the center is a woman with curly hair, wearing a dark dress and a yellow scarf. To her right is a young girl with a ponytail, wearing a yellow coat, a black skirt, and brown shoes. On the far right is a young girl with a ponytail, wearing a yellow coat, a striped shirt, and brown shoes. They all appear to be smiling and looking towards the viewer. The background is plain white, emphasizing the characters.	22448625790.png	The image shows a framed picture on a wall. The picture contains a family of four characters: a man, a woman, and two children. The man is standing in the center, with the woman and the two children positioned to his left and right, respectively. The characters are depicted in a realistic style, with the man wearing a light-colored shirt and dark pants, the woman in a yellow dress and a brown skirt, and the children in light-colored clothing. The frame has an ornate design with a dark finish. The background of the image is a plain, light-colored wall. There is no visible text in the image.	70068549529.png	The image depicts a large, spacious museum interior with a high ceiling. The central focus is a large painting on the wall, which features a landscape scene with boats and figures. The painting is framed by a dark border and is surrounded by a crowd of visitors who are standing at a safe distance, viewing the artwork. The visitors are dressed in a variety of casual and semi-formal attire, and some are carrying handbags. The floor is a light color, and there are no visible texts or distinguishing marks that provide additional context. The overall atmosphere is one of quiet contemplation and cultural appreciation.	50037588806.png	The image depicts a stylized cartoon character standing on a small, brown block at the edge of a large, black maze. The character has short hair and is wearing a black suit with a white shirt. The maze is composed of numerous gray blocks, and there are small yellow flowers scattered around the base of the maze. The background is a plain, light gray color. There is no visible text in the image. The character appears to be contemplating the maze or looking into the distance.
det store bildet	Magnus så nøye på det store bildet som hang i inngangspartiet til besteforeldrene sitt hus.		22448625790.png	The image shows a framed picture on a wall. The picture contains a family of four characters: a man, a woman, and two children. The man is standing in the center, with the woman and the two children positioned to his left and right, respectively. The characters are depicted in a realistic style, with the man wearing a light-colored shirt and dark pants, the woman in a yellow dress and a brown skirt, and the children in light-colored clothing. The frame has an ornate design with a dark finish. The background of the image is a plain, light-colored wall. There is no visible text in the image.	65690047842.png	The image shows a wooden easel with a whiteboard attached to it. The whiteboard is covered with a variety of colorful sticky notes, each containing a different image or text. The images appear to be a mix of photographs and illustrations, depicting various scenes and locations. The sticky notes are connected by red lines, suggesting a relationship or connection between the different images. The easel is placed on a black surface, and the background is a plain, dark color. There is no visible text on the sticky notes. The style of the image is illustrative and appears to be a digital rendering rather than a photograph.	70068549529.png	The image depicts a large, spacious museum interior with a high ceiling. The central focus is a large painting on the wall, which features a landscape scene with boats and figures. The painting is framed by a dark border and is surrounded by a crowd of visitors who are standing at a safe distance, viewing the artwork. The visitors are dressed in a variety of casual and semi-formal attire, and some are carrying handbags. The floor is a light color, and there are no visible texts or distinguishing marks that provide additional context. The overall atmosphere is one of quiet contemplation and cultural appreciation.	55459158434.png	The image is a digital illustration featuring four animated characters, likely a family, standing side by side. On the left is a man with a mustache, wearing a dark coat, a scarf, and brown shoes. In the center is a woman with curly hair, wearing a dark dress and a yellow scarf. To her right is a young girl with a ponytail, wearing a yellow coat, a black skirt, and brown shoes. On the far right is a young girl with a ponytail, wearing a yellow coat, a striped shirt, and brown shoes. They all appear to be smiling and looking towards the viewer. The background is plain white, emphasizing the characters.	50037588806.png	The image depicts a stylized cartoon character standing on a small, brown block at the edge of a large, black maze. The character has short hair and is wearing a black suit with a white shirt. The maze is composed of numerous gray blocks, and there are small yellow flowers scattered around the base of the maze. The background is a plain, light gray color. There is no visible text in the image. The character appears to be contemplating the maze or looking into the distance.
det store bildet	Det store bildet på flyplassen skulle illustrere alle opplevelsene man går glipp av om man bare blir sittende hjemme hele livet.		70068549529.png	The image depicts a large, spacious museum interior with a high ceiling. The central focus is a large painting on the wall, which features a landscape scene with boats and figures. The painting is framed by a dark border and is surrounded by a crowd of visitors who are standing at a safe distance, viewing the artwork. The visitors are dressed in a variety of casual and semi-formal attire, and some are carrying handbags. The floor is a light color, and there are no visible texts or distinguishing marks that provide additional context. The overall atmosphere is one of quiet contemplation and cultural appreciation.	22448625790.png	The image shows a framed picture on a wall. The picture contains a family of four characters: a man, a woman, and two children. The man is standing in the center, with the woman and the two children positioned to his left and right, respectively. The characters are depicted in a realistic style, with the man wearing a light-colored shirt and dark pants, the woman in a yellow dress and a brown skirt, and the children in light-colored clothing. The frame has an ornate design with a dark finish. The background of the image is a plain, light-colored wall. There is no visible text in the image.	50037588806.png	The image depicts a stylized cartoon character standing on a small, brown block at the edge of a large, black maze. The character has short hair and is wearing a black suit with a white shirt. The maze is composed of numerous gray blocks, and there are small yellow flowers scattered around the base of the maze. The background is a plain, light gray color. There is no visible text in the image. The character appears to be contemplating the maze or looking into the distance.	65690047842.png	The image shows a wooden easel with a whiteboard attached to it. The whiteboard is covered with a variety of colorful sticky notes, each containing a different image or text. The images appear to be a mix of photographs and illustrations, depicting various scenes and locations. The sticky notes are connected by red lines, suggesting a relationship or connection between the different images. The easel is placed on a black surface, and the background is a plain, dark color. There is no visible text on the sticky notes. The style of the image is illustrative and appears to be a digital rendering rather than a photograph.	55459158434.png	The image is a digital illustration featuring four animated characters, likely a family, standing side by side. On the left is a man with a mustache, wearing a dark coat, a scarf, and brown shoes. In the center is a woman with curly hair, wearing a dark dress and a yellow scarf. To her right is a young girl with a ponytail, wearing a yellow coat, a black skirt, and brown shoes. On the far right is a young girl with a ponytail, wearing a yellow coat, a striped shirt, and brown shoes. They all appear to be smiling and looking towards the viewer. The background is plain white, emphasizing the characters.
biologiske klokke	Eggenes holdbarhet og antall egg er det kritiske punktet i kvinnens biologi, som gjør at hun, og ikke han, er den som har en tikkende biologisk klokke.		26474713859.png	The image shows a clock with a round face and a black border. The clock has Roman numerals marking the hours. The background is a solid light color, and the clock is mounted on a wall. The clock's hands are black, and the face has a distressed, aged appearance with a mix of orange and white colors. The clock has a small, ornate finial at the top. There is no visible text on the clock. The style of the image is a digital illustration with a realistic texture.	92633138087.png	The image depicts a stylized illustration of a human heart with various mechanical components attached to it. The heart is predominantly black with a metallic sheen, and it is adorned with a clock face on the left side. The clock face has a white background with black numbers and hands, indicating the time.  Surrounding the heart are numerous mechanical parts, including gears, pipes, and other mechanical components, suggesting a fusion of organic and mechanical elements. The gears are in shades of gold and brown, and they are interconnected with pipes and other mechanical structures.  Scattered around the heart are small, colorful hearts, which appear to be floating or flying. These hearts are in various colors such as yellow, red, and orange.  The overall style of the image is reminiscent of a steampunk aesthetic, combining organic and mechanical elements in a creative and imaginative way. There is no visible text in the image.	37724689282.png	The image displays three stylized representations of DNA double helixes against a black background. Each helix is composed of intertwined strands with spheres of various colors attached to the strands, suggesting a molecular structure. The spheres are spherical and come in shades of blue, green, yellow, and orange. The DNA strands are white and appear to be made of a smooth, curved material. There is no visible text in the image. The style of the image is digital and appears to be a 3D rendering or illustration.	26603031857.png	The image depicts a stylized, cartoon-like illustration of a woman in a relaxed sleeping position. She has long brown hair and is wearing a light-colored tank top. Her eyes are closed, and her head is comfortably resting on a pillow. She has a bandage wrapped around her right arm, suggesting she may have recently had a medical procedure or injury. The background is plain and does not provide any additional context or setting. There is no visible text in the image.	38497791468.png	The image depicts a stylized illustration of a young girl lying in a bed. She has long dark hair and is wearing a short-sleeved orange top. The girl appears to be looking up at a clock hanging on the wall above her. The clock has a simple design with a white face and black numbers and hands. The bed has a gray headboard and a gray blanket. The girl's expression is neutral, and she seems to be in a relaxed state. There is no visible text in the image. The style of the illustration is cartoonish and appears to be aimed at a younger audience.
biologiske klokke	Muligheten til å fryse egne ubefruktede egg i optimal alder, for fremtidig bruk dersom behovet skulle oppstå, lar kvinner fristille seg fra egen biologisk klokke for en periode.		92633138087.png	The image depicts a stylized illustration of a human heart with various mechanical components attached to it. The heart is predominantly black with a metallic sheen, and it is adorned with a clock face on the left side. The clock face has a white background with black numbers and hands, indicating the time.  Surrounding the heart are numerous mechanical parts, including gears, pipes, and other mechanical components, suggesting a fusion of organic and mechanical elements. The gears are in shades of gold and brown, and they are interconnected with pipes and other mechanical structures.  Scattered around the heart are small, colorful hearts, which appear to be floating or flying. These hearts are in various colors such as yellow, red, and orange.  The overall style of the image is reminiscent of a steampunk aesthetic, combining organic and mechanical elements in a creative and imaginative way. There is no visible text in the image.	38497791468.png	The image depicts a stylized illustration of a young girl lying in a bed. She has long dark hair and is wearing a short-sleeved orange top. The girl appears to be looking up at a clock hanging on the wall above her. The clock has a simple design with a white face and black numbers and hands. The bed has a gray headboard and a gray blanket. The girl's expression is neutral, and she seems to be in a relaxed state. There is no visible text in the image. The style of the illustration is cartoonish and appears to be aimed at a younger audience.	26603031857.png	The image depicts a stylized, cartoon-like illustration of a woman in a relaxed sleeping position. She has long brown hair and is wearing a light-colored tank top. Her eyes are closed, and her head is comfortably resting on a pillow. She has a bandage wrapped around her right arm, suggesting she may have recently had a medical procedure or injury. The background is plain and does not provide any additional context or setting. There is no visible text in the image.	37724689282.png	The image displays three stylized representations of DNA double helixes against a black background. Each helix is composed of intertwined strands with spheres of various colors attached to the strands, suggesting a molecular structure. The spheres are spherical and come in shades of blue, green, yellow, and orange. The DNA strands are white and appear to be made of a smooth, curved material. There is no visible text in the image. The style of the image is digital and appears to be a 3D rendering or illustration.	26474713859.png	The image shows a clock with a round face and a black border. The clock has Roman numerals marking the hours. The background is a solid light color, and the clock is mounted on a wall. The clock's hands are black, and the face has a distressed, aged appearance with a mix of orange and white colors. The clock has a small, ornate finial at the top. There is no visible text on the clock. The style of the image is a digital illustration with a realistic texture.
biologiske klokke	Selv om Frankenstein er mest kjent for sine monstre, har han også vist kreativitet på andre områder, slik som da han lagde en biologisk klokke av et hjerte, hvor hjerte- og klokkeslagene samsvarer.		26603031857.png	The image depicts a stylized, cartoon-like illustration of a woman in a relaxed sleeping position. She has long brown hair and is wearing a light-colored tank top. Her eyes are closed, and her head is comfortably resting on a pillow. She has a bandage wrapped around her right arm, suggesting she may have recently had a medical procedure or injury. The background is plain and does not provide any additional context or setting. There is no visible text in the image.	92633138087.png	The image depicts a stylized illustration of a human heart with various mechanical components attached to it. The heart is predominantly black with a metallic sheen, and it is adorned with a clock face on the left side. The clock face has a white background with black numbers and hands, indicating the time.  Surrounding the heart are numerous mechanical parts, including gears, pipes, and other mechanical components, suggesting a fusion of organic and mechanical elements. The gears are in shades of gold and brown, and they are interconnected with pipes and other mechanical structures.  Scattered around the heart are small, colorful hearts, which appear to be floating or flying. These hearts are in various colors such as yellow, red, and orange.  The overall style of the image is reminiscent of a steampunk aesthetic, combining organic and mechanical elements in a creative and imaginative way. There is no visible text in the image.	37724689282.png	The image displays three stylized representations of DNA double helixes against a black background. Each helix is composed of intertwined strands with spheres of various colors attached to the strands, suggesting a molecular structure. The spheres are spherical and come in shades of blue, green, yellow, and orange. The DNA strands are white and appear to be made of a smooth, curved material. There is no visible text in the image. The style of the image is digital and appears to be a 3D rendering or illustration.	38497791468.png	The image depicts a stylized illustration of a young girl lying in a bed. She has long dark hair and is wearing a short-sleeved orange top. The girl appears to be looking up at a clock hanging on the wall above her. The clock has a simple design with a white face and black numbers and hands. The bed has a gray headboard and a gray blanket. The girl's expression is neutral, and she seems to be in a relaxed state. There is no visible text in the image. The style of the illustration is cartoonish and appears to be aimed at a younger audience.	26474713859.png	The image shows a clock with a round face and a black border. The clock has Roman numerals marking the hours. The background is a solid light color, and the clock is mounted on a wall. The clock's hands are black, and the face has a distressed, aged appearance with a mix of orange and white colors. The clock has a small, ornate finial at the top. There is no visible text on the clock. The style of the image is a digital illustration with a realistic texture.
biologiske klokke	Menneskene la seg ned på bakken i formasjon og dannet på den måten et solur, en slags biologisk klokke.		37724689282.png	The image displays three stylized representations of DNA double helixes against a black background. Each helix is composed of intertwined strands with spheres of various colors attached to the strands, suggesting a molecular structure. The spheres are spherical and come in shades of blue, green, yellow, and orange. The DNA strands are white and appear to be made of a smooth, curved material. There is no visible text in the image. The style of the image is digital and appears to be a 3D rendering or illustration.	92633138087.png	The image depicts a stylized illustration of a human heart with various mechanical components attached to it. The heart is predominantly black with a metallic sheen, and it is adorned with a clock face on the left side. The clock face has a white background with black numbers and hands, indicating the time.  Surrounding the heart are numerous mechanical parts, including gears, pipes, and other mechanical components, suggesting a fusion of organic and mechanical elements. The gears are in shades of gold and brown, and they are interconnected with pipes and other mechanical structures.  Scattered around the heart are small, colorful hearts, which appear to be floating or flying. These hearts are in various colors such as yellow, red, and orange.  The overall style of the image is reminiscent of a steampunk aesthetic, combining organic and mechanical elements in a creative and imaginative way. There is no visible text in the image.	38497791468.png	The image depicts a stylized illustration of a young girl lying in a bed. She has long dark hair and is wearing a short-sleeved orange top. The girl appears to be looking up at a clock hanging on the wall above her. The clock has a simple design with a white face and black numbers and hands. The bed has a gray headboard and a gray blanket. The girl's expression is neutral, and she seems to be in a relaxed state. There is no visible text in the image. The style of the illustration is cartoonish and appears to be aimed at a younger audience.	26603031857.png	The image depicts a stylized, cartoon-like illustration of a woman in a relaxed sleeping position. She has long brown hair and is wearing a light-colored tank top. Her eyes are closed, and her head is comfortably resting on a pillow. She has a bandage wrapped around her right arm, suggesting she may have recently had a medical procedure or injury. The background is plain and does not provide any additional context or setting. There is no visible text in the image.	26474713859.png	The image shows a clock with a round face and a black border. The clock has Roman numerals marking the hours. The background is a solid light color, and the clock is mounted on a wall. The clock's hands are black, and the face has a distressed, aged appearance with a mix of orange and white colors. The clock has a small, ornate finial at the top. There is no visible text on the clock. The style of the image is a digital illustration with a realistic texture.
fugleperspektiv	Torbjørn Færøvik tar oss i årets bok med til India med fugleperspektiv, der det trengs, og skildrer skjebner fra rennestinen med en innlevelse the fleste reportere har mye å lære av.		89208960186.png	The image features a stylized, cartoon-like depiction of a bird with a prominent beak and large, round eyes. The bird has a combination of orange and black feathers, with the orange feathers being more prominent on its wings and tail. It stands on one leg, with the other leg tucked under its body. The background is plain and does not provide any context or additional details. There is no visible text in the image. The style of the image is illustrative and appears to be designed for artistic or decorative purposes.	41803586781.png	The image depicts a serene rural landscape. In the foreground, there's a large, brown and white bird in flight, soaring above the landscape. The bird is detailed with shades of brown and white, and its wings are spread wide.  The landscape below is a vast, open field with a mix of green and brown hues, suggesting a blend of crops and bare earth. The field is dotted with small buildings, possibly farmhouses or barns, and a few trees are scattered throughout the area.  In the distance, there's a town with a variety of buildings, including what appears to be a church with a steeple. The town is nestled among the fields, and the sky above is a soft, pale blue with a few scattered clouds.  The image is a digital illustration with a realistic style, and there is no visible text. The overall composition of the image suggests a peaceful, rural setting, possibly in a region with a temperate climate.	38193732825.png	The image features an anthropomorphic bird with a human-like posture, holding a map in its hands. The bird has a bright orange body, a brown head, and a red tail. It is wearing a pair of black glasses with round lenses. The map appears to be a stylized representation of a world map, with visible continents and oceans. The bird is standing on one leg, and its wings are folded at its sides. There is no visible text in the image. The style of the image is illustrative and cartoonish.	88501266185.png	The image depicts a stylized illustration of a person standing on a hilltop, overlooking a densely packed cityscape. The person is wearing a bright orange jacket and dark pants, with their back to the viewer. The city below is composed of numerous buildings, rendered in a variety of colors, suggesting a bustling urban environment. The hilltop on which the person stands is barren, with a few scattered rocks. The sky above is a uniform light blue, and there is a subtle mist or fog that obscures the horizon. The overall style of the image is reminiscent of a digital painting with a focus on color and texture.	40911918118.png	The image depicts an animated character, a man in a brown coat and a yellow hat, standing in front of a large blackboard with a world map at its center. The man is facing away from the viewer, looking at the map. The blackboard is covered with numerous photographs and drawings, connected by red string, creating a web-like pattern. The photographs appear to be of various scenes and objects, including buildings, people, and what looks like a globe. The style of the image is illustrative and cartoonish. There is no visible text in the image.
fugleperspektiv	Vi må få litt avstand til sakene, betrakte problemene fra fugleperspektiv, sa Leifern til Harrry Tartar.		38193732825.png	The image features an anthropomorphic bird with a human-like posture, holding a map in its hands. The bird has a bright orange body, a brown head, and a red tail. It is wearing a pair of black glasses with round lenses. The map appears to be a stylized representation of a world map, with visible continents and oceans. The bird is standing on one leg, and its wings are folded at its sides. There is no visible text in the image. The style of the image is illustrative and cartoonish.	40911918118.png	The image depicts an animated character, a man in a brown coat and a yellow hat, standing in front of a large blackboard with a world map at its center. The man is facing away from the viewer, looking at the map. The blackboard is covered with numerous photographs and drawings, connected by red string, creating a web-like pattern. The photographs appear to be of various scenes and objects, including buildings, people, and what looks like a globe. The style of the image is illustrative and cartoonish. There is no visible text in the image.	88501266185.png	The image depicts a stylized illustration of a person standing on a hilltop, overlooking a densely packed cityscape. The person is wearing a bright orange jacket and dark pants, with their back to the viewer. The city below is composed of numerous buildings, rendered in a variety of colors, suggesting a bustling urban environment. The hilltop on which the person stands is barren, with a few scattered rocks. The sky above is a uniform light blue, and there is a subtle mist or fog that obscures the horizon. The overall style of the image is reminiscent of a digital painting with a focus on color and texture.	89208960186.png	The image features a stylized, cartoon-like depiction of a bird with a prominent beak and large, round eyes. The bird has a combination of orange and black feathers, with the orange feathers being more prominent on its wings and tail. It stands on one leg, with the other leg tucked under its body. The background is plain and does not provide any context or additional details. There is no visible text in the image. The style of the image is illustrative and appears to be designed for artistic or decorative purposes.	41803586781.png	The image depicts a serene rural landscape. In the foreground, there's a large, brown and white bird in flight, soaring above the landscape. The bird is detailed with shades of brown and white, and its wings are spread wide.  The landscape below is a vast, open field with a mix of green and brown hues, suggesting a blend of crops and bare earth. The field is dotted with small buildings, possibly farmhouses or barns, and a few trees are scattered throughout the area.  In the distance, there's a town with a variety of buildings, including what appears to be a church with a steeple. The town is nestled among the fields, and the sky above is a soft, pale blue with a few scattered clouds.  The image is a digital illustration with a realistic style, and there is no visible text. The overall composition of the image suggests a peaceful, rural setting, possibly in a region with a temperate climate.
fugleperspektiv	Awacs-flyene gir militære strateger et fugleperspektiv som bakkestasjoner ikke kan gi.		41803586781.png	The image depicts a serene rural landscape. In the foreground, there's a large, brown and white bird in flight, soaring above the landscape. The bird is detailed with shades of brown and white, and its wings are spread wide.  The landscape below is a vast, open field with a mix of green and brown hues, suggesting a blend of crops and bare earth. The field is dotted with small buildings, possibly farmhouses or barns, and a few trees are scattered throughout the area.  In the distance, there's a town with a variety of buildings, including what appears to be a church with a steeple. The town is nestled among the fields, and the sky above is a soft, pale blue with a few scattered clouds.  The image is a digital illustration with a realistic style, and there is no visible text. The overall composition of the image suggests a peaceful, rural setting, possibly in a region with a temperate climate.	89208960186.png	The image features a stylized, cartoon-like depiction of a bird with a prominent beak and large, round eyes. The bird has a combination of orange and black feathers, with the orange feathers being more prominent on its wings and tail. It stands on one leg, with the other leg tucked under its body. The background is plain and does not provide any context or additional details. There is no visible text in the image. The style of the image is illustrative and appears to be designed for artistic or decorative purposes.	38193732825.png	The image features an anthropomorphic bird with a human-like posture, holding a map in its hands. The bird has a bright orange body, a brown head, and a red tail. It is wearing a pair of black glasses with round lenses. The map appears to be a stylized representation of a world map, with visible continents and oceans. The bird is standing on one leg, and its wings are folded at its sides. There is no visible text in the image. The style of the image is illustrative and cartoonish.	40911918118.png	The image depicts an animated character, a man in a brown coat and a yellow hat, standing in front of a large blackboard with a world map at its center. The man is facing away from the viewer, looking at the map. The blackboard is covered with numerous photographs and drawings, connected by red string, creating a web-like pattern. The photographs appear to be of various scenes and objects, including buildings, people, and what looks like a globe. The style of the image is illustrative and cartoonish. There is no visible text in the image.	88501266185.png	The image depicts a stylized illustration of a person standing on a hilltop, overlooking a densely packed cityscape. The person is wearing a bright orange jacket and dark pants, with their back to the viewer. The city below is composed of numerous buildings, rendered in a variety of colors, suggesting a bustling urban environment. The hilltop on which the person stands is barren, with a few scattered rocks. The sky above is a uniform light blue, and there is a subtle mist or fog that obscures the horizon. The overall style of the image is reminiscent of a digital painting with a focus on color and texture.
fugleperspektiv	Gjennom Haltdalen går toget høyt oppe i lia og vi kan se elva og riksveien i skikkelig fugleperspektiv.		40911918118.png	The image depicts an animated character, a man in a brown coat and a yellow hat, standing in front of a large blackboard with a world map at its center. The man is facing away from the viewer, looking at the map. The blackboard is covered with numerous photographs and drawings, connected by red string, creating a web-like pattern. The photographs appear to be of various scenes and objects, including buildings, people, and what looks like a globe. The style of the image is illustrative and cartoonish. There is no visible text in the image.	89208960186.png	The image features a stylized, cartoon-like depiction of a bird with a prominent beak and large, round eyes. The bird has a combination of orange and black feathers, with the orange feathers being more prominent on its wings and tail. It stands on one leg, with the other leg tucked under its body. The background is plain and does not provide any context or additional details. There is no visible text in the image. The style of the image is illustrative and appears to be designed for artistic or decorative purposes.	88501266185.png	The image depicts a stylized illustration of a person standing on a hilltop, overlooking a densely packed cityscape. The person is wearing a bright orange jacket and dark pants, with their back to the viewer. The city below is composed of numerous buildings, rendered in a variety of colors, suggesting a bustling urban environment. The hilltop on which the person stands is barren, with a few scattered rocks. The sky above is a uniform light blue, and there is a subtle mist or fog that obscures the horizon. The overall style of the image is reminiscent of a digital painting with a focus on color and texture.	41803586781.png	The image depicts a serene rural landscape. In the foreground, there's a large, brown and white bird in flight, soaring above the landscape. The bird is detailed with shades of brown and white, and its wings are spread wide.  The landscape below is a vast, open field with a mix of green and brown hues, suggesting a blend of crops and bare earth. The field is dotted with small buildings, possibly farmhouses or barns, and a few trees are scattered throughout the area.  In the distance, there's a town with a variety of buildings, including what appears to be a church with a steeple. The town is nestled among the fields, and the sky above is a soft, pale blue with a few scattered clouds.  The image is a digital illustration with a realistic style, and there is no visible text. The overall composition of the image suggests a peaceful, rural setting, possibly in a region with a temperate climate.	38193732825.png	The image features an anthropomorphic bird with a human-like posture, holding a map in its hands. The bird has a bright orange body, a brown head, and a red tail. It is wearing a pair of black glasses with round lenses. The map appears to be a stylized representation of a world map, with visible continents and oceans. The bird is standing on one leg, and its wings are folded at its sides. There is no visible text in the image. The style of the image is illustrative and cartoonish.
svartebørsen	Selecta har ifølge rapporten også kjøpt soyabønner av produsenter som er anklaget for å bruke illegale sprøytemidler kjøpt på svartebørsen, og som er under etterforsking for miljøkriminalitet.		81073836056.png	The image depicts two figures standing on a sidewalk at night. They are wearing dark hooded jackets and appear to be engaged in a conversation. One figure is holding an object that resembles a book or a small package. The background is dark, with a hint of a building and a streetlight illuminating the scene. The style of the image is illustrative, with a limited color palette that emphasizes the contrast between the dark figures and the lighter background.	99078410869.png	The image is a stylized illustration featuring two animated characters. On the left is a young boy with brown hair, wearing a straw hat, a yellow shirt, and overalls. He is holding a brown sack with a dollar sign on it. On the right is an adult female with black hair, wearing a plaid shirt, a gray apron, and carrying a brown purse. She is holding a green watering can and appears to be handing the boy money. They are standing on grass with plants and flowers around them. The background is plain white. There is no visible text in the image.	29426965053.png	The image shows an interior space that appears to be a control room or a data center. The room is illuminated by recessed lighting and has a dark, industrial aesthetic. There are multiple rows of workstations with computer monitors, keyboards, and chairs. The floor is a reflective surface, and the walls are made of glass, creating a sense of openness. The room is symmetrical, with a central aisle leading to a darker area at the end. There are no visible texts or distinctive brands in the image. The style of the image is a realistic photograph with a focus on the architectural and functional design of the space.	69998491021.png	The image depicts two animated characters sitting at a desk with multiple computer monitors displaying various charts and graphs. The characters appear to be engaged in monitoring or analyzing the data presented on the screens. The monitors show a mix of line graphs, bar charts, and possibly financial or stock market data. The characters are wearing glasses and are dressed in casual attire. The desk has a few items on it, including a mug and a smartphone. The overall setting suggests a professional environment focused on data analysis or trading.	16429038534.png	The image shows a computer monitor displaying a colorful bar graph with various icons and symbols at the top of each bar. The bars are arranged in a descending order from left to right. The monitor is placed on a stand, and there is a mouse to the right side of the monitor. The background is plain and does not provide any additional context. The style of the image is illustrative and appears to be a digital rendering rather than a photograph.
svartebørsen	Er du i London i fotballsesongen, er mulighetene mange, selv om det kan være vanskelig å fange billetter annet enn på svartebørsen utenfor Premier League-arenaene.		29426965053.png	The image shows an interior space that appears to be a control room or a data center. The room is illuminated by recessed lighting and has a dark, industrial aesthetic. There are multiple rows of workstations with computer monitors, keyboards, and chairs. The floor is a reflective surface, and the walls are made of glass, creating a sense of openness. The room is symmetrical, with a central aisle leading to a darker area at the end. There are no visible texts or distinctive brands in the image. The style of the image is a realistic photograph with a focus on the architectural and functional design of the space.	69998491021.png	The image depicts two animated characters sitting at a desk with multiple computer monitors displaying various charts and graphs. The characters appear to be engaged in monitoring or analyzing the data presented on the screens. The monitors show a mix of line graphs, bar charts, and possibly financial or stock market data. The characters are wearing glasses and are dressed in casual attire. The desk has a few items on it, including a mug and a smartphone. The overall setting suggests a professional environment focused on data analysis or trading.	16429038534.png	The image shows a computer monitor displaying a colorful bar graph with various icons and symbols at the top of each bar. The bars are arranged in a descending order from left to right. The monitor is placed on a stand, and there is a mouse to the right side of the monitor. The background is plain and does not provide any additional context. The style of the image is illustrative and appears to be a digital rendering rather than a photograph.	81073836056.png	The image depicts two figures standing on a sidewalk at night. They are wearing dark hooded jackets and appear to be engaged in a conversation. One figure is holding an object that resembles a book or a small package. The background is dark, with a hint of a building and a streetlight illuminating the scene. The style of the image is illustrative, with a limited color palette that emphasizes the contrast between the dark figures and the lighter background.	99078410869.png	The image is a stylized illustration featuring two animated characters. On the left is a young boy with brown hair, wearing a straw hat, a yellow shirt, and overalls. He is holding a brown sack with a dollar sign on it. On the right is an adult female with black hair, wearing a plaid shirt, a gray apron, and carrying a brown purse. She is holding a green watering can and appears to be handing the boy money. They are standing on grass with plants and flowers around them. The background is plain white. There is no visible text in the image.
svartebørsen	Av hele den store våpenkolleksjonen hans var nok svartebørsen favoritten - en tung, svart hagle han hadde arvet fra bestefaren.		69998491021.png	The image depicts two animated characters sitting at a desk with multiple computer monitors displaying various charts and graphs. The characters appear to be engaged in monitoring or analyzing the data presented on the screens. The monitors show a mix of line graphs, bar charts, and possibly financial or stock market data. The characters are wearing glasses and are dressed in casual attire. The desk has a few items on it, including a mug and a smartphone. The overall setting suggests a professional environment focused on data analysis or trading.	29426965053.png	The image shows an interior space that appears to be a control room or a data center. The room is illuminated by recessed lighting and has a dark, industrial aesthetic. There are multiple rows of workstations with computer monitors, keyboards, and chairs. The floor is a reflective surface, and the walls are made of glass, creating a sense of openness. The room is symmetrical, with a central aisle leading to a darker area at the end. There are no visible texts or distinctive brands in the image. The style of the image is a realistic photograph with a focus on the architectural and functional design of the space.	81073836056.png	The image depicts two figures standing on a sidewalk at night. They are wearing dark hooded jackets and appear to be engaged in a conversation. One figure is holding an object that resembles a book or a small package. The background is dark, with a hint of a building and a streetlight illuminating the scene. The style of the image is illustrative, with a limited color palette that emphasizes the contrast between the dark figures and the lighter background.	16429038534.png	The image shows a computer monitor displaying a colorful bar graph with various icons and symbols at the top of each bar. The bars are arranged in a descending order from left to right. The monitor is placed on a stand, and there is a mouse to the right side of the monitor. The background is plain and does not provide any additional context. The style of the image is illustrative and appears to be a digital rendering rather than a photograph.	99078410869.png	The image is a stylized illustration featuring two animated characters. On the left is a young boy with brown hair, wearing a straw hat, a yellow shirt, and overalls. He is holding a brown sack with a dollar sign on it. On the right is an adult female with black hair, wearing a plaid shirt, a gray apron, and carrying a brown purse. She is holding a green watering can and appears to be handing the boy money. They are standing on grass with plants and flowers around them. The background is plain white. There is no visible text in the image.
svartebørsen	På museet sto en modell av den gamle svartebørsen, et kompakt bygg med kullsvarte søyler og vinduer som glinset som obsidian.		29426965053.png	The image shows an interior space that appears to be a control room or a data center. The room is illuminated by recessed lighting and has a dark, industrial aesthetic. There are multiple rows of workstations with computer monitors, keyboards, and chairs. The floor is a reflective surface, and the walls are made of glass, creating a sense of openness. The room is symmetrical, with a central aisle leading to a darker area at the end. There are no visible texts or distinctive brands in the image. The style of the image is a realistic photograph with a focus on the architectural and functional design of the space.	69998491021.png	The image depicts two animated characters sitting at a desk with multiple computer monitors displaying various charts and graphs. The characters appear to be engaged in monitoring or analyzing the data presented on the screens. The monitors show a mix of line graphs, bar charts, and possibly financial or stock market data. The characters are wearing glasses and are dressed in casual attire. The desk has a few items on it, including a mug and a smartphone. The overall setting suggests a professional environment focused on data analysis or trading.	16429038534.png	The image shows a computer monitor displaying a colorful bar graph with various icons and symbols at the top of each bar. The bars are arranged in a descending order from left to right. The monitor is placed on a stand, and there is a mouse to the right side of the monitor. The background is plain and does not provide any additional context. The style of the image is illustrative and appears to be a digital rendering rather than a photograph.	81073836056.png	The image depicts two figures standing on a sidewalk at night. They are wearing dark hooded jackets and appear to be engaged in a conversation. One figure is holding an object that resembles a book or a small package. The background is dark, with a hint of a building and a streetlight illuminating the scene. The style of the image is illustrative, with a limited color palette that emphasizes the contrast between the dark figures and the lighter background.	99078410869.png	The image is a stylized illustration featuring two animated characters. On the left is a young boy with brown hair, wearing a straw hat, a yellow shirt, and overalls. He is holding a brown sack with a dollar sign on it. On the right is an adult female with black hair, wearing a plaid shirt, a gray apron, and carrying a brown purse. She is holding a green watering can and appears to be handing the boy money. They are standing on grass with plants and flowers around them. The background is plain white. There is no visible text in the image.
sort får	Men hvordan skal partiet legitimere det å felle ett sort får for korrupsjon når det stilles så mange spørsmål om de lederne som fortsatt sitter ved makten?		79146311543.png	The image is a digital illustration featuring two animated female characters. On the left is a character with short blonde hair, wearing a black tank top with a floral tattoo on her left arm. She has a neutral expression with a slight frown. On the right is a character with dark hair tied in a ponytail, wearing a black long-sleeved top. She has a more expressive face with wide eyes and a frown, and her mouth is slightly open. Both characters appear to be in a conversation or interaction, as suggested by their body language and facial expressions. There is no visible text in the image.	54723147417.png	The image is a digital illustration featuring three animated characters. On the left is a woman with brown hair, wearing glasses, a white blouse, and black pants. She is smiling and holding a man's hand. The man in the center is wearing glasses, a brown suit with a tie, and black shoes. He is also smiling and has his arm around the woman's waist. On the right is a younger male character with brown hair, wearing sunglasses, a black t-shirt, and blue jeans. He is also smiling and is seated on an orange motorcycle. The motorcycle has a black seat and handlebars, and the wheels are visible. The background is plain white, emphasizing the characters. There is no visible text in the image.	82898414223.png	The image depicts a flock of white sheep with brown faces and legs, standing on a grassy hill. The sheep are arranged in a pattern that suggests they are looking towards the viewer. The background is a clear sky with a few clouds. There is no visible text in the image. The style of the image is illustrative and cartoonish, with a focus on the sheep's expressions and the overall composition of the flock.	71277120740.png	The image features a cartoon black sheep standing in the center, surrounded by a large herd of white sheep. The black sheep has a red ear tag and is looking directly at the viewer with a slight smile. The white sheep have orange ear tags and are looking in various directions, with some appearing to be looking at the black sheep. The background is plain white, emphasizing the herd of sheep. There is no visible text in the image. The style of the image is illustrative and appears to be designed for a children's book or similar media.	76619530853.png	The image depicts a stylized illustration of a tree with a few bare branches. At the base of the tree, there is a nest made of straw, containing five white eggs. Perched on the edge of the nest is a small, orange bird with a brown tail. Above the nest, there are two orange leaves floating in the air. The background is a plain, light color, providing a stark contrast to the tree and the nest. There is no visible text in the image. The style of the image is digital art with a focus on simplicity and a limited color palette.
sort får	Den danske midtbanestjernen Christian Eriksen er lettet over å være på plass i Inter etter et halvt år som sort får i Tottenham.		82898414223.png	The image depicts a flock of white sheep with brown faces and legs, standing on a grassy hill. The sheep are arranged in a pattern that suggests they are looking towards the viewer. The background is a clear sky with a few clouds. There is no visible text in the image. The style of the image is illustrative and cartoonish, with a focus on the sheep's expressions and the overall composition of the flock.	54723147417.png	The image is a digital illustration featuring three animated characters. On the left is a woman with brown hair, wearing glasses, a white blouse, and black pants. She is smiling and holding a man's hand. The man in the center is wearing glasses, a brown suit with a tie, and black shoes. He is also smiling and has his arm around the woman's waist. On the right is a younger male character with brown hair, wearing sunglasses, a black t-shirt, and blue jeans. He is also smiling and is seated on an orange motorcycle. The motorcycle has a black seat and handlebars, and the wheels are visible. The background is plain white, emphasizing the characters. There is no visible text in the image.	79146311543.png	The image is a digital illustration featuring two animated female characters. On the left is a character with short blonde hair, wearing a black tank top with a floral tattoo on her left arm. She has a neutral expression with a slight frown. On the right is a character with dark hair tied in a ponytail, wearing a black long-sleeved top. She has a more expressive face with wide eyes and a frown, and her mouth is slightly open. Both characters appear to be in a conversation or interaction, as suggested by their body language and facial expressions. There is no visible text in the image.	71277120740.png	The image features a cartoon black sheep standing in the center, surrounded by a large herd of white sheep. The black sheep has a red ear tag and is looking directly at the viewer with a slight smile. The white sheep have orange ear tags and are looking in various directions, with some appearing to be looking at the black sheep. The background is plain white, emphasizing the herd of sheep. There is no visible text in the image. The style of the image is illustrative and appears to be designed for a children's book or similar media.	76619530853.png	The image depicts a stylized illustration of a tree with a few bare branches. At the base of the tree, there is a nest made of straw, containing five white eggs. Perched on the edge of the nest is a small, orange bird with a brown tail. Above the nest, there are two orange leaves floating in the air. The background is a plain, light color, providing a stark contrast to the tree and the nest. There is no visible text in the image. The style of the image is digital art with a focus on simplicity and a limited color palette.
sort får	Garn av grå ullblanding fra nordnorske sorte får og hvit ull fra sauene på Røst.		54723147417.png	The image is a digital illustration featuring three animated characters. On the left is a woman with brown hair, wearing glasses, a white blouse, and black pants. She is smiling and holding a man's hand. The man in the center is wearing glasses, a brown suit with a tie, and black shoes. He is also smiling and has his arm around the woman's waist. On the right is a younger male character with brown hair, wearing sunglasses, a black t-shirt, and blue jeans. He is also smiling and is seated on an orange motorcycle. The motorcycle has a black seat and handlebars, and the wheels are visible. The background is plain white, emphasizing the characters. There is no visible text in the image.	79146311543.png	The image is a digital illustration featuring two animated female characters. On the left is a character with short blonde hair, wearing a black tank top with a floral tattoo on her left arm. She has a neutral expression with a slight frown. On the right is a character with dark hair tied in a ponytail, wearing a black long-sleeved top. She has a more expressive face with wide eyes and a frown, and her mouth is slightly open. Both characters appear to be in a conversation or interaction, as suggested by their body language and facial expressions. There is no visible text in the image.	76619530853.png	The image depicts a stylized illustration of a tree with a few bare branches. At the base of the tree, there is a nest made of straw, containing five white eggs. Perched on the edge of the nest is a small, orange bird with a brown tail. Above the nest, there are two orange leaves floating in the air. The background is a plain, light color, providing a stark contrast to the tree and the nest. There is no visible text in the image. The style of the image is digital art with a focus on simplicity and a limited color palette.	82898414223.png	The image depicts a flock of white sheep with brown faces and legs, standing on a grassy hill. The sheep are arranged in a pattern that suggests they are looking towards the viewer. The background is a clear sky with a few clouds. There is no visible text in the image. The style of the image is illustrative and cartoonish, with a focus on the sheep's expressions and the overall composition of the flock.	71277120740.png	The image features a cartoon black sheep standing in the center, surrounded by a large herd of white sheep. The black sheep has a red ear tag and is looking directly at the viewer with a slight smile. The white sheep have orange ear tags and are looking in various directions, with some appearing to be looking at the black sheep. The background is plain white, emphasizing the herd of sheep. There is no visible text in the image. The style of the image is illustrative and appears to be designed for a children's book or similar media.
sort får	På toppen av haugen sto en grupppe sorte får og varmet seg i dagens siste solstråler.		76619530853.png	The image depicts a stylized illustration of a tree with a few bare branches. At the base of the tree, there is a nest made of straw, containing five white eggs. Perched on the edge of the nest is a small, orange bird with a brown tail. Above the nest, there are two orange leaves floating in the air. The background is a plain, light color, providing a stark contrast to the tree and the nest. There is no visible text in the image. The style of the image is digital art with a focus on simplicity and a limited color palette.	82898414223.png	The image depicts a flock of white sheep with brown faces and legs, standing on a grassy hill. The sheep are arranged in a pattern that suggests they are looking towards the viewer. The background is a clear sky with a few clouds. There is no visible text in the image. The style of the image is illustrative and cartoonish, with a focus on the sheep's expressions and the overall composition of the flock.	71277120740.png	The image features a cartoon black sheep standing in the center, surrounded by a large herd of white sheep. The black sheep has a red ear tag and is looking directly at the viewer with a slight smile. The white sheep have orange ear tags and are looking in various directions, with some appearing to be looking at the black sheep. The background is plain white, emphasizing the herd of sheep. There is no visible text in the image. The style of the image is illustrative and appears to be designed for a children's book or similar media.	54723147417.png	The image is a digital illustration featuring three animated characters. On the left is a woman with brown hair, wearing glasses, a white blouse, and black pants. She is smiling and holding a man's hand. The man in the center is wearing glasses, a brown suit with a tie, and black shoes. He is also smiling and has his arm around the woman's waist. On the right is a younger male character with brown hair, wearing sunglasses, a black t-shirt, and blue jeans. He is also smiling and is seated on an orange motorcycle. The motorcycle has a black seat and handlebars, and the wheels are visible. The background is plain white, emphasizing the characters. There is no visible text in the image.	79146311543.png	The image is a digital illustration featuring two animated female characters. On the left is a character with short blonde hair, wearing a black tank top with a floral tattoo on her left arm. She has a neutral expression with a slight frown. On the right is a character with dark hair tied in a ponytail, wearing a black long-sleeved top. She has a more expressive face with wide eyes and a frown, and her mouth is slightly open. Both characters appear to be in a conversation or interaction, as suggested by their body language and facial expressions. There is no visible text in the image.
bløthjertet	Det danske samfunnet skal ikke være bløthjertet mot gjerningsmannen som har skutt mot Hedegaard, sier han.		97858383562.png	The image depicts a stylized illustration of an elderly woman and a young boy in a bedroom setting. The woman is standing to the left of the boy, who is lying in bed. She is wearing glasses, a scarf, and a patterned top, and she is holding a cup in her hand. The boy is wearing a brown shirt and is covered with an orange blanket. The room has a simple bed frame and a white pillow. There is no visible text in the image. The style of the illustration is cartoonish and appears to be aimed at a younger audience, possibly for educational or storytelling purposes.	10962771327.png	The image depicts two animated characters, a girl and a boy, sleeping on a large rock. The girl is on the left, wearing a dark top and patterned pants, with her head resting on the boy's shoulder. The boy is on the right, wearing an orange hoodie and patterned pants, with his head on the girl's shoulder. Above them, there is a crescent moon. The characters are drawn in a cartoon style with simple lines and flat colors.	35647120934.png	The image features a stylized illustration of a heart, rendered in a glossy, orange-yellow hue. The heart is composed of multiple interconnected tubes or pipes, giving it a complex, organic appearance. It is floating in a white space, and there are small, orange hearts scattered around it, suggesting a theme of love or affection. The overall style is cartoonish and whimsical, with a focus on bright colors and smooth, reflective surfaces.	68635158140.png	The image is a digital illustration featuring two stylized characters. On the left, there is a character wearing a brown coat, a beanie, and a scarf, holding a plate with a piece of food on it. This character appears to be standing and is looking down at the food. On the right, there is another character lying on the ground, wrapped in an orange blanket, with a hat on their head. This character is holding a cup and a bowl, suggesting they are eating or drinking. The background is plain and does not provide any additional context. There is no visible text in the image. The style of the illustration is cartoonish and simplistic, with a limited color palette.	21260812843.png	The image depicts a stylized, cartoon-like illustration of a person, likely a woman, with dark hair tied in a bun. She is wearing a light-colored coat and dark pants. The character is holding a large, orange, heart-shaped object that appears to be a pillow or a cushion. On the heart, there is a small, red heart design. The character is embracing the heart-shaped object, suggesting a sense of love or affection. The background is plain and white, which contrasts with the colorful character and object. There is no visible text in the image.
bløthjertet	Cornelia har bursdag i dag - 5 år er hun i dag, og jeg blir bløthjertet ved å tenke tilbake, og må få si jeg er stolt over å være mamma til det utrolige vakre menneske hun har blitt.		10962771327.png	The image depicts two animated characters, a girl and a boy, sleeping on a large rock. The girl is on the left, wearing a dark top and patterned pants, with her head resting on the boy's shoulder. The boy is on the right, wearing an orange hoodie and patterned pants, with his head on the girl's shoulder. Above them, there is a crescent moon. The characters are drawn in a cartoon style with simple lines and flat colors.	35647120934.png	The image features a stylized illustration of a heart, rendered in a glossy, orange-yellow hue. The heart is composed of multiple interconnected tubes or pipes, giving it a complex, organic appearance. It is floating in a white space, and there are small, orange hearts scattered around it, suggesting a theme of love or affection. The overall style is cartoonish and whimsical, with a focus on bright colors and smooth, reflective surfaces.	97858383562.png	The image depicts a stylized illustration of an elderly woman and a young boy in a bedroom setting. The woman is standing to the left of the boy, who is lying in bed. She is wearing glasses, a scarf, and a patterned top, and she is holding a cup in her hand. The boy is wearing a brown shirt and is covered with an orange blanket. The room has a simple bed frame and a white pillow. There is no visible text in the image. The style of the illustration is cartoonish and appears to be aimed at a younger audience, possibly for educational or storytelling purposes.	68635158140.png	The image is a digital illustration featuring two stylized characters. On the left, there is a character wearing a brown coat, a beanie, and a scarf, holding a plate with a piece of food on it. This character appears to be standing and is looking down at the food. On the right, there is another character lying on the ground, wrapped in an orange blanket, with a hat on their head. This character is holding a cup and a bowl, suggesting they are eating or drinking. The background is plain and does not provide any additional context. There is no visible text in the image. The style of the illustration is cartoonish and simplistic, with a limited color palette.	21260812843.png	The image depicts a stylized, cartoon-like illustration of a person, likely a woman, with dark hair tied in a bun. She is wearing a light-colored coat and dark pants. The character is holding a large, orange, heart-shaped object that appears to be a pillow or a cushion. On the heart, there is a small, red heart design. The character is embracing the heart-shaped object, suggesting a sense of love or affection. The background is plain and white, which contrasts with the colorful character and object. There is no visible text in the image.
bløthjertet	I godteposen han fikk på Halloween, lå det masse smågodt som lignet på kroppsdeler - blant annet et bløthjertet marshmallows-hjerte og en steinhard øye-drops.		21260812843.png	The image depicts a stylized, cartoon-like illustration of a person, likely a woman, with dark hair tied in a bun. She is wearing a light-colored coat and dark pants. The character is holding a large, orange, heart-shaped object that appears to be a pillow or a cushion. On the heart, there is a small, red heart design. The character is embracing the heart-shaped object, suggesting a sense of love or affection. The background is plain and white, which contrasts with the colorful character and object. There is no visible text in the image.	35647120934.png	The image features a stylized illustration of a heart, rendered in a glossy, orange-yellow hue. The heart is composed of multiple interconnected tubes or pipes, giving it a complex, organic appearance. It is floating in a white space, and there are small, orange hearts scattered around it, suggesting a theme of love or affection. The overall style is cartoonish and whimsical, with a focus on bright colors and smooth, reflective surfaces.	68635158140.png	The image is a digital illustration featuring two stylized characters. On the left, there is a character wearing a brown coat, a beanie, and a scarf, holding a plate with a piece of food on it. This character appears to be standing and is looking down at the food. On the right, there is another character lying on the ground, wrapped in an orange blanket, with a hat on their head. This character is holding a cup and a bowl, suggesting they are eating or drinking. The background is plain and does not provide any additional context. There is no visible text in the image. The style of the illustration is cartoonish and simplistic, with a limited color palette.	10962771327.png	The image depicts two animated characters, a girl and a boy, sleeping on a large rock. The girl is on the left, wearing a dark top and patterned pants, with her head resting on the boy's shoulder. The boy is on the right, wearing an orange hoodie and patterned pants, with his head on the girl's shoulder. Above them, there is a crescent moon. The characters are drawn in a cartoon style with simple lines and flat colors.	97858383562.png	The image depicts a stylized illustration of an elderly woman and a young boy in a bedroom setting. The woman is standing to the left of the boy, who is lying in bed. She is wearing glasses, a scarf, and a patterned top, and she is holding a cup in her hand. The boy is wearing a brown shirt and is covered with an orange blanket. The room has a simple bed frame and a white pillow. There is no visible text in the image. The style of the illustration is cartoonish and appears to be aimed at a younger audience, possibly for educational or storytelling purposes.
bløthjertet	I skrekkfilmen åpnet monsteret brystkassen og trakk ut et bløthjertet hjerte som pulserte som en geléklump i hånden hans.		35647120934.png	The image features a stylized illustration of a heart, rendered in a glossy, orange-yellow hue. The heart is composed of multiple interconnected tubes or pipes, giving it a complex, organic appearance. It is floating in a white space, and there are small, orange hearts scattered around it, suggesting a theme of love or affection. The overall style is cartoonish and whimsical, with a focus on bright colors and smooth, reflective surfaces.	68635158140.png	The image is a digital illustration featuring two stylized characters. On the left, there is a character wearing a brown coat, a beanie, and a scarf, holding a plate with a piece of food on it. This character appears to be standing and is looking down at the food. On the right, there is another character lying on the ground, wrapped in an orange blanket, with a hat on their head. This character is holding a cup and a bowl, suggesting they are eating or drinking. The background is plain and does not provide any additional context. There is no visible text in the image. The style of the illustration is cartoonish and simplistic, with a limited color palette.	21260812843.png	The image depicts a stylized, cartoon-like illustration of a person, likely a woman, with dark hair tied in a bun. She is wearing a light-colored coat and dark pants. The character is holding a large, orange, heart-shaped object that appears to be a pillow or a cushion. On the heart, there is a small, red heart design. The character is embracing the heart-shaped object, suggesting a sense of love or affection. The background is plain and white, which contrasts with the colorful character and object. There is no visible text in the image.	10962771327.png	The image depicts two animated characters, a girl and a boy, sleeping on a large rock. The girl is on the left, wearing a dark top and patterned pants, with her head resting on the boy's shoulder. The boy is on the right, wearing an orange hoodie and patterned pants, with his head on the girl's shoulder. Above them, there is a crescent moon. The characters are drawn in a cartoon style with simple lines and flat colors.	97858383562.png	The image depicts a stylized illustration of an elderly woman and a young boy in a bedroom setting. The woman is standing to the left of the boy, who is lying in bed. She is wearing glasses, a scarf, and a patterned top, and she is holding a cup in her hand. The boy is wearing a brown shirt and is covered with an orange blanket. The room has a simple bed frame and a white pillow. There is no visible text in the image. The style of the illustration is cartoonish and appears to be aimed at a younger audience, possibly for educational or storytelling purposes.
blått blod	Ifølge japansk lovgivning mister kongelige sin tittel dersom de gifter seg med en borgerlig, og siden Kuroda ikke har snev av blått blod i sine årer, er dermed Sayako ikke lenger prinsesse, kun fru Kuroda.		27105744687.png	The image shows a clear glass filled with blue liquid, which appears to be a beverage, possibly water or a soft drink. The glass is placed on a white surface, and there is a small amount of the liquid spilling over the rim onto the surface. The liquid is bubbly, suggesting it is carbonated, and there are small ice cubes floating within it. The ice cubes are irregularly shaped and vary in size. The background is plain white, emphasizing the glass and its contents. There is no visible text in the image. The style of the image is illustrative, with a focus on clean lines and a limited color palette.	17181497343.png	The image depicts a stylized, fantasy-themed castle with multiple towers and turrets. The castle is constructed from stone and features a variety of architectural details such as arched windows, battlements, and flags. The roofs of the towers are pointed and topped with flags. The castle is surrounded by a moat and is situated on a base that appears to be a bridge or a platform. The environment around the castle includes greenery and rocks, suggesting a natural setting. There is no visible text in the image. The style of the image is illustrative and appears to be designed for a digital medium, possibly for a video game or a similar form of entertainment.	66941356132.png	The image shows a stylized illustration of a human hand with a pinky finger prominently extended. The hand appears to be that of an adult, with a fair skin tone. The pinky finger has a small, red-like mark or blemish on its tip. The hand is wearing a black glove or sleeve, which is partially visible on the wrist. The background is plain and white, which contrasts with the hand and makes it the central focus of the image. There is no visible text in the image. The style of the illustration is simple and cartoonish, with smooth lines and a limited color palette.	86811723786.png	The image depicts a cartoon-style illustration of a family of four, consisting of a man, a woman, and two children, all standing behind a wooden railing. The man is wearing a crown and a beard, suggesting a royal or kingly status. The woman is dressed in a long dress with a pattern, and the children are wearing casual clothing. They all have big smiles and are waving with their right hands. The background is plain white, emphasizing the subjects. There is no visible text in the image. The overall mood of the image is cheerful and friendly.	82161921847.png	The image shows a close-up of a human arm with a blue, glossy substance resembling a liquid or gel-like material dripping from the wrist. The substance is shiny and appears to be flowing down the arm, with droplets visible at the bottom of the image. The background is a plain, light color, providing a stark contrast to the dark blue substance. There is no visible text in the image. The style of the image is realistic with a focus on the texture and sheen of the substance.
blått blod	Da Juan Carlos i sin tid giftet seg, valgte han Sofia, en gresk prinsesse av blått blod.		27105744687.png	The image shows a clear glass filled with blue liquid, which appears to be a beverage, possibly water or a soft drink. The glass is placed on a white surface, and there is a small amount of the liquid spilling over the rim onto the surface. The liquid is bubbly, suggesting it is carbonated, and there are small ice cubes floating within it. The ice cubes are irregularly shaped and vary in size. The background is plain white, emphasizing the glass and its contents. There is no visible text in the image. The style of the image is illustrative, with a focus on clean lines and a limited color palette.	86811723786.png	The image depicts a cartoon-style illustration of a family of four, consisting of a man, a woman, and two children, all standing behind a wooden railing. The man is wearing a crown and a beard, suggesting a royal or kingly status. The woman is dressed in a long dress with a pattern, and the children are wearing casual clothing. They all have big smiles and are waving with their right hands. The background is plain white, emphasizing the subjects. There is no visible text in the image. The overall mood of the image is cheerful and friendly.	66941356132.png	The image shows a stylized illustration of a human hand with a pinky finger prominently extended. The hand appears to be that of an adult, with a fair skin tone. The pinky finger has a small, red-like mark or blemish on its tip. The hand is wearing a black glove or sleeve, which is partially visible on the wrist. The background is plain and white, which contrasts with the hand and makes it the central focus of the image. There is no visible text in the image. The style of the illustration is simple and cartoonish, with smooth lines and a limited color palette.	17181497343.png	The image depicts a stylized, fantasy-themed castle with multiple towers and turrets. The castle is constructed from stone and features a variety of architectural details such as arched windows, battlements, and flags. The roofs of the towers are pointed and topped with flags. The castle is surrounded by a moat and is situated on a base that appears to be a bridge or a platform. The environment around the castle includes greenery and rocks, suggesting a natural setting. There is no visible text in the image. The style of the image is illustrative and appears to be designed for a digital medium, possibly for a video game or a similar form of entertainment.	82161921847.png	The image shows a close-up of a human arm with a blue, glossy substance resembling a liquid or gel-like material dripping from the wrist. The substance is shiny and appears to be flowing down the arm, with droplets visible at the bottom of the image. The background is a plain, light color, providing a stark contrast to the dark blue substance. There is no visible text in the image. The style of the image is realistic with a focus on the texture and sheen of the substance.
blått blod	David velger i så tilfelle å bli forvandlet til en hummer, siden de angivelig kan bli hundre år gamle, har blått blod og er fruktbare hele livet		86811723786.png	The image depicts a cartoon-style illustration of a family of four, consisting of a man, a woman, and two children, all standing behind a wooden railing. The man is wearing a crown and a beard, suggesting a royal or kingly status. The woman is dressed in a long dress with a pattern, and the children are wearing casual clothing. They all have big smiles and are waving with their right hands. The background is plain white, emphasizing the subjects. There is no visible text in the image. The overall mood of the image is cheerful and friendly.	17181497343.png	The image depicts a stylized, fantasy-themed castle with multiple towers and turrets. The castle is constructed from stone and features a variety of architectural details such as arched windows, battlements, and flags. The roofs of the towers are pointed and topped with flags. The castle is surrounded by a moat and is situated on a base that appears to be a bridge or a platform. The environment around the castle includes greenery and rocks, suggesting a natural setting. There is no visible text in the image. The style of the image is illustrative and appears to be designed for a digital medium, possibly for a video game or a similar form of entertainment.	82161921847.png	The image shows a close-up of a human arm with a blue, glossy substance resembling a liquid or gel-like material dripping from the wrist. The substance is shiny and appears to be flowing down the arm, with droplets visible at the bottom of the image. The background is a plain, light color, providing a stark contrast to the dark blue substance. There is no visible text in the image. The style of the image is realistic with a focus on the texture and sheen of the substance.	66941356132.png	The image shows a stylized illustration of a human hand with a pinky finger prominently extended. The hand appears to be that of an adult, with a fair skin tone. The pinky finger has a small, red-like mark or blemish on its tip. The hand is wearing a black glove or sleeve, which is partially visible on the wrist. The background is plain and white, which contrasts with the hand and makes it the central focus of the image. There is no visible text in the image. The style of the illustration is simple and cartoonish, with smooth lines and a limited color palette.	27105744687.png	The image shows a clear glass filled with blue liquid, which appears to be a beverage, possibly water or a soft drink. The glass is placed on a white surface, and there is a small amount of the liquid spilling over the rim onto the surface. The liquid is bubbly, suggesting it is carbonated, and there are small ice cubes floating within it. The ice cubes are irregularly shaped and vary in size. The background is plain white, emphasizing the glass and its contents. There is no visible text in the image. The style of the image is illustrative, with a focus on clean lines and a limited color palette.
blått blod	Lille Ola var forvirret da han kuttet fingeren og blått blod ikke strømmet ut, siden blodårene hans er blå.		27105744687.png	The image shows a clear glass filled with blue liquid, which appears to be a beverage, possibly water or a soft drink. The glass is placed on a white surface, and there is a small amount of the liquid spilling over the rim onto the surface. The liquid is bubbly, suggesting it is carbonated, and there are small ice cubes floating within it. The ice cubes are irregularly shaped and vary in size. The background is plain white, emphasizing the glass and its contents. There is no visible text in the image. The style of the image is illustrative, with a focus on clean lines and a limited color palette.	17181497343.png	The image depicts a stylized, fantasy-themed castle with multiple towers and turrets. The castle is constructed from stone and features a variety of architectural details such as arched windows, battlements, and flags. The roofs of the towers are pointed and topped with flags. The castle is surrounded by a moat and is situated on a base that appears to be a bridge or a platform. The environment around the castle includes greenery and rocks, suggesting a natural setting. There is no visible text in the image. The style of the image is illustrative and appears to be designed for a digital medium, possibly for a video game or a similar form of entertainment.	66941356132.png	The image shows a stylized illustration of a human hand with a pinky finger prominently extended. The hand appears to be that of an adult, with a fair skin tone. The pinky finger has a small, red-like mark or blemish on its tip. The hand is wearing a black glove or sleeve, which is partially visible on the wrist. The background is plain and white, which contrasts with the hand and makes it the central focus of the image. There is no visible text in the image. The style of the illustration is simple and cartoonish, with smooth lines and a limited color palette.	82161921847.png	The image shows a close-up of a human arm with a blue, glossy substance resembling a liquid or gel-like material dripping from the wrist. The substance is shiny and appears to be flowing down the arm, with droplets visible at the bottom of the image. The background is a plain, light color, providing a stark contrast to the dark blue substance. There is no visible text in the image. The style of the image is realistic with a focus on the texture and sheen of the substance.	86811723786.png	The image depicts a cartoon-style illustration of a family of four, consisting of a man, a woman, and two children, all standing behind a wooden railing. The man is wearing a crown and a beard, suggesting a royal or kingly status. The woman is dressed in a long dress with a pattern, and the children are wearing casual clothing. They all have big smiles and are waving with their right hands. The background is plain white, emphasizing the subjects. There is no visible text in the image. The overall mood of the image is cheerful and friendly.
hjerneflukt	Der er ingen tvil om at det foregår en hjerneflukt fra Bergen til spesielt Oslo, når nye tall fra NHH viser at 70 prosent av alle NHH-studenter søker lykken i Oslo, mens tallene nesten er like høye for nyutdannede jurister.		10716113216.png	The image features a stylized illustration of a heart, rendered in a glossy, orange-yellow hue. The heart is composed of multiple interconnected tubes or pipes, giving it a complex, organic appearance. It is floating in a white space, and there are small, orange hearts scattered around it, suggesting a theme of love or affection. The overall style is cartoonish and whimsical, with a focus on bright colors and smooth, reflective surfaces.	22597318277.png	The image depicts a group of six individuals walking in a line. They are dressed in a variety of outfits, including suits, dresses, and a hijab. Each person is carrying a briefcase. In the background, there is an orange and white airplane. The style of the image is illustrative, with a flat design and a limited color palette. There is no visible text in the image.	84171329036.png	The image features a stylized, cartoonish character that resembles a cloud with a face. The character has large, round eyes with black pupils and white irises, and a small, simple smile. It has a body that is mostly orange with a few white spots, and it appears to be floating or flying. The character has two arms, each ending in a hand with fingers, and it has a pair of white wings that are spread out behind it. The background is plain white, and there are a few small, white, cloud-like shapes scattered around the character. There is no visible text in the image.	12430052930.png	The image is a stylized illustration featuring a whimsical scene. At the center, there is a large, orange, cloud-like structure that appears to be floating above a town. This central structure has a smaller, similar structure attached to it, also floating. Below these floating structures, there is a town with buildings that resemble a European style, including a prominent building with a clock tower. The town is depicted with a clear sky and a few clouds.  In the foreground, there are smaller, cartoonish representations of the same floating structures, suggesting they are part of a larger scene. The illustration is detailed and colorful, with a playful and imaginative quality. There is no visible text in the image.	11005675376.png	The image depicts a stylized illustration of an orange airplane in mid-flight, descending towards a large, ornate building with a prominent central tower. The building has a red roof and is surrounded by a well-manicured lawn with trees and a few people visible. The airplane is casting a shadow on the ground, suggesting it is either early morning or late afternoon. The runway is marked with white and yellow lines, and there is a clear sky in the background. The overall style of the image is reminiscent of a digital painting with a focus on realism.
hjerneflukt	Zimbabwe er av landene i Afrika som de siste årene har lidd kraftigst av såkalt hjerneflukt; utdannende folk, særlig helsepersonell, har forlatt landet i tusentall for å unnslippe den økonomiske og politiske krisen.		22597318277.png	The image depicts a group of six individuals walking in a line. They are dressed in a variety of outfits, including suits, dresses, and a hijab. Each person is carrying a briefcase. In the background, there is an orange and white airplane. The style of the image is illustrative, with a flat design and a limited color palette. There is no visible text in the image.	10716113216.png	The image features a stylized illustration of a heart, rendered in a glossy, orange-yellow hue. The heart is composed of multiple interconnected tubes or pipes, giving it a complex, organic appearance. It is floating in a white space, and there are small, orange hearts scattered around it, suggesting a theme of love or affection. The overall style is cartoonish and whimsical, with a focus on bright colors and smooth, reflective surfaces.	84171329036.png	The image features a stylized, cartoonish character that resembles a cloud with a face. The character has large, round eyes with black pupils and white irises, and a small, simple smile. It has a body that is mostly orange with a few white spots, and it appears to be floating or flying. The character has two arms, each ending in a hand with fingers, and it has a pair of white wings that are spread out behind it. The background is plain white, and there are a few small, white, cloud-like shapes scattered around the character. There is no visible text in the image.	12430052930.png	The image is a stylized illustration featuring a whimsical scene. At the center, there is a large, orange, cloud-like structure that appears to be floating above a town. This central structure has a smaller, similar structure attached to it, also floating. Below these floating structures, there is a town with buildings that resemble a European style, including a prominent building with a clock tower. The town is depicted with a clear sky and a few clouds.  In the foreground, there are smaller, cartoonish representations of the same floating structures, suggesting they are part of a larger scene. The illustration is detailed and colorful, with a playful and imaginative quality. There is no visible text in the image.	11005675376.png	The image depicts a stylized illustration of an orange airplane in mid-flight, descending towards a large, ornate building with a prominent central tower. The building has a red roof and is surrounded by a well-manicured lawn with trees and a few people visible. The airplane is casting a shadow on the ground, suggesting it is either early morning or late afternoon. The runway is marked with white and yellow lines, and there is a clear sky in the background. The overall style of the image is reminiscent of a digital painting with a focus on realism.
hjerneflukt	Filmen viste en surrealistisk hjerneflukt, hvor hjernen til hovedpersonen reiser til et land langt vekke.		22597318277.png	The image depicts a group of six individuals walking in a line. They are dressed in a variety of outfits, including suits, dresses, and a hijab. Each person is carrying a briefcase. In the background, there is an orange and white airplane. The style of the image is illustrative, with a flat design and a limited color palette. There is no visible text in the image.	11005675376.png	The image depicts a stylized illustration of an orange airplane in mid-flight, descending towards a large, ornate building with a prominent central tower. The building has a red roof and is surrounded by a well-manicured lawn with trees and a few people visible. The airplane is casting a shadow on the ground, suggesting it is either early morning or late afternoon. The runway is marked with white and yellow lines, and there is a clear sky in the background. The overall style of the image is reminiscent of a digital painting with a focus on realism.	84171329036.png	The image features a stylized, cartoonish character that resembles a cloud with a face. The character has large, round eyes with black pupils and white irises, and a small, simple smile. It has a body that is mostly orange with a few white spots, and it appears to be floating or flying. The character has two arms, each ending in a hand with fingers, and it has a pair of white wings that are spread out behind it. The background is plain white, and there are a few small, white, cloud-like shapes scattered around the character. There is no visible text in the image.	12430052930.png	The image is a stylized illustration featuring a whimsical scene. At the center, there is a large, orange, cloud-like structure that appears to be floating above a town. This central structure has a smaller, similar structure attached to it, also floating. Below these floating structures, there is a town with buildings that resemble a European style, including a prominent building with a clock tower. The town is depicted with a clear sky and a few clouds.  In the foreground, there are smaller, cartoonish representations of the same floating structures, suggesting they are part of a larger scene. The illustration is detailed and colorful, with a playful and imaginative quality. There is no visible text in the image.	10716113216.png	The image features a stylized illustration of a heart, rendered in a glossy, orange-yellow hue. The heart is composed of multiple interconnected tubes or pipes, giving it a complex, organic appearance. It is floating in a white space, and there are small, orange hearts scattered around it, suggesting a theme of love or affection. The overall style is cartoonish and whimsical, with a focus on bright colors and smooth, reflective surfaces.
hjerneflukt	I klassens kunstprosjekt var hjerneflukten fremstil som små hjerner på bein som løp rådløs omkring.		10716113216.png	The image features a stylized illustration of a heart, rendered in a glossy, orange-yellow hue. The heart is composed of multiple interconnected tubes or pipes, giving it a complex, organic appearance. It is floating in a white space, and there are small, orange hearts scattered around it, suggesting a theme of love or affection. The overall style is cartoonish and whimsical, with a focus on bright colors and smooth, reflective surfaces.	22597318277.png	The image depicts a group of six individuals walking in a line. They are dressed in a variety of outfits, including suits, dresses, and a hijab. Each person is carrying a briefcase. In the background, there is an orange and white airplane. The style of the image is illustrative, with a flat design and a limited color palette. There is no visible text in the image.	11005675376.png	The image depicts a stylized illustration of an orange airplane in mid-flight, descending towards a large, ornate building with a prominent central tower. The building has a red roof and is surrounded by a well-manicured lawn with trees and a few people visible. The airplane is casting a shadow on the ground, suggesting it is either early morning or late afternoon. The runway is marked with white and yellow lines, and there is a clear sky in the background. The overall style of the image is reminiscent of a digital painting with a focus on realism.	84171329036.png	The image features a stylized, cartoonish character that resembles a cloud with a face. The character has large, round eyes with black pupils and white irises, and a small, simple smile. It has a body that is mostly orange with a few white spots, and it appears to be floating or flying. The character has two arms, each ending in a hand with fingers, and it has a pair of white wings that are spread out behind it. The background is plain white, and there are a few small, white, cloud-like shapes scattered around the character. There is no visible text in the image.	12430052930.png	The image is a stylized illustration featuring a whimsical scene. At the center, there is a large, orange, cloud-like structure that appears to be floating above a town. This central structure has a smaller, similar structure attached to it, also floating. Below these floating structures, there is a town with buildings that resemble a European style, including a prominent building with a clock tower. The town is depicted with a clear sky and a few clouds.  In the foreground, there are smaller, cartoonish representations of the same floating structures, suggesting they are part of a larger scene. The illustration is detailed and colorful, with a playful and imaginative quality. There is no visible text in the image.
stjerne i boka	Banken gir deg en stjerne i boka om du har spart i BSU, noe som kan bidra til å senke egenkapitalkravet.		28628905116.png	The image depicts a three-tiered bookshelf filled with books. The books are of various sizes and colors, suggesting a diverse collection. The bookshelf is set against a white background, and there are small, glowing star-like shapes scattered around the top and sides, adding a whimsical or magical effect to the scene. The bookshelf itself has a wooden texture, giving it a rustic appearance. There is no visible text in the image. The style of the image is illustrative, with a focus on a cozy, inviting atmosphere.	93134576084.png	The image features an open book with a star on top. The book is open to a page with a star design on it, and there are additional stars scattered around the book, suggesting a theme of stars or a magical or celestial atmosphere. The star on top of the book is larger and more prominent than the stars on the page. The background is plain white, which contrasts with the darker tones of the book and star. There is no visible text in the image. The style of the image is illustrative and appears to be designed to evoke a sense of wonder or fantasy.	51987267093.png	The image is a digital illustration featuring two animated characters. On the left is a man with dark hair, wearing glasses, a black shirt, and green pants. He is seated in an orange chair and is giving a thumbs-up gesture with his right hand. On the right is an older man with white hair and a beard, wearing a black shirt and khaki pants. He is standing and has his left hand on a laptop screen, which is open and displaying a webpage. Both characters are smiling and appear to be in a positive mood. There is no visible text in the image. The style of the illustration is cartoonish and friendly, with a focus on the characters' expressions and actions.	26783806705.png	The image shows a cylindrical object with a printed surface. The printed surface features a variety of images and text. There are several small images of people, some of which appear to be in a group setting, and others that are more individual. The text on the surface is not fully legible due to the resolution and angle of the image. The object has a darker band at one end, suggesting it may be a roll or a tube. The background is plain and white, highlighting the object. The style of the image is a straightforward product photograph with a focus on clarity and detail.	35239326992.png	The image is a digital illustration featuring two animated characters. On the left is a young girl with brown hair tied in a bun, wearing an orange dress with a polka dot pattern and a black cardigan. She is smiling and reaching out towards a large, glowing orange star with smaller stars around it. On the right is an adult female with brown hair, wearing a brown blazer over a white blouse and a black skirt. She is also smiling and appears to be presenting the star to the girl. The background is plain white, emphasizing the characters and the star. There is no visible text in the image. The style of the illustration is cartoonish and whimsical, with a soft, rounded quality to the characters and the star.
stjerne i boka	"Bak eventyraction-spillet sto ""Rayman-skaperen"" Michel Ancel, som i spillkretser siden har fått en stjerne i boka for det som sakte, men sikkert er blitt en moderne klassiker."		35239326992.png	The image is a digital illustration featuring two animated characters. On the left is a young girl with brown hair tied in a bun, wearing an orange dress with a polka dot pattern and a black cardigan. She is smiling and reaching out towards a large, glowing orange star with smaller stars around it. On the right is an adult female with brown hair, wearing a brown blazer over a white blouse and a black skirt. She is also smiling and appears to be presenting the star to the girl. The background is plain white, emphasizing the characters and the star. There is no visible text in the image. The style of the illustration is cartoonish and whimsical, with a soft, rounded quality to the characters and the star.	28628905116.png	The image depicts a three-tiered bookshelf filled with books. The books are of various sizes and colors, suggesting a diverse collection. The bookshelf is set against a white background, and there are small, glowing star-like shapes scattered around the top and sides, adding a whimsical or magical effect to the scene. The bookshelf itself has a wooden texture, giving it a rustic appearance. There is no visible text in the image. The style of the image is illustrative, with a focus on a cozy, inviting atmosphere.	93134576084.png	The image features an open book with a star on top. The book is open to a page with a star design on it, and there are additional stars scattered around the book, suggesting a theme of stars or a magical or celestial atmosphere. The star on top of the book is larger and more prominent than the stars on the page. The background is plain white, which contrasts with the darker tones of the book and star. There is no visible text in the image. The style of the image is illustrative and appears to be designed to evoke a sense of wonder or fantasy.	51987267093.png	The image is a digital illustration featuring two animated characters. On the left is a man with dark hair, wearing glasses, a black shirt, and green pants. He is seated in an orange chair and is giving a thumbs-up gesture with his right hand. On the right is an older man with white hair and a beard, wearing a black shirt and khaki pants. He is standing and has his left hand on a laptop screen, which is open and displaying a webpage. Both characters are smiling and appear to be in a positive mood. There is no visible text in the image. The style of the illustration is cartoonish and friendly, with a focus on the characters' expressions and actions.	26783806705.png	The image shows a cylindrical object with a printed surface. The printed surface features a variety of images and text. There are several small images of people, some of which appear to be in a group setting, and others that are more individual. The text on the surface is not fully legible due to the resolution and angle of the image. The object has a darker band at one end, suggesting it may be a roll or a tube. The background is plain and white, highlighting the object. The style of the image is a straightforward product photograph with a focus on clarity and detail.
stjerne i boka	Den lille jenten fargela en stjerne i boka si.		93134576084.png	The image features an open book with a star on top. The book is open to a page with a star design on it, and there are additional stars scattered around the book, suggesting a theme of stars or a magical or celestial atmosphere. The star on top of the book is larger and more prominent than the stars on the page. The background is plain white, which contrasts with the darker tones of the book and star. There is no visible text in the image. The style of the image is illustrative and appears to be designed to evoke a sense of wonder or fantasy.	51987267093.png	The image is a digital illustration featuring two animated characters. On the left is a man with dark hair, wearing glasses, a black shirt, and green pants. He is seated in an orange chair and is giving a thumbs-up gesture with his right hand. On the right is an older man with white hair and a beard, wearing a black shirt and khaki pants. He is standing and has his left hand on a laptop screen, which is open and displaying a webpage. Both characters are smiling and appear to be in a positive mood. There is no visible text in the image. The style of the illustration is cartoonish and friendly, with a focus on the characters' expressions and actions.	28628905116.png	The image depicts a three-tiered bookshelf filled with books. The books are of various sizes and colors, suggesting a diverse collection. The bookshelf is set against a white background, and there are small, glowing star-like shapes scattered around the top and sides, adding a whimsical or magical effect to the scene. The bookshelf itself has a wooden texture, giving it a rustic appearance. There is no visible text in the image. The style of the image is illustrative, with a focus on a cozy, inviting atmosphere.	26783806705.png	The image shows a cylindrical object with a printed surface. The printed surface features a variety of images and text. There are several small images of people, some of which appear to be in a group setting, and others that are more individual. The text on the surface is not fully legible due to the resolution and angle of the image. The object has a darker band at one end, suggesting it may be a roll or a tube. The background is plain and white, highlighting the object. The style of the image is a straightforward product photograph with a focus on clarity and detail.	35239326992.png	The image is a digital illustration featuring two animated characters. On the left is a young girl with brown hair tied in a bun, wearing an orange dress with a polka dot pattern and a black cardigan. She is smiling and reaching out towards a large, glowing orange star with smaller stars around it. On the right is an adult female with brown hair, wearing a brown blazer over a white blouse and a black skirt. She is also smiling and appears to be presenting the star to the girl. The background is plain white, emphasizing the characters and the star. There is no visible text in the image. The style of the illustration is cartoonish and whimsical, with a soft, rounded quality to the characters and the star.
stjerne i boka	Får å øve seg på former måtte han tegne opp en sirkel, trekant og stjerne i boka.		28628905116.png	The image depicts a three-tiered bookshelf filled with books. The books are of various sizes and colors, suggesting a diverse collection. The bookshelf is set against a white background, and there are small, glowing star-like shapes scattered around the top and sides, adding a whimsical or magical effect to the scene. The bookshelf itself has a wooden texture, giving it a rustic appearance. There is no visible text in the image. The style of the image is illustrative, with a focus on a cozy, inviting atmosphere.	51987267093.png	The image is a digital illustration featuring two animated characters. On the left is a man with dark hair, wearing glasses, a black shirt, and green pants. He is seated in an orange chair and is giving a thumbs-up gesture with his right hand. On the right is an older man with white hair and a beard, wearing a black shirt and khaki pants. He is standing and has his left hand on a laptop screen, which is open and displaying a webpage. Both characters are smiling and appear to be in a positive mood. There is no visible text in the image. The style of the illustration is cartoonish and friendly, with a focus on the characters' expressions and actions.	26783806705.png	The image shows a cylindrical object with a printed surface. The printed surface features a variety of images and text. There are several small images of people, some of which appear to be in a group setting, and others that are more individual. The text on the surface is not fully legible due to the resolution and angle of the image. The object has a darker band at one end, suggesting it may be a roll or a tube. The background is plain and white, highlighting the object. The style of the image is a straightforward product photograph with a focus on clarity and detail.	35239326992.png	The image is a digital illustration featuring two animated characters. On the left is a young girl with brown hair tied in a bun, wearing an orange dress with a polka dot pattern and a black cardigan. She is smiling and reaching out towards a large, glowing orange star with smaller stars around it. On the right is an adult female with brown hair, wearing a brown blazer over a white blouse and a black skirt. She is also smiling and appears to be presenting the star to the girl. The background is plain white, emphasizing the characters and the star. There is no visible text in the image. The style of the illustration is cartoonish and whimsical, with a soft, rounded quality to the characters and the star.	93134576084.png	The image features an open book with a star on top. The book is open to a page with a star design on it, and there are additional stars scattered around the book, suggesting a theme of stars or a magical or celestial atmosphere. The star on top of the book is larger and more prominent than the stars on the page. The background is plain white, which contrasts with the darker tones of the book and star. There is no visible text in the image. The style of the image is illustrative and appears to be designed to evoke a sense of wonder or fantasy.
oksemarked	Folk er mer bekymret over å miste et nytt oksemarked enn å tape penger i et bjørnemarked , sier forvalteren.		74566558934.png	The image is a digital illustration of a cartoon male character. He has brown hair, a wide smile, and is holding a smartphone to his ear with his right hand. He is wearing a black suit with a white shirt and an orange tie. The character is standing in front of a large screen displaying a financial chart with various graphs and numbers. The chart includes a line graph with a green upward trend, a bar graph with bars in shades of green and red, and a pie chart with segments in different colors. The background is plain white, emphasizing the character and the screen. There is no visible text in the image.	65283206130.png	The image depicts an animated scene featuring a man and a cow. The man is standing to the right of the cow, with his left arm extended towards the cow. He is wearing a brown vest over a plaid shirt, brown pants, and brown boots. The cow is a large, white animal with black spots and a prominent pair of horns. It has a yellow tag on its ear and is standing on a patch of dirt with some scattered leaves. The background is a plain, light color, providing a neutral backdrop that highlights the subjects. There is no visible text in the image. The style of the image is illustrative, with a focus on realism in the depiction of the man and the cow.	63521113039.png	The image features a cartoon-style brown bear with a friendly expression. The bear is standing on its hind legs and appears to be pouring honey from a jar into a smaller jar. The honey is visible in the jar being filled, and the bear's paws are holding the jar. The background is plain white, emphasizing the bear and the jars. There is no visible text in the image.	10313685588.png	The image depicts a stylized illustration of a large, brown cow with prominent horns standing in a grassy field. The cow is the central figure and is surrounded by a variety of flowers in shades of orange and yellow. In the background, there is a tree with orange leaves to the left of the cow. Above the cow, there are several small, black silhouettes of birds in flight. The sky is white, and there are no visible texts in the image. The style of the illustration is cartoonish and colorful, with a focus on the cow and the floral field.	20326113153.png	The image shows a digital display with a multitude of numbers and symbols, likely representing financial data such as stock prices or indices. The numbers are arranged in rows and columns, with some areas highlighted in green and red, which could indicate positive or negative performance. The display is set against a dark background, which contrasts with the bright colors of the numbers and symbols. The image is a close-up, focusing on the details of the display. There is no visible text that provides context or labels for the numbers. The style of the image is realistic, with a clear and sharp representation of the digital display.
oksemarked	I oksemarkedet kunne alle tjene penger, til og med min bestemor, men likevel forsynte forvalterne seg med masse i honorarer, og det gjør meg så forbannet.		63521113039.png	The image features a cartoon-style brown bear with a friendly expression. The bear is standing on its hind legs and appears to be pouring honey from a jar into a smaller jar. The honey is visible in the jar being filled, and the bear's paws are holding the jar. The background is plain white, emphasizing the bear and the jars. There is no visible text in the image.	65283206130.png	The image depicts an animated scene featuring a man and a cow. The man is standing to the right of the cow, with his left arm extended towards the cow. He is wearing a brown vest over a plaid shirt, brown pants, and brown boots. The cow is a large, white animal with black spots and a prominent pair of horns. It has a yellow tag on its ear and is standing on a patch of dirt with some scattered leaves. The background is a plain, light color, providing a neutral backdrop that highlights the subjects. There is no visible text in the image. The style of the image is illustrative, with a focus on realism in the depiction of the man and the cow.	10313685588.png	The image depicts a stylized illustration of a large, brown cow with prominent horns standing in a grassy field. The cow is the central figure and is surrounded by a variety of flowers in shades of orange and yellow. In the background, there is a tree with orange leaves to the left of the cow. Above the cow, there are several small, black silhouettes of birds in flight. The sky is white, and there are no visible texts in the image. The style of the illustration is cartoonish and colorful, with a focus on the cow and the floral field.	74566558934.png	The image is a digital illustration of a cartoon male character. He has brown hair, a wide smile, and is holding a smartphone to his ear with his right hand. He is wearing a black suit with a white shirt and an orange tie. The character is standing in front of a large screen displaying a financial chart with various graphs and numbers. The chart includes a line graph with a green upward trend, a bar graph with bars in shades of green and red, and a pie chart with segments in different colors. The background is plain white, emphasizing the character and the screen. There is no visible text in the image.	20326113153.png	The image shows a digital display with a multitude of numbers and symbols, likely representing financial data such as stock prices or indices. The numbers are arranged in rows and columns, with some areas highlighted in green and red, which could indicate positive or negative performance. The display is set against a dark background, which contrasts with the bright colors of the numbers and symbols. The image is a close-up, focusing on the details of the display. There is no visible text that provides context or labels for the numbers. The style of the image is realistic, with a clear and sharp representation of the digital display.
oksemarked	Familien måtte selge oksen sin på oksemarked for å få råd til mat gjennom vinteren.		74566558934.png	The image is a digital illustration of a cartoon male character. He has brown hair, a wide smile, and is holding a smartphone to his ear with his right hand. He is wearing a black suit with a white shirt and an orange tie. The character is standing in front of a large screen displaying a financial chart with various graphs and numbers. The chart includes a line graph with a green upward trend, a bar graph with bars in shades of green and red, and a pie chart with segments in different colors. The background is plain white, emphasizing the character and the screen. There is no visible text in the image.	10313685588.png	The image depicts a stylized illustration of a large, brown cow with prominent horns standing in a grassy field. The cow is the central figure and is surrounded by a variety of flowers in shades of orange and yellow. In the background, there is a tree with orange leaves to the left of the cow. Above the cow, there are several small, black silhouettes of birds in flight. The sky is white, and there are no visible texts in the image. The style of the illustration is cartoonish and colorful, with a focus on the cow and the floral field.	63521113039.png	The image features a cartoon-style brown bear with a friendly expression. The bear is standing on its hind legs and appears to be pouring honey from a jar into a smaller jar. The honey is visible in the jar being filled, and the bear's paws are holding the jar. The background is plain white, emphasizing the bear and the jars. There is no visible text in the image.	65283206130.png	The image depicts an animated scene featuring a man and a cow. The man is standing to the right of the cow, with his left arm extended towards the cow. He is wearing a brown vest over a plaid shirt, brown pants, and brown boots. The cow is a large, white animal with black spots and a prominent pair of horns. It has a yellow tag on its ear and is standing on a patch of dirt with some scattered leaves. The background is a plain, light color, providing a neutral backdrop that highlights the subjects. There is no visible text in the image. The style of the image is illustrative, with a focus on realism in the depiction of the man and the cow.	20326113153.png	The image shows a digital display with a multitude of numbers and symbols, likely representing financial data such as stock prices or indices. The numbers are arranged in rows and columns, with some areas highlighted in green and red, which could indicate positive or negative performance. The display is set against a dark background, which contrasts with the bright colors of the numbers and symbols. The image is a close-up, focusing on the details of the display. There is no visible text that provides context or labels for the numbers. The style of the image is realistic, with a clear and sharp representation of the digital display.
oksemarked	I det tropiske landet var det flere oksemarkeder, hvor man kunne finne okser i alle slags størrelser og farger.		10313685588.png	The image depicts a stylized illustration of a large, brown cow with prominent horns standing in a grassy field. The cow is the central figure and is surrounded by a variety of flowers in shades of orange and yellow. In the background, there is a tree with orange leaves to the left of the cow. Above the cow, there are several small, black silhouettes of birds in flight. The sky is white, and there are no visible texts in the image. The style of the illustration is cartoonish and colorful, with a focus on the cow and the floral field.	63521113039.png	The image features a cartoon-style brown bear with a friendly expression. The bear is standing on its hind legs and appears to be pouring honey from a jar into a smaller jar. The honey is visible in the jar being filled, and the bear's paws are holding the jar. The background is plain white, emphasizing the bear and the jars. There is no visible text in the image.	74566558934.png	The image is a digital illustration of a cartoon male character. He has brown hair, a wide smile, and is holding a smartphone to his ear with his right hand. He is wearing a black suit with a white shirt and an orange tie. The character is standing in front of a large screen displaying a financial chart with various graphs and numbers. The chart includes a line graph with a green upward trend, a bar graph with bars in shades of green and red, and a pie chart with segments in different colors. The background is plain white, emphasizing the character and the screen. There is no visible text in the image.	65283206130.png	The image depicts an animated scene featuring a man and a cow. The man is standing to the right of the cow, with his left arm extended towards the cow. He is wearing a brown vest over a plaid shirt, brown pants, and brown boots. The cow is a large, white animal with black spots and a prominent pair of horns. It has a yellow tag on its ear and is standing on a patch of dirt with some scattered leaves. The background is a plain, light color, providing a neutral backdrop that highlights the subjects. There is no visible text in the image. The style of the image is illustrative, with a focus on realism in the depiction of the man and the cow.	20326113153.png	The image shows a digital display with a multitude of numbers and symbols, likely representing financial data such as stock prices or indices. The numbers are arranged in rows and columns, with some areas highlighted in green and red, which could indicate positive or negative performance. The display is set against a dark background, which contrasts with the bright colors of the numbers and symbols. The image is a close-up, focusing on the details of the display. There is no visible text that provides context or labels for the numbers. The style of the image is realistic, with a clear and sharp representation of the digital display.
bolle i ovnen	Ulrikke Holmøy postet et bilde av en bolle i ovnen på Facebook, et dårlig skjult hint om at her er barn på vei.		48618085636.png	The image depicts a stylized, cartoon-like illustration of a person wearing a hijab. The individual is shown with their eyes closed, hands clasped together in front of their face, and appears to be in a state of prayer or contemplation. The person is also holding a tissue to their nose, suggesting they might be experiencing a cold or other respiratory issue. The background is plain and does not provide any additional context or details. There is no visible text in the image.	31421947066.png	The image depicts a stylized illustration of a woman pushing a stroller. The woman is wearing a brown hijab and a brown coat with a hood. She has dark hair and is smiling. The stroller is orange and has a canopy. The wheels of the stroller are black. There is no visible text in the image. The style of the illustration is cartoonish and simplistic, with flat colors and minimal shading.	44666372609.png	The image depicts a woman wearing a hijab and a long dress, standing against a plain background. She is holding her stomach, suggesting she is pregnant. The woman's attire is modest, and she appears to be in a contemplative or relaxed pose. There is no visible text in the image. The style of the image is illustrative, with a soft, pastel color palette.	18974210636.png	The image depicts a stylized, cartoon-like illustration of a toaster oven. The oven is predominantly white with a gray front panel. On the front panel, there are four control knobs, two on the top and two on the bottom. The oven door is open, revealing a wire rack inside. On the rack, there is a large, golden-brown bun with sesame seeds on top. The oven is adorned with various stickers and magnets on its front, including images of food items and a small plant. The background is plain white, emphasizing the oven as the central subject of the image.	78590134187.png	The image depicts a white plate with six cinnamon rolls on it. Each roll is generously drizzled with a golden-brown caramel sauce. The rolls are arranged in two rows of three, with the top row slightly offset to the left. The cinnamon rolls are topped with a swirl of icing, and the plate is placed on a black stand. The background is a neutral gray, providing a contrast that highlights the cinnamon rolls.
bolle i ovnen	Det viser seg at Joy har fått en uønsket bolle i ovnen, og graviditeten kan være en fare for livet hennes.		44666372609.png	The image depicts a woman wearing a hijab and a long dress, standing against a plain background. She is holding her stomach, suggesting she is pregnant. The woman's attire is modest, and she appears to be in a contemplative or relaxed pose. There is no visible text in the image. The style of the image is illustrative, with a soft, pastel color palette.	48618085636.png	The image depicts a stylized, cartoon-like illustration of a person wearing a hijab. The individual is shown with their eyes closed, hands clasped together in front of their face, and appears to be in a state of prayer or contemplation. The person is also holding a tissue to their nose, suggesting they might be experiencing a cold or other respiratory issue. The background is plain and does not provide any additional context or details. There is no visible text in the image.	78590134187.png	The image depicts a white plate with six cinnamon rolls on it. Each roll is generously drizzled with a golden-brown caramel sauce. The rolls are arranged in two rows of three, with the top row slightly offset to the left. The cinnamon rolls are topped with a swirl of icing, and the plate is placed on a black stand. The background is a neutral gray, providing a contrast that highlights the cinnamon rolls.	18974210636.png	The image depicts a stylized, cartoon-like illustration of a toaster oven. The oven is predominantly white with a gray front panel. On the front panel, there are four control knobs, two on the top and two on the bottom. The oven door is open, revealing a wire rack inside. On the rack, there is a large, golden-brown bun with sesame seeds on top. The oven is adorned with various stickers and magnets on its front, including images of food items and a small plant. The background is plain white, emphasizing the oven as the central subject of the image.	31421947066.png	The image depicts a stylized illustration of a woman pushing a stroller. The woman is wearing a brown hijab and a brown coat with a hood. She has dark hair and is smiling. The stroller is orange and has a canopy. The wheels of the stroller are black. There is no visible text in the image. The style of the illustration is cartoonish and simplistic, with flat colors and minimal shading.
bolle i ovnen	Da han våket, luktet han med én gang at det var boller i ovnen, som han skulle få til bursdagsfrokost.		31421947066.png	The image depicts a stylized illustration of a woman pushing a stroller. The woman is wearing a brown hijab and a brown coat with a hood. She has dark hair and is smiling. The stroller is orange and has a canopy. The wheels of the stroller are black. There is no visible text in the image. The style of the illustration is cartoonish and simplistic, with flat colors and minimal shading.	44666372609.png	The image depicts a woman wearing a hijab and a long dress, standing against a plain background. She is holding her stomach, suggesting she is pregnant. The woman's attire is modest, and she appears to be in a contemplative or relaxed pose. There is no visible text in the image. The style of the image is illustrative, with a soft, pastel color palette.	18974210636.png	The image depicts a stylized, cartoon-like illustration of a toaster oven. The oven is predominantly white with a gray front panel. On the front panel, there are four control knobs, two on the top and two on the bottom. The oven door is open, revealing a wire rack inside. On the rack, there is a large, golden-brown bun with sesame seeds on top. The oven is adorned with various stickers and magnets on its front, including images of food items and a small plant. The background is plain white, emphasizing the oven as the central subject of the image.	78590134187.png	The image depicts a white plate with six cinnamon rolls on it. Each roll is generously drizzled with a golden-brown caramel sauce. The rolls are arranged in two rows of three, with the top row slightly offset to the left. The cinnamon rolls are topped with a swirl of icing, and the plate is placed on a black stand. The background is a neutral gray, providing a contrast that highlights the cinnamon rolls.	48618085636.png	The image depicts a stylized, cartoon-like illustration of a person wearing a hijab. The individual is shown with their eyes closed, hands clasped together in front of their face, and appears to be in a state of prayer or contemplation. The person is also holding a tissue to their nose, suggesting they might be experiencing a cold or other respiratory issue. The background is plain and does not provide any additional context or details. There is no visible text in the image.
bolle i ovnen	Da Mona skulle lage middag, merket hun at det fremdeles var en bolle i ovnen fra gårsdagen bakeøkt.		18974210636.png	The image depicts a stylized, cartoon-like illustration of a toaster oven. The oven is predominantly white with a gray front panel. On the front panel, there are four control knobs, two on the top and two on the bottom. The oven door is open, revealing a wire rack inside. On the rack, there is a large, golden-brown bun with sesame seeds on top. The oven is adorned with various stickers and magnets on its front, including images of food items and a small plant. The background is plain white, emphasizing the oven as the central subject of the image.	78590134187.png	The image depicts a white plate with six cinnamon rolls on it. Each roll is generously drizzled with a golden-brown caramel sauce. The rolls are arranged in two rows of three, with the top row slightly offset to the left. The cinnamon rolls are topped with a swirl of icing, and the plate is placed on a black stand. The background is a neutral gray, providing a contrast that highlights the cinnamon rolls.	48618085636.png	The image depicts a stylized, cartoon-like illustration of a person wearing a hijab. The individual is shown with their eyes closed, hands clasped together in front of their face, and appears to be in a state of prayer or contemplation. The person is also holding a tissue to their nose, suggesting they might be experiencing a cold or other respiratory issue. The background is plain and does not provide any additional context or details. There is no visible text in the image.	44666372609.png	The image depicts a woman wearing a hijab and a long dress, standing against a plain background. She is holding her stomach, suggesting she is pregnant. The woman's attire is modest, and she appears to be in a contemplative or relaxed pose. There is no visible text in the image. The style of the image is illustrative, with a soft, pastel color palette.	31421947066.png	The image depicts a stylized illustration of a woman pushing a stroller. The woman is wearing a brown hijab and a brown coat with a hood. She has dark hair and is smiling. The stroller is orange and has a canopy. The wheels of the stroller are black. There is no visible text in the image. The style of the illustration is cartoonish and simplistic, with flat colors and minimal shading.
melkeku	Prins William og hertuginne Kates barn er blitt ei god melkeku for britiske forhandlere.		93019179945.png	The image features a stylized, animated depiction of a bull. The bull is black with prominent orange horns and a matching orange spot on its forehead. It has a muscular build, with its head turned to the side, and its mouth is slightly open. The bull is in motion, with its hind legs lifted off the ground, suggesting movement. The background is plain white, which contrasts with the dark color of the bull and highlights its features. There is no visible text in the image.	30280143990.png	The image features a cartoon cow standing next to a cart filled with cartons of milk. The cow has a white body with black spots and a brown mane. It is smiling and appears to be looking at the viewer. The cartons of milk are arranged on shelves and are predominantly orange and white with some green and white. The cart has four wheels and a handle. There is no visible text in the image. The cow and the cart are the main subjects of the image. The cow is positioned to the left of the cart, and the cart is filled with milk cartons. The cow's position and expression suggest it is either guarding the milk or is simply standing there.	85753917186.png	The image depicts a cartoon of a man and a cow. The man, wearing a straw hat and overalls, is milking a cow into a bucket. The cow is brown and white, with a full udder, and is standing on a dirt ground with hay scattered around. There are two additional buckets on the ground, one of which is being filled by the cow. The man is holding a bucket with a stream of milk flowing from it. The background features a wooden fence and a barn door. There is no visible text in the image.	43393653002.png	The image depicts an animated cow with a cheerful expression, sitting on a wooden platform. The cow is brown and white with a large, smiling face. It is pouring coins from a bucket into a smaller bucket below. The coins are golden and appear to be falling from the cow's action. There are also coins scattered around the base of the platform. The background is plain and does not provide any additional context. There is no visible text in the image. The style of the image is cartoonish and whimsical.	76106179963.png	The image is a stylized illustration featuring a central figure, a man with a concerned expression, who is surrounded by three other figures. The central figure is seated at a desk with a large stack of money in front of him. He is wearing a suit and tie, and his hands are raised in a gesture that suggests he is either explaining or pleading.  The three figures surrounding him are depicted in a more cartoonish style, with exaggerated facial expressions. They are reaching out towards the money, with one figure appearing to be grabbing a bill from the stack. The figures are dressed in casual clothing, and their expressions convey a sense of greed or desperation.  The background is minimalistic, with a few leaves and a small plant, which adds a touch of nature to the scene. There is no visible text in the image. The overall style of the illustration is reminiscent of a comic or graphic novel, with bold lines and a limited color palette.
melkeku	Real Madrid-president Florentino Pérez sikret seg både en fotballspiller og en kommersiell melkeku i David Beckham.		93019179945.png	The image features a stylized, animated depiction of a bull. The bull is black with prominent orange horns and a matching orange spot on its forehead. It has a muscular build, with its head turned to the side, and its mouth is slightly open. The bull is in motion, with its hind legs lifted off the ground, suggesting movement. The background is plain white, which contrasts with the dark color of the bull and highlights its features. There is no visible text in the image.	76106179963.png	The image is a stylized illustration featuring a central figure, a man with a concerned expression, who is surrounded by three other figures. The central figure is seated at a desk with a large stack of money in front of him. He is wearing a suit and tie, and his hands are raised in a gesture that suggests he is either explaining or pleading.  The three figures surrounding him are depicted in a more cartoonish style, with exaggerated facial expressions. They are reaching out towards the money, with one figure appearing to be grabbing a bill from the stack. The figures are dressed in casual clothing, and their expressions convey a sense of greed or desperation.  The background is minimalistic, with a few leaves and a small plant, which adds a touch of nature to the scene. There is no visible text in the image. The overall style of the illustration is reminiscent of a comic or graphic novel, with bold lines and a limited color palette.	30280143990.png	The image features a cartoon cow standing next to a cart filled with cartons of milk. The cow has a white body with black spots and a brown mane. It is smiling and appears to be looking at the viewer. The cartons of milk are arranged on shelves and are predominantly orange and white with some green and white. The cart has four wheels and a handle. There is no visible text in the image. The cow and the cart are the main subjects of the image. The cow is positioned to the left of the cart, and the cart is filled with milk cartons. The cow's position and expression suggest it is either guarding the milk or is simply standing there.	43393653002.png	The image depicts an animated cow with a cheerful expression, sitting on a wooden platform. The cow is brown and white with a large, smiling face. It is pouring coins from a bucket into a smaller bucket below. The coins are golden and appear to be falling from the cow's action. There are also coins scattered around the base of the platform. The background is plain and does not provide any additional context. There is no visible text in the image. The style of the image is cartoonish and whimsical.	85753917186.png	The image depicts a cartoon of a man and a cow. The man, wearing a straw hat and overalls, is milking a cow into a bucket. The cow is brown and white, with a full udder, and is standing on a dirt ground with hay scattered around. There are two additional buckets on the ground, one of which is being filled by the cow. The man is holding a bucket with a stream of milk flowing from it. The background features a wooden fence and a barn door. There is no visible text in the image.
melkeku	Den gamle melkekua sto fredelig på beitet, og lot seg ikke rikke av at barna fristet den med gulrøtter.		93019179945.png	The image features a stylized, animated depiction of a bull. The bull is black with prominent orange horns and a matching orange spot on its forehead. It has a muscular build, with its head turned to the side, and its mouth is slightly open. The bull is in motion, with its hind legs lifted off the ground, suggesting movement. The background is plain white, which contrasts with the dark color of the bull and highlights its features. There is no visible text in the image.	76106179963.png	The image is a stylized illustration featuring a central figure, a man with a concerned expression, who is surrounded by three other figures. The central figure is seated at a desk with a large stack of money in front of him. He is wearing a suit and tie, and his hands are raised in a gesture that suggests he is either explaining or pleading.  The three figures surrounding him are depicted in a more cartoonish style, with exaggerated facial expressions. They are reaching out towards the money, with one figure appearing to be grabbing a bill from the stack. The figures are dressed in casual clothing, and their expressions convey a sense of greed or desperation.  The background is minimalistic, with a few leaves and a small plant, which adds a touch of nature to the scene. There is no visible text in the image. The overall style of the illustration is reminiscent of a comic or graphic novel, with bold lines and a limited color palette.	43393653002.png	The image depicts an animated cow with a cheerful expression, sitting on a wooden platform. The cow is brown and white with a large, smiling face. It is pouring coins from a bucket into a smaller bucket below. The coins are golden and appear to be falling from the cow's action. There are also coins scattered around the base of the platform. The background is plain and does not provide any additional context. There is no visible text in the image. The style of the image is cartoonish and whimsical.	30280143990.png	The image features a cartoon cow standing next to a cart filled with cartons of milk. The cow has a white body with black spots and a brown mane. It is smiling and appears to be looking at the viewer. The cartons of milk are arranged on shelves and are predominantly orange and white with some green and white. The cart has four wheels and a handle. There is no visible text in the image. The cow and the cart are the main subjects of the image. The cow is positioned to the left of the cart, and the cart is filled with milk cartons. The cow's position and expression suggest it is either guarding the milk or is simply standing there.	85753917186.png	The image depicts a cartoon of a man and a cow. The man, wearing a straw hat and overalls, is milking a cow into a bucket. The cow is brown and white, with a full udder, and is standing on a dirt ground with hay scattered around. There are two additional buckets on the ground, one of which is being filled by the cow. The man is holding a bucket with a stream of milk flowing from it. The background features a wooden fence and a barn door. There is no visible text in the image.
melkeku	For å ha melk til frokosten, må Ruben ut i stallen til melkekuen hver morgen.		43393653002.png	The image depicts an animated cow with a cheerful expression, sitting on a wooden platform. The cow is brown and white with a large, smiling face. It is pouring coins from a bucket into a smaller bucket below. The coins are golden and appear to be falling from the cow's action. There are also coins scattered around the base of the platform. The background is plain and does not provide any additional context. There is no visible text in the image. The style of the image is cartoonish and whimsical.	76106179963.png	The image is a stylized illustration featuring a central figure, a man with a concerned expression, who is surrounded by three other figures. The central figure is seated at a desk with a large stack of money in front of him. He is wearing a suit and tie, and his hands are raised in a gesture that suggests he is either explaining or pleading.  The three figures surrounding him are depicted in a more cartoonish style, with exaggerated facial expressions. They are reaching out towards the money, with one figure appearing to be grabbing a bill from the stack. The figures are dressed in casual clothing, and their expressions convey a sense of greed or desperation.  The background is minimalistic, with a few leaves and a small plant, which adds a touch of nature to the scene. There is no visible text in the image. The overall style of the illustration is reminiscent of a comic or graphic novel, with bold lines and a limited color palette.	85753917186.png	The image depicts a cartoon of a man and a cow. The man, wearing a straw hat and overalls, is milking a cow into a bucket. The cow is brown and white, with a full udder, and is standing on a dirt ground with hay scattered around. There are two additional buckets on the ground, one of which is being filled by the cow. The man is holding a bucket with a stream of milk flowing from it. The background features a wooden fence and a barn door. There is no visible text in the image.	30280143990.png	The image features a cartoon cow standing next to a cart filled with cartons of milk. The cow has a white body with black spots and a brown mane. It is smiling and appears to be looking at the viewer. The cartons of milk are arranged on shelves and are predominantly orange and white with some green and white. The cart has four wheels and a handle. There is no visible text in the image. The cow and the cart are the main subjects of the image. The cow is positioned to the left of the cart, and the cart is filled with milk cartons. The cow's position and expression suggest it is either guarding the milk or is simply standing there.	93019179945.png	The image features a stylized, animated depiction of a bull. The bull is black with prominent orange horns and a matching orange spot on its forehead. It has a muscular build, with its head turned to the side, and its mouth is slightly open. The bull is in motion, with its hind legs lifted off the ground, suggesting movement. The background is plain white, which contrasts with the dark color of the bull and highlights its features. There is no visible text in the image.
steinansikt	EU-kommisjonens president Romano Prodi, med sitt alvorlige og mutte steinansikt, satt ved siden av som en sterk kontrast til den joviale svensken, Göran Persson.		52607627443.png	The image depicts a stylized, cartoon-like illustration of a lush green forest. The forest is composed of various shades of green, with the leaves appearing soft and fluffy. There are several small orange flowers scattered throughout the scene, adding a pop of color to the greenery. The forest is dense, with the trees and foliage filling the majority of the image. The background is a plain white, which contrasts with the vibrant green of the forest. There is no visible text in the image. The style of the illustration is reminiscent of a digital painting or a digital art piece.	91718734253.png	The image is a digital illustration featuring a stylized human figure with a simplistic design. The figure is holding a large, dark gray rock in front of its face, obscuring it from view. The person is wearing an orange garment with a high collar, and their hands are visible, with the fingers curled around the rock. The background is plain white, emphasizing the subject. There is no visible text in the image. The style of the illustration is cartoonish and appears to be designed for a modern, possibly educational, context.	34670737270.png	The image depicts a man sitting at a table with his hands clasped together in front of him. He appears to be in a state of deep thought or contemplation. The table is covered with various items, including a stack of poker chips, a deck of playing cards, and a few more stacks of chips. The man is wearing a dark jacket and has a beard. The background is dark, which contrasts with the man and the table, making them the focal point of the image. There is no visible text in the image. The style of the image is a digital illustration with a realistic aesthetic.	70818223405.png	The image depicts a stylized, rock-like sculpture with a human-like face. The face is characterized by a prominent nose, closed eyes, and a small mouth. The sculpture is covered in a variety of green plants, including vines and small trees, which are interspersed with patches of orange moss. The plants are lush and appear to be growing naturally on the surface of the sculpture. The background is a plain, light color, which contrasts with the darker tones of the sculpture and the greenery. There is no visible text in the image. The style of the image is digital art, with a focus on realistic textures and shading to give the sculpture a three-dimensional appearance.	82066868409.png	The image is a digital illustration of a young person with a neutral expression. The individual has dark hair with a slight wave, and their skin tone is light with a hint of freckles. The person's eyes are a light color, possibly blue or green, and they have a small nose and full lips. The person is wearing a dark top with a round neckline. The background is a solid, neutral color, providing no distractions from the subject. There is no visible text in the image. The style of the illustration is realistic with a focus on detail, particularly in the hair and skin textures.
steinansikt	Han har et steinansikt som kunne vært gravert i granitt med eggen av egen sorg og saknad.		70818223405.png	The image depicts a stylized, rock-like sculpture with a human-like face. The face is characterized by a prominent nose, closed eyes, and a small mouth. The sculpture is covered in a variety of green plants, including vines and small trees, which are interspersed with patches of orange moss. The plants are lush and appear to be growing naturally on the surface of the sculpture. The background is a plain, light color, which contrasts with the darker tones of the sculpture and the greenery. There is no visible text in the image. The style of the image is digital art, with a focus on realistic textures and shading to give the sculpture a three-dimensional appearance.	34670737270.png	The image depicts a man sitting at a table with his hands clasped together in front of him. He appears to be in a state of deep thought or contemplation. The table is covered with various items, including a stack of poker chips, a deck of playing cards, and a few more stacks of chips. The man is wearing a dark jacket and has a beard. The background is dark, which contrasts with the man and the table, making them the focal point of the image. There is no visible text in the image. The style of the image is a digital illustration with a realistic aesthetic.	82066868409.png	The image is a digital illustration of a young person with a neutral expression. The individual has dark hair with a slight wave, and their skin tone is light with a hint of freckles. The person's eyes are a light color, possibly blue or green, and they have a small nose and full lips. The person is wearing a dark top with a round neckline. The background is a solid, neutral color, providing no distractions from the subject. There is no visible text in the image. The style of the illustration is realistic with a focus on detail, particularly in the hair and skin textures.	91718734253.png	The image is a digital illustration featuring a stylized human figure with a simplistic design. The figure is holding a large, dark gray rock in front of its face, obscuring it from view. The person is wearing an orange garment with a high collar, and their hands are visible, with the fingers curled around the rock. The background is plain white, emphasizing the subject. There is no visible text in the image. The style of the illustration is cartoonish and appears to be designed for a modern, possibly educational, context.	52607627443.png	The image depicts a stylized, cartoon-like illustration of a lush green forest. The forest is composed of various shades of green, with the leaves appearing soft and fluffy. There are several small orange flowers scattered throughout the scene, adding a pop of color to the greenery. The forest is dense, with the trees and foliage filling the majority of the image. The background is a plain white, which contrasts with the vibrant green of the forest. There is no visible text in the image. The style of the illustration is reminiscent of a digital painting or a digital art piece.
steinansikt	Statuen hadde et gigantisk steinansikt, som gjennom hundrevis av år hadde blitt slitt ned av regn og vind.		34670737270.png	The image depicts a man sitting at a table with his hands clasped together in front of him. He appears to be in a state of deep thought or contemplation. The table is covered with various items, including a stack of poker chips, a deck of playing cards, and a few more stacks of chips. The man is wearing a dark jacket and has a beard. The background is dark, which contrasts with the man and the table, making them the focal point of the image. There is no visible text in the image. The style of the image is a digital illustration with a realistic aesthetic.	70818223405.png	The image depicts a stylized, rock-like sculpture with a human-like face. The face is characterized by a prominent nose, closed eyes, and a small mouth. The sculpture is covered in a variety of green plants, including vines and small trees, which are interspersed with patches of orange moss. The plants are lush and appear to be growing naturally on the surface of the sculpture. The background is a plain, light color, which contrasts with the darker tones of the sculpture and the greenery. There is no visible text in the image. The style of the image is digital art, with a focus on realistic textures and shading to give the sculpture a three-dimensional appearance.	52607627443.png	The image depicts a stylized, cartoon-like illustration of a lush green forest. The forest is composed of various shades of green, with the leaves appearing soft and fluffy. There are several small orange flowers scattered throughout the scene, adding a pop of color to the greenery. The forest is dense, with the trees and foliage filling the majority of the image. The background is a plain white, which contrasts with the vibrant green of the forest. There is no visible text in the image. The style of the illustration is reminiscent of a digital painting or a digital art piece.	91718734253.png	The image is a digital illustration featuring a stylized human figure with a simplistic design. The figure is holding a large, dark gray rock in front of its face, obscuring it from view. The person is wearing an orange garment with a high collar, and their hands are visible, with the fingers curled around the rock. The background is plain white, emphasizing the subject. There is no visible text in the image. The style of the illustration is cartoonish and appears to be designed for a modern, possibly educational, context.	82066868409.png	The image is a digital illustration of a young person with a neutral expression. The individual has dark hair with a slight wave, and their skin tone is light with a hint of freckles. The person's eyes are a light color, possibly blue or green, and they have a small nose and full lips. The person is wearing a dark top with a round neckline. The background is a solid, neutral color, providing no distractions from the subject. There is no visible text in the image. The style of the illustration is realistic with a focus on detail, particularly in the hair and skin textures.
steinansikt	I det nye muséumet var det blant annet flere steinansikt på utstilling.		82066868409.png	The image is a digital illustration of a young person with a neutral expression. The individual has dark hair with a slight wave, and their skin tone is light with a hint of freckles. The person's eyes are a light color, possibly blue or green, and they have a small nose and full lips. The person is wearing a dark top with a round neckline. The background is a solid, neutral color, providing no distractions from the subject. There is no visible text in the image. The style of the illustration is realistic with a focus on detail, particularly in the hair and skin textures.	91718734253.png	The image is a digital illustration featuring a stylized human figure with a simplistic design. The figure is holding a large, dark gray rock in front of its face, obscuring it from view. The person is wearing an orange garment with a high collar, and their hands are visible, with the fingers curled around the rock. The background is plain white, emphasizing the subject. There is no visible text in the image. The style of the illustration is cartoonish and appears to be designed for a modern, possibly educational, context.	52607627443.png	The image depicts a stylized, cartoon-like illustration of a lush green forest. The forest is composed of various shades of green, with the leaves appearing soft and fluffy. There are several small orange flowers scattered throughout the scene, adding a pop of color to the greenery. The forest is dense, with the trees and foliage filling the majority of the image. The background is a plain white, which contrasts with the vibrant green of the forest. There is no visible text in the image. The style of the illustration is reminiscent of a digital painting or a digital art piece.	34670737270.png	The image depicts a man sitting at a table with his hands clasped together in front of him. He appears to be in a state of deep thought or contemplation. The table is covered with various items, including a stack of poker chips, a deck of playing cards, and a few more stacks of chips. The man is wearing a dark jacket and has a beard. The background is dark, which contrasts with the man and the table, making them the focal point of the image. There is no visible text in the image. The style of the image is a digital illustration with a realistic aesthetic.	70818223405.png	The image depicts a stylized, rock-like sculpture with a human-like face. The face is characterized by a prominent nose, closed eyes, and a small mouth. The sculpture is covered in a variety of green plants, including vines and small trees, which are interspersed with patches of orange moss. The plants are lush and appear to be growing naturally on the surface of the sculpture. The background is a plain, light color, which contrasts with the darker tones of the sculpture and the greenery. There is no visible text in the image. The style of the image is digital art, with a focus on realistic textures and shading to give the sculpture a three-dimensional appearance.
syvende himmel	Kåre Helvik Morken og resten av Nyborg-spillerne var i syvende himmel etter finaleseieren over svenske Falkenberg søndag.		87312193192.png	The image depicts a stylized, animated character with curly hair, sitting cross-legged on a cloud. The character is wearing a green top and has a contented expression. To the right of the character, there are two orange leaves floating in the air. The background is plain white.	57119635179.png	The image shows a young child with curly hair, wearing a brown sweater, sitting on the floor with their arms outstretched. The child is smiling and appears to be enjoying the moment. The child is surrounded by a snowy atmosphere, with snowflakes falling around them. In the background, there is a Christmas tree adorned with ornaments and lights, and presents wrapped in brown paper with red ribbons. The overall scene suggests a festive, wintery setting, possibly during the Christmas season.	49257464768.png	The image depicts a stylized, artistic representation of a sunset or sunrise. The sun is prominently featured in the center, appearing as a large, bright orb with a white halo around it, suggesting a lens flare effect. The sun's rays are depicted as emanating outward, casting a warm, orange glow across the sky.  The sky is filled with clouds that vary in color from white to orange, with some darker shades, possibly indicating shadows or depth. The clouds are layered and appear to be illuminated by the sun's light, creating a sense of depth and three-dimensionality.  Below the sky, there is a landscape that includes mountains or hills in the distance, which are silhouetted against the bright sky. The mountains are depicted with a range of colors, from dark to light, suggesting varying distances and elevations.  There are no visible texts or inscriptions in the image. The style of the image is reminiscent of digital art or a painting, with a focus on vibrant colors and a somewhat surreal or idealized depiction of the natural scene.	85931925944.png	The image displays a series of five horizontal panels, each depicting a different sky scene. Starting from the top, the first panel shows a bright sun with rays extending outward, set against a dark background. The second panel features a sky with a gradient of colors, transitioning from a darker hue at the top to a lighter shade at the bottom, with a few scattered clouds. The third panel presents a sky with a prominent crescent moon in the lower right corner, and a few scattered clouds. The fourth panel shows a sky with a few scattered clouds and a bright, glowing sun in the lower right corner. The fifth panel depicts a sky with a few scattered clouds and a bright, glowing sun in the lower left corner. The style of the image is illustrative and appears to be a digital artwork or graphic design.	84876047157.png	The image features a stylized illustration of a feather. The feather is predominantly orange with a gradient effect that transitions from a darker shade at the base to a lighter shade at the tip. There are white speckles scattered across the feather, giving it a textured appearance. The feather has a pointed tip and a frayed edge, typical of natural feathers. There is no visible text in the image. The style of the image is graphic and appears to be a digital illustration.
syvende himmel	Jeg ønsker å rose helsevesenet langt opp i den syvende himmel, etter at de har tatt seg så godt av kjæresten min, meg og min datter Therese		57119635179.png	The image shows a young child with curly hair, wearing a brown sweater, sitting on the floor with their arms outstretched. The child is smiling and appears to be enjoying the moment. The child is surrounded by a snowy atmosphere, with snowflakes falling around them. In the background, there is a Christmas tree adorned with ornaments and lights, and presents wrapped in brown paper with red ribbons. The overall scene suggests a festive, wintery setting, possibly during the Christmas season.	87312193192.png	The image depicts a stylized, animated character with curly hair, sitting cross-legged on a cloud. The character is wearing a green top and has a contented expression. To the right of the character, there are two orange leaves floating in the air. The background is plain white.	84876047157.png	The image features a stylized illustration of a feather. The feather is predominantly orange with a gradient effect that transitions from a darker shade at the base to a lighter shade at the tip. There are white speckles scattered across the feather, giving it a textured appearance. The feather has a pointed tip and a frayed edge, typical of natural feathers. There is no visible text in the image. The style of the image is graphic and appears to be a digital illustration.	49257464768.png	The image depicts a stylized, artistic representation of a sunset or sunrise. The sun is prominently featured in the center, appearing as a large, bright orb with a white halo around it, suggesting a lens flare effect. The sun's rays are depicted as emanating outward, casting a warm, orange glow across the sky.  The sky is filled with clouds that vary in color from white to orange, with some darker shades, possibly indicating shadows or depth. The clouds are layered and appear to be illuminated by the sun's light, creating a sense of depth and three-dimensionality.  Below the sky, there is a landscape that includes mountains or hills in the distance, which are silhouetted against the bright sky. The mountains are depicted with a range of colors, from dark to light, suggesting varying distances and elevations.  There are no visible texts or inscriptions in the image. The style of the image is reminiscent of digital art or a painting, with a focus on vibrant colors and a somewhat surreal or idealized depiction of the natural scene.	85931925944.png	The image displays a series of five horizontal panels, each depicting a different sky scene. Starting from the top, the first panel shows a bright sun with rays extending outward, set against a dark background. The second panel features a sky with a gradient of colors, transitioning from a darker hue at the top to a lighter shade at the bottom, with a few scattered clouds. The third panel presents a sky with a prominent crescent moon in the lower right corner, and a few scattered clouds. The fourth panel shows a sky with a few scattered clouds and a bright, glowing sun in the lower right corner. The fifth panel depicts a sky with a few scattered clouds and a bright, glowing sun in the lower left corner. The style of the image is illustrative and appears to be a digital artwork or graphic design.
syvende himmel	I fortellingen stiger helten opp gjennom de seks første nivåene før han endelig når den syvende himmelen, hvor luften er full av stjernestøv.		85931925944.png	The image displays a series of five horizontal panels, each depicting a different sky scene. Starting from the top, the first panel shows a bright sun with rays extending outward, set against a dark background. The second panel features a sky with a gradient of colors, transitioning from a darker hue at the top to a lighter shade at the bottom, with a few scattered clouds. The third panel presents a sky with a prominent crescent moon in the lower right corner, and a few scattered clouds. The fourth panel shows a sky with a few scattered clouds and a bright, glowing sun in the lower right corner. The fifth panel depicts a sky with a few scattered clouds and a bright, glowing sun in the lower left corner. The style of the image is illustrative and appears to be a digital artwork or graphic design.	87312193192.png	The image depicts a stylized, animated character with curly hair, sitting cross-legged on a cloud. The character is wearing a green top and has a contented expression. To the right of the character, there are two orange leaves floating in the air. The background is plain white.	57119635179.png	The image shows a young child with curly hair, wearing a brown sweater, sitting on the floor with their arms outstretched. The child is smiling and appears to be enjoying the moment. The child is surrounded by a snowy atmosphere, with snowflakes falling around them. In the background, there is a Christmas tree adorned with ornaments and lights, and presents wrapped in brown paper with red ribbons. The overall scene suggests a festive, wintery setting, possibly during the Christmas season.	49257464768.png	The image depicts a stylized, artistic representation of a sunset or sunrise. The sun is prominently featured in the center, appearing as a large, bright orb with a white halo around it, suggesting a lens flare effect. The sun's rays are depicted as emanating outward, casting a warm, orange glow across the sky.  The sky is filled with clouds that vary in color from white to orange, with some darker shades, possibly indicating shadows or depth. The clouds are layered and appear to be illuminated by the sun's light, creating a sense of depth and three-dimensionality.  Below the sky, there is a landscape that includes mountains or hills in the distance, which are silhouetted against the bright sky. The mountains are depicted with a range of colors, from dark to light, suggesting varying distances and elevations.  There are no visible texts or inscriptions in the image. The style of the image is reminiscent of digital art or a painting, with a focus on vibrant colors and a somewhat surreal or idealized depiction of the natural scene.	84876047157.png	The image features a stylized illustration of a feather. The feather is predominantly orange with a gradient effect that transitions from a darker shade at the base to a lighter shade at the tip. There are white speckles scattered across the feather, giving it a textured appearance. The feather has a pointed tip and a frayed edge, typical of natural feathers. There is no visible text in the image. The style of the image is graphic and appears to be a digital illustration.
syvende himmel	Astronomen beskrev den syvende himmelen som et mystisk lag i universets struktur, hvor våre fysiske lover ikke gjelder.		84876047157.png	The image features a stylized illustration of a feather. The feather is predominantly orange with a gradient effect that transitions from a darker shade at the base to a lighter shade at the tip. There are white speckles scattered across the feather, giving it a textured appearance. The feather has a pointed tip and a frayed edge, typical of natural feathers. There is no visible text in the image. The style of the image is graphic and appears to be a digital illustration.	49257464768.png	The image depicts a stylized, artistic representation of a sunset or sunrise. The sun is prominently featured in the center, appearing as a large, bright orb with a white halo around it, suggesting a lens flare effect. The sun's rays are depicted as emanating outward, casting a warm, orange glow across the sky.  The sky is filled with clouds that vary in color from white to orange, with some darker shades, possibly indicating shadows or depth. The clouds are layered and appear to be illuminated by the sun's light, creating a sense of depth and three-dimensionality.  Below the sky, there is a landscape that includes mountains or hills in the distance, which are silhouetted against the bright sky. The mountains are depicted with a range of colors, from dark to light, suggesting varying distances and elevations.  There are no visible texts or inscriptions in the image. The style of the image is reminiscent of digital art or a painting, with a focus on vibrant colors and a somewhat surreal or idealized depiction of the natural scene.	85931925944.png	The image displays a series of five horizontal panels, each depicting a different sky scene. Starting from the top, the first panel shows a bright sun with rays extending outward, set against a dark background. The second panel features a sky with a gradient of colors, transitioning from a darker hue at the top to a lighter shade at the bottom, with a few scattered clouds. The third panel presents a sky with a prominent crescent moon in the lower right corner, and a few scattered clouds. The fourth panel shows a sky with a few scattered clouds and a bright, glowing sun in the lower right corner. The fifth panel depicts a sky with a few scattered clouds and a bright, glowing sun in the lower left corner. The style of the image is illustrative and appears to be a digital artwork or graphic design.	87312193192.png	The image depicts a stylized, animated character with curly hair, sitting cross-legged on a cloud. The character is wearing a green top and has a contented expression. To the right of the character, there are two orange leaves floating in the air. The background is plain white.	57119635179.png	The image shows a young child with curly hair, wearing a brown sweater, sitting on the floor with their arms outstretched. The child is smiling and appears to be enjoying the moment. The child is surrounded by a snowy atmosphere, with snowflakes falling around them. In the background, there is a Christmas tree adorned with ornaments and lights, and presents wrapped in brown paper with red ribbons. The overall scene suggests a festive, wintery setting, possibly during the Christmas season.
kalde føtter	To menn er anklaget for å ha planlagt å kidnappe Sammer og hans familie, for deretter å kreve løsepenger på over sju millioner kroner, men planen gikk i vasken da han ene fikk kalde føtter, og anga seg selv til politiet		39948924769.png	The image depicts a pair of bare feet resting on a sandy beach. The feet are positioned with the toes pointing towards the ocean, which is visible in the background. The ocean is depicted with waves and a clear horizon line. The sky above is a light blue with scattered clouds. The overall style of the image is illustrative and appears to be designed for a coloring book, given the clean lines and absence of color. There is no visible text in the image.	10831426233.png	The image depicts a cartoon-style illustration of a young boy sitting at a desk. He has brown hair and is wearing a black jacket with an orange vest over it. The boy is holding a pencil in his right hand and appears to be looking down at a piece of paper on the desk. The desk is equipped with a lamp, a clock, and a stack of books. There are also several pencils and a pair of scissors on the desk. The boy is wearing white sneakers. The background is plain and does not contain any text or additional objects.	59389949074.png	The image is a digital illustration of a man. He has short, dark hair and is wearing a black suit with a white shirt and a black tie. His arms are crossed over his chest, and he has a hand near his mouth, as if he is deep in thought or possibly suppressing a yawn. His facial expression is one of concern or worry, with his eyebrows slightly furrowed and his mouth partially open. There is no visible text in the image. The style of the illustration is cartoonish and simplistic, with a focus on the character's expression and attire.	40505744934.png	The image features a stylized, animated character with a furrowed brow and a wide-open mouth, displaying a fierce expression. The character has spiky hair and is wearing a white shirt with a black tie. The background is white with splatters of orange paint, giving the impression of a messy or chaotic environment. There is no visible text in the image.	64457961463.png	The image features a cartoon-style depiction of a person standing in a snowy environment. The person is wearing a brown jacket and brown shorts, with orange boots. The boots are covered in snow, suggesting that the person has been walking in the snow. The snow is falling around the person, creating a flurry effect. The image is stylized with a limited color palette and appears to be a digital illustration.
kalde føtter	Jude Law fridde til Sienna første juledag i fjor, og tidligere i år har det vært spekulert i om bryllupet ble avlyst fordi Sienna angivelig skulle ha fått kalde føtter		59389949074.png	The image is a digital illustration of a man. He has short, dark hair and is wearing a black suit with a white shirt and a black tie. His arms are crossed over his chest, and he has a hand near his mouth, as if he is deep in thought or possibly suppressing a yawn. His facial expression is one of concern or worry, with his eyebrows slightly furrowed and his mouth partially open. There is no visible text in the image. The style of the illustration is cartoonish and simplistic, with a focus on the character's expression and attire.	40505744934.png	The image features a stylized, animated character with a furrowed brow and a wide-open mouth, displaying a fierce expression. The character has spiky hair and is wearing a white shirt with a black tie. The background is white with splatters of orange paint, giving the impression of a messy or chaotic environment. There is no visible text in the image.	64457961463.png	The image features a cartoon-style depiction of a person standing in a snowy environment. The person is wearing a brown jacket and brown shorts, with orange boots. The boots are covered in snow, suggesting that the person has been walking in the snow. The snow is falling around the person, creating a flurry effect. The image is stylized with a limited color palette and appears to be a digital illustration.	39948924769.png	The image depicts a pair of bare feet resting on a sandy beach. The feet are positioned with the toes pointing towards the ocean, which is visible in the background. The ocean is depicted with waves and a clear horizon line. The sky above is a light blue with scattered clouds. The overall style of the image is illustrative and appears to be designed for a coloring book, given the clean lines and absence of color. There is no visible text in the image.	10831426233.png	The image depicts a cartoon-style illustration of a young boy sitting at a desk. He has brown hair and is wearing a black jacket with an orange vest over it. The boy is holding a pencil in his right hand and appears to be looking down at a piece of paper on the desk. The desk is equipped with a lamp, a clock, and a stack of books. There are also several pencils and a pair of scissors on the desk. The boy is wearing white sneakers. The background is plain and does not contain any text or additional objects.
kalde føtter	På fjelltur er det ikke uvanlig å få kalde føtter, så husk å ta meg deg et ekstra par ullsokker i sekken.		64457961463.png	The image features a cartoon-style depiction of a person standing in a snowy environment. The person is wearing a brown jacket and brown shorts, with orange boots. The boots are covered in snow, suggesting that the person has been walking in the snow. The snow is falling around the person, creating a flurry effect. The image is stylized with a limited color palette and appears to be a digital illustration.	39948924769.png	The image depicts a pair of bare feet resting on a sandy beach. The feet are positioned with the toes pointing towards the ocean, which is visible in the background. The ocean is depicted with waves and a clear horizon line. The sky above is a light blue with scattered clouds. The overall style of the image is illustrative and appears to be designed for a coloring book, given the clean lines and absence of color. There is no visible text in the image.	40505744934.png	The image features a stylized, animated character with a furrowed brow and a wide-open mouth, displaying a fierce expression. The character has spiky hair and is wearing a white shirt with a black tie. The background is white with splatters of orange paint, giving the impression of a messy or chaotic environment. There is no visible text in the image.	59389949074.png	The image is a digital illustration of a man. He has short, dark hair and is wearing a black suit with a white shirt and a black tie. His arms are crossed over his chest, and he has a hand near his mouth, as if he is deep in thought or possibly suppressing a yawn. His facial expression is one of concern or worry, with his eyebrows slightly furrowed and his mouth partially open. There is no visible text in the image. The style of the illustration is cartoonish and simplistic, with a focus on the character's expression and attire.	10831426233.png	The image depicts a cartoon-style illustration of a young boy sitting at a desk. He has brown hair and is wearing a black jacket with an orange vest over it. The boy is holding a pencil in his right hand and appears to be looking down at a piece of paper on the desk. The desk is equipped with a lamp, a clock, and a stack of books. There are also several pencils and a pair of scissors on the desk. The boy is wearing white sneakers. The background is plain and does not contain any text or additional objects.
kalde føtter	I gamle hus kan det være lurt å gå med tøfler innenfdørs, for å unngå å få kalde føtter.		40505744934.png	The image features a stylized, animated character with a furrowed brow and a wide-open mouth, displaying a fierce expression. The character has spiky hair and is wearing a white shirt with a black tie. The background is white with splatters of orange paint, giving the impression of a messy or chaotic environment. There is no visible text in the image.	39948924769.png	The image depicts a pair of bare feet resting on a sandy beach. The feet are positioned with the toes pointing towards the ocean, which is visible in the background. The ocean is depicted with waves and a clear horizon line. The sky above is a light blue with scattered clouds. The overall style of the image is illustrative and appears to be designed for a coloring book, given the clean lines and absence of color. There is no visible text in the image.	64457961463.png	The image features a cartoon-style depiction of a person standing in a snowy environment. The person is wearing a brown jacket and brown shorts, with orange boots. The boots are covered in snow, suggesting that the person has been walking in the snow. The snow is falling around the person, creating a flurry effect. The image is stylized with a limited color palette and appears to be a digital illustration.	59389949074.png	The image is a digital illustration of a man. He has short, dark hair and is wearing a black suit with a white shirt and a black tie. His arms are crossed over his chest, and he has a hand near his mouth, as if he is deep in thought or possibly suppressing a yawn. His facial expression is one of concern or worry, with his eyebrows slightly furrowed and his mouth partially open. There is no visible text in the image. The style of the illustration is cartoonish and simplistic, with a focus on the character's expression and attire.	10831426233.png	The image depicts a cartoon-style illustration of a young boy sitting at a desk. He has brown hair and is wearing a black jacket with an orange vest over it. The boy is holding a pencil in his right hand and appears to be looking down at a piece of paper on the desk. The desk is equipped with a lamp, a clock, and a stack of books. There are also several pencils and a pair of scissors on the desk. The boy is wearing white sneakers. The background is plain and does not contain any text or additional objects.
kald skulder	Russlands statsminister Vladimir Putin ble møtt med en kald skulder da han forsøkte å begrunne den russiske krigen i Tsjetsjenia overfor Bill Clinton i Oslo.		62277565112.png	The image is a digital illustration featuring two animated characters. On the left, there is a character with short brown hair, wearing a white tank top, black pants, and brown shoes. This character is carrying a brown backpack. On the right, there is another character with short black hair, wearing a black t-shirt and khaki pants, with black shoes. This character is also carrying a brown backpack and is speaking into a large, yellow speech bubble. The background is plain white. There is no visible text in the image. The style of the illustration is cartoonish and simplistic, with a focus on the characters and their actions.	85598863022.png	The image shows a close-up of a human arm with a shower of ice cubes falling from it. The ice cubes are depicted in a realistic style, with varying sizes and shapes, and they are rendered with a glossy, wet appearance. The arm itself is not detailed, but it appears to be a human arm with a fair skin tone. The background is plain white, which contrasts with the ice cubes and the arm, making them the focal point of the image. There is no visible text in the image. The style of the image is a digital illustration with a focus on realism.	86964490057.png	The image shows a stylized illustration of a person's lower body and feet. The person is wearing black sneakers with white soles and laces. The sneakers have a chunky design with a raised heel. The person is also wearing black shorts with a visible zipper. The shorts have a high waist and appear to be a cargo style with pockets on the thighs. The skin tone of the person is a light peach color. The background is plain and does not provide any additional context or setting. There is no visible text in the image.	18817901849.png	The image shows the back of a person's head and shoulders. The person has dark hair styled in a messy updo, and their skin appears to be fair. They are wearing a black garment that has a scoop neckline. The background is plain and white, which contrasts with the dark hair and clothing. There is no visible text in the image. The style of the image is a close-up portrait with a focus on the hair and the upper part of the person's body.	52326636990.png	The image is a stylized illustration of two animated characters standing in a snowy setting. The character on the left is a female with blonde hair, wearing a brown coat, a yellow beanie, and brown boots. She is holding a brown purse. The character on the right is a male with brown hair, wearing a black coat with a fur-lined collar, a white scarf, and brown boots. He is standing with his hands in his pockets. Both characters are looking at each other. The background features a brick wall and snowflakes falling, creating a wintry atmosphere. There is no visible text in the image.
kald skulder	Ingen partier ønsker i utgangspunktet å sitte i regjering sammen med Fremskrittspartiet, og etter de siste ukenes offentlige skittentøyvask har de fått enda en god grunn til å vende partiet en kald skulder.		52326636990.png	The image is a stylized illustration of two animated characters standing in a snowy setting. The character on the left is a female with blonde hair, wearing a brown coat, a yellow beanie, and brown boots. She is holding a brown purse. The character on the right is a male with brown hair, wearing a black coat with a fur-lined collar, a white scarf, and brown boots. He is standing with his hands in his pockets. Both characters are looking at each other. The background features a brick wall and snowflakes falling, creating a wintry atmosphere. There is no visible text in the image.	85598863022.png	The image shows a close-up of a human arm with a shower of ice cubes falling from it. The ice cubes are depicted in a realistic style, with varying sizes and shapes, and they are rendered with a glossy, wet appearance. The arm itself is not detailed, but it appears to be a human arm with a fair skin tone. The background is plain white, which contrasts with the ice cubes and the arm, making them the focal point of the image. There is no visible text in the image. The style of the image is a digital illustration with a focus on realism.	18817901849.png	The image shows the back of a person's head and shoulders. The person has dark hair styled in a messy updo, and their skin appears to be fair. They are wearing a black garment that has a scoop neckline. The background is plain and white, which contrasts with the dark hair and clothing. There is no visible text in the image. The style of the image is a close-up portrait with a focus on the hair and the upper part of the person's body.	62277565112.png	The image is a digital illustration featuring two animated characters. On the left, there is a character with short brown hair, wearing a white tank top, black pants, and brown shoes. This character is carrying a brown backpack. On the right, there is another character with short black hair, wearing a black t-shirt and khaki pants, with black shoes. This character is also carrying a brown backpack and is speaking into a large, yellow speech bubble. The background is plain white. There is no visible text in the image. The style of the illustration is cartoonish and simplistic, with a focus on the characters and their actions.	86964490057.png	The image shows a stylized illustration of a person's lower body and feet. The person is wearing black sneakers with white soles and laces. The sneakers have a chunky design with a raised heel. The person is also wearing black shorts with a visible zipper. The shorts have a high waist and appear to be a cargo style with pockets on the thighs. The skin tone of the person is a light peach color. The background is plain and does not provide any additional context or setting. There is no visible text in the image.
kald skulder	Legejournalen beskrev en unormalt kald skulder som et mulug symptom på frostskade.		52326636990.png	The image is a stylized illustration of two animated characters standing in a snowy setting. The character on the left is a female with blonde hair, wearing a brown coat, a yellow beanie, and brown boots. She is holding a brown purse. The character on the right is a male with brown hair, wearing a black coat with a fur-lined collar, a white scarf, and brown boots. He is standing with his hands in his pockets. Both characters are looking at each other. The background features a brick wall and snowflakes falling, creating a wintry atmosphere. There is no visible text in the image.	62277565112.png	The image is a digital illustration featuring two animated characters. On the left, there is a character with short brown hair, wearing a white tank top, black pants, and brown shoes. This character is carrying a brown backpack. On the right, there is another character with short black hair, wearing a black t-shirt and khaki pants, with black shoes. This character is also carrying a brown backpack and is speaking into a large, yellow speech bubble. The background is plain white. There is no visible text in the image. The style of the illustration is cartoonish and simplistic, with a focus on the characters and their actions.	86964490057.png	The image shows a stylized illustration of a person's lower body and feet. The person is wearing black sneakers with white soles and laces. The sneakers have a chunky design with a raised heel. The person is also wearing black shorts with a visible zipper. The shorts have a high waist and appear to be a cargo style with pockets on the thighs. The skin tone of the person is a light peach color. The background is plain and does not provide any additional context or setting. There is no visible text in the image.	18817901849.png	The image shows the back of a person's head and shoulders. The person has dark hair styled in a messy updo, and their skin appears to be fair. They are wearing a black garment that has a scoop neckline. The background is plain and white, which contrasts with the dark hair and clothing. There is no visible text in the image. The style of the image is a close-up portrait with a focus on the hair and the upper part of the person's body.	85598863022.png	The image shows a close-up of a human arm with a shower of ice cubes falling from it. The ice cubes are depicted in a realistic style, with varying sizes and shapes, and they are rendered with a glossy, wet appearance. The arm itself is not detailed, but it appears to be a human arm with a fair skin tone. The background is plain white, which contrasts with the ice cubes and the arm, making them the focal point of the image. There is no visible text in the image. The style of the image is a digital illustration with a focus on realism.
kald skulder	Etter å ha sovet ute fikk hun en så kald skulder at det tok flere timer før hun fikk varmet den opp igjen.		85598863022.png	The image shows a close-up of a human arm with a shower of ice cubes falling from it. The ice cubes are depicted in a realistic style, with varying sizes and shapes, and they are rendered with a glossy, wet appearance. The arm itself is not detailed, but it appears to be a human arm with a fair skin tone. The background is plain white, which contrasts with the ice cubes and the arm, making them the focal point of the image. There is no visible text in the image. The style of the image is a digital illustration with a focus on realism.	86964490057.png	The image shows a stylized illustration of a person's lower body and feet. The person is wearing black sneakers with white soles and laces. The sneakers have a chunky design with a raised heel. The person is also wearing black shorts with a visible zipper. The shorts have a high waist and appear to be a cargo style with pockets on the thighs. The skin tone of the person is a light peach color. The background is plain and does not provide any additional context or setting. There is no visible text in the image.	18817901849.png	The image shows the back of a person's head and shoulders. The person has dark hair styled in a messy updo, and their skin appears to be fair. They are wearing a black garment that has a scoop neckline. The background is plain and white, which contrasts with the dark hair and clothing. There is no visible text in the image. The style of the image is a close-up portrait with a focus on the hair and the upper part of the person's body.	52326636990.png	The image is a stylized illustration of two animated characters standing in a snowy setting. The character on the left is a female with blonde hair, wearing a brown coat, a yellow beanie, and brown boots. She is holding a brown purse. The character on the right is a male with brown hair, wearing a black coat with a fur-lined collar, a white scarf, and brown boots. He is standing with his hands in his pockets. Both characters are looking at each other. The background features a brick wall and snowflakes falling, creating a wintry atmosphere. There is no visible text in the image.	62277565112.png	The image is a digital illustration featuring two animated characters. On the left, there is a character with short brown hair, wearing a white tank top, black pants, and brown shoes. This character is carrying a brown backpack. On the right, there is another character with short black hair, wearing a black t-shirt and khaki pants, with black shoes. This character is also carrying a brown backpack and is speaking into a large, yellow speech bubble. The background is plain white. There is no visible text in the image. The style of the illustration is cartoonish and simplistic, with a focus on the characters and their actions.
hermegås	Den britiske avisa Express har tydeligvis bitt seg merke i at den norske kronprinsfamilien legger ut private bilder i sosiale medier, i likhet med Kate og hertugfamilien, og kaller derfor det norske kronprinsparet for kongelig hermegås på grunn av dette.		12789412503.png	The image features a stylized, cartoon-like depiction of a white cat with orange ears. The cat is sitting with its front paws tucked under its body and its tail curled around its back legs. The background is plain and white, which contrasts with the cat's fur, making it the central focus of the image. There is no visible text in the image.	13506651738.png	The image depicts a mother duck and her three ducklings walking in a line on a reflective surface. The mother duck is in the center, with the ducklings following her. They are all white with orange bills and feet. The background is a simple, light gray with a subtle pattern, and there are trees and a body of water visible in the distance. The style of the image is illustrative, with a soft, watercolor-like texture.	88883389440.png	The image features a group of five animated ballerinas in a line, each in a different pose of a ballet dance. They are dressed in tutus and ballet shoes, with their hair styled in buns. The ballerinas are depicted with a soft, cartoonish style. To the right of the ballerinas, there is a single animated duck with a white body and orange feet. The duck is standing upright and appears to be watching the ballerinas. The background is plain and does not provide any additional context. There is no visible text in the image.	63836385785.png	The image features two animated female characters sitting on the ground. Both characters have dark hair styled in buns and are wearing earrings. The character on the left is wearing a yellow top with a pattern and black pants, while the character on the right is dressed in a gray sweater and black pants. Both characters are holding a white mug to their lips, suggesting they are drinking from it. The characters are depicted in a stylized manner with exaggerated features typical of animation. There is no visible text in the image.	79896113008.png	The image features two animated characters, a boy and a girl, standing on what appears to be a flat surface. The girl is on the left and the boy is on the right. They are both facing each other with their hands raised to their foreheads, as if they are touching their heads or perhaps in a gesture of greeting or surprise. The girl has her hair tied up in a bun and is wearing a dark top with a light-colored skirt. The boy has short hair and is dressed in a light-colored shirt with a darker pattern and dark pants. Both characters are smiling and seem to be in a cheerful or playful mood. There is no visible text in the image.
hermegås	Jeg hører at folk påstår at jeg er kreativ, men langt derifra; jeg er en etterdilter, ei hermegås som ikke er overdrevent god på det en gang.		79896113008.png	The image features two animated characters, a boy and a girl, standing on what appears to be a flat surface. The girl is on the left and the boy is on the right. They are both facing each other with their hands raised to their foreheads, as if they are touching their heads or perhaps in a gesture of greeting or surprise. The girl has her hair tied up in a bun and is wearing a dark top with a light-colored skirt. The boy has short hair and is dressed in a light-colored shirt with a darker pattern and dark pants. Both characters are smiling and seem to be in a cheerful or playful mood. There is no visible text in the image.	12789412503.png	The image features a stylized, cartoon-like depiction of a white cat with orange ears. The cat is sitting with its front paws tucked under its body and its tail curled around its back legs. The background is plain and white, which contrasts with the cat's fur, making it the central focus of the image. There is no visible text in the image.	88883389440.png	The image features a group of five animated ballerinas in a line, each in a different pose of a ballet dance. They are dressed in tutus and ballet shoes, with their hair styled in buns. The ballerinas are depicted with a soft, cartoonish style. To the right of the ballerinas, there is a single animated duck with a white body and orange feet. The duck is standing upright and appears to be watching the ballerinas. The background is plain and does not provide any additional context. There is no visible text in the image.	13506651738.png	The image depicts a mother duck and her three ducklings walking in a line on a reflective surface. The mother duck is in the center, with the ducklings following her. They are all white with orange bills and feet. The background is a simple, light gray with a subtle pattern, and there are trees and a body of water visible in the distance. The style of the image is illustrative, with a soft, watercolor-like texture.	63836385785.png	The image features two animated female characters sitting on the ground. Both characters have dark hair styled in buns and are wearing earrings. The character on the left is wearing a yellow top with a pattern and black pants, while the character on the right is dressed in a gray sweater and black pants. Both characters are holding a white mug to their lips, suggesting they are drinking from it. The characters are depicted in a stylized manner with exaggerated features typical of animation. There is no visible text in the image.
hermegås	På gården fulgte hermegåsen etter bonden og etterlignet hvert steg med stor presisjon.		13506651738.png	The image depicts a mother duck and her three ducklings walking in a line on a reflective surface. The mother duck is in the center, with the ducklings following her. They are all white with orange bills and feet. The background is a simple, light gray with a subtle pattern, and there are trees and a body of water visible in the distance. The style of the image is illustrative, with a soft, watercolor-like texture.	88883389440.png	The image features a group of five animated ballerinas in a line, each in a different pose of a ballet dance. They are dressed in tutus and ballet shoes, with their hair styled in buns. The ballerinas are depicted with a soft, cartoonish style. To the right of the ballerinas, there is a single animated duck with a white body and orange feet. The duck is standing upright and appears to be watching the ballerinas. The background is plain and does not provide any additional context. There is no visible text in the image.	12789412503.png	The image features a stylized, cartoon-like depiction of a white cat with orange ears. The cat is sitting with its front paws tucked under its body and its tail curled around its back legs. The background is plain and white, which contrasts with the cat's fur, making it the central focus of the image. There is no visible text in the image.	79896113008.png	The image features two animated characters, a boy and a girl, standing on what appears to be a flat surface. The girl is on the left and the boy is on the right. They are both facing each other with their hands raised to their foreheads, as if they are touching their heads or perhaps in a gesture of greeting or surprise. The girl has her hair tied up in a bun and is wearing a dark top with a light-colored skirt. The boy has short hair and is dressed in a light-colored shirt with a darker pattern and dark pants. Both characters are smiling and seem to be in a cheerful or playful mood. There is no visible text in the image.	63836385785.png	The image features two animated female characters sitting on the ground. Both characters have dark hair styled in buns and are wearing earrings. The character on the left is wearing a yellow top with a pattern and black pants, while the character on the right is dressed in a gray sweater and black pants. Both characters are holding a white mug to their lips, suggesting they are drinking from it. The characters are depicted in a stylized manner with exaggerated features typical of animation. There is no visible text in the image.
hermegås	Den yngste av gåsene var en hermegås som hermet etter alle bevegelsene til sine storesøsken.		63836385785.png	The image features two animated female characters sitting on the ground. Both characters have dark hair styled in buns and are wearing earrings. The character on the left is wearing a yellow top with a pattern and black pants, while the character on the right is dressed in a gray sweater and black pants. Both characters are holding a white mug to their lips, suggesting they are drinking from it. The characters are depicted in a stylized manner with exaggerated features typical of animation. There is no visible text in the image.	79896113008.png	The image features two animated characters, a boy and a girl, standing on what appears to be a flat surface. The girl is on the left and the boy is on the right. They are both facing each other with their hands raised to their foreheads, as if they are touching their heads or perhaps in a gesture of greeting or surprise. The girl has her hair tied up in a bun and is wearing a dark top with a light-colored skirt. The boy has short hair and is dressed in a light-colored shirt with a darker pattern and dark pants. Both characters are smiling and seem to be in a cheerful or playful mood. There is no visible text in the image.	13506651738.png	The image depicts a mother duck and her three ducklings walking in a line on a reflective surface. The mother duck is in the center, with the ducklings following her. They are all white with orange bills and feet. The background is a simple, light gray with a subtle pattern, and there are trees and a body of water visible in the distance. The style of the image is illustrative, with a soft, watercolor-like texture.	88883389440.png	The image features a group of five animated ballerinas in a line, each in a different pose of a ballet dance. They are dressed in tutus and ballet shoes, with their hair styled in buns. The ballerinas are depicted with a soft, cartoonish style. To the right of the ballerinas, there is a single animated duck with a white body and orange feet. The duck is standing upright and appears to be watching the ballerinas. The background is plain and does not provide any additional context. There is no visible text in the image.	12789412503.png	The image features a stylized, cartoon-like depiction of a white cat with orange ears. The cat is sitting with its front paws tucked under its body and its tail curled around its back legs. The background is plain and white, which contrasts with the cat's fur, making it the central focus of the image. There is no visible text in the image.
sofagris	Bråten var selv sofagris til han var rundt femti år, men nå er han kroppsbygger og utdannet trener ved Norges idrettshøgskole.		52792201538.png	The image features three cartoon pig characters with a playful and cute design. They are depicted in a whimsical style, with exaggerated facial expressions and a simplistic, stylized appearance. The pigs are sitting on a mound of soil with small yellow flowers sprouting around them. The pigs have black spots on their bodies, and their ears are pointed upwards. The background is plain white, which contrasts with the earthy tones of the pigs and the soil. There is no visible text in the image.	39524129431.png	The image depicts a cartoon-style illustration of a young boy sleeping on a couch. The boy has dark hair and is wearing an orange sweater. He is lying on his side with his head resting on a pillow. The couch has a patterned upholstery and is positioned against a plain background. On the armrest of the couch, there is a small potted plant. The boy's feet are visible, and he is wearing white socks. The overall scene is peaceful and domestic.	48267839296.png	The image depicts an animated character, a man, sitting on a couch with a somewhat disheveled appearance. He is holding a canned beverage in his right hand and appears to be in a state of relaxation or possibly exhaustion. The man is wearing a brown t-shirt and dark pants.  In front of him on the couch, there is a bowl of popcorn and a remote control. To his left, there is a small table with a few items on it, including a cup, a bowl, and a bag of snacks. On the floor next to the table, there are two more bags of snacks.  The couch is positioned against a plain white background, and the overall style of the image is cartoonish with a focus on the character's casual and comfortable posture.	60474966367.png	The image features a cartoon hippopotamus sitting on a rock in a body of water. The hippo has a large, round body with a prominent snout and eyes. It has a wide, open mouth and is smiling. The hippo is adorned with small yellow flowers on its back and head. The rock on which the hippo sits is surrounded by water, and there are small green plants growing around the base of the rock. The background is a plain, light color, providing a neutral backdrop that highlights the hippo and the surrounding elements. There is no visible text in the image.	33337824796.png	The image depicts a cartoon-style illustration of a pig lying on a couch. The pig is wearing a plaid blanket and has its eyes closed, suggesting it is sleeping. The couch has a simple, classic design with wooden legs and a tufted backrest. The background is a solid dark color, which contrasts with the lighter tones of the pig and the couch. There is no visible text in the image.
sofagris	Hos mennesker kan genene i mitokondriene bety forskjellen mellom en sofagris og en stjerneatlet, sier Erik Schon ved Columbia universitet i New York.		39524129431.png	The image depicts a cartoon-style illustration of a young boy sleeping on a couch. The boy has dark hair and is wearing an orange sweater. He is lying on his side with his head resting on a pillow. The couch has a patterned upholstery and is positioned against a plain background. On the armrest of the couch, there is a small potted plant. The boy's feet are visible, and he is wearing white socks. The overall scene is peaceful and domestic.	52792201538.png	The image features three cartoon pig characters with a playful and cute design. They are depicted in a whimsical style, with exaggerated facial expressions and a simplistic, stylized appearance. The pigs are sitting on a mound of soil with small yellow flowers sprouting around them. The pigs have black spots on their bodies, and their ears are pointed upwards. The background is plain white, which contrasts with the earthy tones of the pigs and the soil. There is no visible text in the image.	33337824796.png	The image depicts a cartoon-style illustration of a pig lying on a couch. The pig is wearing a plaid blanket and has its eyes closed, suggesting it is sleeping. The couch has a simple, classic design with wooden legs and a tufted backrest. The background is a solid dark color, which contrasts with the lighter tones of the pig and the couch. There is no visible text in the image.	60474966367.png	The image features a cartoon hippopotamus sitting on a rock in a body of water. The hippo has a large, round body with a prominent snout and eyes. It has a wide, open mouth and is smiling. The hippo is adorned with small yellow flowers on its back and head. The rock on which the hippo sits is surrounded by water, and there are small green plants growing around the base of the rock. The background is a plain, light color, providing a neutral backdrop that highlights the hippo and the surrounding elements. There is no visible text in the image.	48267839296.png	The image depicts an animated character, a man, sitting on a couch with a somewhat disheveled appearance. He is holding a canned beverage in his right hand and appears to be in a state of relaxation or possibly exhaustion. The man is wearing a brown t-shirt and dark pants.  In front of him on the couch, there is a bowl of popcorn and a remote control. To his left, there is a small table with a few items on it, including a cup, a bowl, and a bag of snacks. On the floor next to the table, there are two more bags of snacks.  The couch is positioned against a plain white background, and the overall style of the image is cartoonish with a focus on the character's casual and comfortable posture.
sofagris	Sofagrisen lå langstrakt over putene og gryntet fornøyd da noen endelig klødde den bak øret.		60474966367.png	The image features a cartoon hippopotamus sitting on a rock in a body of water. The hippo has a large, round body with a prominent snout and eyes. It has a wide, open mouth and is smiling. The hippo is adorned with small yellow flowers on its back and head. The rock on which the hippo sits is surrounded by water, and there are small green plants growing around the base of the rock. The background is a plain, light color, providing a neutral backdrop that highlights the hippo and the surrounding elements. There is no visible text in the image.	52792201538.png	The image features three cartoon pig characters with a playful and cute design. They are depicted in a whimsical style, with exaggerated facial expressions and a simplistic, stylized appearance. The pigs are sitting on a mound of soil with small yellow flowers sprouting around them. The pigs have black spots on their bodies, and their ears are pointed upwards. The background is plain white, which contrasts with the earthy tones of the pigs and the soil. There is no visible text in the image.	39524129431.png	The image depicts a cartoon-style illustration of a young boy sleeping on a couch. The boy has dark hair and is wearing an orange sweater. He is lying on his side with his head resting on a pillow. The couch has a patterned upholstery and is positioned against a plain background. On the armrest of the couch, there is a small potted plant. The boy's feet are visible, and he is wearing white socks. The overall scene is peaceful and domestic.	48267839296.png	The image depicts an animated character, a man, sitting on a couch with a somewhat disheveled appearance. He is holding a canned beverage in his right hand and appears to be in a state of relaxation or possibly exhaustion. The man is wearing a brown t-shirt and dark pants.  In front of him on the couch, there is a bowl of popcorn and a remote control. To his left, there is a small table with a few items on it, including a cup, a bowl, and a bag of snacks. On the floor next to the table, there are two more bags of snacks.  The couch is positioned against a plain white background, and the overall style of the image is cartoonish with a focus on the character's casual and comfortable posture.	33337824796.png	The image depicts a cartoon-style illustration of a pig lying on a couch. The pig is wearing a plaid blanket and has its eyes closed, suggesting it is sleeping. The couch has a simple, classic design with wooden legs and a tufted backrest. The background is a solid dark color, which contrasts with the lighter tones of the pig and the couch. There is no visible text in the image.
sofagris	I barneboken sitter sofagrisen og leser avisen hver morgen, mens de andre dyrene ser på forbauset.		48267839296.png	The image depicts an animated character, a man, sitting on a couch with a somewhat disheveled appearance. He is holding a canned beverage in his right hand and appears to be in a state of relaxation or possibly exhaustion. The man is wearing a brown t-shirt and dark pants.  In front of him on the couch, there is a bowl of popcorn and a remote control. To his left, there is a small table with a few items on it, including a cup, a bowl, and a bag of snacks. On the floor next to the table, there are two more bags of snacks.  The couch is positioned against a plain white background, and the overall style of the image is cartoonish with a focus on the character's casual and comfortable posture.	39524129431.png	The image depicts a cartoon-style illustration of a young boy sleeping on a couch. The boy has dark hair and is wearing an orange sweater. He is lying on his side with his head resting on a pillow. The couch has a patterned upholstery and is positioned against a plain background. On the armrest of the couch, there is a small potted plant. The boy's feet are visible, and he is wearing white socks. The overall scene is peaceful and domestic.	60474966367.png	The image features a cartoon hippopotamus sitting on a rock in a body of water. The hippo has a large, round body with a prominent snout and eyes. It has a wide, open mouth and is smiling. The hippo is adorned with small yellow flowers on its back and head. The rock on which the hippo sits is surrounded by water, and there are small green plants growing around the base of the rock. The background is a plain, light color, providing a neutral backdrop that highlights the hippo and the surrounding elements. There is no visible text in the image.	33337824796.png	The image depicts a cartoon-style illustration of a pig lying on a couch. The pig is wearing a plaid blanket and has its eyes closed, suggesting it is sleeping. The couch has a simple, classic design with wooden legs and a tufted backrest. The background is a solid dark color, which contrasts with the lighter tones of the pig and the couch. There is no visible text in the image.	52792201538.png	The image features three cartoon pig characters with a playful and cute design. They are depicted in a whimsical style, with exaggerated facial expressions and a simplistic, stylized appearance. The pigs are sitting on a mound of soil with small yellow flowers sprouting around them. The pigs have black spots on their bodies, and their ears are pointed upwards. The background is plain white, which contrasts with the earthy tones of the pigs and the soil. There is no visible text in the image.
kræsjkurs	Det er på høy tid at forskere og kvalifiserte motdebattantanter får svare Spetalen og andre klimaskeptikere med et sårt tiltrengt kræsjkurs i klimatologi, og samtidig rydder opp i grove misforståelser og andre pseudovitenskapelige påstander i ukritiske medier		64222918768.png	The image depicts two animated characters, a man and a boy, sitting in the front of a black car. The man is on the left, wearing glasses, a suit, and a tie, with gray hair and a beard. The boy is on the right, with brown hair, wearing a striped shirt and a tie, and is smiling. Both characters appear to be enjoying the ride. The car has a sleek design with a visible grille and headlights. The background is plain white, emphasizing the characters and the car. There is no visible text in the image.	47026992035.png	The image is a digital illustration featuring a classroom setting. In the foreground, there is a teacher standing to the right, gesturing with his right hand. He is wearing glasses, a suit, and a tie. To the left of the teacher, there are three students sitting in chairs. The students are depicted with exaggerated facial expressions, suggesting a playful or humorous atmosphere.  In the background, there is a large screen displaying two cars that appear to be in a state of disrepair or destruction. The cars are depicted with a high level of detail, showing various parts damaged or missing.  The overall style of the image is cartoonish, with a focus on simplicity and clarity. There is no visible text in the image. The relationship between the objects suggests that the teacher is explaining or discussing the cars with the students, possibly in the context of a lesson or presentation.	20381509577.png	The image depicts an animated scene of a lecture or presentation. A man stands at the front of a room, facing the audience, with a microphone in his hand. He is dressed in a dark jacket and a light-colored shirt. The audience consists of various individuals seated in rows of chairs, facing the speaker. The room has a large screen or projection board at the front, which is currently blank. The style of the image is cartoonish, with a limited color palette and a simplified, stylized representation of the characters and environment.	55762400930.png	The image depicts an animated character, a man with curly hair, wearing glasses and a beard, standing in front of a chalkboard filled with various papers and notes. He is gesturing with his hands, which are open and facing outward. The character is dressed in a brown suit and a white shirt. The chalkboard has a wooden frame and is covered with a variety of papers and diagrams, suggesting a classroom or study setting. There is no visible text in the image. The style of the image is cartoonish and appears to be designed for illustrative purposes, possibly for educational or instructional materials.	81518887484.png	The image depicts a stylized, cartoon-like representation of a tractor. The tractor is predominantly yellow with black accents. It features large, black tires and a prominent front grille. The cab of the tractor is enclosed in a glass structure, and there are orange lights on the front and sides. The tractor is parked on a flat surface, and there is a shadow cast on the ground beneath it. There is no visible text in the image.
kræsjkurs	På asylmottaket var det kræsjkurs i norsk jul, hvor vi fikk smake norsk julemat, lærte oss at man må vente med å åpne julegaver til ettermiddagen og hvordan og når man pyntet juletreet.		20381509577.png	The image depicts an animated scene of a lecture or presentation. A man stands at the front of a room, facing the audience, with a microphone in his hand. He is dressed in a dark jacket and a light-colored shirt. The audience consists of various individuals seated in rows of chairs, facing the speaker. The room has a large screen or projection board at the front, which is currently blank. The style of the image is cartoonish, with a limited color palette and a simplified, stylized representation of the characters and environment.	55762400930.png	The image depicts an animated character, a man with curly hair, wearing glasses and a beard, standing in front of a chalkboard filled with various papers and notes. He is gesturing with his hands, which are open and facing outward. The character is dressed in a brown suit and a white shirt. The chalkboard has a wooden frame and is covered with a variety of papers and diagrams, suggesting a classroom or study setting. There is no visible text in the image. The style of the image is cartoonish and appears to be designed for illustrative purposes, possibly for educational or instructional materials.	47026992035.png	The image is a digital illustration featuring a classroom setting. In the foreground, there is a teacher standing to the right, gesturing with his right hand. He is wearing glasses, a suit, and a tie. To the left of the teacher, there are three students sitting in chairs. The students are depicted with exaggerated facial expressions, suggesting a playful or humorous atmosphere.  In the background, there is a large screen displaying two cars that appear to be in a state of disrepair or destruction. The cars are depicted with a high level of detail, showing various parts damaged or missing.  The overall style of the image is cartoonish, with a focus on simplicity and clarity. There is no visible text in the image. The relationship between the objects suggests that the teacher is explaining or discussing the cars with the students, possibly in the context of a lesson or presentation.	81518887484.png	The image depicts a stylized, cartoon-like representation of a tractor. The tractor is predominantly yellow with black accents. It features large, black tires and a prominent front grille. The cab of the tractor is enclosed in a glass structure, and there are orange lights on the front and sides. The tractor is parked on a flat surface, and there is a shadow cast on the ground beneath it. There is no visible text in the image.	64222918768.png	The image depicts two animated characters, a man and a boy, sitting in the front of a black car. The man is on the left, wearing glasses, a suit, and a tie, with gray hair and a beard. The boy is on the right, with brown hair, wearing a striped shirt and a tie, and is smiling. Both characters appear to be enjoying the ride. The car has a sleek design with a visible grille and headlights. The background is plain white, emphasizing the characters and the car. There is no visible text in the image.
kræsjkurs	Før han skulle ha oppkjøring, måtte han gjennom et kræsjkurs for å lære om farligheten ved å kræsje i høy fart.		55762400930.png	The image depicts an animated character, a man with curly hair, wearing glasses and a beard, standing in front of a chalkboard filled with various papers and notes. He is gesturing with his hands, which are open and facing outward. The character is dressed in a brown suit and a white shirt. The chalkboard has a wooden frame and is covered with a variety of papers and diagrams, suggesting a classroom or study setting. There is no visible text in the image. The style of the image is cartoonish and appears to be designed for illustrative purposes, possibly for educational or instructional materials.	81518887484.png	The image depicts a stylized, cartoon-like representation of a tractor. The tractor is predominantly yellow with black accents. It features large, black tires and a prominent front grille. The cab of the tractor is enclosed in a glass structure, and there are orange lights on the front and sides. The tractor is parked on a flat surface, and there is a shadow cast on the ground beneath it. There is no visible text in the image.	64222918768.png	The image depicts two animated characters, a man and a boy, sitting in the front of a black car. The man is on the left, wearing glasses, a suit, and a tie, with gray hair and a beard. The boy is on the right, with brown hair, wearing a striped shirt and a tie, and is smiling. Both characters appear to be enjoying the ride. The car has a sleek design with a visible grille and headlights. The background is plain white, emphasizing the characters and the car. There is no visible text in the image.	47026992035.png	The image is a digital illustration featuring a classroom setting. In the foreground, there is a teacher standing to the right, gesturing with his right hand. He is wearing glasses, a suit, and a tie. To the left of the teacher, there are three students sitting in chairs. The students are depicted with exaggerated facial expressions, suggesting a playful or humorous atmosphere.  In the background, there is a large screen displaying two cars that appear to be in a state of disrepair or destruction. The cars are depicted with a high level of detail, showing various parts damaged or missing.  The overall style of the image is cartoonish, with a focus on simplicity and clarity. There is no visible text in the image. The relationship between the objects suggests that the teacher is explaining or discussing the cars with the students, possibly in the context of a lesson or presentation.	20381509577.png	The image depicts an animated scene of a lecture or presentation. A man stands at the front of a room, facing the audience, with a microphone in his hand. He is dressed in a dark jacket and a light-colored shirt. The audience consists of various individuals seated in rows of chairs, facing the speaker. The room has a large screen or projection board at the front, which is currently blank. The style of the image is cartoonish, with a limited color palette and a simplified, stylized representation of the characters and environment.
kræsjkurs	For å få elevene til å forstå hvor farlig det er å råkjøre, hadde læreren et kræsjkurs, hvor han viste bilder av knuste biler som hadde kræsjet.		47026992035.png	The image is a digital illustration featuring a classroom setting. In the foreground, there is a teacher standing to the right, gesturing with his right hand. He is wearing glasses, a suit, and a tie. To the left of the teacher, there are three students sitting in chairs. The students are depicted with exaggerated facial expressions, suggesting a playful or humorous atmosphere.  In the background, there is a large screen displaying two cars that appear to be in a state of disrepair or destruction. The cars are depicted with a high level of detail, showing various parts damaged or missing.  The overall style of the image is cartoonish, with a focus on simplicity and clarity. There is no visible text in the image. The relationship between the objects suggests that the teacher is explaining or discussing the cars with the students, possibly in the context of a lesson or presentation.	81518887484.png	The image depicts a stylized, cartoon-like representation of a tractor. The tractor is predominantly yellow with black accents. It features large, black tires and a prominent front grille. The cab of the tractor is enclosed in a glass structure, and there are orange lights on the front and sides. The tractor is parked on a flat surface, and there is a shadow cast on the ground beneath it. There is no visible text in the image.	64222918768.png	The image depicts two animated characters, a man and a boy, sitting in the front of a black car. The man is on the left, wearing glasses, a suit, and a tie, with gray hair and a beard. The boy is on the right, with brown hair, wearing a striped shirt and a tie, and is smiling. Both characters appear to be enjoying the ride. The car has a sleek design with a visible grille and headlights. The background is plain white, emphasizing the characters and the car. There is no visible text in the image.	20381509577.png	The image depicts an animated scene of a lecture or presentation. A man stands at the front of a room, facing the audience, with a microphone in his hand. He is dressed in a dark jacket and a light-colored shirt. The audience consists of various individuals seated in rows of chairs, facing the speaker. The room has a large screen or projection board at the front, which is currently blank. The style of the image is cartoonish, with a limited color palette and a simplified, stylized representation of the characters and environment.	55762400930.png	The image depicts an animated character, a man with curly hair, wearing glasses and a beard, standing in front of a chalkboard filled with various papers and notes. He is gesturing with his hands, which are open and facing outward. The character is dressed in a brown suit and a white shirt. The chalkboard has a wooden frame and is covered with a variety of papers and diagrams, suggesting a classroom or study setting. There is no visible text in the image. The style of the image is cartoonish and appears to be designed for illustrative purposes, possibly for educational or instructional materials.
krokodilletårer	Aktor Gerrie Nel kjøper ikke Oscar Pistorius forklaring og beskyldte atleten for krokodilletårer i retten mandag.		17949468790.png	The image features a cartoon alligator with a wide-open mouth displaying sharp teeth. The alligator has a patterned body with shades of brown and green, and its eyes are large with a yellowish hue. It has a long snout and a prominent ridge along its back. The alligator is depicted in a dynamic pose, as if it is in motion. There is no visible text in the image.	94195590354.png	The image features a cartoon alligator with a sad expression. It has large, expressive eyes with visible tears, and its mouth is open as if it's crying or upset. The alligator's skin texture is detailed, with a pattern that resembles scales. It has a prominent snout with sharp teeth, and its ears are small and rounded. The alligator is sitting on a reflective surface that casts a shadow beneath it. There is no visible text in the image. The style of the image is reminiscent of a digital illustration, with a focus on character design and emotional expression.	89626099383.png	The image depicts an animated character, a young man with a microphone in his hand, standing in front of two camera setups. He is dressed in a suit and tie, and his expression is one of sadness or distress, with tears visible on his cheeks. The background is plain and does not provide any additional context. The style of the image is cartoonish and appears to be designed for a digital medium, possibly for a storyboard or a similar purpose.	47716698255.png	The image features a stylized, animated lizard with a prominent orange and yellow pattern on its body. It has large, expressive eyes and a long, curved tail. The lizard is standing on its hind legs with its front paws raised slightly off the ground. The background is plain and white, emphasizing the lizard. There is no visible text in the image.	75621104446.png	The image is a cartoon illustration. It features a man in a suit and tie, who is wiping his face with a handkerchief. He appears to be in a courtroom setting, as indicated by the presence of a judge's bench with three judges sitting on it. The judges are wearing black robes and are also depicted with handkerchiefs. The man is standing in front of the bench, and his expression suggests he is crying or upset. There is no visible text in the image. The style of the illustration is simplistic and uses flat colors, which is typical for cartoon art.
krokodilletårer	Arbeiderpartiets Tore Paulsen Værnes gråter sine krokodilletårer når han kritiserer flertallet for å utvide formannskapet med to medlemmer.		75621104446.png	The image is a cartoon illustration. It features a man in a suit and tie, who is wiping his face with a handkerchief. He appears to be in a courtroom setting, as indicated by the presence of a judge's bench with three judges sitting on it. The judges are wearing black robes and are also depicted with handkerchiefs. The man is standing in front of the bench, and his expression suggests he is crying or upset. There is no visible text in the image. The style of the illustration is simplistic and uses flat colors, which is typical for cartoon art.	17949468790.png	The image features a cartoon alligator with a wide-open mouth displaying sharp teeth. The alligator has a patterned body with shades of brown and green, and its eyes are large with a yellowish hue. It has a long snout and a prominent ridge along its back. The alligator is depicted in a dynamic pose, as if it is in motion. There is no visible text in the image.	47716698255.png	The image features a stylized, animated lizard with a prominent orange and yellow pattern on its body. It has large, expressive eyes and a long, curved tail. The lizard is standing on its hind legs with its front paws raised slightly off the ground. The background is plain and white, emphasizing the lizard. There is no visible text in the image.	89626099383.png	The image depicts an animated character, a young man with a microphone in his hand, standing in front of two camera setups. He is dressed in a suit and tie, and his expression is one of sadness or distress, with tears visible on his cheeks. The background is plain and does not provide any additional context. The style of the image is cartoonish and appears to be designed for a digital medium, possibly for a storyboard or a similar purpose.	94195590354.png	The image features a cartoon alligator with a sad expression. It has large, expressive eyes with visible tears, and its mouth is open as if it's crying or upset. The alligator's skin texture is detailed, with a pattern that resembles scales. It has a prominent snout with sharp teeth, and its ears are small and rounded. The alligator is sitting on a reflective surface that casts a shadow beneath it. There is no visible text in the image. The style of the image is reminiscent of a digital illustration, with a focus on character design and emotional expression.
krokodilletårer	Da krokodillen gapte, kunne de se små krokodilletårer samle seg i øyekroken før de dryppet ned i vannet.		89626099383.png	The image depicts an animated character, a young man with a microphone in his hand, standing in front of two camera setups. He is dressed in a suit and tie, and his expression is one of sadness or distress, with tears visible on his cheeks. The background is plain and does not provide any additional context. The style of the image is cartoonish and appears to be designed for a digital medium, possibly for a storyboard or a similar purpose.	47716698255.png	The image features a stylized, animated lizard with a prominent orange and yellow pattern on its body. It has large, expressive eyes and a long, curved tail. The lizard is standing on its hind legs with its front paws raised slightly off the ground. The background is plain and white, emphasizing the lizard. There is no visible text in the image.	17949468790.png	The image features a cartoon alligator with a wide-open mouth displaying sharp teeth. The alligator has a patterned body with shades of brown and green, and its eyes are large with a yellowish hue. It has a long snout and a prominent ridge along its back. The alligator is depicted in a dynamic pose, as if it is in motion. There is no visible text in the image.	94195590354.png	The image features a cartoon alligator with a sad expression. It has large, expressive eyes with visible tears, and its mouth is open as if it's crying or upset. The alligator's skin texture is detailed, with a pattern that resembles scales. It has a prominent snout with sharp teeth, and its ears are small and rounded. The alligator is sitting on a reflective surface that casts a shadow beneath it. There is no visible text in the image. The style of the image is reminiscent of a digital illustration, with a focus on character design and emotional expression.	75621104446.png	The image is a cartoon illustration. It features a man in a suit and tie, who is wiping his face with a handkerchief. He appears to be in a courtroom setting, as indicated by the presence of a judge's bench with three judges sitting on it. The judges are wearing black robes and are also depicted with handkerchiefs. The man is standing in front of the bench, and his expression suggests he is crying or upset. There is no visible text in the image. The style of the illustration is simplistic and uses flat colors, which is typical for cartoon art.
krokodilletårer	Barna stirret fortryllet på krokodilletårene, som om reptilet gråt over noe det hadde sett.		17949468790.png	The image features a cartoon alligator with a wide-open mouth displaying sharp teeth. The alligator has a patterned body with shades of brown and green, and its eyes are large with a yellowish hue. It has a long snout and a prominent ridge along its back. The alligator is depicted in a dynamic pose, as if it is in motion. There is no visible text in the image.	94195590354.png	The image features a cartoon alligator with a sad expression. It has large, expressive eyes with visible tears, and its mouth is open as if it's crying or upset. The alligator's skin texture is detailed, with a pattern that resembles scales. It has a prominent snout with sharp teeth, and its ears are small and rounded. The alligator is sitting on a reflective surface that casts a shadow beneath it. There is no visible text in the image. The style of the image is reminiscent of a digital illustration, with a focus on character design and emotional expression.	47716698255.png	The image features a stylized, animated lizard with a prominent orange and yellow pattern on its body. It has large, expressive eyes and a long, curved tail. The lizard is standing on its hind legs with its front paws raised slightly off the ground. The background is plain and white, emphasizing the lizard. There is no visible text in the image.	89626099383.png	The image depicts an animated character, a young man with a microphone in his hand, standing in front of two camera setups. He is dressed in a suit and tie, and his expression is one of sadness or distress, with tears visible on his cheeks. The background is plain and does not provide any additional context. The style of the image is cartoonish and appears to be designed for a digital medium, possibly for a storyboard or a similar purpose.	75621104446.png	The image is a cartoon illustration. It features a man in a suit and tie, who is wiping his face with a handkerchief. He appears to be in a courtroom setting, as indicated by the presence of a judge's bench with three judges sitting on it. The judges are wearing black robes and are also depicted with handkerchiefs. The man is standing in front of the bench, and his expression suggests he is crying or upset. There is no visible text in the image. The style of the illustration is simplistic and uses flat colors, which is typical for cartoon art.
ran på høylys dag	Vi har i de to kampene mot søppel-laget fra Bilbao blitt utsatt for grovt ran på høylys dag, skriver supportergjengen, og kaller dommer Tony Chapron et undermenneske.		75601991081.png	The image is a stylized illustration featuring two animated characters. On the left, there is a character wearing a black hooded cloak with a scarf around the neck, and a black mask covering the face. This character has exaggerated eyes and is in mid-jump, with one leg extended forward and the other bent at the knee. The character's right hand is extended outward, and the left hand is holding a small bag.  On the right, there is another character wearing a yellow sombrero and a white outfit with a pattern that resembles a poncho. This character is also in mid-jump, with one leg extended forward and the other bent at the knee. The character's right hand is extended outward, and the left hand is holding a small bag.  In the foreground, there are cacti with spines, and a pile of coins on the ground. The background is plain and does not provide any additional context. There is no visible text in the image. The style of the illustration is cartoonish and appears to be designed for a humorous or playful purpose.	31253293440.png	The image depicts a person walking from the left to the right. The individual is wearing a black hooded jacket with the hood up, obscuring their head. They are also wearing dark pants with a visible texture, possibly camouflage, and black shoes with a light-colored sole. The background is plain and white, providing no additional context or details. There is no visible text in the image. The style of the image is a simple, flat illustration with a limited color palette.	33340941319.png	"The image depicts a cartoon illustration of three animated characters, two girls and a boy, standing behind a wooden cart. The cart has a sign that reads ""$100"" and is adorned with a lemon and a sprig of greenery. The boy is holding a jar of lemonade and is smiling. The girl on the left is holding a jar of lemonade and is also smiling. The girl on the right is holding a jar of lemonade and is laughing. The boy is wearing a green shirt, the girl on the left is wearing a blue shirt, and the girl on the right is wearing a purple shirt. The cart is set against a white background."	81348148462.png	The image depicts an animated scene of a person in a yellow hoodie and brown pants attempting to break into a parked car. The car is a silver sedan with a visible dent on the driver's side door. The person is using a crowbar to pry open the door, and there is a spray of what appears to be white paint or powder coming from the car's window. The background is dark, suggesting it might be nighttime, and there are small white specks scattered across the sky, possibly representing stars or snowflakes. The overall style of the image is cartoonish with a limited color palette.	40821011549.png	The image depicts a stylized, cartoon-like illustration of a safe with a combination lock. The safe is predominantly black with gold accents, and it is open, revealing its contents. Inside, there are various items including a suitcase, a briefcase, and a small chest with a key. The suitcase and briefcase appear to be filled with what looks like gold coins. The safe is surrounded by a scattering of coins on the ground, suggesting that it has been recently emptied or is in the process of being filled. There are also small plants growing from the coins, adding a whimsical or fantastical element to the scene. The image does not contain any visible text.
ran på høylys dag	Jeg må ærlig inrømme at 345 kroner for ett kjøttstykke, en god posjon salat og 10-12 biter med chips er ran på høylys dag.		75601991081.png	The image is a stylized illustration featuring two animated characters. On the left, there is a character wearing a black hooded cloak with a scarf around the neck, and a black mask covering the face. This character has exaggerated eyes and is in mid-jump, with one leg extended forward and the other bent at the knee. The character's right hand is extended outward, and the left hand is holding a small bag.  On the right, there is another character wearing a yellow sombrero and a white outfit with a pattern that resembles a poncho. This character is also in mid-jump, with one leg extended forward and the other bent at the knee. The character's right hand is extended outward, and the left hand is holding a small bag.  In the foreground, there are cacti with spines, and a pile of coins on the ground. The background is plain and does not provide any additional context. There is no visible text in the image. The style of the illustration is cartoonish and appears to be designed for a humorous or playful purpose.	40821011549.png	The image depicts a stylized, cartoon-like illustration of a safe with a combination lock. The safe is predominantly black with gold accents, and it is open, revealing its contents. Inside, there are various items including a suitcase, a briefcase, and a small chest with a key. The suitcase and briefcase appear to be filled with what looks like gold coins. The safe is surrounded by a scattering of coins on the ground, suggesting that it has been recently emptied or is in the process of being filled. There are also small plants growing from the coins, adding a whimsical or fantastical element to the scene. The image does not contain any visible text.	31253293440.png	The image depicts a person walking from the left to the right. The individual is wearing a black hooded jacket with the hood up, obscuring their head. They are also wearing dark pants with a visible texture, possibly camouflage, and black shoes with a light-colored sole. The background is plain and white, providing no additional context or details. There is no visible text in the image. The style of the image is a simple, flat illustration with a limited color palette.	33340941319.png	"The image depicts a cartoon illustration of three animated characters, two girls and a boy, standing behind a wooden cart. The cart has a sign that reads ""$100"" and is adorned with a lemon and a sprig of greenery. The boy is holding a jar of lemonade and is smiling. The girl on the left is holding a jar of lemonade and is also smiling. The girl on the right is holding a jar of lemonade and is laughing. The boy is wearing a green shirt, the girl on the left is wearing a blue shirt, and the girl on the right is wearing a purple shirt. The cart is set against a white background."	81348148462.png	The image depicts an animated scene of a person in a yellow hoodie and brown pants attempting to break into a parked car. The car is a silver sedan with a visible dent on the driver's side door. The person is using a crowbar to pry open the door, and there is a spray of what appears to be white paint or powder coming from the car's window. The background is dark, suggesting it might be nighttime, and there are small white specks scattered across the sky, possibly representing stars or snowflakes. The overall style of the image is cartoonish with a limited color palette.
ran på høylys dag	Flest ran på høylys dag i Oslo, hvor nærmere 70 prosent av ranene mot forretninger i desember ble gjort på dagtid		81348148462.png	The image depicts an animated scene of a person in a yellow hoodie and brown pants attempting to break into a parked car. The car is a silver sedan with a visible dent on the driver's side door. The person is using a crowbar to pry open the door, and there is a spray of what appears to be white paint or powder coming from the car's window. The background is dark, suggesting it might be nighttime, and there are small white specks scattered across the sky, possibly representing stars or snowflakes. The overall style of the image is cartoonish with a limited color palette.	33340941319.png	"The image depicts a cartoon illustration of three animated characters, two girls and a boy, standing behind a wooden cart. The cart has a sign that reads ""$100"" and is adorned with a lemon and a sprig of greenery. The boy is holding a jar of lemonade and is smiling. The girl on the left is holding a jar of lemonade and is also smiling. The girl on the right is holding a jar of lemonade and is laughing. The boy is wearing a green shirt, the girl on the left is wearing a blue shirt, and the girl on the right is wearing a purple shirt. The cart is set against a white background."	31253293440.png	The image depicts a person walking from the left to the right. The individual is wearing a black hooded jacket with the hood up, obscuring their head. They are also wearing dark pants with a visible texture, possibly camouflage, and black shoes with a light-colored sole. The background is plain and white, providing no additional context or details. There is no visible text in the image. The style of the image is a simple, flat illustration with a limited color palette.	75601991081.png	The image is a stylized illustration featuring two animated characters. On the left, there is a character wearing a black hooded cloak with a scarf around the neck, and a black mask covering the face. This character has exaggerated eyes and is in mid-jump, with one leg extended forward and the other bent at the knee. The character's right hand is extended outward, and the left hand is holding a small bag.  On the right, there is another character wearing a yellow sombrero and a white outfit with a pattern that resembles a poncho. This character is also in mid-jump, with one leg extended forward and the other bent at the knee. The character's right hand is extended outward, and the left hand is holding a small bag.  In the foreground, there are cacti with spines, and a pile of coins on the ground. The background is plain and does not provide any additional context. There is no visible text in the image. The style of the illustration is cartoonish and appears to be designed for a humorous or playful purpose.	40821011549.png	The image depicts a stylized, cartoon-like illustration of a safe with a combination lock. The safe is predominantly black with gold accents, and it is open, revealing its contents. Inside, there are various items including a suitcase, a briefcase, and a small chest with a key. The suitcase and briefcase appear to be filled with what looks like gold coins. The safe is surrounded by a scattering of coins on the ground, suggesting that it has been recently emptied or is in the process of being filled. There are also small plants growing from the coins, adding a whimsical or fantastical element to the scene. The image does not contain any visible text.
ran på høylys dag	Fire vidt forskjellige gatemagikere rekrutteres av en anonym person for å begå ran på høylys dag, men hvem ligger bak den mildt sagt spektakulære masterplanen?		81348148462.png	The image depicts an animated scene of a person in a yellow hoodie and brown pants attempting to break into a parked car. The car is a silver sedan with a visible dent on the driver's side door. The person is using a crowbar to pry open the door, and there is a spray of what appears to be white paint or powder coming from the car's window. The background is dark, suggesting it might be nighttime, and there are small white specks scattered across the sky, possibly representing stars or snowflakes. The overall style of the image is cartoonish with a limited color palette.	33340941319.png	"The image depicts a cartoon illustration of three animated characters, two girls and a boy, standing behind a wooden cart. The cart has a sign that reads ""$100"" and is adorned with a lemon and a sprig of greenery. The boy is holding a jar of lemonade and is smiling. The girl on the left is holding a jar of lemonade and is also smiling. The girl on the right is holding a jar of lemonade and is laughing. The boy is wearing a green shirt, the girl on the left is wearing a blue shirt, and the girl on the right is wearing a purple shirt. The cart is set against a white background."	40821011549.png	The image depicts a stylized, cartoon-like illustration of a safe with a combination lock. The safe is predominantly black with gold accents, and it is open, revealing its contents. Inside, there are various items including a suitcase, a briefcase, and a small chest with a key. The suitcase and briefcase appear to be filled with what looks like gold coins. The safe is surrounded by a scattering of coins on the ground, suggesting that it has been recently emptied or is in the process of being filled. There are also small plants growing from the coins, adding a whimsical or fantastical element to the scene. The image does not contain any visible text.	31253293440.png	The image depicts a person walking from the left to the right. The individual is wearing a black hooded jacket with the hood up, obscuring their head. They are also wearing dark pants with a visible texture, possibly camouflage, and black shoes with a light-colored sole. The background is plain and white, providing no additional context or details. There is no visible text in the image. The style of the image is a simple, flat illustration with a limited color palette.	75601991081.png	The image is a stylized illustration featuring two animated characters. On the left, there is a character wearing a black hooded cloak with a scarf around the neck, and a black mask covering the face. This character has exaggerated eyes and is in mid-jump, with one leg extended forward and the other bent at the knee. The character's right hand is extended outward, and the left hand is holding a small bag.  On the right, there is another character wearing a yellow sombrero and a white outfit with a pattern that resembles a poncho. This character is also in mid-jump, with one leg extended forward and the other bent at the knee. The character's right hand is extended outward, and the left hand is holding a small bag.  In the foreground, there are cacti with spines, and a pile of coins on the ground. The background is plain and does not provide any additional context. There is no visible text in the image. The style of the illustration is cartoonish and appears to be designed for a humorous or playful purpose.
daukjøtt	Tippeligaen ble utvida fra fjorten til seksten lag før 2009-sesongen, og det virker som om en del av prisen vi må betale er at vi har fått masse daukjøtt i den øverste divisjonen.		83090585691.png	The image depicts an animated scene featuring two characters. On the left, there is a young boy with brown hair, wearing a yellow shirt with a brown collar and brown shorts. He is holding onto a large, brown log with a few green leaves on it. On the right, there is an adult male with short brown hair, wearing a white shirt with rolled-up sleeves, brown pants, and brown boots. He is carrying a similar large log on his back, with a few green leaves on it. The adult is also wearing a yellow scarf around his neck. The background is plain white, emphasizing the characters and the logs. There is no visible text in the image. The style of the image is illustrative, with a focus on character design and a simple, clean aesthetic.	98430252592.png	The image depicts an animated character, a man with a mustache and beard, standing in front of a butcher's stall. He is wearing a brown apron and a white shirt with rolled-up sleeves. The man is smiling and gesturing with his right hand. Above him is a black and white striped awning. The stall is stocked with various meats, including sausages hanging from hooks and what appears to be a selection of cured meats. There is a sign with the price of the meats, but the text is not legible in the image. The background is plain white, emphasizing the subject.	41065075936.png	The image shows a row of five raw, pinkish-red steaks hanging from hooks by chains. The steaks are evenly spaced and appear to be of a similar size and cut. They are suspended from a horizontal bar, which is supported by a vertical pole. The background is a plain, light-colored wall with a tiled pattern. There is no visible text in the image. The style of the image is a realistic 3D rendering with a focus on the steaks, which are the central subject.	96995441348.png	The image depicts an animated character, a young male soccer goalkeeper, sitting on the ground in front of a soccer goal. He is wearing a black soccer uniform with yellow gloves and black shorts. The goalkeeper is holding a soccer ball in his right hand. The goalpost is a standard design with a net stretched across the top. The background is plain white, emphasizing the subject. There is no visible text in the image.	39226171128.png	The image shows a three-dimensional object with a faceted, crystalline appearance. It has a combination of pink and orange hues with a glossy finish. The object has a smooth, rounded shape with a series of indentations and protrusions that give it a faceted look. There are no visible texts or brands in the image. The style of the image is a clean, studio-like photograph with a neutral background that highlights the object.
daukjøtt	Blant mye daukjøtt og middelmådighet har Erik Huseklepp vært en åpenbaring og en gave, og hver enkelt kan jo gjøre seg opp sin egen mening om hva rødtrøyene ville vært uten ham.		39226171128.png	The image shows a three-dimensional object with a faceted, crystalline appearance. It has a combination of pink and orange hues with a glossy finish. The object has a smooth, rounded shape with a series of indentations and protrusions that give it a faceted look. There are no visible texts or brands in the image. The style of the image is a clean, studio-like photograph with a neutral background that highlights the object.	83090585691.png	The image depicts an animated scene featuring two characters. On the left, there is a young boy with brown hair, wearing a yellow shirt with a brown collar and brown shorts. He is holding onto a large, brown log with a few green leaves on it. On the right, there is an adult male with short brown hair, wearing a white shirt with rolled-up sleeves, brown pants, and brown boots. He is carrying a similar large log on his back, with a few green leaves on it. The adult is also wearing a yellow scarf around his neck. The background is plain white, emphasizing the characters and the logs. There is no visible text in the image. The style of the image is illustrative, with a focus on character design and a simple, clean aesthetic.	96995441348.png	The image depicts an animated character, a young male soccer goalkeeper, sitting on the ground in front of a soccer goal. He is wearing a black soccer uniform with yellow gloves and black shorts. The goalkeeper is holding a soccer ball in his right hand. The goalpost is a standard design with a net stretched across the top. The background is plain white, emphasizing the subject. There is no visible text in the image.	98430252592.png	The image depicts an animated character, a man with a mustache and beard, standing in front of a butcher's stall. He is wearing a brown apron and a white shirt with rolled-up sleeves. The man is smiling and gesturing with his right hand. Above him is a black and white striped awning. The stall is stocked with various meats, including sausages hanging from hooks and what appears to be a selection of cured meats. There is a sign with the price of the meats, but the text is not legible in the image. The background is plain white, emphasizing the subject.	41065075936.png	The image shows a row of five raw, pinkish-red steaks hanging from hooks by chains. The steaks are evenly spaced and appear to be of a similar size and cut. They are suspended from a horizontal bar, which is supported by a vertical pole. The background is a plain, light-colored wall with a tiled pattern. There is no visible text in the image. The style of the image is a realistic 3D rendering with a focus on the steaks, which are the central subject.
daukjøtt	Noen hadde glemt å lukke kjøleskapet på kjøkkenet, så neste morgen måtte de kaste masse daukjøtt.		98430252592.png	The image depicts an animated character, a man with a mustache and beard, standing in front of a butcher's stall. He is wearing a brown apron and a white shirt with rolled-up sleeves. The man is smiling and gesturing with his right hand. Above him is a black and white striped awning. The stall is stocked with various meats, including sausages hanging from hooks and what appears to be a selection of cured meats. There is a sign with the price of the meats, but the text is not legible in the image. The background is plain white, emphasizing the subject.	41065075936.png	The image shows a row of five raw, pinkish-red steaks hanging from hooks by chains. The steaks are evenly spaced and appear to be of a similar size and cut. They are suspended from a horizontal bar, which is supported by a vertical pole. The background is a plain, light-colored wall with a tiled pattern. There is no visible text in the image. The style of the image is a realistic 3D rendering with a focus on the steaks, which are the central subject.	83090585691.png	The image depicts an animated scene featuring two characters. On the left, there is a young boy with brown hair, wearing a yellow shirt with a brown collar and brown shorts. He is holding onto a large, brown log with a few green leaves on it. On the right, there is an adult male with short brown hair, wearing a white shirt with rolled-up sleeves, brown pants, and brown boots. He is carrying a similar large log on his back, with a few green leaves on it. The adult is also wearing a yellow scarf around his neck. The background is plain white, emphasizing the characters and the logs. There is no visible text in the image. The style of the image is illustrative, with a focus on character design and a simple, clean aesthetic.	96995441348.png	The image depicts an animated character, a young male soccer goalkeeper, sitting on the ground in front of a soccer goal. He is wearing a black soccer uniform with yellow gloves and black shorts. The goalkeeper is holding a soccer ball in his right hand. The goalpost is a standard design with a net stretched across the top. The background is plain white, emphasizing the subject. There is no visible text in the image.	39226171128.png	The image shows a three-dimensional object with a faceted, crystalline appearance. It has a combination of pink and orange hues with a glossy finish. The object has a smooth, rounded shape with a series of indentations and protrusions that give it a faceted look. There are no visible texts or brands in the image. The style of the image is a clean, studio-like photograph with a neutral background that highlights the object.
daukjøtt	Slakteren så på et stykke daukjøtt på disken, og tenkte at dette kan han ikke selge.		41065075936.png	The image shows a row of five raw, pinkish-red steaks hanging from hooks by chains. The steaks are evenly spaced and appear to be of a similar size and cut. They are suspended from a horizontal bar, which is supported by a vertical pole. The background is a plain, light-colored wall with a tiled pattern. There is no visible text in the image. The style of the image is a realistic 3D rendering with a focus on the steaks, which are the central subject.	83090585691.png	The image depicts an animated scene featuring two characters. On the left, there is a young boy with brown hair, wearing a yellow shirt with a brown collar and brown shorts. He is holding onto a large, brown log with a few green leaves on it. On the right, there is an adult male with short brown hair, wearing a white shirt with rolled-up sleeves, brown pants, and brown boots. He is carrying a similar large log on his back, with a few green leaves on it. The adult is also wearing a yellow scarf around his neck. The background is plain white, emphasizing the characters and the logs. There is no visible text in the image. The style of the image is illustrative, with a focus on character design and a simple, clean aesthetic.	39226171128.png	The image shows a three-dimensional object with a faceted, crystalline appearance. It has a combination of pink and orange hues with a glossy finish. The object has a smooth, rounded shape with a series of indentations and protrusions that give it a faceted look. There are no visible texts or brands in the image. The style of the image is a clean, studio-like photograph with a neutral background that highlights the object.	98430252592.png	The image depicts an animated character, a man with a mustache and beard, standing in front of a butcher's stall. He is wearing a brown apron and a white shirt with rolled-up sleeves. The man is smiling and gesturing with his right hand. Above him is a black and white striped awning. The stall is stocked with various meats, including sausages hanging from hooks and what appears to be a selection of cured meats. There is a sign with the price of the meats, but the text is not legible in the image. The background is plain white, emphasizing the subject.	96995441348.png	The image depicts an animated character, a young male soccer goalkeeper, sitting on the ground in front of a soccer goal. He is wearing a black soccer uniform with yellow gloves and black shorts. The goalkeeper is holding a soccer ball in his right hand. The goalpost is a standard design with a net stretched across the top. The background is plain white, emphasizing the subject. There is no visible text in the image.
hundefløyte	Etter annen verdenskrig har nynazister ofte anvendt politiske hundefløyter for å appellere til samme velgergruppe, og bruker ofte eliter som motstandere.		46991151474.png	The image features an animated character that appears to be a dog. The dog is predominantly white with brown markings on its face, ears, and tail. It is wearing a brown bandana with a pattern that includes what seems to be a floral or paisley design. The dog is holding a flute in its mouth, and its eyes are closed, suggesting a sense of relaxation or enjoyment. The flute has a wooden body and a silver-colored bell. There are small musical notes flying around the dog's head, indicating that the dog is playing the flute. The background is plain white, which puts the focus entirely on the dog and the flute. There is no visible text in the image.	95593209064.png	The image shows a stylized, cartoon-like depiction of a cat. The cat is sitting on its hind legs with its front paws raised in the air, as if it is meowing or singing. Its mouth is wide open, and its tongue is visible, suggesting a vocalization. The cat has a patterned coat with shades of brown, black, and white. The background is plain and white, which contrasts with the cat's fur and highlights the subject. There is no visible text in the image.	42405495267.png	The image shows a flute-like instrument with a wooden body and a curved mouthpiece. It has a series of finger holes along its length, and there are decorative elements such as a blue gemstone and a small bell. The instrument is depicted in a three-quarter view, with the mouthpiece pointing towards the viewer. There is no visible text in the image.	71322942097.png	The image is a cartoon illustration featuring a male character with black hair, wearing a suit and tie, standing at a podium. He is holding a microphone and appears to be in the middle of speaking, with his mouth open and his eyes closed, suggesting he is crying or very emotional. The character is surrounded by a group of people, all dressed in suits and ties, who are also crying or showing signs of distress. The background is plain white, emphasizing the central figure and the crowd. There is no visible text in the image. The style of the illustration is simplistic and exaggerated, typical of cartoon art.	78111246890.png	The image depicts an animated character, a young boy, sitting at a laptop. The boy is wearing a hoodie and appears to be focused on the screen. The laptop screen is illuminated with a variety of colorful characters and creatures, which seem to be emanating from the screen. The background is dark, and the characters on the screen are diverse, with some resembling animals and others with more fantastical designs. The overall style of the image is cartoonish and whimsical.
hundefløyte	Kommentaren hørtes uskyldig ut, men for de som kjenner miljøet, var det en tydelig hundefløyte.		46991151474.png	The image features an animated character that appears to be a dog. The dog is predominantly white with brown markings on its face, ears, and tail. It is wearing a brown bandana with a pattern that includes what seems to be a floral or paisley design. The dog is holding a flute in its mouth, and its eyes are closed, suggesting a sense of relaxation or enjoyment. The flute has a wooden body and a silver-colored bell. There are small musical notes flying around the dog's head, indicating that the dog is playing the flute. The background is plain white, which puts the focus entirely on the dog and the flute. There is no visible text in the image.	42405495267.png	The image shows a flute-like instrument with a wooden body and a curved mouthpiece. It has a series of finger holes along its length, and there are decorative elements such as a blue gemstone and a small bell. The instrument is depicted in a three-quarter view, with the mouthpiece pointing towards the viewer. There is no visible text in the image.	95593209064.png	The image shows a stylized, cartoon-like depiction of a cat. The cat is sitting on its hind legs with its front paws raised in the air, as if it is meowing or singing. Its mouth is wide open, and its tongue is visible, suggesting a vocalization. The cat has a patterned coat with shades of brown, black, and white. The background is plain and white, which contrasts with the cat's fur and highlights the subject. There is no visible text in the image.	71322942097.png	The image is a cartoon illustration featuring a male character with black hair, wearing a suit and tie, standing at a podium. He is holding a microphone and appears to be in the middle of speaking, with his mouth open and his eyes closed, suggesting he is crying or very emotional. The character is surrounded by a group of people, all dressed in suits and ties, who are also crying or showing signs of distress. The background is plain white, emphasizing the central figure and the crowd. There is no visible text in the image. The style of the illustration is simplistic and exaggerated, typical of cartoon art.	78111246890.png	The image depicts an animated character, a young boy, sitting at a laptop. The boy is wearing a hoodie and appears to be focused on the screen. The laptop screen is illuminated with a variety of colorful characters and creatures, which seem to be emanating from the screen. The background is dark, and the characters on the screen are diverse, with some resembling animals and others with more fantastical designs. The overall style of the image is cartoonish and whimsical.
hundefløyte	Om vinteren bør du ikke bruke en hundefløyte av metall, da den kan skade tunge og lepper, fordi den kan sette seg fast.		71322942097.png	The image is a cartoon illustration featuring a male character with black hair, wearing a suit and tie, standing at a podium. He is holding a microphone and appears to be in the middle of speaking, with his mouth open and his eyes closed, suggesting he is crying or very emotional. The character is surrounded by a group of people, all dressed in suits and ties, who are also crying or showing signs of distress. The background is plain white, emphasizing the central figure and the crowd. There is no visible text in the image. The style of the illustration is simplistic and exaggerated, typical of cartoon art.	78111246890.png	The image depicts an animated character, a young boy, sitting at a laptop. The boy is wearing a hoodie and appears to be focused on the screen. The laptop screen is illuminated with a variety of colorful characters and creatures, which seem to be emanating from the screen. The background is dark, and the characters on the screen are diverse, with some resembling animals and others with more fantastical designs. The overall style of the image is cartoonish and whimsical.	42405495267.png	The image shows a flute-like instrument with a wooden body and a curved mouthpiece. It has a series of finger holes along its length, and there are decorative elements such as a blue gemstone and a small bell. The instrument is depicted in a three-quarter view, with the mouthpiece pointing towards the viewer. There is no visible text in the image.	95593209064.png	The image shows a stylized, cartoon-like depiction of a cat. The cat is sitting on its hind legs with its front paws raised in the air, as if it is meowing or singing. Its mouth is wide open, and its tongue is visible, suggesting a vocalization. The cat has a patterned coat with shades of brown, black, and white. The background is plain and white, which contrasts with the cat's fur and highlights the subject. There is no visible text in the image.	46991151474.png	The image features an animated character that appears to be a dog. The dog is predominantly white with brown markings on its face, ears, and tail. It is wearing a brown bandana with a pattern that includes what seems to be a floral or paisley design. The dog is holding a flute in its mouth, and its eyes are closed, suggesting a sense of relaxation or enjoyment. The flute has a wooden body and a silver-colored bell. There are small musical notes flying around the dog's head, indicating that the dog is playing the flute. The background is plain white, which puts the focus entirely on the dog and the flute. There is no visible text in the image.
hundefløyte	Lyd forekommer i en rekke frekvenser, fra veldig lave frekvenser som lyden fra torden på lang avstand, til veldig høye frekvenser som lyden fra en hundefløyte.		46991151474.png	The image features an animated character that appears to be a dog. The dog is predominantly white with brown markings on its face, ears, and tail. It is wearing a brown bandana with a pattern that includes what seems to be a floral or paisley design. The dog is holding a flute in its mouth, and its eyes are closed, suggesting a sense of relaxation or enjoyment. The flute has a wooden body and a silver-colored bell. There are small musical notes flying around the dog's head, indicating that the dog is playing the flute. The background is plain white, which puts the focus entirely on the dog and the flute. There is no visible text in the image.	71322942097.png	The image is a cartoon illustration featuring a male character with black hair, wearing a suit and tie, standing at a podium. He is holding a microphone and appears to be in the middle of speaking, with his mouth open and his eyes closed, suggesting he is crying or very emotional. The character is surrounded by a group of people, all dressed in suits and ties, who are also crying or showing signs of distress. The background is plain white, emphasizing the central figure and the crowd. There is no visible text in the image. The style of the illustration is simplistic and exaggerated, typical of cartoon art.	95593209064.png	The image shows a stylized, cartoon-like depiction of a cat. The cat is sitting on its hind legs with its front paws raised in the air, as if it is meowing or singing. Its mouth is wide open, and its tongue is visible, suggesting a vocalization. The cat has a patterned coat with shades of brown, black, and white. The background is plain and white, which contrasts with the cat's fur and highlights the subject. There is no visible text in the image.	42405495267.png	The image shows a flute-like instrument with a wooden body and a curved mouthpiece. It has a series of finger holes along its length, and there are decorative elements such as a blue gemstone and a small bell. The instrument is depicted in a three-quarter view, with the mouthpiece pointing towards the viewer. There is no visible text in the image.	78111246890.png	The image depicts an animated character, a young boy, sitting at a laptop. The boy is wearing a hoodie and appears to be focused on the screen. The laptop screen is illuminated with a variety of colorful characters and creatures, which seem to be emanating from the screen. The background is dark, and the characters on the screen are diverse, with some resembling animals and others with more fantastical designs. The overall style of the image is cartoonish and whimsical.
morgenfugl	Jeg er ingen morgenfugl, så bare det at finalen skal løpes på kvelden, gjør at jeg kan løpe ned tiden min med minst ti sekunder, så løperen.		64980991455.png	The image depicts a cartoon of a young boy lying in bed with his arms raised in a joyful gesture. He is wearing a black pajama top with a floral pattern. The boy has dark hair and is smiling. Above him, there are yellow circles that resemble suns, and a large yellow sun with rays extending outward. The background is white, and there are small clouds scattered around. The boy appears to be happy and is possibly celebrating a sunny day.	42537510549.png	The image features a stylized, animated character resembling a fuzzy, yellow creature with large, round eyes and a small orange beak. It has two prominent ears and a fluffy, shaggy texture covering its body. The character is standing upright on two legs, each ending in small, orange feet. The background is a plain, light gray color. There is no visible text in the image.	39833121328.png	The image depicts three stylized birds perched on a branch. The bird on the left is predominantly yellow with a white belly and a brown back, featuring a black beak and a brown tail with white tips. The middle bird is a mix of brown and white, with a yellow belly and a brown back, also with a black beak and a brown tail with white tips. The bird on the right is mostly white with a brown back, a yellow belly, and a brown tail with white tips. The birds are illustrated in a cartoon-like style with visible brush strokes, giving it a hand-drawn appearance. There is no visible text in the image.	69579854470.png	The image features a stylized illustration of a small bird perched on a bed. The bird has a round body with a mix of orange and brown feathers, a large black eye, and a small beak. It is sitting on a gray blanket that covers the bed, which has a simple wooden headboard. To the right of the bird, there is a white mug with a small amount of steam rising from it, suggesting it contains a hot beverage. The background is plain and light-colored, providing a neutral backdrop that highlights the bird and the mug. There is no visible text in the image.	33947855478.png	The image depicts an animated character, a young girl with dark hair tied in a bun, wearing a yellow top. She is sitting at a table with her eyes closed, suggesting she is asleep or resting. A steamy cup of coffee is in front of her, with steam rising from it. The girl's mouth is slightly open, and her expression is peaceful. The background is plain and does not provide any additional context. There is no visible text in the image.
morgenfugl	Natt til i går brant et bolighus og et uthus, og flammene ble oppdaget i 04.30-tiden av en årvåken morgenfugl på naboøya Sandhornøy.		42537510549.png	The image features a stylized, animated character resembling a fuzzy, yellow creature with large, round eyes and a small orange beak. It has two prominent ears and a fluffy, shaggy texture covering its body. The character is standing upright on two legs, each ending in small, orange feet. The background is a plain, light gray color. There is no visible text in the image.	64980991455.png	The image depicts a cartoon of a young boy lying in bed with his arms raised in a joyful gesture. He is wearing a black pajama top with a floral pattern. The boy has dark hair and is smiling. Above him, there are yellow circles that resemble suns, and a large yellow sun with rays extending outward. The background is white, and there are small clouds scattered around. The boy appears to be happy and is possibly celebrating a sunny day.	33947855478.png	The image depicts an animated character, a young girl with dark hair tied in a bun, wearing a yellow top. She is sitting at a table with her eyes closed, suggesting she is asleep or resting. A steamy cup of coffee is in front of her, with steam rising from it. The girl's mouth is slightly open, and her expression is peaceful. The background is plain and does not provide any additional context. There is no visible text in the image.	69579854470.png	The image features a stylized illustration of a small bird perched on a bed. The bird has a round body with a mix of orange and brown feathers, a large black eye, and a small beak. It is sitting on a gray blanket that covers the bed, which has a simple wooden headboard. To the right of the bird, there is a white mug with a small amount of steam rising from it, suggesting it contains a hot beverage. The background is plain and light-colored, providing a neutral backdrop that highlights the bird and the mug. There is no visible text in the image.	39833121328.png	The image depicts three stylized birds perched on a branch. The bird on the left is predominantly yellow with a white belly and a brown back, featuring a black beak and a brown tail with white tips. The middle bird is a mix of brown and white, with a yellow belly and a brown back, also with a black beak and a brown tail with white tips. The bird on the right is mostly white with a brown back, a yellow belly, and a brown tail with white tips. The birds are illustrated in a cartoon-like style with visible brush strokes, giving it a hand-drawn appearance. There is no visible text in the image.
morgenfugl	Hver morgen når Lisa står opp, sitter det en morgenfugl i vinduet hennes og plystrer munter melodier.		42537510549.png	The image features a stylized, animated character resembling a fuzzy, yellow creature with large, round eyes and a small orange beak. It has two prominent ears and a fluffy, shaggy texture covering its body. The character is standing upright on two legs, each ending in small, orange feet. The background is a plain, light gray color. There is no visible text in the image.	39833121328.png	The image depicts three stylized birds perched on a branch. The bird on the left is predominantly yellow with a white belly and a brown back, featuring a black beak and a brown tail with white tips. The middle bird is a mix of brown and white, with a yellow belly and a brown back, also with a black beak and a brown tail with white tips. The bird on the right is mostly white with a brown back, a yellow belly, and a brown tail with white tips. The birds are illustrated in a cartoon-like style with visible brush strokes, giving it a hand-drawn appearance. There is no visible text in the image.	64980991455.png	The image depicts a cartoon of a young boy lying in bed with his arms raised in a joyful gesture. He is wearing a black pajama top with a floral pattern. The boy has dark hair and is smiling. Above him, there are yellow circles that resemble suns, and a large yellow sun with rays extending outward. The background is white, and there are small clouds scattered around. The boy appears to be happy and is possibly celebrating a sunny day.	33947855478.png	The image depicts an animated character, a young girl with dark hair tied in a bun, wearing a yellow top. She is sitting at a table with her eyes closed, suggesting she is asleep or resting. A steamy cup of coffee is in front of her, with steam rising from it. The girl's mouth is slightly open, and her expression is peaceful. The background is plain and does not provide any additional context. There is no visible text in the image.	69579854470.png	The image features a stylized illustration of a small bird perched on a bed. The bird has a round body with a mix of orange and brown feathers, a large black eye, and a small beak. It is sitting on a gray blanket that covers the bed, which has a simple wooden headboard. To the right of the bird, there is a white mug with a small amount of steam rising from it, suggesting it contains a hot beverage. The background is plain and light-colored, providing a neutral backdrop that highlights the bird and the mug. There is no visible text in the image.
morgenfugl	Lenge før solen står opp, flyr morgenfuglene over marken i håp om å få øye på meitemark i det våte gresset.		33947855478.png	The image depicts an animated character, a young girl with dark hair tied in a bun, wearing a yellow top. She is sitting at a table with her eyes closed, suggesting she is asleep or resting. A steamy cup of coffee is in front of her, with steam rising from it. The girl's mouth is slightly open, and her expression is peaceful. The background is plain and does not provide any additional context. There is no visible text in the image.	42537510549.png	The image features a stylized, animated character resembling a fuzzy, yellow creature with large, round eyes and a small orange beak. It has two prominent ears and a fluffy, shaggy texture covering its body. The character is standing upright on two legs, each ending in small, orange feet. The background is a plain, light gray color. There is no visible text in the image.	69579854470.png	The image features a stylized illustration of a small bird perched on a bed. The bird has a round body with a mix of orange and brown feathers, a large black eye, and a small beak. It is sitting on a gray blanket that covers the bed, which has a simple wooden headboard. To the right of the bird, there is a white mug with a small amount of steam rising from it, suggesting it contains a hot beverage. The background is plain and light-colored, providing a neutral backdrop that highlights the bird and the mug. There is no visible text in the image.	64980991455.png	The image depicts a cartoon of a young boy lying in bed with his arms raised in a joyful gesture. He is wearing a black pajama top with a floral pattern. The boy has dark hair and is smiling. Above him, there are yellow circles that resemble suns, and a large yellow sun with rays extending outward. The background is white, and there are small clouds scattered around. The boy appears to be happy and is possibly celebrating a sunny day.	39833121328.png	The image depicts three stylized birds perched on a branch. The bird on the left is predominantly yellow with a white belly and a brown back, featuring a black beak and a brown tail with white tips. The middle bird is a mix of brown and white, with a yellow belly and a brown back, also with a black beak and a brown tail with white tips. The bird on the right is mostly white with a brown back, a yellow belly, and a brown tail with white tips. The birds are illustrated in a cartoon-like style with visible brush strokes, giving it a hand-drawn appearance. There is no visible text in the image.
albuerom	Det er nesten fullt på første klasse hvor mannen har billett, men bak forhenget, i Braathens Back, er det rikelig albuerom.		67088358573.png	The image shows a stylized illustration of a person's lower body and feet. The person is wearing black sneakers with white soles and laces. The sneakers have a chunky design with a raised heel. The person is also wearing black shorts with a visible zipper. The shorts have a high waist and appear to be a cargo style with pockets on the thighs. The skin tone of the person is a light peach color. The background is plain and does not provide any additional context or setting. There is no visible text in the image.	74139322009.png	The image depicts a stylized illustration of a person sitting on a wooden bench. The person has short, dark hair and is wearing a light-colored shirt. The bench appears to be made of wood with a visible grain pattern. The background is plain and white, which contrasts with the subject and the bench. There is no visible text in the image. The style of the illustration is simplistic and cartoonish, with a limited color palette and a focus on outlines and shapes.	43171302053.png	The image shows a stylized illustration of a human arm flexing a bicep muscle. The arm is depicted in a three-quarter view, with the elbow bent and the hand clenched into a fist. The skin tone is a light beige color, and the muscles are highlighted with a darker shade, suggesting a realistic depiction of human anatomy. There is no visible text in the image. The style of the illustration is simplistic and cartoonish, with smooth lines and a lack of detailed shading.	36770564446.png	The image depicts a stylized illustration of a man and a woman sitting at a table. The woman is on the left side of the table, and the man is on the right. They are both seated on chairs with a simple design. The table is round with a wooden surface and a small lamp in the center. On the table, there are two plates of food, a cup, and a small plant. The man and woman appear to be engaged in a meal, with the woman looking at the man with a slight smile. The background is plain and does not provide any additional context. There is no visible text in the image. The style of the illustration is cartoonish with a limited color palette.	51763022455.png	The image is a digital illustration of a cartoon boy sitting at a desk. He has a wide smile and his arms are outstretched. The boy is wearing a black shirt with a yellow collar and a black vest. On the desk, there is a laptop, a coffee cup, and a potted plant. Behind him, there is a wall clock, a shelf with various items, and a window with a plant. The boy appears to be in a room with a modern, minimalist design.
albuerom	Lørdag presenterte han et av regjeringens første tiltak innen kultursektoren, et tiltak som er ment å skape stort albuerom for frivilligheten i Norge.		43171302053.png	The image shows a stylized illustration of a human arm flexing a bicep muscle. The arm is depicted in a three-quarter view, with the elbow bent and the hand clenched into a fist. The skin tone is a light beige color, and the muscles are highlighted with a darker shade, suggesting a realistic depiction of human anatomy. There is no visible text in the image. The style of the illustration is simplistic and cartoonish, with smooth lines and a lack of detailed shading.	51763022455.png	The image is a digital illustration of a cartoon boy sitting at a desk. He has a wide smile and his arms are outstretched. The boy is wearing a black shirt with a yellow collar and a black vest. On the desk, there is a laptop, a coffee cup, and a potted plant. Behind him, there is a wall clock, a shelf with various items, and a window with a plant. The boy appears to be in a room with a modern, minimalist design.	74139322009.png	The image depicts a stylized illustration of a person sitting on a wooden bench. The person has short, dark hair and is wearing a light-colored shirt. The bench appears to be made of wood with a visible grain pattern. The background is plain and white, which contrasts with the subject and the bench. There is no visible text in the image. The style of the illustration is simplistic and cartoonish, with a limited color palette and a focus on outlines and shapes.	67088358573.png	The image shows a stylized illustration of a person's lower body and feet. The person is wearing black sneakers with white soles and laces. The sneakers have a chunky design with a raised heel. The person is also wearing black shorts with a visible zipper. The shorts have a high waist and appear to be a cargo style with pockets on the thighs. The skin tone of the person is a light peach color. The background is plain and does not provide any additional context or setting. There is no visible text in the image.	36770564446.png	The image depicts a stylized illustration of a man and a woman sitting at a table. The woman is on the left side of the table, and the man is on the right. They are both seated on chairs with a simple design. The table is round with a wooden surface and a small lamp in the center. On the table, there are two plates of food, a cup, and a small plant. The man and woman appear to be engaged in a meal, with the woman looking at the man with a slight smile. The background is plain and does not provide any additional context. There is no visible text in the image. The style of the illustration is cartoonish with a limited color palette.
albuerom	Han studerte armen sin, og la merke til en føflekk i albuerommet.		67088358573.png	The image shows a stylized illustration of a person's lower body and feet. The person is wearing black sneakers with white soles and laces. The sneakers have a chunky design with a raised heel. The person is also wearing black shorts with a visible zipper. The shorts have a high waist and appear to be a cargo style with pockets on the thighs. The skin tone of the person is a light peach color. The background is plain and does not provide any additional context or setting. There is no visible text in the image.	74139322009.png	The image depicts a stylized illustration of a person sitting on a wooden bench. The person has short, dark hair and is wearing a light-colored shirt. The bench appears to be made of wood with a visible grain pattern. The background is plain and white, which contrasts with the subject and the bench. There is no visible text in the image. The style of the illustration is simplistic and cartoonish, with a limited color palette and a focus on outlines and shapes.	51763022455.png	The image is a digital illustration of a cartoon boy sitting at a desk. He has a wide smile and his arms are outstretched. The boy is wearing a black shirt with a yellow collar and a black vest. On the desk, there is a laptop, a coffee cup, and a potted plant. Behind him, there is a wall clock, a shelf with various items, and a window with a plant. The boy appears to be in a room with a modern, minimalist design.	43171302053.png	The image shows a stylized illustration of a human arm flexing a bicep muscle. The arm is depicted in a three-quarter view, with the elbow bent and the hand clenched into a fist. The skin tone is a light beige color, and the muscles are highlighted with a darker shade, suggesting a realistic depiction of human anatomy. There is no visible text in the image. The style of the illustration is simplistic and cartoonish, with smooth lines and a lack of detailed shading.	36770564446.png	The image depicts a stylized illustration of a man and a woman sitting at a table. The woman is on the left side of the table, and the man is on the right. They are both seated on chairs with a simple design. The table is round with a wooden surface and a small lamp in the center. On the table, there are two plates of food, a cup, and a small plant. The man and woman appear to be engaged in a meal, with the woman looking at the man with a slight smile. The background is plain and does not provide any additional context. There is no visible text in the image. The style of the illustration is cartoonish with a limited color palette.
albuerom	I muséumet ved siden av legekontoret, hadde de et eget albuerom, med bilder og skulpturer av albuer i alle størrelser.		74139322009.png	The image depicts a stylized illustration of a person sitting on a wooden bench. The person has short, dark hair and is wearing a light-colored shirt. The bench appears to be made of wood with a visible grain pattern. The background is plain and white, which contrasts with the subject and the bench. There is no visible text in the image. The style of the illustration is simplistic and cartoonish, with a limited color palette and a focus on outlines and shapes.	67088358573.png	The image shows a stylized illustration of a person's lower body and feet. The person is wearing black sneakers with white soles and laces. The sneakers have a chunky design with a raised heel. The person is also wearing black shorts with a visible zipper. The shorts have a high waist and appear to be a cargo style with pockets on the thighs. The skin tone of the person is a light peach color. The background is plain and does not provide any additional context or setting. There is no visible text in the image.	43171302053.png	The image shows a stylized illustration of a human arm flexing a bicep muscle. The arm is depicted in a three-quarter view, with the elbow bent and the hand clenched into a fist. The skin tone is a light beige color, and the muscles are highlighted with a darker shade, suggesting a realistic depiction of human anatomy. There is no visible text in the image. The style of the illustration is simplistic and cartoonish, with smooth lines and a lack of detailed shading.	36770564446.png	The image depicts a stylized illustration of a man and a woman sitting at a table. The woman is on the left side of the table, and the man is on the right. They are both seated on chairs with a simple design. The table is round with a wooden surface and a small lamp in the center. On the table, there are two plates of food, a cup, and a small plant. The man and woman appear to be engaged in a meal, with the woman looking at the man with a slight smile. The background is plain and does not provide any additional context. There is no visible text in the image. The style of the illustration is cartoonish with a limited color palette.	51763022455.png	The image is a digital illustration of a cartoon boy sitting at a desk. He has a wide smile and his arms are outstretched. The boy is wearing a black shirt with a yellow collar and a black vest. On the desk, there is a laptop, a coffee cup, and a potted plant. Behind him, there is a wall clock, a shelf with various items, and a window with a plant. The boy appears to be in a room with a modern, minimalist design.
elefant i rommet	Da Platekompaniet, Telenor og Apiro i dag kalte inn til pressekonferanse for å markere startskuddet på deres nye musikktjeneste Wimp, var det en elefant i rommet som ingen våget å nevne ved navn, for den svenske konkurrenten Spotify har i lang tid fått bygge opp et hengivent publikum i Norge.		44510652131.png	The image is a cartoon illustration featuring four animated characters seated around a table. On the left side of the image, there is a large, smiling elephant with tusks, standing upright and facing the characters. The characters are depicted in a stylized manner with exaggerated facial features, such as large eyes and small noses.  Starting from the left, the first character is a man with short hair, wearing a black suit and sitting in a black office chair. Next to him is a woman with blonde hair, wearing a white blouse and a black skirt, sitting in a black office chair. The third character is a man with brown hair, wearing a yellow shirt and black pants, sitting in a black office chair. The fourth character is a woman with brown hair, wearing a brown dress and sitting in a black office chair.  The table in front of them has a few items on it, including a cup and a book. The background is minimalistic, with a white wall and a window with blinds. There is no visible text in the image. The style of the image is playful and whimsical, with a focus on the interaction between the characters and the elephant.	28740641950.png	The image depicts a single hippopotamus standing on all fours. The hippo has a large, rounded body with a prominent snout and eyes. Its skin appears to be a uniform gray with some lighter areas, possibly indicating a natural pattern or texture. The background is plain and white, which contrasts with the hippo's skin tone. There is no visible text in the image. The style of the image is illustrative, with a focus on realism in the depiction of the animal.	64890911580.png	The image depicts a stylized, gray elephant with large, curved tusks. The elephant is standing on a flat surface, and there is a small amount of dirt or mud on the ground in front of it. The elephant's skin texture is detailed, giving it a somewhat rough appearance. The background is plain and does not provide any additional context or setting. There is no visible text in the image. The style of the image is illustrative, with a focus on realism in the depiction of the elephant's form and texture.	85989028876.png	The image is a digital illustration of three animated characters sitting on a couch. On the left, there is a woman with long brown hair, wearing a black blazer and a white blouse. In the middle, there is a young girl with brown hair, wearing a yellow top and green pants. On the right, there is a man with short brown hair, wearing a gray sweater and brown pants. The characters are depicted with a realistic style, and their expressions suggest a moment of concern or worry. The couch they are sitting on has a gray upholstery and is adorned with two brown pillows. The background is plain white, emphasizing the characters and the couch. There is no visible text in the image.	11288660188.png	The image is a stylized illustration of a family of four, including two adults and two children, posing together. The man on the left is holding a camera and is smiling. He is wearing a dark suit and has a beard. The woman in the center is wearing a white wedding dress with a floral headpiece and is also smiling. The man on the right is wearing a light-colored suit and is also smiling. The child on the left is wearing a dark suit and is holding a bouquet of flowers. The child on the right is wearing a yellow hoodie and is also smiling. There is a splatter of red on the woman's dress, suggesting a playful or celebratory moment. The background is plain and does not provide any additional context. There is no visible text in the image.
elefant i rommet	Det er en elefant i rommet i veldig mange debatter i Norge, og det er klasse.		64890911580.png	The image depicts a stylized, gray elephant with large, curved tusks. The elephant is standing on a flat surface, and there is a small amount of dirt or mud on the ground in front of it. The elephant's skin texture is detailed, giving it a somewhat rough appearance. The background is plain and does not provide any additional context or setting. There is no visible text in the image. The style of the image is illustrative, with a focus on realism in the depiction of the elephant's form and texture.	11288660188.png	The image is a stylized illustration of a family of four, including two adults and two children, posing together. The man on the left is holding a camera and is smiling. He is wearing a dark suit and has a beard. The woman in the center is wearing a white wedding dress with a floral headpiece and is also smiling. The man on the right is wearing a light-colored suit and is also smiling. The child on the left is wearing a dark suit and is holding a bouquet of flowers. The child on the right is wearing a yellow hoodie and is also smiling. There is a splatter of red on the woman's dress, suggesting a playful or celebratory moment. The background is plain and does not provide any additional context. There is no visible text in the image.	28740641950.png	The image depicts a single hippopotamus standing on all fours. The hippo has a large, rounded body with a prominent snout and eyes. Its skin appears to be a uniform gray with some lighter areas, possibly indicating a natural pattern or texture. The background is plain and white, which contrasts with the hippo's skin tone. There is no visible text in the image. The style of the image is illustrative, with a focus on realism in the depiction of the animal.	44510652131.png	The image is a cartoon illustration featuring four animated characters seated around a table. On the left side of the image, there is a large, smiling elephant with tusks, standing upright and facing the characters. The characters are depicted in a stylized manner with exaggerated facial features, such as large eyes and small noses.  Starting from the left, the first character is a man with short hair, wearing a black suit and sitting in a black office chair. Next to him is a woman with blonde hair, wearing a white blouse and a black skirt, sitting in a black office chair. The third character is a man with brown hair, wearing a yellow shirt and black pants, sitting in a black office chair. The fourth character is a woman with brown hair, wearing a brown dress and sitting in a black office chair.  The table in front of them has a few items on it, including a cup and a book. The background is minimalistic, with a white wall and a window with blinds. There is no visible text in the image. The style of the image is playful and whimsical, with a focus on the interaction between the characters and the elephant.	85989028876.png	The image is a digital illustration of three animated characters sitting on a couch. On the left, there is a woman with long brown hair, wearing a black blazer and a white blouse. In the middle, there is a young girl with brown hair, wearing a yellow top and green pants. On the right, there is a man with short brown hair, wearing a gray sweater and brown pants. The characters are depicted with a realistic style, and their expressions suggest a moment of concern or worry. The couch they are sitting on has a gray upholstery and is adorned with two brown pillows. The background is plain white, emphasizing the characters and the couch. There is no visible text in the image.
elefant i rommet	Den unger gutten var så begeistret over akrobatene at han ikke så den store elefanten i rommet som balanserte på en ball.		28740641950.png	The image depicts a single hippopotamus standing on all fours. The hippo has a large, rounded body with a prominent snout and eyes. Its skin appears to be a uniform gray with some lighter areas, possibly indicating a natural pattern or texture. The background is plain and white, which contrasts with the hippo's skin tone. There is no visible text in the image. The style of the image is illustrative, with a focus on realism in the depiction of the animal.	64890911580.png	The image depicts a stylized, gray elephant with large, curved tusks. The elephant is standing on a flat surface, and there is a small amount of dirt or mud on the ground in front of it. The elephant's skin texture is detailed, giving it a somewhat rough appearance. The background is plain and does not provide any additional context or setting. There is no visible text in the image. The style of the image is illustrative, with a focus on realism in the depiction of the elephant's form and texture.	44510652131.png	The image is a cartoon illustration featuring four animated characters seated around a table. On the left side of the image, there is a large, smiling elephant with tusks, standing upright and facing the characters. The characters are depicted in a stylized manner with exaggerated facial features, such as large eyes and small noses.  Starting from the left, the first character is a man with short hair, wearing a black suit and sitting in a black office chair. Next to him is a woman with blonde hair, wearing a white blouse and a black skirt, sitting in a black office chair. The third character is a man with brown hair, wearing a yellow shirt and black pants, sitting in a black office chair. The fourth character is a woman with brown hair, wearing a brown dress and sitting in a black office chair.  The table in front of them has a few items on it, including a cup and a book. The background is minimalistic, with a white wall and a window with blinds. There is no visible text in the image. The style of the image is playful and whimsical, with a focus on the interaction between the characters and the elephant.	11288660188.png	The image is a stylized illustration of a family of four, including two adults and two children, posing together. The man on the left is holding a camera and is smiling. He is wearing a dark suit and has a beard. The woman in the center is wearing a white wedding dress with a floral headpiece and is also smiling. The man on the right is wearing a light-colored suit and is also smiling. The child on the left is wearing a dark suit and is holding a bouquet of flowers. The child on the right is wearing a yellow hoodie and is also smiling. There is a splatter of red on the woman's dress, suggesting a playful or celebratory moment. The background is plain and does not provide any additional context. There is no visible text in the image.	85989028876.png	The image is a digital illustration of three animated characters sitting on a couch. On the left, there is a woman with long brown hair, wearing a black blazer and a white blouse. In the middle, there is a young girl with brown hair, wearing a yellow top and green pants. On the right, there is a man with short brown hair, wearing a gray sweater and brown pants. The characters are depicted with a realistic style, and their expressions suggest a moment of concern or worry. The couch they are sitting on has a gray upholstery and is adorned with two brown pillows. The background is plain white, emphasizing the characters and the couch. There is no visible text in the image.
elefant i rommet	Elefanten i rommet rørte forsiktig pianoet med snabelen, som om den prøvde å etterligne menneskene.		11288660188.png	The image is a stylized illustration of a family of four, including two adults and two children, posing together. The man on the left is holding a camera and is smiling. He is wearing a dark suit and has a beard. The woman in the center is wearing a white wedding dress with a floral headpiece and is also smiling. The man on the right is wearing a light-colored suit and is also smiling. The child on the left is wearing a dark suit and is holding a bouquet of flowers. The child on the right is wearing a yellow hoodie and is also smiling. There is a splatter of red on the woman's dress, suggesting a playful or celebratory moment. The background is plain and does not provide any additional context. There is no visible text in the image.	85989028876.png	The image is a digital illustration of three animated characters sitting on a couch. On the left, there is a woman with long brown hair, wearing a black blazer and a white blouse. In the middle, there is a young girl with brown hair, wearing a yellow top and green pants. On the right, there is a man with short brown hair, wearing a gray sweater and brown pants. The characters are depicted with a realistic style, and their expressions suggest a moment of concern or worry. The couch they are sitting on has a gray upholstery and is adorned with two brown pillows. The background is plain white, emphasizing the characters and the couch. There is no visible text in the image.	44510652131.png	The image is a cartoon illustration featuring four animated characters seated around a table. On the left side of the image, there is a large, smiling elephant with tusks, standing upright and facing the characters. The characters are depicted in a stylized manner with exaggerated facial features, such as large eyes and small noses.  Starting from the left, the first character is a man with short hair, wearing a black suit and sitting in a black office chair. Next to him is a woman with blonde hair, wearing a white blouse and a black skirt, sitting in a black office chair. The third character is a man with brown hair, wearing a yellow shirt and black pants, sitting in a black office chair. The fourth character is a woman with brown hair, wearing a brown dress and sitting in a black office chair.  The table in front of them has a few items on it, including a cup and a book. The background is minimalistic, with a white wall and a window with blinds. There is no visible text in the image. The style of the image is playful and whimsical, with a focus on the interaction between the characters and the elephant.	64890911580.png	The image depicts a stylized, gray elephant with large, curved tusks. The elephant is standing on a flat surface, and there is a small amount of dirt or mud on the ground in front of it. The elephant's skin texture is detailed, giving it a somewhat rough appearance. The background is plain and does not provide any additional context or setting. There is no visible text in the image. The style of the image is illustrative, with a focus on realism in the depiction of the elephant's form and texture.	28740641950.png	The image depicts a single hippopotamus standing on all fours. The hippo has a large, rounded body with a prominent snout and eyes. Its skin appears to be a uniform gray with some lighter areas, possibly indicating a natural pattern or texture. The background is plain and white, which contrasts with the hippo's skin tone. There is no visible text in the image. The style of the image is illustrative, with a focus on realism in the depiction of the animal.
feltarbeid	Mitt feltarbeid i Tyrkia på midten av 90-tallet ga meg anledning til å betrakte voldelige islamisters arbeidsmetoder på nært hold.		10022982906.png	The image depicts a pastoral scene with three figures engaged in agricultural work. The central figure is a man in an orange shirt and a wide-brimmed hat, standing in the middle of two other figures, who are also wearing hats and are focused on plowing the soil. The soil is being turned over by two oxen, one white and one black, with the man in orange directing their efforts. The background features a tree with green leaves and a few scattered flowers, suggesting a rural setting. The sky is clear and white, indicating a bright day. There is no visible text in the image. The style of the image is illustrative, with a focus on color and detail to convey the scene.	74295551024.png	The image is a digital illustration featuring three animated characters. On the left, there is a woman with short brown hair, wearing an orange blazer and black pants, holding a microphone with a black handle. In the center, there is a man with short brown hair, wearing a brown suit with a tie, and holding a microphone with a silver handle. On the right, there is another man with short black hair, wearing a dark suit with a tie, and holding a microphone with a silver handle. All three characters are smiling and appear to be engaged in a conversation or interview. The background is plain white, emphasizing the characters.	50664228940.png	The image features a cartoon character, a young boy, who is smiling and holding a wrench in his right hand. He is wearing a bright orange hard hat, a plaid shirt, blue jeans, and brown boots. The boy has a tool belt with various tools hanging from it. The background is plain white, emphasizing the character.	32724486296.png	The image depicts an animated character, an older man with gray hair and a beard, wearing glasses and a white shirt. He is bent over a large hole in the ground, which is filled with dirt and small golden coins. The man is using a shovel to dig through the dirt, and he appears to be searching for or collecting the coins. The style of the image is illustrative, with a limited color palette and a focus on the character and his activity. There is no visible text in the image.	89282971993.png	The image depicts a serene outdoor scene. In the foreground, there is a picnic blanket spread out on a grassy field. On the blanket, there is a bowl and a bottle, suggesting a meal or refreshments. Two trees with green leaves stand on either side of the blanket, providing a natural frame. Above the trees, there are two clouds, one larger and one smaller, with a bird flying between them. The sky is a soft blue with a few scattered clouds. The overall atmosphere of the image is peaceful and inviting, evoking a sense of relaxation and leisure.
feltarbeid	Gjennom lengre tids feltarbeid i Justisdepartementet og UDI har vi fulgt samspillet mellom mediene, informasjonsavdelingene og fagbyråkratene fra innsiden.		74295551024.png	The image is a digital illustration featuring three animated characters. On the left, there is a woman with short brown hair, wearing an orange blazer and black pants, holding a microphone with a black handle. In the center, there is a man with short brown hair, wearing a brown suit with a tie, and holding a microphone with a silver handle. On the right, there is another man with short black hair, wearing a dark suit with a tie, and holding a microphone with a silver handle. All three characters are smiling and appear to be engaged in a conversation or interview. The background is plain white, emphasizing the characters.	50664228940.png	The image features a cartoon character, a young boy, who is smiling and holding a wrench in his right hand. He is wearing a bright orange hard hat, a plaid shirt, blue jeans, and brown boots. The boy has a tool belt with various tools hanging from it. The background is plain white, emphasizing the character.	89282971993.png	The image depicts a serene outdoor scene. In the foreground, there is a picnic blanket spread out on a grassy field. On the blanket, there is a bowl and a bottle, suggesting a meal or refreshments. Two trees with green leaves stand on either side of the blanket, providing a natural frame. Above the trees, there are two clouds, one larger and one smaller, with a bird flying between them. The sky is a soft blue with a few scattered clouds. The overall atmosphere of the image is peaceful and inviting, evoking a sense of relaxation and leisure.	32724486296.png	The image depicts an animated character, an older man with gray hair and a beard, wearing glasses and a white shirt. He is bent over a large hole in the ground, which is filled with dirt and small golden coins. The man is using a shovel to dig through the dirt, and he appears to be searching for or collecting the coins. The style of the image is illustrative, with a limited color palette and a focus on the character and his activity. There is no visible text in the image.	10022982906.png	The image depicts a pastoral scene with three figures engaged in agricultural work. The central figure is a man in an orange shirt and a wide-brimmed hat, standing in the middle of two other figures, who are also wearing hats and are focused on plowing the soil. The soil is being turned over by two oxen, one white and one black, with the man in orange directing their efforts. The background features a tree with green leaves and a few scattered flowers, suggesting a rural setting. The sky is clear and white, indicating a bright day. There is no visible text in the image. The style of the image is illustrative, with a focus on color and detail to convey the scene.
feltarbeid	Regnet gjorde feltarbeidet tungt, og de måtte vasse gjennom gjørme for å komme til det siste testområdet.		89282971993.png	The image depicts a serene outdoor scene. In the foreground, there is a picnic blanket spread out on a grassy field. On the blanket, there is a bowl and a bottle, suggesting a meal or refreshments. Two trees with green leaves stand on either side of the blanket, providing a natural frame. Above the trees, there are two clouds, one larger and one smaller, with a bird flying between them. The sky is a soft blue with a few scattered clouds. The overall atmosphere of the image is peaceful and inviting, evoking a sense of relaxation and leisure.	10022982906.png	The image depicts a pastoral scene with three figures engaged in agricultural work. The central figure is a man in an orange shirt and a wide-brimmed hat, standing in the middle of two other figures, who are also wearing hats and are focused on plowing the soil. The soil is being turned over by two oxen, one white and one black, with the man in orange directing their efforts. The background features a tree with green leaves and a few scattered flowers, suggesting a rural setting. The sky is clear and white, indicating a bright day. There is no visible text in the image. The style of the image is illustrative, with a focus on color and detail to convey the scene.	50664228940.png	The image features a cartoon character, a young boy, who is smiling and holding a wrench in his right hand. He is wearing a bright orange hard hat, a plaid shirt, blue jeans, and brown boots. The boy has a tool belt with various tools hanging from it. The background is plain white, emphasizing the character.	74295551024.png	The image is a digital illustration featuring three animated characters. On the left, there is a woman with short brown hair, wearing an orange blazer and black pants, holding a microphone with a black handle. In the center, there is a man with short brown hair, wearing a brown suit with a tie, and holding a microphone with a silver handle. On the right, there is another man with short black hair, wearing a dark suit with a tie, and holding a microphone with a silver handle. All three characters are smiling and appear to be engaged in a conversation or interview. The background is plain white, emphasizing the characters.	32724486296.png	The image depicts an animated character, an older man with gray hair and a beard, wearing glasses and a white shirt. He is bent over a large hole in the ground, which is filled with dirt and small golden coins. The man is using a shovel to dig through the dirt, and he appears to be searching for or collecting the coins. The style of the image is illustrative, with a limited color palette and a focus on the character and his activity. There is no visible text in the image.
feltarbeid	Under feltarbeidet i åkeren måtte de stadig børste jord av måleinstrumentene som ble skitnet til av den tørre jorden.		10022982906.png	The image depicts a pastoral scene with three figures engaged in agricultural work. The central figure is a man in an orange shirt and a wide-brimmed hat, standing in the middle of two other figures, who are also wearing hats and are focused on plowing the soil. The soil is being turned over by two oxen, one white and one black, with the man in orange directing their efforts. The background features a tree with green leaves and a few scattered flowers, suggesting a rural setting. The sky is clear and white, indicating a bright day. There is no visible text in the image. The style of the image is illustrative, with a focus on color and detail to convey the scene.	74295551024.png	The image is a digital illustration featuring three animated characters. On the left, there is a woman with short brown hair, wearing an orange blazer and black pants, holding a microphone with a black handle. In the center, there is a man with short brown hair, wearing a brown suit with a tie, and holding a microphone with a silver handle. On the right, there is another man with short black hair, wearing a dark suit with a tie, and holding a microphone with a silver handle. All three characters are smiling and appear to be engaged in a conversation or interview. The background is plain white, emphasizing the characters.	89282971993.png	The image depicts a serene outdoor scene. In the foreground, there is a picnic blanket spread out on a grassy field. On the blanket, there is a bowl and a bottle, suggesting a meal or refreshments. Two trees with green leaves stand on either side of the blanket, providing a natural frame. Above the trees, there are two clouds, one larger and one smaller, with a bird flying between them. The sky is a soft blue with a few scattered clouds. The overall atmosphere of the image is peaceful and inviting, evoking a sense of relaxation and leisure.	50664228940.png	The image features a cartoon character, a young boy, who is smiling and holding a wrench in his right hand. He is wearing a bright orange hard hat, a plaid shirt, blue jeans, and brown boots. The boy has a tool belt with various tools hanging from it. The background is plain white, emphasizing the character.	32724486296.png	The image depicts an animated character, an older man with gray hair and a beard, wearing glasses and a white shirt. He is bent over a large hole in the ground, which is filled with dirt and small golden coins. The man is using a shovel to dig through the dirt, and he appears to be searching for or collecting the coins. The style of the image is illustrative, with a limited color palette and a focus on the character and his activity. There is no visible text in the image.
målstreken	SV vant årets valg, men tapte på målstreken i Oslo, etter at det sent i natt ble det klart at det fortsatt blir borgerlig flertall i bystyret i Oslo		82203647006.png	The image depicts a group of six animated characters, each wearing a graduation cap and gown, and they are in various states of jumping or floating. The characters are smiling and appear to be in a celebratory mood. The graduation caps and gowns are detailed, with tassels and a visible hood on the gowns. The characters are illustrated in a cartoon style, with exaggerated expressions and body language. There is no visible text in the image.	33598705749.png	The image depicts a stylized, cartoon-like illustration of a checkered flag race track. The track is curved and has a yellow center line. On either side of the track, there are green grassy areas with trees and a few buildings. In the background, there are mountains and a clear sky. The checkered flags are prominently displayed at the start and finish lines of the track. There is no visible text in the image. The style of the image is reminiscent of a video game or a digital illustration.	56010130284.png	The image is a cartoon illustration featuring two characters. On the left, there is a character with dark hair, wearing a black robe and glasses, with a surprised or excited expression. On the right, there is another character also wearing a black robe and glasses, holding a checkered flag with a yellow pole. This character is smiling and appears to be running towards the left character. The background is plain white. There is no visible text in the image.	42695620986.png	The image depicts four animated characters, two boys and two girls, walking in a line across a crosswalk. The boys are on the left, with the first one wearing a green jacket and the second in a yellow dress. The girls are on the right, with the first one in a brown dress and the second in a green jacket. All characters are smiling and appear to be in motion. The background is plain white, emphasizing the characters and the crosswalk. There is no visible text in the image.	28047928667.png	The image depicts an animated character standing on a rocky outcrop with their arms outstretched. The character is wearing a backpack with straps over their shoulders and a large, round, black bag attached to the back. They are dressed in a brown shirt, black shorts, and brown shoes with yellow socks. The character's pose suggests a sense of accomplishment or triumph. The background is a plain, light color, providing a stark contrast to the character and the rocky terrain. There is no visible text in the image.
målstreken	Mjelde tapte gullet for Brann på målstreken for Rosenborg i fjor, men så langt i år er Brann Norges beste fotballag.		28047928667.png	The image depicts an animated character standing on a rocky outcrop with their arms outstretched. The character is wearing a backpack with straps over their shoulders and a large, round, black bag attached to the back. They are dressed in a brown shirt, black shorts, and brown shoes with yellow socks. The character's pose suggests a sense of accomplishment or triumph. The background is a plain, light color, providing a stark contrast to the character and the rocky terrain. There is no visible text in the image.	42695620986.png	The image depicts four animated characters, two boys and two girls, walking in a line across a crosswalk. The boys are on the left, with the first one wearing a green jacket and the second in a yellow dress. The girls are on the right, with the first one in a brown dress and the second in a green jacket. All characters are smiling and appear to be in motion. The background is plain white, emphasizing the characters and the crosswalk. There is no visible text in the image.	82203647006.png	The image depicts a group of six animated characters, each wearing a graduation cap and gown, and they are in various states of jumping or floating. The characters are smiling and appear to be in a celebratory mood. The graduation caps and gowns are detailed, with tassels and a visible hood on the gowns. The characters are illustrated in a cartoon style, with exaggerated expressions and body language. There is no visible text in the image.	33598705749.png	The image depicts a stylized, cartoon-like illustration of a checkered flag race track. The track is curved and has a yellow center line. On either side of the track, there are green grassy areas with trees and a few buildings. In the background, there are mountains and a clear sky. The checkered flags are prominently displayed at the start and finish lines of the track. There is no visible text in the image. The style of the image is reminiscent of a video game or a digital illustration.	56010130284.png	The image is a cartoon illustration featuring two characters. On the left, there is a character with dark hair, wearing a black robe and glasses, with a surprised or excited expression. On the right, there is another character also wearing a black robe and glasses, holding a checkered flag with a yellow pole. This character is smiling and appears to be running towards the left character. The background is plain white. There is no visible text in the image.
målstreken	Skulder ved skulder spurtet de over målstreken - van der Poel noen få centimeter foran Van Aert.		42695620986.png	The image depicts four animated characters, two boys and two girls, walking in a line across a crosswalk. The boys are on the left, with the first one wearing a green jacket and the second in a yellow dress. The girls are on the right, with the first one in a brown dress and the second in a green jacket. All characters are smiling and appear to be in motion. The background is plain white, emphasizing the characters and the crosswalk. There is no visible text in the image.	33598705749.png	The image depicts a stylized, cartoon-like illustration of a checkered flag race track. The track is curved and has a yellow center line. On either side of the track, there are green grassy areas with trees and a few buildings. In the background, there are mountains and a clear sky. The checkered flags are prominently displayed at the start and finish lines of the track. There is no visible text in the image. The style of the image is reminiscent of a video game or a digital illustration.	56010130284.png	The image is a cartoon illustration featuring two characters. On the left, there is a character with dark hair, wearing a black robe and glasses, with a surprised or excited expression. On the right, there is another character also wearing a black robe and glasses, holding a checkered flag with a yellow pole. This character is smiling and appears to be running towards the left character. The background is plain white. There is no visible text in the image.	28047928667.png	The image depicts an animated character standing on a rocky outcrop with their arms outstretched. The character is wearing a backpack with straps over their shoulders and a large, round, black bag attached to the back. They are dressed in a brown shirt, black shorts, and brown shoes with yellow socks. The character's pose suggests a sense of accomplishment or triumph. The background is a plain, light color, providing a stark contrast to the character and the rocky terrain. There is no visible text in the image.	82203647006.png	The image depicts a group of six animated characters, each wearing a graduation cap and gown, and they are in various states of jumping or floating. The characters are smiling and appear to be in a celebratory mood. The graduation caps and gowns are detailed, with tassels and a visible hood on the gowns. The characters are illustrated in a cartoon style, with exaggerated expressions and body language. There is no visible text in the image.
målstreken	Dette er noe av det råeste han har levert på distanse, sa NRK-kommentator Jann Post da Klæbo passerte målstreken		33598705749.png	The image depicts a stylized, cartoon-like illustration of a checkered flag race track. The track is curved and has a yellow center line. On either side of the track, there are green grassy areas with trees and a few buildings. In the background, there are mountains and a clear sky. The checkered flags are prominently displayed at the start and finish lines of the track. There is no visible text in the image. The style of the image is reminiscent of a video game or a digital illustration.	28047928667.png	The image depicts an animated character standing on a rocky outcrop with their arms outstretched. The character is wearing a backpack with straps over their shoulders and a large, round, black bag attached to the back. They are dressed in a brown shirt, black shorts, and brown shoes with yellow socks. The character's pose suggests a sense of accomplishment or triumph. The background is a plain, light color, providing a stark contrast to the character and the rocky terrain. There is no visible text in the image.	56010130284.png	The image is a cartoon illustration featuring two characters. On the left, there is a character with dark hair, wearing a black robe and glasses, with a surprised or excited expression. On the right, there is another character also wearing a black robe and glasses, holding a checkered flag with a yellow pole. This character is smiling and appears to be running towards the left character. The background is plain white. There is no visible text in the image.	82203647006.png	The image depicts a group of six animated characters, each wearing a graduation cap and gown, and they are in various states of jumping or floating. The characters are smiling and appear to be in a celebratory mood. The graduation caps and gowns are detailed, with tassels and a visible hood on the gowns. The characters are illustrated in a cartoon style, with exaggerated expressions and body language. There is no visible text in the image.	42695620986.png	The image depicts four animated characters, two boys and two girls, walking in a line across a crosswalk. The boys are on the left, with the first one wearing a green jacket and the second in a yellow dress. The girls are on the right, with the first one in a brown dress and the second in a green jacket. All characters are smiling and appear to be in motion. The background is plain white, emphasizing the characters and the crosswalk. There is no visible text in the image.
fisk på land	Han var en fisk på land, og følte en mangel på retning og inspirasjon der han sjonglerte ulike klienter heller enn å fokusere på noe han virkelig hadde lyst til.		49506927000.png	The image depicts a stylized, cartoonish fish with a prominent orange and white pattern on its body. The fish has large, round eyes and a wide mouth. It is swimming through water, with droplets splashing around it, suggesting movement. The background is plain white, emphasizing the fish. There is no visible text in the image.	63828453562.png	The image depicts a large, orange-brown fish with spots lying on a dry, cracked earth surface. The fish is resting on a patch of grass and appears to be dead. In the background, there is a clear blue sky with a few clouds, a windmill, and a few small buildings or huts. The overall style of the image is illustrative, with a limited color palette and a somewhat stylized representation of the objects.	98321681333.png	The image shows a stylized illustration of an octopus. The octopus is depicted with a prominent, large eye on its head, and its body is covered in a pattern of orange and white spots. Its tentacles are extended outward, and the overall style of the image is cartoonish and simplistic. There is no visible text in the image.	53410526057.png	The image is a colorful illustration featuring three animated characters. On the left, there is a young girl with dark hair, wearing a yellow top and sitting on the ground with a cup in her hand. In the center, a young boy with brown hair and a white shirt is standing and smiling, looking at the girl. To the right, an adult male with dark hair and a suit is pouring something from a yellow bucket into a smaller bucket held by the girl. The setting appears to be a sandy area, and the characters are engaged in a playful activity. There is no visible text in the image.	30194678595.png	The image depicts a stylized illustration of a man riding a horse in a city setting. The man is wearing a cowboy hat and a backpack, suggesting a western theme. He is holding the reins of the horse, which is brown with a black mane. The horse is walking on a street with tall buildings on either side, indicating an urban environment. There are various signs and billboards visible on the buildings, and the street is busy with cars and a truck. The overall style of the image is reminiscent of a comic book or graphic novel, with bold lines and a limited color palette.
fisk på land	Jeg var en fisk på land der jeg lå og sprella og prøvde å stable beina under meg igjen.		63828453562.png	The image depicts a large, orange-brown fish with spots lying on a dry, cracked earth surface. The fish is resting on a patch of grass and appears to be dead. In the background, there is a clear blue sky with a few clouds, a windmill, and a few small buildings or huts. The overall style of the image is illustrative, with a limited color palette and a somewhat stylized representation of the objects.	98321681333.png	The image shows a stylized illustration of an octopus. The octopus is depicted with a prominent, large eye on its head, and its body is covered in a pattern of orange and white spots. Its tentacles are extended outward, and the overall style of the image is cartoonish and simplistic. There is no visible text in the image.	30194678595.png	The image depicts a stylized illustration of a man riding a horse in a city setting. The man is wearing a cowboy hat and a backpack, suggesting a western theme. He is holding the reins of the horse, which is brown with a black mane. The horse is walking on a street with tall buildings on either side, indicating an urban environment. There are various signs and billboards visible on the buildings, and the street is busy with cars and a truck. The overall style of the image is reminiscent of a comic book or graphic novel, with bold lines and a limited color palette.	49506927000.png	The image depicts a stylized, cartoonish fish with a prominent orange and white pattern on its body. The fish has large, round eyes and a wide mouth. It is swimming through water, with droplets splashing around it, suggesting movement. The background is plain white, emphasizing the fish. There is no visible text in the image.	53410526057.png	The image is a colorful illustration featuring three animated characters. On the left, there is a young girl with dark hair, wearing a yellow top and sitting on the ground with a cup in her hand. In the center, a young boy with brown hair and a white shirt is standing and smiling, looking at the girl. To the right, an adult male with dark hair and a suit is pouring something from a yellow bucket into a smaller bucket held by the girl. The setting appears to be a sandy area, and the characters are engaged in a playful activity. There is no visible text in the image.
fisk på land	Svarte bølger av giftig olje begynte å skylles i land i går lokal tid, og lokale beboere forteller at de onsdag våknet til svarte tykke bølger, som feide døde fugler og fisk på land.		53410526057.png	The image is a colorful illustration featuring three animated characters. On the left, there is a young girl with dark hair, wearing a yellow top and sitting on the ground with a cup in her hand. In the center, a young boy with brown hair and a white shirt is standing and smiling, looking at the girl. To the right, an adult male with dark hair and a suit is pouring something from a yellow bucket into a smaller bucket held by the girl. The setting appears to be a sandy area, and the characters are engaged in a playful activity. There is no visible text in the image.	98321681333.png	The image shows a stylized illustration of an octopus. The octopus is depicted with a prominent, large eye on its head, and its body is covered in a pattern of orange and white spots. Its tentacles are extended outward, and the overall style of the image is cartoonish and simplistic. There is no visible text in the image.	63828453562.png	The image depicts a large, orange-brown fish with spots lying on a dry, cracked earth surface. The fish is resting on a patch of grass and appears to be dead. In the background, there is a clear blue sky with a few clouds, a windmill, and a few small buildings or huts. The overall style of the image is illustrative, with a limited color palette and a somewhat stylized representation of the objects.	30194678595.png	The image depicts a stylized illustration of a man riding a horse in a city setting. The man is wearing a cowboy hat and a backpack, suggesting a western theme. He is holding the reins of the horse, which is brown with a black mane. The horse is walking on a street with tall buildings on either side, indicating an urban environment. There are various signs and billboards visible on the buildings, and the street is busy with cars and a truck. The overall style of the image is reminiscent of a comic book or graphic novel, with bold lines and a limited color palette.	49506927000.png	The image depicts a stylized, cartoonish fish with a prominent orange and white pattern on its body. The fish has large, round eyes and a wide mouth. It is swimming through water, with droplets splashing around it, suggesting movement. The background is plain white, emphasizing the fish. There is no visible text in the image.
fisk på land	En forutsetning for bedriftsøkonomisk lønnsomhet i fiskeindustrien i Berlevåg er at man får fisk på land.		53410526057.png	The image is a colorful illustration featuring three animated characters. On the left, there is a young girl with dark hair, wearing a yellow top and sitting on the ground with a cup in her hand. In the center, a young boy with brown hair and a white shirt is standing and smiling, looking at the girl. To the right, an adult male with dark hair and a suit is pouring something from a yellow bucket into a smaller bucket held by the girl. The setting appears to be a sandy area, and the characters are engaged in a playful activity. There is no visible text in the image.	30194678595.png	The image depicts a stylized illustration of a man riding a horse in a city setting. The man is wearing a cowboy hat and a backpack, suggesting a western theme. He is holding the reins of the horse, which is brown with a black mane. The horse is walking on a street with tall buildings on either side, indicating an urban environment. There are various signs and billboards visible on the buildings, and the street is busy with cars and a truck. The overall style of the image is reminiscent of a comic book or graphic novel, with bold lines and a limited color palette.	49506927000.png	The image depicts a stylized, cartoonish fish with a prominent orange and white pattern on its body. The fish has large, round eyes and a wide mouth. It is swimming through water, with droplets splashing around it, suggesting movement. The background is plain white, emphasizing the fish. There is no visible text in the image.	98321681333.png	The image shows a stylized illustration of an octopus. The octopus is depicted with a prominent, large eye on its head, and its body is covered in a pattern of orange and white spots. Its tentacles are extended outward, and the overall style of the image is cartoonish and simplistic. There is no visible text in the image.	63828453562.png	The image depicts a large, orange-brown fish with spots lying on a dry, cracked earth surface. The fish is resting on a patch of grass and appears to be dead. In the background, there is a clear blue sky with a few clouds, a windmill, and a few small buildings or huts. The overall style of the image is illustrative, with a limited color palette and a somewhat stylized representation of the objects.
fiskeskrøne	Han fortalte at han hadde løpt et maraton på under to timer, med vi visste alle at dette var en fiskeskrøne.		67146353568.png	The image depicts an animated character, a bearded man with a mustache, wearing a wide-brimmed hat and a plaid shirt. He has a fishing rod in his right hand and a fishing reel in his left. He is also carrying a large fishing bag with various fishing equipment. The character is standing on a flat surface with a shadow cast on the ground. To the right of the character, there is a small fish with a yellow body and a green head. The style of the image is cartoonish with a focus on the character and his fishing gear.	80600764732.png	The image depicts a stylized, cartoonish turtle with a patterned shell, floating in a clear, bubble-filled environment. The turtle has a friendly expression with large, round eyes and a small, pointed nose. It appears to be swimming or floating, as suggested by the bubbles around it. The background is a uniform gray, providing a neutral backdrop that contrasts with the turtle's vibrant colors. There is no visible text in the image. The style of the image is illustrative and seems to be designed for a digital medium, possibly for a game, animation, or a similar form of media.	83346666561.png	The image depicts a stylized, cartoonish depiction of a large orange fish with a white belly and a pink spot on its head, swimming towards the viewer. The fish has a wide mouth open as if it's speaking or singing. Surrounding the large fish are three smaller fish, also orange with a white belly and a pink spot on their heads, swimming away from the viewer. The background is white, and there are bubbles floating around the fish, suggesting an underwater environment. The style of the image is reminiscent of a children's book illustration.	49540443513.png	The image depicts a family of three, sitting on a plaid rug. The father, with a beard, is seated on the right, holding a book and smiling at the child. The child, with a book in their lap, is seated between the father and the mother, also smiling. The mother, with her hair in a bun, is seated on the left, looking at the child with a smile. The family appears to be engaged in a shared activity, possibly storytelling or reading. The style of the image is illustrative, with a warm and inviting color palette.	19787664449.png	"The image depicts a stylized, cartoon-like scene of a fish market. There are two wooden tables with various items on them. The table on the left has a variety of fish hanging from hooks, and below it, there are baskets containing more fish and possibly other seafood. The table on the right has a similar arrangement of fish hanging above and various items, including bowls and baskets, below.  Above the tables, there are several fish models hanging from the roof, including a large fish and smaller ones. The fish models are detailed and colorful, with some having fins and eyes.  In the background, there is a large fish tank with a variety of fish swimming inside. The tank is placed against a wall that has a sign with the number ""99"" on it. To the right of the tank, there is a wooden shelf with more fish models and a cage hanging from the ceiling.  The overall style of the image is whimsical and playful, with a focus on the fish and seafood theme. There is no visible text in the image."
fiskeskrøne	Bestefar har fortalt meg mange ganger om sin fortid som en stor rockestjerne, men det viser seg at dette bare har vært en fiskeskrøne.		19787664449.png	"The image depicts a stylized, cartoon-like scene of a fish market. There are two wooden tables with various items on them. The table on the left has a variety of fish hanging from hooks, and below it, there are baskets containing more fish and possibly other seafood. The table on the right has a similar arrangement of fish hanging above and various items, including bowls and baskets, below.  Above the tables, there are several fish models hanging from the roof, including a large fish and smaller ones. The fish models are detailed and colorful, with some having fins and eyes.  In the background, there is a large fish tank with a variety of fish swimming inside. The tank is placed against a wall that has a sign with the number ""99"" on it. To the right of the tank, there is a wooden shelf with more fish models and a cage hanging from the ceiling.  The overall style of the image is whimsical and playful, with a focus on the fish and seafood theme. There is no visible text in the image."	67146353568.png	The image depicts an animated character, a bearded man with a mustache, wearing a wide-brimmed hat and a plaid shirt. He has a fishing rod in his right hand and a fishing reel in his left. He is also carrying a large fishing bag with various fishing equipment. The character is standing on a flat surface with a shadow cast on the ground. To the right of the character, there is a small fish with a yellow body and a green head. The style of the image is cartoonish with a focus on the character and his fishing gear.	49540443513.png	The image depicts a family of three, sitting on a plaid rug. The father, with a beard, is seated on the right, holding a book and smiling at the child. The child, with a book in their lap, is seated between the father and the mother, also smiling. The mother, with her hair in a bun, is seated on the left, looking at the child with a smile. The family appears to be engaged in a shared activity, possibly storytelling or reading. The style of the image is illustrative, with a warm and inviting color palette.	83346666561.png	The image depicts a stylized, cartoonish depiction of a large orange fish with a white belly and a pink spot on its head, swimming towards the viewer. The fish has a wide mouth open as if it's speaking or singing. Surrounding the large fish are three smaller fish, also orange with a white belly and a pink spot on their heads, swimming away from the viewer. The background is white, and there are bubbles floating around the fish, suggesting an underwater environment. The style of the image is reminiscent of a children's book illustration.	80600764732.png	The image depicts a stylized, cartoonish turtle with a patterned shell, floating in a clear, bubble-filled environment. The turtle has a friendly expression with large, round eyes and a small, pointed nose. It appears to be swimming or floating, as suggested by the bubbles around it. The background is a uniform gray, providing a neutral backdrop that contrasts with the turtle's vibrant colors. There is no visible text in the image. The style of the image is illustrative and seems to be designed for a digital medium, possibly for a game, animation, or a similar form of media.
loppemarked	NRKs kostymelager rullet ut 60 stativer med 2400 plagg til loppemarked og auksjon på Marienlyst i går.		43399578960.png	The image depicts a modern retail store interior. There are three glass panels that form the storefront, each with a different color gradient: orange, red, and black. Inside the store, there are mannequins displaying a variety of clothing items, including jackets, dresses, and pants. The mannequins are dressed in a mix of black, red, and orange outfits.  On the right side of the image, there is a female mannequin wearing a black dress and red shoes, standing in front of a display of clothing. The mannequins are positioned on a beige floor, and the store has a clean, minimalist aesthetic. The lighting is bright, with recessed lights in the ceiling providing illumination. There is no visible text in the image.	88711870081.png	The image depicts a stylized illustration of a jumping spider. The spider has a prominent orange head with large, black eyes, and a brown body covered in small, orange spots. Its legs are extended outward, and it appears to be in mid-air, suggesting a sense of motion. The background is plain white, which contrasts with the spider's vivid colors. There is no visible text in the image.	20220639091.png	The image depicts a three-tiered bookshelf filled with a variety of books. The books are arranged in a somewhat haphazard manner, with some stacked horizontally and others standing upright. The bookshelf has a dark brown finish and is set against a white background.  On the top shelf, there are several books with visible titles and spines, including what appears to be a large, open book that is partially obscured by other books. The middle shelf contains a mix of books, with some standing upright and others lying flat. There is also a small figurine of a bird perched on one of the books.  The bottom shelf is densely packed with books, with some stacked in a way that they are almost falling off the shelf. There is a small, red-orange object that resembles a vase or a container with a handle, placed among the books.  The image is a digital illustration with a realistic style, and there are no visible texts or brands that provide additional context or information.	57686649809.png	The image depicts an anthropomorphic creature with a large, round body and a small head, standing upright on two legs. The creature has a pair of large, expressive eyes and a small mouth. It is holding two orange fruits in its hands. The creature is standing under a canopy with a beige awning, which is supported by two wooden poles. The canopy is adorned with three hanging lanterns. Below the canopy, there is a table with a variety of fresh fruits and vegetables, including oranges, apples, and leafy greens. The table is covered with a striped tablecloth. The ground beneath the table is made of gray stones. The overall style of the image is illustrative and cartoonish.	57773191121.png	The image depicts a stylized illustration of a house with a wooden fence in front. The house has a black roof and a white exterior. On the fence, there are various items including a red flower pot, a black grill, a wooden chair, a wooden table, and a cardboard box. To the right of the house, there is a black trash can. In front of the house, there is a pile of items including a cardboard box, a wooden chair, a wooden table, a black grill, a red flower pot, a wooden fence post, a wooden plank, a black trash can, and a toy car. The items are arranged in a somewhat haphazard manner, suggesting a scene of disorganization or perhaps a yard sale. There is no visible text in the image.
loppemarked	Spisebordet er et gammelt tapetseringsbord kjøpt på loppemarked, og de svarte stolene er Myren av Arne Jacobsen, bruktfunn gjort i Danmark.		57773191121.png	The image depicts a stylized illustration of a house with a wooden fence in front. The house has a black roof and a white exterior. On the fence, there are various items including a red flower pot, a black grill, a wooden chair, a wooden table, and a cardboard box. To the right of the house, there is a black trash can. In front of the house, there is a pile of items including a cardboard box, a wooden chair, a wooden table, a black grill, a red flower pot, a wooden fence post, a wooden plank, a black trash can, and a toy car. The items are arranged in a somewhat haphazard manner, suggesting a scene of disorganization or perhaps a yard sale. There is no visible text in the image.	57686649809.png	The image depicts an anthropomorphic creature with a large, round body and a small head, standing upright on two legs. The creature has a pair of large, expressive eyes and a small mouth. It is holding two orange fruits in its hands. The creature is standing under a canopy with a beige awning, which is supported by two wooden poles. The canopy is adorned with three hanging lanterns. Below the canopy, there is a table with a variety of fresh fruits and vegetables, including oranges, apples, and leafy greens. The table is covered with a striped tablecloth. The ground beneath the table is made of gray stones. The overall style of the image is illustrative and cartoonish.	43399578960.png	The image depicts a modern retail store interior. There are three glass panels that form the storefront, each with a different color gradient: orange, red, and black. Inside the store, there are mannequins displaying a variety of clothing items, including jackets, dresses, and pants. The mannequins are dressed in a mix of black, red, and orange outfits.  On the right side of the image, there is a female mannequin wearing a black dress and red shoes, standing in front of a display of clothing. The mannequins are positioned on a beige floor, and the store has a clean, minimalist aesthetic. The lighting is bright, with recessed lights in the ceiling providing illumination. There is no visible text in the image.	20220639091.png	The image depicts a three-tiered bookshelf filled with a variety of books. The books are arranged in a somewhat haphazard manner, with some stacked horizontally and others standing upright. The bookshelf has a dark brown finish and is set against a white background.  On the top shelf, there are several books with visible titles and spines, including what appears to be a large, open book that is partially obscured by other books. The middle shelf contains a mix of books, with some standing upright and others lying flat. There is also a small figurine of a bird perched on one of the books.  The bottom shelf is densely packed with books, with some stacked in a way that they are almost falling off the shelf. There is a small, red-orange object that resembles a vase or a container with a handle, placed among the books.  The image is a digital illustration with a realistic style, and there are no visible texts or brands that provide additional context or information.	88711870081.png	The image depicts a stylized illustration of a jumping spider. The spider has a prominent orange head with large, black eyes, and a brown body covered in small, orange spots. Its legs are extended outward, and it appears to be in mid-air, suggesting a sense of motion. The background is plain white, which contrasts with the spider's vivid colors. There is no visible text in the image.
loppemarked	Midt i engen åpnet det ukentlige loppemarkedet seg, med hoppende lopper som gikk mellom salgsbodene og kjøpte varer.		88711870081.png	The image depicts a stylized illustration of a jumping spider. The spider has a prominent orange head with large, black eyes, and a brown body covered in small, orange spots. Its legs are extended outward, and it appears to be in mid-air, suggesting a sense of motion. The background is plain white, which contrasts with the spider's vivid colors. There is no visible text in the image.	57773191121.png	The image depicts a stylized illustration of a house with a wooden fence in front. The house has a black roof and a white exterior. On the fence, there are various items including a red flower pot, a black grill, a wooden chair, a wooden table, and a cardboard box. To the right of the house, there is a black trash can. In front of the house, there is a pile of items including a cardboard box, a wooden chair, a wooden table, a black grill, a red flower pot, a wooden fence post, a wooden plank, a black trash can, and a toy car. The items are arranged in a somewhat haphazard manner, suggesting a scene of disorganization or perhaps a yard sale. There is no visible text in the image.	57686649809.png	The image depicts an anthropomorphic creature with a large, round body and a small head, standing upright on two legs. The creature has a pair of large, expressive eyes and a small mouth. It is holding two orange fruits in its hands. The creature is standing under a canopy with a beige awning, which is supported by two wooden poles. The canopy is adorned with three hanging lanterns. Below the canopy, there is a table with a variety of fresh fruits and vegetables, including oranges, apples, and leafy greens. The table is covered with a striped tablecloth. The ground beneath the table is made of gray stones. The overall style of the image is illustrative and cartoonish.	43399578960.png	The image depicts a modern retail store interior. There are three glass panels that form the storefront, each with a different color gradient: orange, red, and black. Inside the store, there are mannequins displaying a variety of clothing items, including jackets, dresses, and pants. The mannequins are dressed in a mix of black, red, and orange outfits.  On the right side of the image, there is a female mannequin wearing a black dress and red shoes, standing in front of a display of clothing. The mannequins are positioned on a beige floor, and the store has a clean, minimalist aesthetic. The lighting is bright, with recessed lights in the ceiling providing illumination. There is no visible text in the image.	20220639091.png	The image depicts a three-tiered bookshelf filled with a variety of books. The books are arranged in a somewhat haphazard manner, with some stacked horizontally and others standing upright. The bookshelf has a dark brown finish and is set against a white background.  On the top shelf, there are several books with visible titles and spines, including what appears to be a large, open book that is partially obscured by other books. The middle shelf contains a mix of books, with some standing upright and others lying flat. There is also a small figurine of a bird perched on one of the books.  The bottom shelf is densely packed with books, with some stacked in a way that they are almost falling off the shelf. There is a small, red-orange object that resembles a vase or a container with a handle, placed among the books.  The image is a digital illustration with a realistic style, and there are no visible texts or brands that provide additional context or information.
loppemarked	Barna sto i ring rundt det lille loppemarkedet, hvor selgerne var små, sprettene lopper som prutet for den beste prisen.		43399578960.png	The image depicts a modern retail store interior. There are three glass panels that form the storefront, each with a different color gradient: orange, red, and black. Inside the store, there are mannequins displaying a variety of clothing items, including jackets, dresses, and pants. The mannequins are dressed in a mix of black, red, and orange outfits.  On the right side of the image, there is a female mannequin wearing a black dress and red shoes, standing in front of a display of clothing. The mannequins are positioned on a beige floor, and the store has a clean, minimalist aesthetic. The lighting is bright, with recessed lights in the ceiling providing illumination. There is no visible text in the image.	88711870081.png	The image depicts a stylized illustration of a jumping spider. The spider has a prominent orange head with large, black eyes, and a brown body covered in small, orange spots. Its legs are extended outward, and it appears to be in mid-air, suggesting a sense of motion. The background is plain white, which contrasts with the spider's vivid colors. There is no visible text in the image.	57773191121.png	The image depicts a stylized illustration of a house with a wooden fence in front. The house has a black roof and a white exterior. On the fence, there are various items including a red flower pot, a black grill, a wooden chair, a wooden table, and a cardboard box. To the right of the house, there is a black trash can. In front of the house, there is a pile of items including a cardboard box, a wooden chair, a wooden table, a black grill, a red flower pot, a wooden fence post, a wooden plank, a black trash can, and a toy car. The items are arranged in a somewhat haphazard manner, suggesting a scene of disorganization or perhaps a yard sale. There is no visible text in the image.	20220639091.png	The image depicts a three-tiered bookshelf filled with a variety of books. The books are arranged in a somewhat haphazard manner, with some stacked horizontally and others standing upright. The bookshelf has a dark brown finish and is set against a white background.  On the top shelf, there are several books with visible titles and spines, including what appears to be a large, open book that is partially obscured by other books. The middle shelf contains a mix of books, with some standing upright and others lying flat. There is also a small figurine of a bird perched on one of the books.  The bottom shelf is densely packed with books, with some stacked in a way that they are almost falling off the shelf. There is a small, red-orange object that resembles a vase or a container with a handle, placed among the books.  The image is a digital illustration with a realistic style, and there are no visible texts or brands that provide additional context or information.	57686649809.png	The image depicts an anthropomorphic creature with a large, round body and a small head, standing upright on two legs. The creature has a pair of large, expressive eyes and a small mouth. It is holding two orange fruits in its hands. The creature is standing under a canopy with a beige awning, which is supported by two wooden poles. The canopy is adorned with three hanging lanterns. Below the canopy, there is a table with a variety of fresh fruits and vegetables, including oranges, apples, and leafy greens. The table is covered with a striped tablecloth. The ground beneath the table is made of gray stones. The overall style of the image is illustrative and cartoonish.
flyvende tallerken	Dårlig vær førte til at NASA utsatte dagens plan om å sende en eksperimentell flyvende tallerken opp i atmosfæren.		46585589147.png	The image depicts a stylized, futuristic flying saucer with a glowing orange rim, set against a backdrop of white clouds. The saucer is centrally positioned and appears to be emitting a bright light from its underside. The overall style of the image is illustrative and has a three-dimensional appearance. There is no visible text in the image.	35455438914.png	The image shows a stack of white plates with a gold rim. Each plate has a small, gold-colored flower design on the rim. The plates are stacked in a neat pile, with the top plate visible and the others decreasing in size as they go down. The background is plain and does not distract from the plates. There is no visible text in the image.	41752035257.png	The image depicts a stylized illustration of a white plate with a floral pattern on the rim, floating in mid-air against a backdrop of a blue sky with white clouds. The plate is centrally positioned and appears to be suspended by an unseen force. The clouds are depicted with soft, rounded shapes and are colored in shades of white and gray. There is no visible text in the image. The style of the illustration is cartoonish and whimsical, with a limited color palette and a simplified, smooth outline.	42442802486.png	The image features a stylized, cartoonish character with a large, round head and big, black eyes. The character has a small, smiling mouth and a simple, yellowish body with two arms and two legs. The character is standing upright with its arms crossed and its legs slightly apart. The background is plain white, emphasizing the character. There is no visible text in the image.	72733667928.png	The image shows a stylized, modern turntable with a minimalist design. The turntable is predominantly orange with a black platter and a silver tonearm. The tonearm is positioned over the platter, and there is a single cartridge attached to it. The turntable is equipped with two control knobs on the left side, one for speed adjustment and the other for volume or track selection. The background is a plain, light color, providing a high-contrast backdrop that emphasizes the turntable. There is no visible text in the image. The style of the image is a clean, digital rendering with a focus on the product's design and features.
flyvende tallerken	Da lyset plutselig forsvant over fjellet, spøkte han med at det sikkert var et flyvende tallerken.		35455438914.png	The image shows a stack of white plates with a gold rim. Each plate has a small, gold-colored flower design on the rim. The plates are stacked in a neat pile, with the top plate visible and the others decreasing in size as they go down. The background is plain and does not distract from the plates. There is no visible text in the image.	46585589147.png	The image depicts a stylized, futuristic flying saucer with a glowing orange rim, set against a backdrop of white clouds. The saucer is centrally positioned and appears to be emitting a bright light from its underside. The overall style of the image is illustrative and has a three-dimensional appearance. There is no visible text in the image.	42442802486.png	The image features a stylized, cartoonish character with a large, round head and big, black eyes. The character has a small, smiling mouth and a simple, yellowish body with two arms and two legs. The character is standing upright with its arms crossed and its legs slightly apart. The background is plain white, emphasizing the character. There is no visible text in the image.	41752035257.png	The image depicts a stylized illustration of a white plate with a floral pattern on the rim, floating in mid-air against a backdrop of a blue sky with white clouds. The plate is centrally positioned and appears to be suspended by an unseen force. The clouds are depicted with soft, rounded shapes and are colored in shades of white and gray. There is no visible text in the image. The style of the illustration is cartoonish and whimsical, with a limited color palette and a simplified, smooth outline.	72733667928.png	The image shows a stylized, modern turntable with a minimalist design. The turntable is predominantly orange with a black platter and a silver tonearm. The tonearm is positioned over the platter, and there is a single cartridge attached to it. The turntable is equipped with two control knobs on the left side, one for speed adjustment and the other for volume or track selection. The background is a plain, light color, providing a high-contrast backdrop that emphasizes the turntable. There is no visible text in the image. The style of the image is a clean, digital rendering with a focus on the product's design and features.
flyvende tallerken	Hos trollmannen svevde det flyvende tallerkener og kopper over spisebordet.		42442802486.png	The image features a stylized, cartoonish character with a large, round head and big, black eyes. The character has a small, smiling mouth and a simple, yellowish body with two arms and two legs. The character is standing upright with its arms crossed and its legs slightly apart. The background is plain white, emphasizing the character. There is no visible text in the image.	41752035257.png	The image depicts a stylized illustration of a white plate with a floral pattern on the rim, floating in mid-air against a backdrop of a blue sky with white clouds. The plate is centrally positioned and appears to be suspended by an unseen force. The clouds are depicted with soft, rounded shapes and are colored in shades of white and gray. There is no visible text in the image. The style of the illustration is cartoonish and whimsical, with a limited color palette and a simplified, smooth outline.	35455438914.png	The image shows a stack of white plates with a gold rim. Each plate has a small, gold-colored flower design on the rim. The plates are stacked in a neat pile, with the top plate visible and the others decreasing in size as they go down. The background is plain and does not distract from the plates. There is no visible text in the image.	46585589147.png	The image depicts a stylized, futuristic flying saucer with a glowing orange rim, set against a backdrop of white clouds. The saucer is centrally positioned and appears to be emitting a bright light from its underside. The overall style of the image is illustrative and has a three-dimensional appearance. There is no visible text in the image.	72733667928.png	The image shows a stylized, modern turntable with a minimalist design. The turntable is predominantly orange with a black platter and a silver tonearm. The tonearm is positioned over the platter, and there is a single cartridge attached to it. The turntable is equipped with two control knobs on the left side, one for speed adjustment and the other for volume or track selection. The background is a plain, light color, providing a high-contrast backdrop that emphasizes the turntable. There is no visible text in the image. The style of the image is a clean, digital rendering with a focus on the product's design and features.
flyvende tallerken	Da vi spiste middag i den nye restauranten hørte jeg krangling fra den andre siden av rommet, og plutselig kom det et flyvende tallerken mot ansiktet mitt.		72733667928.png	The image shows a stylized, modern turntable with a minimalist design. The turntable is predominantly orange with a black platter and a silver tonearm. The tonearm is positioned over the platter, and there is a single cartridge attached to it. The turntable is equipped with two control knobs on the left side, one for speed adjustment and the other for volume or track selection. The background is a plain, light color, providing a high-contrast backdrop that emphasizes the turntable. There is no visible text in the image. The style of the image is a clean, digital rendering with a focus on the product's design and features.	42442802486.png	The image features a stylized, cartoonish character with a large, round head and big, black eyes. The character has a small, smiling mouth and a simple, yellowish body with two arms and two legs. The character is standing upright with its arms crossed and its legs slightly apart. The background is plain white, emphasizing the character. There is no visible text in the image.	35455438914.png	The image shows a stack of white plates with a gold rim. Each plate has a small, gold-colored flower design on the rim. The plates are stacked in a neat pile, with the top plate visible and the others decreasing in size as they go down. The background is plain and does not distract from the plates. There is no visible text in the image.	46585589147.png	The image depicts a stylized, futuristic flying saucer with a glowing orange rim, set against a backdrop of white clouds. The saucer is centrally positioned and appears to be emitting a bright light from its underside. The overall style of the image is illustrative and has a three-dimensional appearance. There is no visible text in the image.	41752035257.png	The image depicts a stylized illustration of a white plate with a floral pattern on the rim, floating in mid-air against a backdrop of a blue sky with white clouds. The plate is centrally positioned and appears to be suspended by an unseen force. The clouds are depicted with soft, rounded shapes and are colored in shades of white and gray. There is no visible text in the image. The style of the illustration is cartoonish and whimsical, with a limited color palette and a simplified, smooth outline.
forbuden frukt	For også her smaker forbuden frukt best: Våpenproduksjon og forurensende industri er sikre investeringsobjekter.		49415141317.png	The image depicts a stylized illustration of a woven basket filled with a variety of fruits. The basket has a handle and is placed against a plain background. Inside the basket, there are apples, oranges, and grapes. The apples are red and green, the oranges are bright and round, and the grapes are green and clustered together. A bow with a pattern of orange and white stripes is tied around the basket's handle. The style of the image is cartoonish and appears to be designed for a child-friendly audience.	99320856422.png	The image shows a stylized illustration of a glass bowl filled with a variety of colorful, cartoonish candies. The candies are depicted in a playful manner, with different shapes and colors, including orange, yellow, pink, green, and white. Some candies have textures that suggest they are chewy or have a specific flavor, such as orange peel or gummy. There is a single candy that appears to be falling out of the bowl, adding a dynamic element to the scene. The bowl is placed on a flat surface, and the background is a plain, light color that does not distract from the subject. There is no visible text in the image.	26313206660.png	"The image depicts a cartoon-style illustration of a signpost with a ""no"" symbol on a wooden post. The signpost is situated on a sandy ground with a few rocks scattered around. The post is chained to a wooden fence, which is also chained to a wooden pole. The background is plain white, emphasizing the signpost and the immediate surroundings. There is no visible text in the image."	14043557421.png	The image depicts an animated character, a young boy with brown hair, standing on a kitchen counter. He is wearing a white shirt, brown pants, and brown shoes. The boy is reaching up to a shelf with a jar of what appears to be orange fruit, possibly oranges. The shelf is part of a kitchen cabinet with a brick-like pattern. On the counter, there are various kitchen items including a teapot, a pot, a jar, and a bottle. The boy's pose suggests he is in the process of reaching for the jar. The image is stylized with a cartoonish aesthetic.	38295069477.png	The image is a digital illustration featuring a stylized snake with a human-like face and a woman sitting on its coiled body. The snake is wrapped around a tree with a variety of fruits, including oranges and apples, hanging from its branches. The woman is holding an orange in her hand and appears to be looking at it with a smile. She is wearing a long, flowing dress and has long hair. The background is plain and does not provide any additional context. There is no visible text in the image. The style of the illustration is cartoonish with a focus on vibrant colors and a whimsical, fantasy-like quality.
forbuden frukt	Det er selvfølgelig tyveri å laste ned andres åndsverk og brenne sine egne cd'er, men på samme vis som forbuden frukt smaker best, låter forbuden lyd nesten uanstendig godt.		49415141317.png	The image depicts a stylized illustration of a woven basket filled with a variety of fruits. The basket has a handle and is placed against a plain background. Inside the basket, there are apples, oranges, and grapes. The apples are red and green, the oranges are bright and round, and the grapes are green and clustered together. A bow with a pattern of orange and white stripes is tied around the basket's handle. The style of the image is cartoonish and appears to be designed for a child-friendly audience.	26313206660.png	"The image depicts a cartoon-style illustration of a signpost with a ""no"" symbol on a wooden post. The signpost is situated on a sandy ground with a few rocks scattered around. The post is chained to a wooden fence, which is also chained to a wooden pole. The background is plain white, emphasizing the signpost and the immediate surroundings. There is no visible text in the image."	38295069477.png	The image is a digital illustration featuring a stylized snake with a human-like face and a woman sitting on its coiled body. The snake is wrapped around a tree with a variety of fruits, including oranges and apples, hanging from its branches. The woman is holding an orange in her hand and appears to be looking at it with a smile. She is wearing a long, flowing dress and has long hair. The background is plain and does not provide any additional context. There is no visible text in the image. The style of the illustration is cartoonish with a focus on vibrant colors and a whimsical, fantasy-like quality.	14043557421.png	The image depicts an animated character, a young boy with brown hair, standing on a kitchen counter. He is wearing a white shirt, brown pants, and brown shoes. The boy is reaching up to a shelf with a jar of what appears to be orange fruit, possibly oranges. The shelf is part of a kitchen cabinet with a brick-like pattern. On the counter, there are various kitchen items including a teapot, a pot, a jar, and a bottle. The boy's pose suggests he is in the process of reaching for the jar. The image is stylized with a cartoonish aesthetic.	99320856422.png	The image shows a stylized illustration of a glass bowl filled with a variety of colorful, cartoonish candies. The candies are depicted in a playful manner, with different shapes and colors, including orange, yellow, pink, green, and white. Some candies have textures that suggest they are chewy or have a specific flavor, such as orange peel or gummy. There is a single candy that appears to be falling out of the bowl, adding a dynamic element to the scene. The bowl is placed on a flat surface, and the background is a plain, light color that does not distract from the subject. There is no visible text in the image.
forbuden frukt	Eva gav Adam den forbudne frukt som forårsaket at de ble forvist fra Edens have.		14043557421.png	The image depicts an animated character, a young boy with brown hair, standing on a kitchen counter. He is wearing a white shirt, brown pants, and brown shoes. The boy is reaching up to a shelf with a jar of what appears to be orange fruit, possibly oranges. The shelf is part of a kitchen cabinet with a brick-like pattern. On the counter, there are various kitchen items including a teapot, a pot, a jar, and a bottle. The boy's pose suggests he is in the process of reaching for the jar. The image is stylized with a cartoonish aesthetic.	99320856422.png	The image shows a stylized illustration of a glass bowl filled with a variety of colorful, cartoonish candies. The candies are depicted in a playful manner, with different shapes and colors, including orange, yellow, pink, green, and white. Some candies have textures that suggest they are chewy or have a specific flavor, such as orange peel or gummy. There is a single candy that appears to be falling out of the bowl, adding a dynamic element to the scene. The bowl is placed on a flat surface, and the background is a plain, light color that does not distract from the subject. There is no visible text in the image.	26313206660.png	"The image depicts a cartoon-style illustration of a signpost with a ""no"" symbol on a wooden post. The signpost is situated on a sandy ground with a few rocks scattered around. The post is chained to a wooden fence, which is also chained to a wooden pole. The background is plain white, emphasizing the signpost and the immediate surroundings. There is no visible text in the image."	38295069477.png	The image is a digital illustration featuring a stylized snake with a human-like face and a woman sitting on its coiled body. The snake is wrapped around a tree with a variety of fruits, including oranges and apples, hanging from its branches. The woman is holding an orange in her hand and appears to be looking at it with a smile. She is wearing a long, flowing dress and has long hair. The background is plain and does not provide any additional context. There is no visible text in the image. The style of the illustration is cartoonish with a focus on vibrant colors and a whimsical, fantasy-like quality.	49415141317.png	The image depicts a stylized illustration of a woven basket filled with a variety of fruits. The basket has a handle and is placed against a plain background. Inside the basket, there are apples, oranges, and grapes. The apples are red and green, the oranges are bright and round, and the grapes are green and clustered together. A bow with a pattern of orange and white stripes is tied around the basket's handle. The style of the image is cartoonish and appears to be designed for a child-friendly audience.
forbuden frukt	Rundt bålet blir det fortalt om forbuden frukt som bare eieren av leirplassen får spise.		14043557421.png	The image depicts an animated character, a young boy with brown hair, standing on a kitchen counter. He is wearing a white shirt, brown pants, and brown shoes. The boy is reaching up to a shelf with a jar of what appears to be orange fruit, possibly oranges. The shelf is part of a kitchen cabinet with a brick-like pattern. On the counter, there are various kitchen items including a teapot, a pot, a jar, and a bottle. The boy's pose suggests he is in the process of reaching for the jar. The image is stylized with a cartoonish aesthetic.	38295069477.png	The image is a digital illustration featuring a stylized snake with a human-like face and a woman sitting on its coiled body. The snake is wrapped around a tree with a variety of fruits, including oranges and apples, hanging from its branches. The woman is holding an orange in her hand and appears to be looking at it with a smile. She is wearing a long, flowing dress and has long hair. The background is plain and does not provide any additional context. There is no visible text in the image. The style of the illustration is cartoonish with a focus on vibrant colors and a whimsical, fantasy-like quality.	99320856422.png	The image shows a stylized illustration of a glass bowl filled with a variety of colorful, cartoonish candies. The candies are depicted in a playful manner, with different shapes and colors, including orange, yellow, pink, green, and white. Some candies have textures that suggest they are chewy or have a specific flavor, such as orange peel or gummy. There is a single candy that appears to be falling out of the bowl, adding a dynamic element to the scene. The bowl is placed on a flat surface, and the background is a plain, light color that does not distract from the subject. There is no visible text in the image.	49415141317.png	The image depicts a stylized illustration of a woven basket filled with a variety of fruits. The basket has a handle and is placed against a plain background. Inside the basket, there are apples, oranges, and grapes. The apples are red and green, the oranges are bright and round, and the grapes are green and clustered together. A bow with a pattern of orange and white stripes is tied around the basket's handle. The style of the image is cartoonish and appears to be designed for a child-friendly audience.	26313206660.png	"The image depicts a cartoon-style illustration of a signpost with a ""no"" symbol on a wooden post. The signpost is situated on a sandy ground with a few rocks scattered around. The post is chained to a wooden fence, which is also chained to a wooden pole. The background is plain white, emphasizing the signpost and the immediate surroundings. There is no visible text in the image."
spøkelsesby	Minst halvparten av hovedstaden er forlatt, den er i ferd med å bli en spøkelsesby, sa en representant for FN tidligere denne måneden.		83815164296.png	The image depicts a stylized garden scene. In the foreground, there is a variety of colorful flowers, including orange and yellow ones, and green foliage. A white picket fence runs across the image, dividing the garden into two sections. On the right side of the fence, there is a small white house with a red roof. Behind the house, there is a larger tree with a green canopy. The background is a plain white, which contrasts with the vibrant colors of the garden. There is no visible text in the image. The style of the image is illustrative, with a focus on bright colors and a simplified, cartoon-like representation of the garden and house.	55372692824.png	The image depicts a well-organized office desk with a computer monitor, keyboard, and mouse. On the desk, there are various items including a notepad, a pen, a pair of scissors, and a small stack of books. A brown coat is draped over the back of the chair. The desk is situated in front of a window with a view of the night sky. The room is dimly lit, and the overall color scheme is dark with orange accents. The style of the image is illustrative, with a focus on realism.	79345673518.png	The image depicts a cartoon-style character that appears to be a ghost, given its white, flowing attire and the absence of a head. The character is smiling and has orange eyes. It is walking on a path with fallen leaves scattered around. The background features a blurred autumnal scene with trees and a sky that suggests it might be late afternoon or early evening. There is no visible text in the image.	52882332027.png	"The image depicts a whimsical, cartoon-style street scene. There are several white, ghost-like figures walking down the middle of the street. These figures have large, round eyes and are dressed in simple, white outfits. The street is lined with buildings that have a European architectural style, featuring ornate facades and awnings. The buildings are painted in various shades of brown and beige. There are street lamps and signs, including one that reads ""CASA,"" suggesting a commercial or residential area. The sky is clear and blue, indicating a sunny day. The overall atmosphere of the image is playful and fantastical."	93639723362.png	"The image depicts a stylized, cartoon-like western town. The architecture is rustic, with wooden buildings featuring saloon-style doors and balconies. There are signs with the names ""SALOON"" and ""BAR"" visible on the buildings. The town is set in a desert-like environment with sandy ground and sparse vegetation. In the foreground, there are barrels and a wooden fence. A large cactus stands prominently to the right of the image. The sky is clear and blue, suggesting a sunny day. There are no visible texts other than the names on the signs. The style of the image is reminiscent of a scene from a classic western film or animation."
spøkelsesby	Uten den militære flyplassen vil Andenes bli en spøkelsesby.		52882332027.png	"The image depicts a whimsical, cartoon-style street scene. There are several white, ghost-like figures walking down the middle of the street. These figures have large, round eyes and are dressed in simple, white outfits. The street is lined with buildings that have a European architectural style, featuring ornate facades and awnings. The buildings are painted in various shades of brown and beige. There are street lamps and signs, including one that reads ""CASA,"" suggesting a commercial or residential area. The sky is clear and blue, indicating a sunny day. The overall atmosphere of the image is playful and fantastical."	55372692824.png	The image depicts a well-organized office desk with a computer monitor, keyboard, and mouse. On the desk, there are various items including a notepad, a pen, a pair of scissors, and a small stack of books. A brown coat is draped over the back of the chair. The desk is situated in front of a window with a view of the night sky. The room is dimly lit, and the overall color scheme is dark with orange accents. The style of the image is illustrative, with a focus on realism.	79345673518.png	The image depicts a cartoon-style character that appears to be a ghost, given its white, flowing attire and the absence of a head. The character is smiling and has orange eyes. It is walking on a path with fallen leaves scattered around. The background features a blurred autumnal scene with trees and a sky that suggests it might be late afternoon or early evening. There is no visible text in the image.	83815164296.png	The image depicts a stylized garden scene. In the foreground, there is a variety of colorful flowers, including orange and yellow ones, and green foliage. A white picket fence runs across the image, dividing the garden into two sections. On the right side of the fence, there is a small white house with a red roof. Behind the house, there is a larger tree with a green canopy. The background is a plain white, which contrasts with the vibrant colors of the garden. There is no visible text in the image. The style of the image is illustrative, with a focus on bright colors and a simplified, cartoon-like representation of the garden and house.	93639723362.png	"The image depicts a stylized, cartoon-like western town. The architecture is rustic, with wooden buildings featuring saloon-style doors and balconies. There are signs with the names ""SALOON"" and ""BAR"" visible on the buildings. The town is set in a desert-like environment with sandy ground and sparse vegetation. In the foreground, there are barrels and a wooden fence. A large cactus stands prominently to the right of the image. The sky is clear and blue, suggesting a sunny day. There are no visible texts other than the names on the signs. The style of the image is reminiscent of a scene from a classic western film or animation."
spøkelsesby	Da han gikk gjennom gatene hørte han barnelatter i luften fra de unge spøkelsene som lekte i spøkelsesbyen		93639723362.png	"The image depicts a stylized, cartoon-like western town. The architecture is rustic, with wooden buildings featuring saloon-style doors and balconies. There are signs with the names ""SALOON"" and ""BAR"" visible on the buildings. The town is set in a desert-like environment with sandy ground and sparse vegetation. In the foreground, there are barrels and a wooden fence. A large cactus stands prominently to the right of the image. The sky is clear and blue, suggesting a sunny day. There are no visible texts other than the names on the signs. The style of the image is reminiscent of a scene from a classic western film or animation."	52882332027.png	"The image depicts a whimsical, cartoon-style street scene. There are several white, ghost-like figures walking down the middle of the street. These figures have large, round eyes and are dressed in simple, white outfits. The street is lined with buildings that have a European architectural style, featuring ornate facades and awnings. The buildings are painted in various shades of brown and beige. There are street lamps and signs, including one that reads ""CASA,"" suggesting a commercial or residential area. The sky is clear and blue, indicating a sunny day. The overall atmosphere of the image is playful and fantastical."	55372692824.png	The image depicts a well-organized office desk with a computer monitor, keyboard, and mouse. On the desk, there are various items including a notepad, a pen, a pair of scissors, and a small stack of books. A brown coat is draped over the back of the chair. The desk is situated in front of a window with a view of the night sky. The room is dimly lit, and the overall color scheme is dark with orange accents. The style of the image is illustrative, with a focus on realism.	83815164296.png	The image depicts a stylized garden scene. In the foreground, there is a variety of colorful flowers, including orange and yellow ones, and green foliage. A white picket fence runs across the image, dividing the garden into two sections. On the right side of the fence, there is a small white house with a red roof. Behind the house, there is a larger tree with a green canopy. The background is a plain white, which contrasts with the vibrant colors of the garden. There is no visible text in the image. The style of the image is illustrative, with a focus on bright colors and a simplified, cartoon-like representation of the garden and house.	79345673518.png	The image depicts a cartoon-style character that appears to be a ghost, given its white, flowing attire and the absence of a head. The character is smiling and has orange eyes. It is walking on a path with fallen leaves scattered around. The background features a blurred autumnal scene with trees and a sky that suggests it might be late afternoon or early evening. There is no visible text in the image.
spøkelsesby	Ved midnatt kan man se en spøkelsesby over gravplassen, med spøkelser fra mange forskjellige tidsperioder.		83815164296.png	The image depicts a stylized garden scene. In the foreground, there is a variety of colorful flowers, including orange and yellow ones, and green foliage. A white picket fence runs across the image, dividing the garden into two sections. On the right side of the fence, there is a small white house with a red roof. Behind the house, there is a larger tree with a green canopy. The background is a plain white, which contrasts with the vibrant colors of the garden. There is no visible text in the image. The style of the image is illustrative, with a focus on bright colors and a simplified, cartoon-like representation of the garden and house.	79345673518.png	The image depicts a cartoon-style character that appears to be a ghost, given its white, flowing attire and the absence of a head. The character is smiling and has orange eyes. It is walking on a path with fallen leaves scattered around. The background features a blurred autumnal scene with trees and a sky that suggests it might be late afternoon or early evening. There is no visible text in the image.	93639723362.png	"The image depicts a stylized, cartoon-like western town. The architecture is rustic, with wooden buildings featuring saloon-style doors and balconies. There are signs with the names ""SALOON"" and ""BAR"" visible on the buildings. The town is set in a desert-like environment with sandy ground and sparse vegetation. In the foreground, there are barrels and a wooden fence. A large cactus stands prominently to the right of the image. The sky is clear and blue, suggesting a sunny day. There are no visible texts other than the names on the signs. The style of the image is reminiscent of a scene from a classic western film or animation."	55372692824.png	The image depicts a well-organized office desk with a computer monitor, keyboard, and mouse. On the desk, there are various items including a notepad, a pen, a pair of scissors, and a small stack of books. A brown coat is draped over the back of the chair. The desk is situated in front of a window with a view of the night sky. The room is dimly lit, and the overall color scheme is dark with orange accents. The style of the image is illustrative, with a focus on realism.	52882332027.png	"The image depicts a whimsical, cartoon-style street scene. There are several white, ghost-like figures walking down the middle of the street. These figures have large, round eyes and are dressed in simple, white outfits. The street is lined with buildings that have a European architectural style, featuring ornate facades and awnings. The buildings are painted in various shades of brown and beige. There are street lamps and signs, including one that reads ""CASA,"" suggesting a commercial or residential area. The sky is clear and blue, indicating a sunny day. The overall atmosphere of the image is playful and fantastical."
glasstak	Sirleaf brøt et glasstak, og har vist at afrikanske kvinner kan gå helt til topps i politikken.		73256240242.png	The image is a digital illustration featuring four stylized characters and a sign. On the left, there is a female character with her arms raised, smiling, and wearing a green dress and black shoes. To her right, there are four male characters, each wearing a suit and tie, and they are holding up a sign with a large upward-pointing arrow. The sign has a simple design with a white background and a yellow arrow. The characters appear to be in a celebratory or motivational pose, suggesting a positive or successful outcome. There is no visible text in the image.	38128065074.png	"The image depicts a modern architectural structure with a curved, glass facade. The building has a flat roof with greenery planted on it. There are several potted plants placed around the base of the building, adding to the green theme. The structure is situated on a street with a sidewalk, and there are traffic signs and a bench visible on the sidewalk. The building has a large, arched entrance with a glass door. The facade is adorned with a few decorative elements, including a sign with the number ""21"" and a small, orange structure that could be a kiosk or a small booth. The overall style of the image is illustrative, with a focus on clean lines and a limited color palette."	62953373031.png	The image shows a close-up view of a body of water with ripples and droplets, suggesting movement or recent activity. The water appears to be contained within a rocky area, with two prominent rock formations on either side. The rocks are dark and have a rough texture, with some areas showing signs of erosion or weathering. The background is a plain, light color, providing a stark contrast to the dark rocks and water. There is no visible text in the image. The style of the image is a realistic photograph with a focus on the natural elements.	87752552273.png	The image is a stylized illustration of four animated characters seated around a round table. The characters are depicted in a cartoon style with exaggerated features. The character on the left has a beard and is wearing a suit with an orange tie. Next to him is a character with a large afro and a smile, dressed in a dark suit with a white shirt and a dark tie. The character on the right has a mustache and is wearing glasses, a suit with a white shirt and a dark tie. The character in the center has a beard and is wearing a suit with a white shirt and a dark tie. They all appear to be engaged in a conversation. The table has a few items on it, including a coffee cup and a piece of paper. The background is plain and does not provide any additional context.	56889215739.png	The image depicts a stylized, cartoon-like urban scene. At the forefront, there is a rooftop with a variety of objects on it, including what appears to be a small greenhouse, a yellow structure that could be a small hut or shed, and a collection of potted plants. The rooftop is covered with orange shingles.  In the background, there are buildings with a mix of architectural styles, suggesting a cityscape. The sky is a light blue with white clouds. There are no visible texts in the image. The overall style is reminiscent of a digital illustration, with a focus on a whimsical, non-realistic aesthetic.
glasstak	En sentral del av debatten handlet om kvinner opplever et glasstak som hindrer dem fra å bli toppledere.		62953373031.png	The image shows a close-up view of a body of water with ripples and droplets, suggesting movement or recent activity. The water appears to be contained within a rocky area, with two prominent rock formations on either side. The rocks are dark and have a rough texture, with some areas showing signs of erosion or weathering. The background is a plain, light color, providing a stark contrast to the dark rocks and water. There is no visible text in the image. The style of the image is a realistic photograph with a focus on the natural elements.	56889215739.png	The image depicts a stylized, cartoon-like urban scene. At the forefront, there is a rooftop with a variety of objects on it, including what appears to be a small greenhouse, a yellow structure that could be a small hut or shed, and a collection of potted plants. The rooftop is covered with orange shingles.  In the background, there are buildings with a mix of architectural styles, suggesting a cityscape. The sky is a light blue with white clouds. There are no visible texts in the image. The overall style is reminiscent of a digital illustration, with a focus on a whimsical, non-realistic aesthetic.	87752552273.png	The image is a stylized illustration of four animated characters seated around a round table. The characters are depicted in a cartoon style with exaggerated features. The character on the left has a beard and is wearing a suit with an orange tie. Next to him is a character with a large afro and a smile, dressed in a dark suit with a white shirt and a dark tie. The character on the right has a mustache and is wearing glasses, a suit with a white shirt and a dark tie. The character in the center has a beard and is wearing a suit with a white shirt and a dark tie. They all appear to be engaged in a conversation. The table has a few items on it, including a coffee cup and a piece of paper. The background is plain and does not provide any additional context.	38128065074.png	"The image depicts a modern architectural structure with a curved, glass facade. The building has a flat roof with greenery planted on it. There are several potted plants placed around the base of the building, adding to the green theme. The structure is situated on a street with a sidewalk, and there are traffic signs and a bench visible on the sidewalk. The building has a large, arched entrance with a glass door. The facade is adorned with a few decorative elements, including a sign with the number ""21"" and a small, orange structure that could be a kiosk or a small booth. The overall style of the image is illustrative, with a focus on clean lines and a limited color palette."	73256240242.png	The image is a digital illustration featuring four stylized characters and a sign. On the left, there is a female character with her arms raised, smiling, and wearing a green dress and black shoes. To her right, there are four male characters, each wearing a suit and tie, and they are holding up a sign with a large upward-pointing arrow. The sign has a simple design with a white background and a yellow arrow. The characters appear to be in a celebratory or motivational pose, suggesting a positive or successful outcome. There is no visible text in the image.
glasstak	Rockefeller Center ligger på 50. gate, mellom 5. og 6. aveny, i det heftigste shoppingdistriktet i New York, hvor en egen heis med glasstak tar deg opp til 67. etasje		62953373031.png	The image shows a close-up view of a body of water with ripples and droplets, suggesting movement or recent activity. The water appears to be contained within a rocky area, with two prominent rock formations on either side. The rocks are dark and have a rough texture, with some areas showing signs of erosion or weathering. The background is a plain, light color, providing a stark contrast to the dark rocks and water. There is no visible text in the image. The style of the image is a realistic photograph with a focus on the natural elements.	87752552273.png	The image is a stylized illustration of four animated characters seated around a round table. The characters are depicted in a cartoon style with exaggerated features. The character on the left has a beard and is wearing a suit with an orange tie. Next to him is a character with a large afro and a smile, dressed in a dark suit with a white shirt and a dark tie. The character on the right has a mustache and is wearing glasses, a suit with a white shirt and a dark tie. The character in the center has a beard and is wearing a suit with a white shirt and a dark tie. They all appear to be engaged in a conversation. The table has a few items on it, including a coffee cup and a piece of paper. The background is plain and does not provide any additional context.	56889215739.png	The image depicts a stylized, cartoon-like urban scene. At the forefront, there is a rooftop with a variety of objects on it, including what appears to be a small greenhouse, a yellow structure that could be a small hut or shed, and a collection of potted plants. The rooftop is covered with orange shingles.  In the background, there are buildings with a mix of architectural styles, suggesting a cityscape. The sky is a light blue with white clouds. There are no visible texts in the image. The overall style is reminiscent of a digital illustration, with a focus on a whimsical, non-realistic aesthetic.	38128065074.png	"The image depicts a modern architectural structure with a curved, glass facade. The building has a flat roof with greenery planted on it. There are several potted plants placed around the base of the building, adding to the green theme. The structure is situated on a street with a sidewalk, and there are traffic signs and a bench visible on the sidewalk. The building has a large, arched entrance with a glass door. The facade is adorned with a few decorative elements, including a sign with the number ""21"" and a small, orange structure that could be a kiosk or a small booth. The overall style of the image is illustrative, with a focus on clean lines and a limited color palette."	73256240242.png	The image is a digital illustration featuring four stylized characters and a sign. On the left, there is a female character with her arms raised, smiling, and wearing a green dress and black shoes. To her right, there are four male characters, each wearing a suit and tie, and they are holding up a sign with a large upward-pointing arrow. The sign has a simple design with a white background and a yellow arrow. The characters appear to be in a celebratory or motivational pose, suggesting a positive or successful outcome. There is no visible text in the image.
glasstak	Under et glasstak som ville vært stort nok til å kunne dekke hele Buckingham Palace, skal publikum fra nå av kunne myldre mellom British Museums mange avdelinger.		38128065074.png	"The image depicts a modern architectural structure with a curved, glass facade. The building has a flat roof with greenery planted on it. There are several potted plants placed around the base of the building, adding to the green theme. The structure is situated on a street with a sidewalk, and there are traffic signs and a bench visible on the sidewalk. The building has a large, arched entrance with a glass door. The facade is adorned with a few decorative elements, including a sign with the number ""21"" and a small, orange structure that could be a kiosk or a small booth. The overall style of the image is illustrative, with a focus on clean lines and a limited color palette."	73256240242.png	The image is a digital illustration featuring four stylized characters and a sign. On the left, there is a female character with her arms raised, smiling, and wearing a green dress and black shoes. To her right, there are four male characters, each wearing a suit and tie, and they are holding up a sign with a large upward-pointing arrow. The sign has a simple design with a white background and a yellow arrow. The characters appear to be in a celebratory or motivational pose, suggesting a positive or successful outcome. There is no visible text in the image.	87752552273.png	The image is a stylized illustration of four animated characters seated around a round table. The characters are depicted in a cartoon style with exaggerated features. The character on the left has a beard and is wearing a suit with an orange tie. Next to him is a character with a large afro and a smile, dressed in a dark suit with a white shirt and a dark tie. The character on the right has a mustache and is wearing glasses, a suit with a white shirt and a dark tie. The character in the center has a beard and is wearing a suit with a white shirt and a dark tie. They all appear to be engaged in a conversation. The table has a few items on it, including a coffee cup and a piece of paper. The background is plain and does not provide any additional context.	62953373031.png	The image shows a close-up view of a body of water with ripples and droplets, suggesting movement or recent activity. The water appears to be contained within a rocky area, with two prominent rock formations on either side. The rocks are dark and have a rough texture, with some areas showing signs of erosion or weathering. The background is a plain, light color, providing a stark contrast to the dark rocks and water. There is no visible text in the image. The style of the image is a realistic photograph with a focus on the natural elements.	56889215739.png	The image depicts a stylized, cartoon-like urban scene. At the forefront, there is a rooftop with a variety of objects on it, including what appears to be a small greenhouse, a yellow structure that could be a small hut or shed, and a collection of potted plants. The rooftop is covered with orange shingles.  In the background, there are buildings with a mix of architectural styles, suggesting a cityscape. The sky is a light blue with white clouds. There are no visible texts in the image. The overall style is reminiscent of a digital illustration, with a focus on a whimsical, non-realistic aesthetic.
gullgruve	For dem som kjøpte seg opp i november i fjor har teknologiaksjer vært en gullgruve.		14724113624.png	The image depicts three animated pirates standing together. The pirate on the left is wearing a black pirate hat with a gold band and a feather, a black pirate shirt with gold trim, and brown pants. He has a beard and mustache and is holding a bottle in his right hand. The middle pirate is wearing a black pirate hat with a gold skull and crossbones emblem, a black pirate shirt with gold trim, and brown pants. He has a long gray beard and mustache and is holding a map with a brown background and a yellowish-brown color on the map. The pirate on the right is wearing a black pirate hat with a gold band and a feather, a black pirate shirt with gold trim, and brown pants. He has a brown beard and mustache and is holding a sword with a gold hilt. The pirates are looking towards the viewer with expressions of curiosity or interest. There is no visible text in the image.	44372151481.png	The image shows a three-dimensional rendering of a block of cheese. The cheese has a golden-yellow color with numerous holes of various sizes scattered throughout. The cheese appears to be a cheddar variety, and the image is presented in a style that suggests it could be used for a video game or a similar application. There is no visible text in the image.	57461780146.png	The image depicts two cartoon miners in a cave. They are wearing helmets with headlamps and are carrying pickaxes. The miners are running out of the cave, with one slightly ahead of the other. The cave entrance is visible in the background, and the miners are surrounded by rocks. There is no visible text in the image.	82108598352.png	The image depicts an animated character, a young boy, standing in front of a cave entrance. He is wearing a hard hat and a high-visibility vest, suggesting he is engaged in some form of work or exploration. The boy is holding a bucket, which appears to be filled with gold nuggets. The cave entrance is filled with more gold nuggets, indicating that the boy has been collecting them. The cave itself is dark, with the interior illuminated by the light from the entrance. The boy is smiling, suggesting he is happy or excited about his discovery. There is no visible text in the image. The style of the image is cartoonish and colorful, with a focus on the boy and the cave entrance.	82491611039.png	The image depicts a stylized, cartoon-like illustration of an offshore oil rig. The rig is predominantly yellow and brown, with a central tower and multiple levels of platforms. It is surrounded by water, and there are several birds in flight around the rig. The background is a plain, light color, providing a stark contrast to the rig and the birds. There is no visible text in the image. The style of the image is reminiscent of a conceptual or promotional artwork, possibly for an animated film or a video game.
gullgruve	Gjenvinning av kabler og trafostasjoner ble en gullgruve for gründerne bak KMT Gjenvinning.		44372151481.png	The image shows a three-dimensional rendering of a block of cheese. The cheese has a golden-yellow color with numerous holes of various sizes scattered throughout. The cheese appears to be a cheddar variety, and the image is presented in a style that suggests it could be used for a video game or a similar application. There is no visible text in the image.	82108598352.png	The image depicts an animated character, a young boy, standing in front of a cave entrance. He is wearing a hard hat and a high-visibility vest, suggesting he is engaged in some form of work or exploration. The boy is holding a bucket, which appears to be filled with gold nuggets. The cave entrance is filled with more gold nuggets, indicating that the boy has been collecting them. The cave itself is dark, with the interior illuminated by the light from the entrance. The boy is smiling, suggesting he is happy or excited about his discovery. There is no visible text in the image. The style of the image is cartoonish and colorful, with a focus on the boy and the cave entrance.	82491611039.png	The image depicts a stylized, cartoon-like illustration of an offshore oil rig. The rig is predominantly yellow and brown, with a central tower and multiple levels of platforms. It is surrounded by water, and there are several birds in flight around the rig. The background is a plain, light color, providing a stark contrast to the rig and the birds. There is no visible text in the image. The style of the image is reminiscent of a conceptual or promotional artwork, possibly for an animated film or a video game.	14724113624.png	The image depicts three animated pirates standing together. The pirate on the left is wearing a black pirate hat with a gold band and a feather, a black pirate shirt with gold trim, and brown pants. He has a beard and mustache and is holding a bottle in his right hand. The middle pirate is wearing a black pirate hat with a gold skull and crossbones emblem, a black pirate shirt with gold trim, and brown pants. He has a long gray beard and mustache and is holding a map with a brown background and a yellowish-brown color on the map. The pirate on the right is wearing a black pirate hat with a gold band and a feather, a black pirate shirt with gold trim, and brown pants. He has a brown beard and mustache and is holding a sword with a gold hilt. The pirates are looking towards the viewer with expressions of curiosity or interest. There is no visible text in the image.	57461780146.png	The image depicts two cartoon miners in a cave. They are wearing helmets with headlamps and are carrying pickaxes. The miners are running out of the cave, with one slightly ahead of the other. The cave entrance is visible in the background, and the miners are surrounded by rocks. There is no visible text in the image.
gullgruve	Under utgravingen oppdaget de en gammel gullgruve begravet under byen.		57461780146.png	The image depicts two cartoon miners in a cave. They are wearing helmets with headlamps and are carrying pickaxes. The miners are running out of the cave, with one slightly ahead of the other. The cave entrance is visible in the background, and the miners are surrounded by rocks. There is no visible text in the image.	82108598352.png	The image depicts an animated character, a young boy, standing in front of a cave entrance. He is wearing a hard hat and a high-visibility vest, suggesting he is engaged in some form of work or exploration. The boy is holding a bucket, which appears to be filled with gold nuggets. The cave entrance is filled with more gold nuggets, indicating that the boy has been collecting them. The cave itself is dark, with the interior illuminated by the light from the entrance. The boy is smiling, suggesting he is happy or excited about his discovery. There is no visible text in the image. The style of the image is cartoonish and colorful, with a focus on the boy and the cave entrance.	14724113624.png	The image depicts three animated pirates standing together. The pirate on the left is wearing a black pirate hat with a gold band and a feather, a black pirate shirt with gold trim, and brown pants. He has a beard and mustache and is holding a bottle in his right hand. The middle pirate is wearing a black pirate hat with a gold skull and crossbones emblem, a black pirate shirt with gold trim, and brown pants. He has a long gray beard and mustache and is holding a map with a brown background and a yellowish-brown color on the map. The pirate on the right is wearing a black pirate hat with a gold band and a feather, a black pirate shirt with gold trim, and brown pants. He has a brown beard and mustache and is holding a sword with a gold hilt. The pirates are looking towards the viewer with expressions of curiosity or interest. There is no visible text in the image.	44372151481.png	The image shows a three-dimensional rendering of a block of cheese. The cheese has a golden-yellow color with numerous holes of various sizes scattered throughout. The cheese appears to be a cheddar variety, and the image is presented in a style that suggests it could be used for a video game or a similar application. There is no visible text in the image.	82491611039.png	The image depicts a stylized, cartoon-like illustration of an offshore oil rig. The rig is predominantly yellow and brown, with a central tower and multiple levels of platforms. It is surrounded by water, and there are several birds in flight around the rig. The background is a plain, light color, providing a stark contrast to the rig and the birds. There is no visible text in the image. The style of the image is reminiscent of a conceptual or promotional artwork, possibly for an animated film or a video game.
gullgruve	Etter skolen går elevene forbi gullgruven og håper på å se store gullklumper bli fraktet ut derfra.		82108598352.png	The image depicts an animated character, a young boy, standing in front of a cave entrance. He is wearing a hard hat and a high-visibility vest, suggesting he is engaged in some form of work or exploration. The boy is holding a bucket, which appears to be filled with gold nuggets. The cave entrance is filled with more gold nuggets, indicating that the boy has been collecting them. The cave itself is dark, with the interior illuminated by the light from the entrance. The boy is smiling, suggesting he is happy or excited about his discovery. There is no visible text in the image. The style of the image is cartoonish and colorful, with a focus on the boy and the cave entrance.	44372151481.png	The image shows a three-dimensional rendering of a block of cheese. The cheese has a golden-yellow color with numerous holes of various sizes scattered throughout. The cheese appears to be a cheddar variety, and the image is presented in a style that suggests it could be used for a video game or a similar application. There is no visible text in the image.	14724113624.png	The image depicts three animated pirates standing together. The pirate on the left is wearing a black pirate hat with a gold band and a feather, a black pirate shirt with gold trim, and brown pants. He has a beard and mustache and is holding a bottle in his right hand. The middle pirate is wearing a black pirate hat with a gold skull and crossbones emblem, a black pirate shirt with gold trim, and brown pants. He has a long gray beard and mustache and is holding a map with a brown background and a yellowish-brown color on the map. The pirate on the right is wearing a black pirate hat with a gold band and a feather, a black pirate shirt with gold trim, and brown pants. He has a brown beard and mustache and is holding a sword with a gold hilt. The pirates are looking towards the viewer with expressions of curiosity or interest. There is no visible text in the image.	82491611039.png	The image depicts a stylized, cartoon-like illustration of an offshore oil rig. The rig is predominantly yellow and brown, with a central tower and multiple levels of platforms. It is surrounded by water, and there are several birds in flight around the rig. The background is a plain, light color, providing a stark contrast to the rig and the birds. There is no visible text in the image. The style of the image is reminiscent of a conceptual or promotional artwork, possibly for an animated film or a video game.	57461780146.png	The image depicts two cartoon miners in a cave. They are wearing helmets with headlamps and are carrying pickaxes. The miners are running out of the cave, with one slightly ahead of the other. The cave entrance is visible in the background, and the miners are surrounded by rocks. There is no visible text in the image.
