compound	sentence	expected_order	image1_name	image1_caption	image2_name	image2_caption	image3_name	image3_caption	image4_name	image4_caption	image5_name	image5_caption
үлкен адам	Тойда айтылатын батаның жөні бір басқа. Ал жақсы тілектің жөні бөлек. Бата беруші адам, әдетте, оны батагөй деп атайды, ел-жұртқа сыйлы, жолы үлкен адам болуға тиіс		52786225293.png	The image features a cartoon-style illustration of a person. The individual has short brown hair, wears glasses with black frames, and has a broad smile. They are dressed in a black sweater with a patterned collar and a solid orange shirt underneath. The person's arms are outstretched, and they are standing against a plain white background. There is no visible text in the image.	86791644754.png	The image features a 3D animated character of a man dressed in a military uniform. The uniform consists of a brown shirt, brown trousers, a brown cap with a badge on the front, and black shoes. The character has a stern expression with his mouth open, as if shouting or speaking loudly. The character is standing against a plain white background. There is no visible text in the image.	82853500194.png	The image depicts a stylized illustration of a baby in a stroller. The baby has a rosy complexion, closed eyes, and a small, contented smile. The baby's hair is a light brown color, and the stroller has a modern design with a black frame and orange accents. The stroller's seat is visible, and the baby's hands are resting on the stroller's handle. There is no visible text in the image. The style of the illustration is cartoonish and appears to be designed for a child-friendly audience.	94317680559.png	The image features a stylized illustration of a man standing to the right of a large, orange tower. The man is dressed in a dark suit with a tie and has his arms crossed. To the left of the tower, there is a smaller orange vehicle with a crane arm extended. In the background, there is a faint outline of a city skyline. The image is monochromatic, with the exception of the orange tower and vehicle. There is no visible text in the image. The man appears to be observing the tower and vehicle.	86579821908.png	The image features a stylized, animated character of a woman standing on a circular platform. She is dressed in a black suit with an orange shirt and tie, and she is holding a tablet with both hands. The character has brown hair, is smiling, and appears to be presenting or demonstrating something on the tablet. The background is plain white, emphasizing the character and the platform she is standing on. There is no visible text in the image.
үлкен адам	Еліне елеулі, халқына қалаулы адам. Ойқастаған жақсы атпен Орта жолда қалмайсың. Кішігірім мақсатпен Үлкен адам болмайсың!		52786225293.png	The image features a cartoon-style illustration of a person. The individual has short brown hair, wears glasses with black frames, and has a broad smile. They are dressed in a black sweater with a patterned collar and a solid orange shirt underneath. The person's arms are outstretched, and they are standing against a plain white background. There is no visible text in the image.	82853500194.png	The image depicts a stylized illustration of a baby in a stroller. The baby has a rosy complexion, closed eyes, and a small, contented smile. The baby's hair is a light brown color, and the stroller has a modern design with a black frame and orange accents. The stroller's seat is visible, and the baby's hands are resting on the stroller's handle. There is no visible text in the image. The style of the illustration is cartoonish and appears to be designed for a child-friendly audience.	86791644754.png	The image features a 3D animated character of a man dressed in a military uniform. The uniform consists of a brown shirt, brown trousers, a brown cap with a badge on the front, and black shoes. The character has a stern expression with his mouth open, as if shouting or speaking loudly. The character is standing against a plain white background. There is no visible text in the image.	94317680559.png	The image features a stylized illustration of a man standing to the right of a large, orange tower. The man is dressed in a dark suit with a tie and has his arms crossed. To the left of the tower, there is a smaller orange vehicle with a crane arm extended. In the background, there is a faint outline of a city skyline. The image is monochromatic, with the exception of the orange tower and vehicle. There is no visible text in the image. The man appears to be observing the tower and vehicle.	86579821908.png	The image features a stylized, animated character of a woman standing on a circular platform. She is dressed in a black suit with an orange shirt and tie, and she is holding a tablet with both hands. The character has brown hair, is smiling, and appears to be presenting or demonstrating something on the tablet. The background is plain white, emphasizing the character and the platform she is standing on. There is no visible text in the image.
үлкен адам	Үндістанның солтүстігіндегі Варанаси қаласының тұрғыны Махашта Мураси «Тарихтағы жасы ең үлкен адам» ретінде Гиннестің рекордтар кітабына тіркелді		52786225293.png	The image features a cartoon-style illustration of a person. The individual has short brown hair, wears glasses with black frames, and has a broad smile. They are dressed in a black sweater with a patterned collar and a solid orange shirt underneath. The person's arms are outstretched, and they are standing against a plain white background. There is no visible text in the image.	94317680559.png	The image features a stylized illustration of a man standing to the right of a large, orange tower. The man is dressed in a dark suit with a tie and has his arms crossed. To the left of the tower, there is a smaller orange vehicle with a crane arm extended. In the background, there is a faint outline of a city skyline. The image is monochromatic, with the exception of the orange tower and vehicle. There is no visible text in the image. The man appears to be observing the tower and vehicle.	86791644754.png	The image features a 3D animated character of a man dressed in a military uniform. The uniform consists of a brown shirt, brown trousers, a brown cap with a badge on the front, and black shoes. The character has a stern expression with his mouth open, as if shouting or speaking loudly. The character is standing against a plain white background. There is no visible text in the image.	82853500194.png	The image depicts a stylized illustration of a baby in a stroller. The baby has a rosy complexion, closed eyes, and a small, contented smile. The baby's hair is a light brown color, and the stroller has a modern design with a black frame and orange accents. The stroller's seat is visible, and the baby's hands are resting on the stroller's handle. There is no visible text in the image. The style of the illustration is cartoonish and appears to be designed for a child-friendly audience.	86579821908.png	The image features a stylized, animated character of a woman standing on a circular platform. She is dressed in a black suit with an orange shirt and tie, and she is holding a tablet with both hands. The character has brown hair, is smiling, and appears to be presenting or demonstrating something on the tablet. The background is plain white, emphasizing the character and the platform she is standing on. There is no visible text in the image.
үлкен адам	Көшеде бір үлкен адам кішкентай баланың қолынан ұстап, жолдан өткізіп жатыр.		82853500194.png	The image depicts a stylized illustration of a baby in a stroller. The baby has a rosy complexion, closed eyes, and a small, contented smile. The baby's hair is a light brown color, and the stroller has a modern design with a black frame and orange accents. The stroller's seat is visible, and the baby's hands are resting on the stroller's handle. There is no visible text in the image. The style of the illustration is cartoonish and appears to be designed for a child-friendly audience.	86579821908.png	The image features a stylized, animated character of a woman standing on a circular platform. She is dressed in a black suit with an orange shirt and tie, and she is holding a tablet with both hands. The character has brown hair, is smiling, and appears to be presenting or demonstrating something on the tablet. The background is plain white, emphasizing the character and the platform she is standing on. There is no visible text in the image.	86791644754.png	The image features a 3D animated character of a man dressed in a military uniform. The uniform consists of a brown shirt, brown trousers, a brown cap with a badge on the front, and black shoes. The character has a stern expression with his mouth open, as if shouting or speaking loudly. The character is standing against a plain white background. There is no visible text in the image.	94317680559.png	The image features a stylized illustration of a man standing to the right of a large, orange tower. The man is dressed in a dark suit with a tie and has his arms crossed. To the left of the tower, there is a smaller orange vehicle with a crane arm extended. In the background, there is a faint outline of a city skyline. The image is monochromatic, with the exception of the orange tower and vehicle. There is no visible text in the image. The man appears to be observing the tower and vehicle.	52786225293.png	The image features a cartoon-style illustration of a person. The individual has short brown hair, wears glasses with black frames, and has a broad smile. They are dressed in a black sweater with a patterned collar and a solid orange shirt underneath. The person's arms are outstretched, and they are standing against a plain white background. There is no visible text in the image.
қара жәшік	Біраз уақыт бойы экономикалық зерттеулерде «ұйым» термині кірісінде шығындар, ал шығысында өнім болатын қара жәшік ретінде қарастырылып келді.		45331824473.png	The image depicts an animated scene of a man in an orange hard hat standing at a conveyor belt. The conveyor belt is carrying red apples. The man appears to be observing the apples as they pass by. In the background, there is a large machine with a control panel and a lever, suggesting an industrial setting. The machine has a cylindrical shape with a black and orange striped pattern on its side. The man is wearing a white shirt and dark pants. There is no visible text in the image. The style of the image is cartoonish and appears to be designed for illustrative purposes, possibly for a storyboard or an educational material.	39756309364.png	The image depicts a stylized computer setup on a white surface. There is a computer monitor with a dark brown frame and a black screen. Below the monitor, there is a keyboard with a dark gray color and a light gray backlight. To the right of the keyboard, there is a computer mouse with a dark gray color and a light gray backlight.  In front of the monitor, there is a collection of items. On the left, there is a brown mug with a handle. To the right of the mug, there is a brown pencil holder with various pencils and a pen. In front of the pencil holder, there is a small orange robot figurine. To the right of the robot, there is a small orange cup with a handle.  In the bottom left corner, there is a small orange book with a white cover. The objects are arranged in a casual manner, suggesting a personal workspace. There is no visible text in the image. The style of the image is illustrative and appears to be designed for a digital medium, possibly for a website or a graphic design project.	28577472129.png	The image features a stylized, cartoon-like depiction of a small dog with a predominantly orange and white coat. The dog has large, round, black eyes and a small, black nose. It has a red collar around its neck and a curly tail. The dog is standing on all fours and appears to be smiling or panting with its mouth open. The background is plain and white, which contrasts with the dog's colorful fur. There is no visible text in the image.	51734977089.png	The image shows a cardboard box with its flaps open, revealing the interior. The box appears to be empty and is set against a plain white background. The box is a standard rectangular shape with a visible barcode on the bottom right corner. The cardboard has a textured surface, and the color is a uniform light brown. There are no visible texts or brands on the box. The style of the image is a clear, isolated product shot with a focus on the box itself.	27995793943.png	The image shows a black rectangular box with a visible orange tag on the front, placed on a wooden table. The table has a simple, round shape and is set against a plain, light background. The box appears to be a gift box, and the tag might indicate a message or a price. The image is a clear, isolated product shot with a focus on the box and the table.
қара жәшік	Қазір менің міндетім — агрессияға бейім адамдарды зерттеу, өйткені олар мен үшін әзірге қара жәшік іспетті.		51734977089.png	The image shows a cardboard box with its flaps open, revealing the interior. The box appears to be empty and is set against a plain white background. The box is a standard rectangular shape with a visible barcode on the bottom right corner. The cardboard has a textured surface, and the color is a uniform light brown. There are no visible texts or brands on the box. The style of the image is a clear, isolated product shot with a focus on the box itself.	27995793943.png	The image shows a black rectangular box with a visible orange tag on the front, placed on a wooden table. The table has a simple, round shape and is set against a plain, light background. The box appears to be a gift box, and the tag might indicate a message or a price. The image is a clear, isolated product shot with a focus on the box and the table.	28577472129.png	The image features a stylized, cartoon-like depiction of a small dog with a predominantly orange and white coat. The dog has large, round, black eyes and a small, black nose. It has a red collar around its neck and a curly tail. The dog is standing on all fours and appears to be smiling or panting with its mouth open. The background is plain and white, which contrasts with the dog's colorful fur. There is no visible text in the image.	39756309364.png	The image depicts a stylized computer setup on a white surface. There is a computer monitor with a dark brown frame and a black screen. Below the monitor, there is a keyboard with a dark gray color and a light gray backlight. To the right of the keyboard, there is a computer mouse with a dark gray color and a light gray backlight.  In front of the monitor, there is a collection of items. On the left, there is a brown mug with a handle. To the right of the mug, there is a brown pencil holder with various pencils and a pen. In front of the pencil holder, there is a small orange robot figurine. To the right of the robot, there is a small orange cup with a handle.  In the bottom left corner, there is a small orange book with a white cover. The objects are arranged in a casual manner, suggesting a personal workspace. There is no visible text in the image. The style of the image is illustrative and appears to be designed for a digital medium, possibly for a website or a graphic design project.	45331824473.png	The image depicts an animated scene of a man in an orange hard hat standing at a conveyor belt. The conveyor belt is carrying red apples. The man appears to be observing the apples as they pass by. In the background, there is a large machine with a control panel and a lever, suggesting an industrial setting. The machine has a cylindrical shape with a black and orange striped pattern on its side. The man is wearing a white shirt and dark pants. There is no visible text in the image. The style of the image is cartoonish and appears to be designed for illustrative purposes, possibly for a storyboard or an educational material.
қара жәшік	Отқа жанбайтын, суға батпайтын: ұшақтағы қара жәшік әуе апаты кезінде сақталып қалу үшін арнайы жасалады.		27995793943.png	The image shows a black rectangular box with a visible orange tag on the front, placed on a wooden table. The table has a simple, round shape and is set against a plain, light background. The box appears to be a gift box, and the tag might indicate a message or a price. The image is a clear, isolated product shot with a focus on the box and the table.	39756309364.png	The image depicts a stylized computer setup on a white surface. There is a computer monitor with a dark brown frame and a black screen. Below the monitor, there is a keyboard with a dark gray color and a light gray backlight. To the right of the keyboard, there is a computer mouse with a dark gray color and a light gray backlight.  In front of the monitor, there is a collection of items. On the left, there is a brown mug with a handle. To the right of the mug, there is a brown pencil holder with various pencils and a pen. In front of the pencil holder, there is a small orange robot figurine. To the right of the robot, there is a small orange cup with a handle.  In the bottom left corner, there is a small orange book with a white cover. The objects are arranged in a casual manner, suggesting a personal workspace. There is no visible text in the image. The style of the image is illustrative and appears to be designed for a digital medium, possibly for a website or a graphic design project.	45331824473.png	The image depicts an animated scene of a man in an orange hard hat standing at a conveyor belt. The conveyor belt is carrying red apples. The man appears to be observing the apples as they pass by. In the background, there is a large machine with a control panel and a lever, suggesting an industrial setting. The machine has a cylindrical shape with a black and orange striped pattern on its side. The man is wearing a white shirt and dark pants. There is no visible text in the image. The style of the image is cartoonish and appears to be designed for illustrative purposes, possibly for a storyboard or an educational material.	51734977089.png	The image shows a cardboard box with its flaps open, revealing the interior. The box appears to be empty and is set against a plain white background. The box is a standard rectangular shape with a visible barcode on the bottom right corner. The cardboard has a textured surface, and the color is a uniform light brown. There are no visible texts or brands on the box. The style of the image is a clear, isolated product shot with a focus on the box itself.	28577472129.png	The image features a stylized, cartoon-like depiction of a small dog with a predominantly orange and white coat. The dog has large, round, black eyes and a small, black nose. It has a red collar around its neck and a curly tail. The dog is standing on all fours and appears to be smiling or panting with its mouth open. The background is plain and white, which contrasts with the dog's colorful fur. There is no visible text in the image.
қара жәшік	Кеше түнгі сағат 1-де өткен жылдың 6 желтоқсанында Хабаров өлкесінде апатқа ұшыраған ТУ-154 ұшағының апат орнынан дыбыстық қара жәшік табылды		27995793943.png	The image shows a black rectangular box with a visible orange tag on the front, placed on a wooden table. The table has a simple, round shape and is set against a plain, light background. The box appears to be a gift box, and the tag might indicate a message or a price. The image is a clear, isolated product shot with a focus on the box and the table.	51734977089.png	The image shows a cardboard box with its flaps open, revealing the interior. The box appears to be empty and is set against a plain white background. The box is a standard rectangular shape with a visible barcode on the bottom right corner. The cardboard has a textured surface, and the color is a uniform light brown. There are no visible texts or brands on the box. The style of the image is a clear, isolated product shot with a focus on the box itself.	45331824473.png	The image depicts an animated scene of a man in an orange hard hat standing at a conveyor belt. The conveyor belt is carrying red apples. The man appears to be observing the apples as they pass by. In the background, there is a large machine with a control panel and a lever, suggesting an industrial setting. The machine has a cylindrical shape with a black and orange striped pattern on its side. The man is wearing a white shirt and dark pants. There is no visible text in the image. The style of the image is cartoonish and appears to be designed for illustrative purposes, possibly for a storyboard or an educational material.	28577472129.png	The image features a stylized, cartoon-like depiction of a small dog with a predominantly orange and white coat. The dog has large, round, black eyes and a small, black nose. It has a red collar around its neck and a curly tail. The dog is standing on all fours and appears to be smiling or panting with its mouth open. The background is plain and white, which contrasts with the dog's colorful fur. There is no visible text in the image.	39756309364.png	The image depicts a stylized computer setup on a white surface. There is a computer monitor with a dark brown frame and a black screen. Below the monitor, there is a keyboard with a dark gray color and a light gray backlight. To the right of the keyboard, there is a computer mouse with a dark gray color and a light gray backlight.  In front of the monitor, there is a collection of items. On the left, there is a brown mug with a handle. To the right of the mug, there is a brown pencil holder with various pencils and a pen. In front of the pencil holder, there is a small orange robot figurine. To the right of the robot, there is a small orange cup with a handle.  In the bottom left corner, there is a small orange book with a white cover. The objects are arranged in a casual manner, suggesting a personal workspace. There is no visible text in the image. The style of the image is illustrative and appears to be designed for a digital medium, possibly for a website or a graphic design project.
ауыз толмас	Ауылдың жаңа мектебі туралы жұрт мақтап айтып жатыр, бірақ шын мәнінде ол мақтауға ауыз толмас — әлі талай кемшілігі бар		55140747653.png	The image features a stylized, cartoon-like depiction of a nose. The nose is orange with a glossy texture and has two black dots for eyes. It is set against a plain white background. The nose appears to be the central object in the image. There is no visible text in the image. The style of the image is simple and graphic, with a limited color palette.	51557729344.png	The image shows a human hand holding two coins. The coin in the palm of the hand is a dark-colored coin with a design that includes a star and some text, which is not fully legible. The coin in the fingers of the hand is a lighter-colored coin with a design that includes a bird and some text, which is also not fully legible. The background is plain and white, emphasizing the coins. The style of the image is a close-up photograph with a focus on the coins and the hand holding them.	28297034462.png	The image depicts an animated character, a young boy, standing under a rusted pipe from which water is dripping. The boy is wearing an orange shirt and dark pants, and he appears to be in a state of distress or concern, as suggested by his facial expression and body language. The pipe is brown with orange rust, and it is connected to a larger pipe that is not visible in the image. The background is plain white, emphasizing the subject. There is no visible text in the image.	76088110691.png	The image shows a stylized, cartoon-like illustration of an open mouth with a prominent lower lip. The teeth are visible, with a mix of white and yellow hues, suggesting a range of tooth conditions from healthy to possibly decayed. The lips are a bright orange color, and the tongue is a soft pink. The background is plain white, which contrasts with the vivid colors of the mouth. There is no visible text in the image. The style of the illustration is simplistic and appears to be designed for a graphic or illustrative purpose, rather than a realistic depiction.	75436449935.png	"The image shows a hand holding a stack of Indian Rupee notes. The notes are predominantly orange and white, with the denomination ""200"" visible on the top note. The hand is wearing a black suit with a white shirt and a black tie. The background is plain white."
ауыз толмас	Оның айтқан уәдесі мен істеген ісінің арасындағы айырмашылық сондай үлкен, бұл жөнінде ауыз толмас айтуға.		75436449935.png	"The image shows a hand holding a stack of Indian Rupee notes. The notes are predominantly orange and white, with the denomination ""200"" visible on the top note. The hand is wearing a black suit with a white shirt and a black tie. The background is plain white."	55140747653.png	The image features a stylized, cartoon-like depiction of a nose. The nose is orange with a glossy texture and has two black dots for eyes. It is set against a plain white background. The nose appears to be the central object in the image. There is no visible text in the image. The style of the image is simple and graphic, with a limited color palette.	28297034462.png	The image depicts an animated character, a young boy, standing under a rusted pipe from which water is dripping. The boy is wearing an orange shirt and dark pants, and he appears to be in a state of distress or concern, as suggested by his facial expression and body language. The pipe is brown with orange rust, and it is connected to a larger pipe that is not visible in the image. The background is plain white, emphasizing the subject. There is no visible text in the image.	51557729344.png	The image shows a human hand holding two coins. The coin in the palm of the hand is a dark-colored coin with a design that includes a star and some text, which is not fully legible. The coin in the fingers of the hand is a lighter-colored coin with a design that includes a bird and some text, which is also not fully legible. The background is plain and white, emphasizing the coins. The style of the image is a close-up photograph with a focus on the coins and the hand holding them.	76088110691.png	The image shows a stylized, cartoon-like illustration of an open mouth with a prominent lower lip. The teeth are visible, with a mix of white and yellow hues, suggesting a range of tooth conditions from healthy to possibly decayed. The lips are a bright orange color, and the tongue is a soft pink. The background is plain white, which contrasts with the vivid colors of the mouth. There is no visible text in the image. The style of the illustration is simplistic and appears to be designed for a graphic or illustrative purpose, rather than a realistic depiction.
қыл көпір	Дәрігерлердің уақтылы келгенінің арқасында науқас қыл көпірінен өтті, енді жағдайы тұрақталып келеді.		65600002830.png	The image depicts a whimsical scene with a character sitting on a large, woven structure that resembles a hay bale. The character appears to be a young boy with a small bicycle beside him. The structure is situated on a path that leads through a large, circular opening in the hay bale, which is set against a backdrop of a clear blue sky with fluffy white clouds. The path seems to be leading towards a body of water, which is visible in the distance. The overall style of the image is illustrative and cartoonish, with a focus on the fantastical and playful.	85266961667.png	The image depicts an animated character, a young girl with long dark hair, wearing an orange top and black shorts. She is in mid-air, swinging on a rope hammock. The hammock is made of a brown rope and has a net-like structure beneath it. The girl is smiling and appears to be enjoying the swing. Surrounding her are several orange butterflies. The background is a light blue sky with a few clouds. The overall style of the image is cartoonish and whimsical.	61929460088.png	The image depicts a stylized illustration of the Golden Gate Bridge, a famous suspension bridge in San Francisco, California. The bridge is rendered in a warm orange color with a reflective surface that mirrors the structure and the surrounding landscape. The bridge spans across a body of water, with a reflection visible on the water's surface. On the left side of the bridge, there is a rocky shore with a few trees and a small building. On the right side, there is a grassy hill with a few trees and a few people standing on a pathway. The sky is clear and blue, and there are two birds flying in the distance. The image is detailed and colorful, capturing the essence of the Golden Gate Bridge and its surroundings.	83618073029.png	The image depicts a stylized, cartoon-like illustration of a gate with two towers. The towers are made of orange bricks with gray mortar, and each has a pointed top. The gate is open, with a rusted metal frame and a single, small, square window on the right side. The gate is set into a grassy area with a few small plants around the base. The background is a plain, light gray color. There is no visible text in the image.	13778178440.png	The image is a cartoon illustration. It features a young man with brown hair, wearing an orange shirt and dark pants, standing on a ledge. He is holding a smartphone in his right hand, which is raised to his face as if he is using it. Above the man, there is a large, black object that appears to be a television or monitor, which is falling towards him. The object is shattering into pieces as it falls, with fragments flying around it. The background is a simple, light-colored wall with a brick texture. There is no visible text in the image. The style of the image is playful and exaggerated, typical of cartoon illustrations.
қыл көпір	Таудағы боран кезінде альпинистердің өмірі қыл көпірінің үстінде тұрғандай болды — бір қате қадам ажалға апарар еді.		13778178440.png	The image is a cartoon illustration. It features a young man with brown hair, wearing an orange shirt and dark pants, standing on a ledge. He is holding a smartphone in his right hand, which is raised to his face as if he is using it. Above the man, there is a large, black object that appears to be a television or monitor, which is falling towards him. The object is shattering into pieces as it falls, with fragments flying around it. The background is a simple, light-colored wall with a brick texture. There is no visible text in the image. The style of the image is playful and exaggerated, typical of cartoon illustrations.	83618073029.png	The image depicts a stylized, cartoon-like illustration of a gate with two towers. The towers are made of orange bricks with gray mortar, and each has a pointed top. The gate is open, with a rusted metal frame and a single, small, square window on the right side. The gate is set into a grassy area with a few small plants around the base. The background is a plain, light gray color. There is no visible text in the image.	65600002830.png	The image depicts a whimsical scene with a character sitting on a large, woven structure that resembles a hay bale. The character appears to be a young boy with a small bicycle beside him. The structure is situated on a path that leads through a large, circular opening in the hay bale, which is set against a backdrop of a clear blue sky with fluffy white clouds. The path seems to be leading towards a body of water, which is visible in the distance. The overall style of the image is illustrative and cartoonish, with a focus on the fantastical and playful.	85266961667.png	The image depicts an animated character, a young girl with long dark hair, wearing an orange top and black shorts. She is in mid-air, swinging on a rope hammock. The hammock is made of a brown rope and has a net-like structure beneath it. The girl is smiling and appears to be enjoying the swing. Surrounding her are several orange butterflies. The background is a light blue sky with a few clouds. The overall style of the image is cartoonish and whimsical.	61929460088.png	The image depicts a stylized illustration of the Golden Gate Bridge, a famous suspension bridge in San Francisco, California. The bridge is rendered in a warm orange color with a reflective surface that mirrors the structure and the surrounding landscape. The bridge spans across a body of water, with a reflection visible on the water's surface. On the left side of the bridge, there is a rocky shore with a few trees and a small building. On the right side, there is a grassy hill with a few trees and a few people standing on a pathway. The sky is clear and blue, and there are two birds flying in the distance. The image is detailed and colorful, capturing the essence of the Golden Gate Bridge and its surroundings.
дьяволдың адвокаты	Бұл бөлімде дьяволдың адвокаты отанымыздың негізгі кемшіліктерін атайды: ұзақ қыс пен құрғақ жазды қоса алғандағы жаман климат, астанасы батпаққа салынған ел, жақсы жолдардың аздығы, халықтың санитарлық жағдайының өте нашарлығы, түрлі аурулар, кедейлердің артта қалғандығы мен білімсіздігі, орта таптың бейқамдығы мен ұқыпсыздығы, хулигандық пен зорлық-зомбылықтың қалыпты жағдайға айналуы, адам өлтіру, қорлау, жарақаттау ештеңе емес деп саналатын қоғам.		95301849340.png	"The image depicts four animated female characters standing side by side. They are all wearing orange tops and black pants. The character on the far left is holding a brown cardboard sign with the word ""SALE"" written on it. The character in the center is also holding a similar sign. The character on the far right is holding a brown cardboard sign with the word ""OPEN"" written on it. The character in the middle is smiling and looking at the other two characters. The background is plain white."	35124338209.png	The image is a digital illustration featuring three animated characters in a professional setting. On the left, there is a red demon-like creature with horns, a tail, and a menacing expression. In the center, there is a blonde woman with a surprised or shocked expression, wearing a suit and sitting at a desk. On the right, there is a man with short dark hair, wearing a suit and tie, and gesturing with his hands. The characters are depicted in a cartoon style, and the background is minimal, with a plain white wall. There is no visible text in the image.	50483221339.png	The image is a digital illustration featuring two animated characters. On the left is a female character with brown hair, wearing a bright orange blazer over a white shirt, black pants, and black high heels. She is smiling and gesturing with her hands. On the right is a male character with brown hair, wearing a dark suit with a yellow tie, and black shoes. He is also smiling and holding a black microphone in his right hand. Both characters are seated on black chairs with wheels, and they appear to be engaged in a conversation or interview. The background is plain white, emphasizing the characters. There is no visible text in the image.	54726299083.png	The image is a stylized illustration featuring three animated characters. On the left, there is a male character with black hair, wearing a black and white striped shirt and black pants, standing with his right hand extended towards a female character. The female character, in the center, is seated at a desk with a laptop and a cup of coffee. She has black hair, is wearing a black dress, and is smiling. To her right, there is another female character seated on a chair, also smiling and looking towards the male character. The setting appears to be an office environment, with a desk and a chair visible. There is no visible text in the image.	56228636315.png	The image features a stylized, animated character of a woman. She has short brown hair tied in a ponytail, with a side parting. The character is smiling and has rosy cheeks. She is wearing a white short-sleeved shirt with a black collar and a small orange logo on the left side of the chest. The shirt has black trim around the neckline and the sleeves. She is also wearing black pants with an orange stripe running down the side. The pants have a black belt with a silver buckle. The character is standing with her hands on her hips, and her feet are slightly apart. The background is plain white, emphasizing the character. There is no visible text in the image.
дьяволдың адвокаты	Генерал ішінен күнә жасаушылардың жағына өткен еді де, дьяволдың адвокаты сияқты, өздерінің соңғы дұшпандарын ақтауға тырысты.		35124338209.png	The image is a digital illustration featuring three animated characters in a professional setting. On the left, there is a red demon-like creature with horns, a tail, and a menacing expression. In the center, there is a blonde woman with a surprised or shocked expression, wearing a suit and sitting at a desk. On the right, there is a man with short dark hair, wearing a suit and tie, and gesturing with his hands. The characters are depicted in a cartoon style, and the background is minimal, with a plain white wall. There is no visible text in the image.	54726299083.png	The image is a stylized illustration featuring three animated characters. On the left, there is a male character with black hair, wearing a black and white striped shirt and black pants, standing with his right hand extended towards a female character. The female character, in the center, is seated at a desk with a laptop and a cup of coffee. She has black hair, is wearing a black dress, and is smiling. To her right, there is another female character seated on a chair, also smiling and looking towards the male character. The setting appears to be an office environment, with a desk and a chair visible. There is no visible text in the image.	56228636315.png	The image features a stylized, animated character of a woman. She has short brown hair tied in a ponytail, with a side parting. The character is smiling and has rosy cheeks. She is wearing a white short-sleeved shirt with a black collar and a small orange logo on the left side of the chest. The shirt has black trim around the neckline and the sleeves. She is also wearing black pants with an orange stripe running down the side. The pants have a black belt with a silver buckle. The character is standing with her hands on her hips, and her feet are slightly apart. The background is plain white, emphasizing the character. There is no visible text in the image.	95301849340.png	"The image depicts four animated female characters standing side by side. They are all wearing orange tops and black pants. The character on the far left is holding a brown cardboard sign with the word ""SALE"" written on it. The character in the center is also holding a similar sign. The character on the far right is holding a brown cardboard sign with the word ""OPEN"" written on it. The character in the middle is smiling and looking at the other two characters. The background is plain white."	50483221339.png	The image is a digital illustration featuring two animated characters. On the left is a female character with brown hair, wearing a bright orange blazer over a white shirt, black pants, and black high heels. She is smiling and gesturing with her hands. On the right is a male character with brown hair, wearing a dark suit with a yellow tie, and black shoes. He is also smiling and holding a black microphone in his right hand. Both characters are seated on black chairs with wheels, and they appear to be engaged in a conversation or interview. The background is plain white, emphasizing the characters. There is no visible text in the image.
дьяволдың адвокаты	Юриспруденцияда жеке сезімдерге орын жоқ, сондықтан тіпті сенімін ұстанатын заңгер де өз міндеттерін жауапкершілікпен атқаруы тиіс, тіпті ол дьяволдың адвокаты болып та тағайындалған жағдайда да.		95301849340.png	"The image depicts four animated female characters standing side by side. They are all wearing orange tops and black pants. The character on the far left is holding a brown cardboard sign with the word ""SALE"" written on it. The character in the center is also holding a similar sign. The character on the far right is holding a brown cardboard sign with the word ""OPEN"" written on it. The character in the middle is smiling and looking at the other two characters. The background is plain white."	50483221339.png	The image is a digital illustration featuring two animated characters. On the left is a female character with brown hair, wearing a bright orange blazer over a white shirt, black pants, and black high heels. She is smiling and gesturing with her hands. On the right is a male character with brown hair, wearing a dark suit with a yellow tie, and black shoes. He is also smiling and holding a black microphone in his right hand. Both characters are seated on black chairs with wheels, and they appear to be engaged in a conversation or interview. The background is plain white, emphasizing the characters. There is no visible text in the image.	56228636315.png	The image features a stylized, animated character of a woman. She has short brown hair tied in a ponytail, with a side parting. The character is smiling and has rosy cheeks. She is wearing a white short-sleeved shirt with a black collar and a small orange logo on the left side of the chest. The shirt has black trim around the neckline and the sleeves. She is also wearing black pants with an orange stripe running down the side. The pants have a black belt with a silver buckle. The character is standing with her hands on her hips, and her feet are slightly apart. The background is plain white, emphasizing the character. There is no visible text in the image.	54726299083.png	The image is a stylized illustration featuring three animated characters. On the left, there is a male character with black hair, wearing a black and white striped shirt and black pants, standing with his right hand extended towards a female character. The female character, in the center, is seated at a desk with a laptop and a cup of coffee. She has black hair, is wearing a black dress, and is smiling. To her right, there is another female character seated on a chair, also smiling and looking towards the male character. The setting appears to be an office environment, with a desk and a chair visible. There is no visible text in the image.	35124338209.png	The image is a digital illustration featuring three animated characters in a professional setting. On the left, there is a red demon-like creature with horns, a tail, and a menacing expression. In the center, there is a blonde woman with a surprised or shocked expression, wearing a suit and sitting at a desk. On the right, there is a man with short dark hair, wearing a suit and tie, and gesturing with his hands. The characters are depicted in a cartoon style, and the background is minimal, with a plain white wall. There is no visible text in the image.
дьяволдың адвокаты	Белгілі бір фильмде басты кейіпкер, заңгер болып, сотта дьяволдың адвокаты ретінде шығады.		54726299083.png	The image is a stylized illustration featuring three animated characters. On the left, there is a male character with black hair, wearing a black and white striped shirt and black pants, standing with his right hand extended towards a female character. The female character, in the center, is seated at a desk with a laptop and a cup of coffee. She has black hair, is wearing a black dress, and is smiling. To her right, there is another female character seated on a chair, also smiling and looking towards the male character. The setting appears to be an office environment, with a desk and a chair visible. There is no visible text in the image.	35124338209.png	The image is a digital illustration featuring three animated characters in a professional setting. On the left, there is a red demon-like creature with horns, a tail, and a menacing expression. In the center, there is a blonde woman with a surprised or shocked expression, wearing a suit and sitting at a desk. On the right, there is a man with short dark hair, wearing a suit and tie, and gesturing with his hands. The characters are depicted in a cartoon style, and the background is minimal, with a plain white wall. There is no visible text in the image.	56228636315.png	The image features a stylized, animated character of a woman. She has short brown hair tied in a ponytail, with a side parting. The character is smiling and has rosy cheeks. She is wearing a white short-sleeved shirt with a black collar and a small orange logo on the left side of the chest. The shirt has black trim around the neckline and the sleeves. She is also wearing black pants with an orange stripe running down the side. The pants have a black belt with a silver buckle. The character is standing with her hands on her hips, and her feet are slightly apart. The background is plain white, emphasizing the character. There is no visible text in the image.	95301849340.png	"The image depicts four animated female characters standing side by side. They are all wearing orange tops and black pants. The character on the far left is holding a brown cardboard sign with the word ""SALE"" written on it. The character in the center is also holding a similar sign. The character on the far right is holding a brown cardboard sign with the word ""OPEN"" written on it. The character in the middle is smiling and looking at the other two characters. The background is plain white."	50483221339.png	The image is a digital illustration featuring two animated characters. On the left is a female character with brown hair, wearing a bright orange blazer over a white shirt, black pants, and black high heels. She is smiling and gesturing with her hands. On the right is a male character with brown hair, wearing a dark suit with a yellow tie, and black shoes. He is also smiling and holding a black microphone in his right hand. Both characters are seated on black chairs with wheels, and they appear to be engaged in a conversation or interview. The background is plain white, emphasizing the characters. There is no visible text in the image.
арам ақша	Кешірші, бірақ адам арам ақша тапқанына намыстану керек, қандай жұмыс істегеніне емес		57247008322.png	The image shows a stack of folded bills, with the topmost bill being an orange 20-dollar bill. The bills are of various denominations, including 10-dollar bills, and are placed inside a brown leather wallet. The wallet has a visible stitch pattern and a metal button closure. The background is plain white, emphasizing the wallet and the money.	71038875170.png	The image features a cartoon character of a man dressed in a suit and top hat, holding a cigar in his mouth. He is smiling and appears to be in a relaxed or joyful state. The man is also holding a stack of money in his right hand, which is raised as if he is presenting or offering it. The background is plain and does not provide any additional context or details. The image is stylized with a limited color palette and has a clean, graphic quality.	69699888909.png	The image shows a spray bottle with a black trigger and an orange nozzle. The bottle has a transparent body with a yellowish tint, and it appears to be made of plastic. The background is plain white, emphasizing the bottle. There is no visible text in the image. The bottle is positioned upright, and the nozzle is extended upwards. The style of the image is a digital illustration with a three-dimensional appearance.	46897143262.png	The image features a cartoon character dressed in a striped prison uniform, complete with a mask and goggles. The character is holding a large brown bag with a dollar sign on it, and is also holding two stacks of money, one in each hand. The character is smiling and appears to be walking. The background is a plain, dark color.	84007648902.png	The image shows a United States one-dollar bill with a portrait of George Washington on the front. The bill is partially obscured by a dark, brownish substance that appears to be a liquid or paste, which is splattered across the bill. The splatters are irregular in shape and size, and they are concentrated towards the bottom right corner of the bill. The bill itself is slightly curled at the edges, and the background is a plain, light color that contrasts with the dark substance. There is no visible text on the bill or in the image. The style of the image is realistic with a focus on the contrast between the bill and the dark substance.
арам ақша	Арам ақшамен садақа берген, мешіт салдырған, жақсылық істеген адам, кірлеген киімді зәрмен жуған адамға ұқсайды. Киімі одан сайын кірлейді		71038875170.png	The image features a cartoon character of a man dressed in a suit and top hat, holding a cigar in his mouth. He is smiling and appears to be in a relaxed or joyful state. The man is also holding a stack of money in his right hand, which is raised as if he is presenting or offering it. The background is plain and does not provide any additional context or details. The image is stylized with a limited color palette and has a clean, graphic quality.	84007648902.png	The image shows a United States one-dollar bill with a portrait of George Washington on the front. The bill is partially obscured by a dark, brownish substance that appears to be a liquid or paste, which is splattered across the bill. The splatters are irregular in shape and size, and they are concentrated towards the bottom right corner of the bill. The bill itself is slightly curled at the edges, and the background is a plain, light color that contrasts with the dark substance. There is no visible text on the bill or in the image. The style of the image is realistic with a focus on the contrast between the bill and the dark substance.	57247008322.png	The image shows a stack of folded bills, with the topmost bill being an orange 20-dollar bill. The bills are of various denominations, including 10-dollar bills, and are placed inside a brown leather wallet. The wallet has a visible stitch pattern and a metal button closure. The background is plain white, emphasizing the wallet and the money.	69699888909.png	The image shows a spray bottle with a black trigger and an orange nozzle. The bottle has a transparent body with a yellowish tint, and it appears to be made of plastic. The background is plain white, emphasizing the bottle. There is no visible text in the image. The bottle is positioned upright, and the nozzle is extended upwards. The style of the image is a digital illustration with a three-dimensional appearance.	46897143262.png	The image features a cartoon character dressed in a striped prison uniform, complete with a mask and goggles. The character is holding a large brown bag with a dollar sign on it, and is also holding two stacks of money, one in each hand. The character is smiling and appears to be walking. The background is a plain, dark color.
арам ақша	Арам ақшаға тікелей контакт әртүрлі ауруларға шалдықтыруы мүмкін, әсіресе одан кейін бетке, көзге тию немесе қолды жуусыз тамақтану жасалған жағдайда.		46897143262.png	The image features a cartoon character dressed in a striped prison uniform, complete with a mask and goggles. The character is holding a large brown bag with a dollar sign on it, and is also holding two stacks of money, one in each hand. The character is smiling and appears to be walking. The background is a plain, dark color.	84007648902.png	The image shows a United States one-dollar bill with a portrait of George Washington on the front. The bill is partially obscured by a dark, brownish substance that appears to be a liquid or paste, which is splattered across the bill. The splatters are irregular in shape and size, and they are concentrated towards the bottom right corner of the bill. The bill itself is slightly curled at the edges, and the background is a plain, light color that contrasts with the dark substance. There is no visible text on the bill or in the image. The style of the image is realistic with a focus on the contrast between the bill and the dark substance.	71038875170.png	The image features a cartoon character of a man dressed in a suit and top hat, holding a cigar in his mouth. He is smiling and appears to be in a relaxed or joyful state. The man is also holding a stack of money in his right hand, which is raised as if he is presenting or offering it. The background is plain and does not provide any additional context or details. The image is stylized with a limited color palette and has a clean, graphic quality.	57247008322.png	The image shows a stack of folded bills, with the topmost bill being an orange 20-dollar bill. The bills are of various denominations, including 10-dollar bills, and are placed inside a brown leather wallet. The wallet has a visible stitch pattern and a metal button closure. The background is plain white, emphasizing the wallet and the money.	69699888909.png	The image shows a spray bottle with a black trigger and an orange nozzle. The bottle has a transparent body with a yellowish tint, and it appears to be made of plastic. The background is plain white, emphasizing the bottle. There is no visible text in the image. The bottle is positioned upright, and the nozzle is extended upwards. The style of the image is a digital illustration with a three-dimensional appearance.
арам ақша	Көшеде үлкен ақшаны көріп, оны көтермей тұру қиын, тіпті ол арам және үтірілген ақша болса да		46897143262.png	The image features a cartoon character dressed in a striped prison uniform, complete with a mask and goggles. The character is holding a large brown bag with a dollar sign on it, and is also holding two stacks of money, one in each hand. The character is smiling and appears to be walking. The background is a plain, dark color.	84007648902.png	The image shows a United States one-dollar bill with a portrait of George Washington on the front. The bill is partially obscured by a dark, brownish substance that appears to be a liquid or paste, which is splattered across the bill. The splatters are irregular in shape and size, and they are concentrated towards the bottom right corner of the bill. The bill itself is slightly curled at the edges, and the background is a plain, light color that contrasts with the dark substance. There is no visible text on the bill or in the image. The style of the image is realistic with a focus on the contrast between the bill and the dark substance.	71038875170.png	The image features a cartoon character of a man dressed in a suit and top hat, holding a cigar in his mouth. He is smiling and appears to be in a relaxed or joyful state. The man is also holding a stack of money in his right hand, which is raised as if he is presenting or offering it. The background is plain and does not provide any additional context or details. The image is stylized with a limited color palette and has a clean, graphic quality.	57247008322.png	The image shows a stack of folded bills, with the topmost bill being an orange 20-dollar bill. The bills are of various denominations, including 10-dollar bills, and are placed inside a brown leather wallet. The wallet has a visible stitch pattern and a metal button closure. The background is plain white, emphasizing the wallet and the money.	69699888909.png	The image shows a spray bottle with a black trigger and an orange nozzle. The bottle has a transparent body with a yellowish tint, and it appears to be made of plastic. The background is plain white, emphasizing the bottle. There is no visible text in the image. The bottle is positioned upright, and the nozzle is extended upwards. The style of the image is a digital illustration with a three-dimensional appearance.
жаны құю	Әр тапсырманы бірінші болып орындайтын, тыныш отырмайтын жаны құйған қызды бәрі үлгі етеді.		83670963219.png	The image features a stylized, animated snowman. The snowman has a white body with orange accents, including a carrot nose and two orange buttons for eyes. It wears a brown top hat and a white scarf with orange fringe. The snowman is holding a brown cane with orange balls at the top. The background is a plain, light gray color. There is no visible text in the image.	15352403666.png	The image features a stylized depiction of a fire with dynamic, flowing orange and yellow flames against a black background. The flames are rendered with a glossy texture, giving them a three-dimensional appearance. There are small white specks scattered throughout the image, which could be interpreted as sparks or embers. The overall style of the image is graphic and modern, with a focus on the fiery elements. There is no visible text in the image.	76149065551.png	"The image depicts an animated scene featuring a man and a tractor. The man, wearing a hard hat and a tool belt, is standing to the left of the tractor, holding a shovel filled with dirt. He appears to be in the process of digging or moving the dirt. The tractor is a large, orange vehicle with a yellow roof and a black exhaust pipe. It has four large, black tires and a visible number ""M11"" on the side. The tractor's driver's seat is visible, but no driver is present. The background is plain white, emphasizing the subjects. There is no visible text in the image. The style of the image is cartoonish, with a focus on bright colors and simple shapes."	48531189627.png	The image depicts an animated scene of a man working at a desk in an office at night. The man is wearing glasses, a suit, and a tie, and is seated in an orange chair. He is using a computer with a monitor and a keyboard. On the desk, there is a lamp, a coffee cup, and a potted plant. The office has a large window with a view of a city skyline at night, with stars visible in the sky. The overall style of the image is cartoonish and colorful.	77133992883.png	The image features a stylized, abstract representation of a human head in silhouette, composed of flowing, orange, flame-like elements. The flames are dynamic and appear to be in motion, creating a sense of movement and energy. The background is a dark gradient, which contrasts with the bright, fiery colors of the head, making it the focal point of the image. There is no visible text in the image. The style of the image is artistic and modern, with a focus on form and color.
жаны құю	Ол жұмысқа келгеніне бір апта ғана болса да, бәріне көмектесіп жүрген жаны құйған жігіт екен		15352403666.png	The image features a stylized depiction of a fire with dynamic, flowing orange and yellow flames against a black background. The flames are rendered with a glossy texture, giving them a three-dimensional appearance. There are small white specks scattered throughout the image, which could be interpreted as sparks or embers. The overall style of the image is graphic and modern, with a focus on the fiery elements. There is no visible text in the image.	77133992883.png	The image features a stylized, abstract representation of a human head in silhouette, composed of flowing, orange, flame-like elements. The flames are dynamic and appear to be in motion, creating a sense of movement and energy. The background is a dark gradient, which contrasts with the bright, fiery colors of the head, making it the focal point of the image. There is no visible text in the image. The style of the image is artistic and modern, with a focus on form and color.	83670963219.png	The image features a stylized, animated snowman. The snowman has a white body with orange accents, including a carrot nose and two orange buttons for eyes. It wears a brown top hat and a white scarf with orange fringe. The snowman is holding a brown cane with orange balls at the top. The background is a plain, light gray color. There is no visible text in the image.	48531189627.png	The image depicts an animated scene of a man working at a desk in an office at night. The man is wearing glasses, a suit, and a tie, and is seated in an orange chair. He is using a computer with a monitor and a keyboard. On the desk, there is a lamp, a coffee cup, and a potted plant. The office has a large window with a view of a city skyline at night, with stars visible in the sky. The overall style of the image is cartoonish and colorful.	76149065551.png	"The image depicts an animated scene featuring a man and a tractor. The man, wearing a hard hat and a tool belt, is standing to the left of the tractor, holding a shovel filled with dirt. He appears to be in the process of digging or moving the dirt. The tractor is a large, orange vehicle with a yellow roof and a black exhaust pipe. It has four large, black tires and a visible number ""M11"" on the side. The tractor's driver's seat is visible, but no driver is present. The background is plain white, emphasizing the subjects. There is no visible text in the image. The style of the image is cartoonish, with a focus on bright colors and simple shapes."
отқа май құю	Ол отқа май құюды жақсы көреді, дәл бір лепрекон сияқты, зиянды шайтани бала, әрқашан жаңа бір әдепсіз қылықты жасап шығуға дайын тұрады.		70622987588.png	"The image depicts a stylized illustration of a person standing in front of a large, fiery explosion. The person appears to be a silhouette, with only the outline visible, and is holding a bag labeled ""OIL"" with the word ""OIL"" prominently displayed on it. The explosion is depicted with bright orange and yellow flames, and the background is a solid black. The image has a watermark in the bottom left corner that reads ""ohil."" The style of the image is reminiscent of a comic or graphic novel, with bold lines and a limited color palette."	52983240066.png	The image depicts a stylized, cartoonish campfire scene. At the center of the image is a fire with bright orange and yellow flames, surrounded by a ring of rocks. The fire is contained within a structure made of logs, with a few additional logs stacked around it. The rocks are of various sizes and are arranged in a circular pattern around the fire. In the foreground, there is a small, illuminated lantern with a blue base and a yellowish-orange flame. The background is a dark blue, providing a stark contrast to the warm colors of the fire and the rocks. There is no visible text in the image. The overall style of the image is reminiscent of a digital painting or a 3D rendering with a focus on a cozy, outdoor campfire setting.	67288727467.png	The image depicts an animated character, a construction worker, engaged in work. The worker is wearing a bright orange hard hat and a matching orange vest with reflective stripes. The vest has a white patch on the left chest area. The worker is also wearing a harness with multiple pouches, suggesting he is equipped for various tasks. He is holding a hammer in his right hand, which is raised as if he is about to strike a nail into a wooden fence. The fence is made of vertical wooden planks, and there are barbed wire strands on top. The worker is standing on a flat surface with a few small plants growing around it. The background features a tree with green leaves and orange flowers. The overall style of the image is illustrative and cartoonish.	29908631060.png	The image is a digital illustration of two animated characters. On the left is a man with a beard and mustache, wearing glasses and a brown shirt. He is gesturing with his right hand, which is raised near his face. On the right is a woman with brown hair styled in a bun, wearing a yellow top with a pattern of small dots. She is smiling and appears to be listening or engaged in a conversation with the man. Both characters are depicted in a friendly and approachable manner. There is no visible text in the image.	28139183364.png	The image is a stylized illustration featuring three animated characters. On the left, there is a man with curly hair, wearing glasses and a dark jacket, with his mouth open as if he is speaking. In the center, there is a woman with curly hair and a surprised expression, her mouth slightly open. To the right, there is another woman with straight hair, also with a surprised expression and her mouth open. The background is a simple, solid color, and there are orange flames surrounding the characters, suggesting a dramatic or intense atmosphere. There is no visible text in the image. The characters appear to be engaged in a conversation or a reaction to something, as indicated by their expressions and body language.
отқа май құю	Ой, қорқамын, мұнда саяси шиеленісті күшейтуге кім және қандай мақсатпен май құюға тырысқаны жөнінде нұсқалар тым көп болуы мүмкін.		67288727467.png	The image depicts an animated character, a construction worker, engaged in work. The worker is wearing a bright orange hard hat and a matching orange vest with reflective stripes. The vest has a white patch on the left chest area. The worker is also wearing a harness with multiple pouches, suggesting he is equipped for various tasks. He is holding a hammer in his right hand, which is raised as if he is about to strike a nail into a wooden fence. The fence is made of vertical wooden planks, and there are barbed wire strands on top. The worker is standing on a flat surface with a few small plants growing around it. The background features a tree with green leaves and orange flowers. The overall style of the image is illustrative and cartoonish.	28139183364.png	The image is a stylized illustration featuring three animated characters. On the left, there is a man with curly hair, wearing glasses and a dark jacket, with his mouth open as if he is speaking. In the center, there is a woman with curly hair and a surprised expression, her mouth slightly open. To the right, there is another woman with straight hair, also with a surprised expression and her mouth open. The background is a simple, solid color, and there are orange flames surrounding the characters, suggesting a dramatic or intense atmosphere. There is no visible text in the image. The characters appear to be engaged in a conversation or a reaction to something, as indicated by their expressions and body language.	52983240066.png	The image depicts a stylized, cartoonish campfire scene. At the center of the image is a fire with bright orange and yellow flames, surrounded by a ring of rocks. The fire is contained within a structure made of logs, with a few additional logs stacked around it. The rocks are of various sizes and are arranged in a circular pattern around the fire. In the foreground, there is a small, illuminated lantern with a blue base and a yellowish-orange flame. The background is a dark blue, providing a stark contrast to the warm colors of the fire and the rocks. There is no visible text in the image. The overall style of the image is reminiscent of a digital painting or a 3D rendering with a focus on a cozy, outdoor campfire setting.	29908631060.png	The image is a digital illustration of two animated characters. On the left is a man with a beard and mustache, wearing glasses and a brown shirt. He is gesturing with his right hand, which is raised near his face. On the right is a woman with brown hair styled in a bun, wearing a yellow top with a pattern of small dots. She is smiling and appears to be listening or engaged in a conversation with the man. Both characters are depicted in a friendly and approachable manner. There is no visible text in the image.	70622987588.png	"The image depicts a stylized illustration of a person standing in front of a large, fiery explosion. The person appears to be a silhouette, with only the outline visible, and is holding a bag labeled ""OIL"" with the word ""OIL"" prominently displayed on it. The explosion is depicted with bright orange and yellow flames, and the background is a solid black. The image has a watermark in the bottom left corner that reads ""ohil."" The style of the image is reminiscent of a comic or graphic novel, with bold lines and a limited color palette."
отқа май құю	Саяда тоңып қалмас үшін көшпенділер түнде бірнеше рет отқа май құйып, осылайша жылуды сақтап отырған.		67288727467.png	The image depicts an animated character, a construction worker, engaged in work. The worker is wearing a bright orange hard hat and a matching orange vest with reflective stripes. The vest has a white patch on the left chest area. The worker is also wearing a harness with multiple pouches, suggesting he is equipped for various tasks. He is holding a hammer in his right hand, which is raised as if he is about to strike a nail into a wooden fence. The fence is made of vertical wooden planks, and there are barbed wire strands on top. The worker is standing on a flat surface with a few small plants growing around it. The background features a tree with green leaves and orange flowers. The overall style of the image is illustrative and cartoonish.	28139183364.png	The image is a stylized illustration featuring three animated characters. On the left, there is a man with curly hair, wearing glasses and a dark jacket, with his mouth open as if he is speaking. In the center, there is a woman with curly hair and a surprised expression, her mouth slightly open. To the right, there is another woman with straight hair, also with a surprised expression and her mouth open. The background is a simple, solid color, and there are orange flames surrounding the characters, suggesting a dramatic or intense atmosphere. There is no visible text in the image. The characters appear to be engaged in a conversation or a reaction to something, as indicated by their expressions and body language.	29908631060.png	The image is a digital illustration of two animated characters. On the left is a man with a beard and mustache, wearing glasses and a brown shirt. He is gesturing with his right hand, which is raised near his face. On the right is a woman with brown hair styled in a bun, wearing a yellow top with a pattern of small dots. She is smiling and appears to be listening or engaged in a conversation with the man. Both characters are depicted in a friendly and approachable manner. There is no visible text in the image.	70622987588.png	"The image depicts a stylized illustration of a person standing in front of a large, fiery explosion. The person appears to be a silhouette, with only the outline visible, and is holding a bag labeled ""OIL"" with the word ""OIL"" prominently displayed on it. The explosion is depicted with bright orange and yellow flames, and the background is a solid black. The image has a watermark in the bottom left corner that reads ""ohil."" The style of the image is reminiscent of a comic or graphic novel, with bold lines and a limited color palette."	52983240066.png	The image depicts a stylized, cartoonish campfire scene. At the center of the image is a fire with bright orange and yellow flames, surrounded by a ring of rocks. The fire is contained within a structure made of logs, with a few additional logs stacked around it. The rocks are of various sizes and are arranged in a circular pattern around the fire. In the foreground, there is a small, illuminated lantern with a blue base and a yellowish-orange flame. The background is a dark blue, providing a stark contrast to the warm colors of the fire and the rocks. There is no visible text in the image. The overall style of the image is reminiscent of a digital painting or a 3D rendering with a focus on a cozy, outdoor campfire setting.
отқа май құю	Ақ босаға аттап, отқа май құйып жатқан қазіргі келіндер бұл ырымды от пен майға табынғандықтан емес, ата-баба дәстүрін құрметтегендіктен, «бұрынғы-соңғының жолы» деп жасайды.		52983240066.png	The image depicts a stylized, cartoonish campfire scene. At the center of the image is a fire with bright orange and yellow flames, surrounded by a ring of rocks. The fire is contained within a structure made of logs, with a few additional logs stacked around it. The rocks are of various sizes and are arranged in a circular pattern around the fire. In the foreground, there is a small, illuminated lantern with a blue base and a yellowish-orange flame. The background is a dark blue, providing a stark contrast to the warm colors of the fire and the rocks. There is no visible text in the image. The overall style of the image is reminiscent of a digital painting or a 3D rendering with a focus on a cozy, outdoor campfire setting.	70622987588.png	"The image depicts a stylized illustration of a person standing in front of a large, fiery explosion. The person appears to be a silhouette, with only the outline visible, and is holding a bag labeled ""OIL"" with the word ""OIL"" prominently displayed on it. The explosion is depicted with bright orange and yellow flames, and the background is a solid black. The image has a watermark in the bottom left corner that reads ""ohil."" The style of the image is reminiscent of a comic or graphic novel, with bold lines and a limited color palette."	29908631060.png	The image is a digital illustration of two animated characters. On the left is a man with a beard and mustache, wearing glasses and a brown shirt. He is gesturing with his right hand, which is raised near his face. On the right is a woman with brown hair styled in a bun, wearing a yellow top with a pattern of small dots. She is smiling and appears to be listening or engaged in a conversation with the man. Both characters are depicted in a friendly and approachable manner. There is no visible text in the image.	28139183364.png	The image is a stylized illustration featuring three animated characters. On the left, there is a man with curly hair, wearing glasses and a dark jacket, with his mouth open as if he is speaking. In the center, there is a woman with curly hair and a surprised expression, her mouth slightly open. To the right, there is another woman with straight hair, also with a surprised expression and her mouth open. The background is a simple, solid color, and there are orange flames surrounding the characters, suggesting a dramatic or intense atmosphere. There is no visible text in the image. The characters appear to be engaged in a conversation or a reaction to something, as indicated by their expressions and body language.	67288727467.png	The image depicts an animated character, a construction worker, engaged in work. The worker is wearing a bright orange hard hat and a matching orange vest with reflective stripes. The vest has a white patch on the left chest area. The worker is also wearing a harness with multiple pouches, suggesting he is equipped for various tasks. He is holding a hammer in his right hand, which is raised as if he is about to strike a nail into a wooden fence. The fence is made of vertical wooden planks, and there are barbed wire strands on top. The worker is standing on a flat surface with a few small plants growing around it. The background features a tree with green leaves and orange flowers. The overall style of the image is illustrative and cartoonish.
Құдайдың ісі	Кейде өмірде неге олай болғанын түсіне алмайсың — бәрі де Құдайдың ісі		14888249508.png	The image depicts a statue of a deity, likely a representation of Lord Ganesha, a widely revered deity in Hinduism. The deity is standing on a pedestal with a lion on either side, a common motif in Hindu iconography. The deity is adorned with multiple arms, each holding a different object: a conch shell, a discus, a lotus flower, and a mace. The deity is also wearing a crown and a necklace, and is decorated with a third eye on the forehead, a characteristic feature of Ganesha. The statue is detailed and colorful, with a predominantly gray and gold color scheme. The background is plain white, which contrasts with the statue and highlights its intricate details.	99613974551.png	"The image depicts an animated scene with a young girl standing next to a damaged car. The car is tilted to one side, with its front end crumpled and the hood visibly dented. The girl is wearing a dress with a polka dot pattern and has her hands on her hips. She is looking towards the car with a concerned expression. Above the car, there is a sign with the word ""COPP"" written on it. The sign is attached to a pole that has been knocked over, with the pole lying on the ground behind the car. The background is plain and does not provide any additional context. The style of the image is cartoonish, with a limited color palette and a clean, digital rendering quality."	66835277183.png	The image depicts an animated scene where a large tree has fallen onto a car, causing significant damage. The car is a dark sedan with its hood and roof crumpled, and the tree branches are scattered around it. A person, dressed in an orange top and black skirt, is standing to the right of the car, with their arms raised as if in shock or disbelief. The background is minimal, featuring a white sky and a building with a rectangular shape and a darker roof. The overall style of the image is cartoonish with a limited color palette.	23142676823.png	The image features a stylized, cartoon-like representation of a vintage-style boombox. The boombox is predominantly orange with a brown top and a white front panel. It has two large, circular speakers on either side of the front panel, with a smaller, rectangular speaker above the main panel. The front panel includes a display with a digital readout and two knobs, one on each side. The boombox is depicted with a handle on top and a power button on the right side. The background is plain white, emphasizing the object. There is no visible text in the image.	30876741335.png	The image depicts an anthropomorphic cat with a human-like face and a white beard, sitting on a tree branch. The cat is looking up at a large, fluffy white cloud that appears to be floating above it. The cloud has a face with a mustache and beard, resembling a human-like figure. Below the cloud, there are several smaller birds flying in the air. The background is a plain white, which contrasts with the detailed illustration of the cat and the cloud. There is no visible text in the image. The style of the image is cartoonish and whimsical, with a focus on the interaction between the cat and the cloud.
Құдайдың ісі	Апаттан аман қалғанын бәрі Құдайдың ісі деп қабылдады		99613974551.png	"The image depicts an animated scene with a young girl standing next to a damaged car. The car is tilted to one side, with its front end crumpled and the hood visibly dented. The girl is wearing a dress with a polka dot pattern and has her hands on her hips. She is looking towards the car with a concerned expression. Above the car, there is a sign with the word ""COPP"" written on it. The sign is attached to a pole that has been knocked over, with the pole lying on the ground behind the car. The background is plain and does not provide any additional context. The style of the image is cartoonish, with a limited color palette and a clean, digital rendering quality."	66835277183.png	The image depicts an animated scene where a large tree has fallen onto a car, causing significant damage. The car is a dark sedan with its hood and roof crumpled, and the tree branches are scattered around it. A person, dressed in an orange top and black skirt, is standing to the right of the car, with their arms raised as if in shock or disbelief. The background is minimal, featuring a white sky and a building with a rectangular shape and a darker roof. The overall style of the image is cartoonish with a limited color palette.	23142676823.png	The image features a stylized, cartoon-like representation of a vintage-style boombox. The boombox is predominantly orange with a brown top and a white front panel. It has two large, circular speakers on either side of the front panel, with a smaller, rectangular speaker above the main panel. The front panel includes a display with a digital readout and two knobs, one on each side. The boombox is depicted with a handle on top and a power button on the right side. The background is plain white, emphasizing the object. There is no visible text in the image.	14888249508.png	The image depicts a statue of a deity, likely a representation of Lord Ganesha, a widely revered deity in Hinduism. The deity is standing on a pedestal with a lion on either side, a common motif in Hindu iconography. The deity is adorned with multiple arms, each holding a different object: a conch shell, a discus, a lotus flower, and a mace. The deity is also wearing a crown and a necklace, and is decorated with a third eye on the forehead, a characteristic feature of Ganesha. The statue is detailed and colorful, with a predominantly gray and gold color scheme. The background is plain white, which contrasts with the statue and highlights its intricate details.	30876741335.png	The image depicts an anthropomorphic cat with a human-like face and a white beard, sitting on a tree branch. The cat is looking up at a large, fluffy white cloud that appears to be floating above it. The cloud has a face with a mustache and beard, resembling a human-like figure. Below the cloud, there are several smaller birds flying in the air. The background is a plain white, which contrasts with the detailed illustration of the cat and the cloud. There is no visible text in the image. The style of the image is cartoonish and whimsical, with a focus on the interaction between the cat and the cloud.
ескі әңгіме	Олардың бұрынғы дауы — әлдеқашан ескі әңгіме, қазір ешкім ол туралы айтпайды		20237437072.png	The image depicts a vintage car with a rusted exterior, parked on a grassy area. The car is predominantly orange with black and white accents. It has a classic design with a prominent front grille and round headlights. The hood is open, revealing the engine compartment. The car's body shows signs of rust and wear, with some parts missing, such as the front fender. There is a small amount of greenery growing on the car, suggesting it has been stationary for some time. The background is a simple, out-of-focus representation of a natural setting with trees and grass. There is no visible text in the image.	58147081026.png	The image shows a stylized, three-dimensional illustration of a book. The book has a vibrant orange cover with a textured pattern that resembles a tartan design. The spine of the book is adorned with a plaid band, and there are decorative elements such as leaves and what appear to be small, colorful creatures or characters. The book is open, revealing blank pages inside. A red and black striped scarf is casually draped over the book, adding a cozy touch to the scene. The background is a neutral gray, which contrasts with the book's bright color. There is no visible text in the image.	81822025790.png	The image depicts two animated characters sitting on a wooden bench. The character on the left is wearing a red shirt and blue jeans, while the character on the right is wearing a white shirt and black pants. Both characters have short hair and are facing each other. Behind them is a tree with orange leaves, and the ground is covered with fallen leaves. The background is a plain white, and there are small green plants near the bench. There is no visible text in the image. The style of the image is illustrative and appears to be designed for a digital medium.	19545702575.png	The image features an open book with vibrant orange pages. The book is floating in mid-air, with its pages fanned out to reveal a variety of colorful illustrations and text. The illustrations depict a diverse array of characters and scenes, including animals, plants, and human figures, suggesting a whimsical or fantasy theme. The book appears to be in motion, as indicated by the dynamic positioning and the small, colorful particles or specks that are flying around it, giving the impression of movement or magic. There is no visible text on the book or in the image. The style of the image is illustrative and playful, with a focus on the book and its contents.	92023001834.png	The image depicts a man standing in front of a framed picture. The picture within the frame shows a silhouette of a couple holding hands, with a tree and autumn leaves in the background. The man is facing the picture, and the background is plain white. The style of the image is illustrative, with a focus on the contrast between the man and the picture. There is no visible text in the image.
ескі әңгіме	Бұл мәселе талай шешілген, оны қайта көтерудің керегі жоқ — ол ескі әңгіме болып қалған		19545702575.png	The image features an open book with vibrant orange pages. The book is floating in mid-air, with its pages fanned out to reveal a variety of colorful illustrations and text. The illustrations depict a diverse array of characters and scenes, including animals, plants, and human figures, suggesting a whimsical or fantasy theme. The book appears to be in motion, as indicated by the dynamic positioning and the small, colorful particles or specks that are flying around it, giving the impression of movement or magic. There is no visible text on the book or in the image. The style of the image is illustrative and playful, with a focus on the book and its contents.	92023001834.png	The image depicts a man standing in front of a framed picture. The picture within the frame shows a silhouette of a couple holding hands, with a tree and autumn leaves in the background. The man is facing the picture, and the background is plain white. The style of the image is illustrative, with a focus on the contrast between the man and the picture. There is no visible text in the image.	58147081026.png	The image shows a stylized, three-dimensional illustration of a book. The book has a vibrant orange cover with a textured pattern that resembles a tartan design. The spine of the book is adorned with a plaid band, and there are decorative elements such as leaves and what appear to be small, colorful creatures or characters. The book is open, revealing blank pages inside. A red and black striped scarf is casually draped over the book, adding a cozy touch to the scene. The background is a neutral gray, which contrasts with the book's bright color. There is no visible text in the image.	20237437072.png	The image depicts a vintage car with a rusted exterior, parked on a grassy area. The car is predominantly orange with black and white accents. It has a classic design with a prominent front grille and round headlights. The hood is open, revealing the engine compartment. The car's body shows signs of rust and wear, with some parts missing, such as the front fender. There is a small amount of greenery growing on the car, suggesting it has been stationary for some time. The background is a simple, out-of-focus representation of a natural setting with trees and grass. There is no visible text in the image.	81822025790.png	The image depicts two animated characters sitting on a wooden bench. The character on the left is wearing a red shirt and blue jeans, while the character on the right is wearing a white shirt and black pants. Both characters have short hair and are facing each other. Behind them is a tree with orange leaves, and the ground is covered with fallen leaves. The background is a plain white, and there are small green plants near the bench. There is no visible text in the image. The style of the image is illustrative and appears to be designed for a digital medium.
ескі әңгіме	Атасы әр кеш сайын бала кезіндегі оқиғаларын айтып, ескі әңгімелерді еске түсіретін		19545702575.png	The image features an open book with vibrant orange pages. The book is floating in mid-air, with its pages fanned out to reveal a variety of colorful illustrations and text. The illustrations depict a diverse array of characters and scenes, including animals, plants, and human figures, suggesting a whimsical or fantasy theme. The book appears to be in motion, as indicated by the dynamic positioning and the small, colorful particles or specks that are flying around it, giving the impression of movement or magic. There is no visible text on the book or in the image. The style of the image is illustrative and playful, with a focus on the book and its contents.	20237437072.png	The image depicts a vintage car with a rusted exterior, parked on a grassy area. The car is predominantly orange with black and white accents. It has a classic design with a prominent front grille and round headlights. The hood is open, revealing the engine compartment. The car's body shows signs of rust and wear, with some parts missing, such as the front fender. There is a small amount of greenery growing on the car, suggesting it has been stationary for some time. The background is a simple, out-of-focus representation of a natural setting with trees and grass. There is no visible text in the image.	81822025790.png	The image depicts two animated characters sitting on a wooden bench. The character on the left is wearing a red shirt and blue jeans, while the character on the right is wearing a white shirt and black pants. Both characters have short hair and are facing each other. Behind them is a tree with orange leaves, and the ground is covered with fallen leaves. The background is a plain white, and there are small green plants near the bench. There is no visible text in the image. The style of the image is illustrative and appears to be designed for a digital medium.	58147081026.png	The image shows a stylized, three-dimensional illustration of a book. The book has a vibrant orange cover with a textured pattern that resembles a tartan design. The spine of the book is adorned with a plaid band, and there are decorative elements such as leaves and what appear to be small, colorful creatures or characters. The book is open, revealing blank pages inside. A red and black striped scarf is casually draped over the book, adding a cozy touch to the scene. The background is a neutral gray, which contrasts with the book's bright color. There is no visible text in the image.	92023001834.png	The image depicts a man standing in front of a framed picture. The picture within the frame shows a silhouette of a couple holding hands, with a tree and autumn leaves in the background. The man is facing the picture, and the background is plain white. The style of the image is illustrative, with a focus on the contrast between the man and the picture. There is no visible text in the image.
ескі әңгіме	Радиодан сонау 60-жылдардағы жазба қойылып, тыңдарман ескі әңгімені қайта естігендей болды		20237437072.png	The image depicts a vintage car with a rusted exterior, parked on a grassy area. The car is predominantly orange with black and white accents. It has a classic design with a prominent front grille and round headlights. The hood is open, revealing the engine compartment. The car's body shows signs of rust and wear, with some parts missing, such as the front fender. There is a small amount of greenery growing on the car, suggesting it has been stationary for some time. The background is a simple, out-of-focus representation of a natural setting with trees and grass. There is no visible text in the image.	58147081026.png	The image shows a stylized, three-dimensional illustration of a book. The book has a vibrant orange cover with a textured pattern that resembles a tartan design. The spine of the book is adorned with a plaid band, and there are decorative elements such as leaves and what appear to be small, colorful creatures or characters. The book is open, revealing blank pages inside. A red and black striped scarf is casually draped over the book, adding a cozy touch to the scene. The background is a neutral gray, which contrasts with the book's bright color. There is no visible text in the image.	92023001834.png	The image depicts a man standing in front of a framed picture. The picture within the frame shows a silhouette of a couple holding hands, with a tree and autumn leaves in the background. The man is facing the picture, and the background is plain white. The style of the image is illustrative, with a focus on the contrast between the man and the picture. There is no visible text in the image.	19545702575.png	The image features an open book with vibrant orange pages. The book is floating in mid-air, with its pages fanned out to reveal a variety of colorful illustrations and text. The illustrations depict a diverse array of characters and scenes, including animals, plants, and human figures, suggesting a whimsical or fantasy theme. The book appears to be in motion, as indicated by the dynamic positioning and the small, colorful particles or specks that are flying around it, giving the impression of movement or magic. There is no visible text on the book or in the image. The style of the image is illustrative and playful, with a focus on the book and its contents.	81822025790.png	The image depicts two animated characters sitting on a wooden bench. The character on the left is wearing a red shirt and blue jeans, while the character on the right is wearing a white shirt and black pants. Both characters have short hair and are facing each other. Behind them is a tree with orange leaves, and the ground is covered with fallen leaves. The background is a plain white, and there are small green plants near the bench. There is no visible text in the image. The style of the image is illustrative and appears to be designed for a digital medium.
жер мен көктей	Қала мен ауыл баласының айырмашылығы жер мен көктей		13742054940.png	The image features two stylized, cartoon-like animals. On the left is a black cat with a gray underbelly and a white chest, and on the right is a large, orange dog with a white chest and a brown nose. Both animals are wearing orange collars with a small orange bell. The cat has a small, black tail, and the dog has a long, fluffy tail. They are standing close to each other, facing the viewer, and appear to be smiling. There is no visible text in the image.	11127674791.png	The image features a stylized, cartoon-like depiction of a ladybug. The ladybug is predominantly orange with black spots and antennae. It has six legs and is shown in a walking pose. The background is plain white, which contrasts with the vivid colors of the ladybug. There is no visible text in the image. The style of the image is illustrative and appears to be designed for a digital medium, possibly for a game or an app.	10285727617.png	The image is a stylized illustration of a yin-yang symbol, which is a representation of dualism or the concept of two opposite or interrelated things. The yin side of the symbol is dark, with a large, fiery planet and a smaller planet with a ring system. The yang side is light, with a white, fluffy cloud and a smaller planet with a ring system. The planets are depicted with a warm, orange glow, suggesting they are either suns or planets with a fiery atmosphere. The background is a gradient of dark to light, giving the impression of a night sky transitioning to a day sky. There is no visible text in the image. The style of the illustration is cartoonish and colorful, with a playful and imaginative quality.	57071659223.png	The image depicts a stylized, artistic representation of a mountain landscape. The mountain is prominently featured in the center, with a peak that appears to be dusted with snow. The mountain is surrounded by a variety of clouds, some of which are white and fluffy, while others are more wispy and blue. The sky is a light blue, suggesting a clear day.  In the foreground, there is a grassy area with a few scattered rocks and patches of orange flowers. The overall style of the image is illustrative, with a soft, painterly quality to the colors and textures. There is no visible text in the image. The relationship between the objects is that the mountain is the central focus, with the clouds and landscape elements framing it. The grassy area in the foreground provides a sense of scale and distance from the viewer.	16668720108.png	The image depicts a stylized, artistic representation of a cloudy sky. The clouds are large, fluffy, and white, with some gray tones, suggesting a mix of sun and shadow. They are layered and appear to be in various stages of formation, with some clouds appearing denser and more defined than others. The sky is a clear blue, providing a stark contrast to the white clouds. There is no visible text in the image. The style of the image is illustrative, with a focus on the clouds and the sky, rather than a realistic depiction.
жер мен көктей	Кісі менен кісінің арасы жер мен көктей.		13742054940.png	The image features two stylized, cartoon-like animals. On the left is a black cat with a gray underbelly and a white chest, and on the right is a large, orange dog with a white chest and a brown nose. Both animals are wearing orange collars with a small orange bell. The cat has a small, black tail, and the dog has a long, fluffy tail. They are standing close to each other, facing the viewer, and appear to be smiling. There is no visible text in the image.	10285727617.png	The image is a stylized illustration of a yin-yang symbol, which is a representation of dualism or the concept of two opposite or interrelated things. The yin side of the symbol is dark, with a large, fiery planet and a smaller planet with a ring system. The yang side is light, with a white, fluffy cloud and a smaller planet with a ring system. The planets are depicted with a warm, orange glow, suggesting they are either suns or planets with a fiery atmosphere. The background is a gradient of dark to light, giving the impression of a night sky transitioning to a day sky. There is no visible text in the image. The style of the illustration is cartoonish and colorful, with a playful and imaginative quality.	57071659223.png	The image depicts a stylized, artistic representation of a mountain landscape. The mountain is prominently featured in the center, with a peak that appears to be dusted with snow. The mountain is surrounded by a variety of clouds, some of which are white and fluffy, while others are more wispy and blue. The sky is a light blue, suggesting a clear day.  In the foreground, there is a grassy area with a few scattered rocks and patches of orange flowers. The overall style of the image is illustrative, with a soft, painterly quality to the colors and textures. There is no visible text in the image. The relationship between the objects is that the mountain is the central focus, with the clouds and landscape elements framing it. The grassy area in the foreground provides a sense of scale and distance from the viewer.	16668720108.png	The image depicts a stylized, artistic representation of a cloudy sky. The clouds are large, fluffy, and white, with some gray tones, suggesting a mix of sun and shadow. They are layered and appear to be in various stages of formation, with some clouds appearing denser and more defined than others. The sky is a clear blue, providing a stark contrast to the white clouds. There is no visible text in the image. The style of the image is illustrative, with a focus on the clouds and the sky, rather than a realistic depiction.	11127674791.png	The image features a stylized, cartoon-like depiction of a ladybug. The ladybug is predominantly orange with black spots and antennae. It has six legs and is shown in a walking pose. The background is plain white, which contrasts with the vivid colors of the ladybug. There is no visible text in the image. The style of the image is illustrative and appears to be designed for a digital medium, possibly for a game or an app.
Ауызбен орақ оратын адам	Ол істен гөрі сөзге үйір, нағыз ауызбен орақ оратын адам.		33448456007.png	The image is a digital illustration featuring two animated characters in a stylized setting. On the left, there is a character with short brown hair, wearing a white shirt with a black tie, black pants, and brown shoes. This character is seated at a small round table with a brown tablecloth, holding a book and looking down with a concerned expression. On the right, there is another character with short brown hair, wearing a black suit with a white shirt and a black tie, and black shoes. This character is standing and leaning over the table, holding a pen and looking at the first character with a serious expression. The background is a beige wall with a pattern of brown lines and dots. There is no visible text in the image.	18949657816.png	The image shows a stylized illustration of a plant with a prominent stalk and a cluster of elongated, orange-yellow seed pods at the top. The seed pods are arranged in a spiral pattern, giving the impression of a plant in motion or being blown by the wind. The background is a plain, light color, which contrasts with the vibrant color of the plant. There is no visible text in the image. The style of the illustration is digital and appears to be a 3D rendering with a focus on color and form.	11948957185.png	The image is a digital illustration depicting a social scene in a bar or pub. There are three animated characters engaged in conversation. The character on the left is a woman with brown hair, wearing a white top and black pants, with her arms crossed. She is looking towards the man in the center, who is gesturing with his hands while speaking. The man in the center has short brown hair, is wearing a brown leather jacket over a white shirt, and has a slight smile. To his right is another man with short dark hair, wearing a white shirt and dark pants, who is also smiling and appears to be listening to the conversation.  In the background, there is a bar counter with a few items on it, including a glass of beer and a bottle. Above the counter, there are two hanging light fixtures. On the wall behind the counter, there is a television screen displaying what appears to be a sports event. The overall atmosphere suggests a casual, friendly gathering. There is no visible text in the image.	25061514785.png	The image depicts an animated character, an elderly man with a white beard and mustache, wearing a cowboy hat and a brown outfit. He is seated on a wooden chair with a backrest, which is positioned on a wooden floor. The man is engaged in a crafting activity, using a hammer to work on a piece of wood on a wooden table. Scattered around the table are various tools and materials, including nails, a saw, and a piece of wood. The character is also wearing brown boots. In the foreground, there is a pile of sawdust on the floor, and a wooden stool is visible to the left of the chair. The background is plain white, emphasizing the character and his surroundings. There is no visible text in the image.	70879898361.png	The image depicts an animated character, a young boy, who appears to be in a field of wheat. The boy is wearing a straw hat and has a large, exaggerated smile. He is holding a large stalk of wheat in his right hand, which is raised to his mouth as if he is about to eat it. The wheat is golden and appears to be in motion, with several grains flying around the boy's head. The boy is dressed in a simple outfit consisting of a white shirt, a dark tie, and dark pants. The background is a plain white, which contrasts with the boy and the wheat, making them the focal point of the image. There is no visible text in the image. The style of the image is cartoonish and whimsical, with a focus on the character's joyful expression and the dynamic movement of the wheat.
Ауызбен орақ оратын адам	Ауызбен орақ орғаннан гөрі нақты іске көшейік, бауырлар		25061514785.png	The image depicts an animated character, an elderly man with a white beard and mustache, wearing a cowboy hat and a brown outfit. He is seated on a wooden chair with a backrest, which is positioned on a wooden floor. The man is engaged in a crafting activity, using a hammer to work on a piece of wood on a wooden table. Scattered around the table are various tools and materials, including nails, a saw, and a piece of wood. The character is also wearing brown boots. In the foreground, there is a pile of sawdust on the floor, and a wooden stool is visible to the left of the chair. The background is plain white, emphasizing the character and his surroundings. There is no visible text in the image.	18949657816.png	The image shows a stylized illustration of a plant with a prominent stalk and a cluster of elongated, orange-yellow seed pods at the top. The seed pods are arranged in a spiral pattern, giving the impression of a plant in motion or being blown by the wind. The background is a plain, light color, which contrasts with the vibrant color of the plant. There is no visible text in the image. The style of the illustration is digital and appears to be a 3D rendering with a focus on color and form.	33448456007.png	The image is a digital illustration featuring two animated characters in a stylized setting. On the left, there is a character with short brown hair, wearing a white shirt with a black tie, black pants, and brown shoes. This character is seated at a small round table with a brown tablecloth, holding a book and looking down with a concerned expression. On the right, there is another character with short brown hair, wearing a black suit with a white shirt and a black tie, and black shoes. This character is standing and leaning over the table, holding a pen and looking at the first character with a serious expression. The background is a beige wall with a pattern of brown lines and dots. There is no visible text in the image.	70879898361.png	The image depicts an animated character, a young boy, who appears to be in a field of wheat. The boy is wearing a straw hat and has a large, exaggerated smile. He is holding a large stalk of wheat in his right hand, which is raised to his mouth as if he is about to eat it. The wheat is golden and appears to be in motion, with several grains flying around the boy's head. The boy is dressed in a simple outfit consisting of a white shirt, a dark tie, and dark pants. The background is a plain white, which contrasts with the boy and the wheat, making them the focal point of the image. There is no visible text in the image. The style of the image is cartoonish and whimsical, with a focus on the character's joyful expression and the dynamic movement of the wheat.	11948957185.png	The image is a digital illustration depicting a social scene in a bar or pub. There are three animated characters engaged in conversation. The character on the left is a woman with brown hair, wearing a white top and black pants, with her arms crossed. She is looking towards the man in the center, who is gesturing with his hands while speaking. The man in the center has short brown hair, is wearing a brown leather jacket over a white shirt, and has a slight smile. To his right is another man with short dark hair, wearing a white shirt and dark pants, who is also smiling and appears to be listening to the conversation.  In the background, there is a bar counter with a few items on it, including a glass of beer and a bottle. Above the counter, there are two hanging light fixtures. On the wall behind the counter, there is a television screen displaying what appears to be a sports event. The overall atmosphere suggests a casual, friendly gathering. There is no visible text in the image.
банан республикасы	Фильмдегі оқиға ойдан шығарылған Банан Республикасында өтеді, онда бәрі күн сайын мейрам мен төңкеріс арасында өмір сүреді.		53901044812.png	The image depicts a stylized, cartoon-like illustration of a three-story house with a fire truck parked in front. The house has a gray roof and is painted in shades of orange and brown. There are three windows visible on the second floor, and the third floor has a balcony with a railing. On the balcony, there are two firefighters in orange and yellow uniforms, one of whom is holding a hose. The fire truck is orange and white, with a ladder on the side and a hose reel on the front. In front of the house, there is a fire hydrant and a small tree. The firefighters are standing on the ground, and one of them is pointing upwards. There is no visible text in the image.	69314867004.png	The image features a 3D animated character that resembles a squash with human-like features. The character has a large, round body with a yellowish skin texture, and it is wearing glasses with a black frame and a mustache. It has a large, brown stem on top of its head, which is also adorned with a small, green leaf. The character is dressed in a white shirt with a collar and a brown belt, and it is holding a rolled-up piece of paper in its right hand. The paper appears to have some text on it, but the text is not legible in the image. The character is also wearing a cape that is draped over its left shoulder. The background of the image is plain and white, which contrasts with the character and highlights its details.	95118101237.png	The image features a stylized illustration of a dessert dish. At the center is a large scoop of vanilla ice cream with a chocolate sauce drizzled on top. Surrounding the ice cream are several cherries with stems, and interspersed among the cherries are slices of banana. The dish is presented on a plate with a scalloped edge, and the background is plain white. There is no visible text in the image. The style of the illustration is cartoonish and colorful, with a focus on the dessert's visual appeal.	52344417272.png	The image features two animated characters, both dressed in business attire. The character on the left is wearing a gray suit, a red tie, and sunglasses, and is holding a card with a green logo. The character on the right is wearing a black suit with a red and yellow emblem on the chest, a red tie, and sunglasses. Both characters are smiling and appear to be engaged in a friendly exchange, with the character on the right holding out a card with a green logo that matches the one the other character is holding. The background is plain white.	39147327212.png	The image depicts a cartoon of a man standing at a podium. He is dressed in a suit with a tie and appears to be speaking or gesturing. The man has short hair and is wearing a microphone. Behind him is a circular platform with a dark base and a lighter top. On the podium, there is a circular emblem with a design that includes a shield and a star. The background is plain white. There is no visible text in the image.
банан республикасы	Президенттің ұшағы қонғанда, әуежайда Банан Республикасының туы ілініп тұрды, ал оркестр салтанатты марш ойнады.		95118101237.png	The image features a stylized illustration of a dessert dish. At the center is a large scoop of vanilla ice cream with a chocolate sauce drizzled on top. Surrounding the ice cream are several cherries with stems, and interspersed among the cherries are slices of banana. The dish is presented on a plate with a scalloped edge, and the background is plain white. There is no visible text in the image. The style of the illustration is cartoonish and colorful, with a focus on the dessert's visual appeal.	53901044812.png	The image depicts a stylized, cartoon-like illustration of a three-story house with a fire truck parked in front. The house has a gray roof and is painted in shades of orange and brown. There are three windows visible on the second floor, and the third floor has a balcony with a railing. On the balcony, there are two firefighters in orange and yellow uniforms, one of whom is holding a hose. The fire truck is orange and white, with a ladder on the side and a hose reel on the front. In front of the house, there is a fire hydrant and a small tree. The firefighters are standing on the ground, and one of them is pointing upwards. There is no visible text in the image.	52344417272.png	The image features two animated characters, both dressed in business attire. The character on the left is wearing a gray suit, a red tie, and sunglasses, and is holding a card with a green logo. The character on the right is wearing a black suit with a red and yellow emblem on the chest, a red tie, and sunglasses. Both characters are smiling and appear to be engaged in a friendly exchange, with the character on the right holding out a card with a green logo that matches the one the other character is holding. The background is plain white.	69314867004.png	The image features a 3D animated character that resembles a squash with human-like features. The character has a large, round body with a yellowish skin texture, and it is wearing glasses with a black frame and a mustache. It has a large, brown stem on top of its head, which is also adorned with a small, green leaf. The character is dressed in a white shirt with a collar and a brown belt, and it is holding a rolled-up piece of paper in its right hand. The paper appears to have some text on it, but the text is not legible in the image. The character is also wearing a cape that is draped over its left shoulder. The background of the image is plain and white, which contrasts with the character and highlights its details.	39147327212.png	The image depicts a cartoon of a man standing at a podium. He is dressed in a suit with a tie and appears to be speaking or gesturing. The man has short hair and is wearing a microphone. Behind him is a circular platform with a dark base and a lighter top. On the podium, there is a circular emblem with a design that includes a shield and a star. The background is plain white. There is no visible text in the image.
батпаққа батқан	Кешке дейін төсекте жатып, батпаққа батқандай қозғала алмай жатырмын		58997361641.png	The image depicts a stylized, cartoon-like illustration of a pig lying down on a bed of soil with plants sprouting around it. The pig has a content expression, with its eyes closed and a slight smile. It has a large, round body with a mix of orange and brown fur, and its ears are pointed upwards. The pig's tail is curled up at the end. The background is plain white, which contrasts with the pig and the soil. There is no visible text in the image.	10176985881.png	The image features a stylized, cartoon-like depiction of a rabbit. The rabbit is standing upright on its hind legs, with its front paws resting on its thighs. It has a round body, large ears, and a fluffy, orange-brown fur. The rabbit's eyes are black and it has a small, pink nose. The background is a dark, solid color, providing a stark contrast to the rabbit's fur. There are green leaves and branches around the rabbit, suggesting a natural setting. The image is likely a digital illustration or a piece of concept art.	46827917179.png	The image depicts a stylized illustration of an orange tabby cat. The cat is sitting with its front paws tucked under its body and its tail curled around its back legs. It has prominent stripes and spots, typical of a tabby pattern, with a mix of orange and black colors. The cat's eyes are wide open, and it appears to be looking directly at the viewer. The background is plain and does not provide any additional context or details. There is no visible text in the image. The style of the illustration is reminiscent of a digital painting with a soft, almost watercolor-like texture.	65807820692.png	The image features a stylized, animated character that resembles a pig. The pig has a large head with prominent ears, a small snout with a pink nose, and large, round, black eyes. Its fur appears soft and fluffy, with a mix of light and darker shades. The pig is wearing a brown collar around its neck. The background is a plain, light gray color. There is no visible text in the image. The style of the image is cartoonish and appears to be designed for a film or animation project.	48406866496.png	The image features a cartoon depiction of a hippopotamus partially submerged in water. The hippo has a large, round head with prominent eyes and a wide, open mouth. It has a dark brown body with lighter brown spots, and its ears are visible on top of its head. The water around the hippo is murky, and there are small orange butterflies floating near its head. The background is a plain, light gray color. There is no visible text in the image.
батпаққа батқан	Қатты шаршағандықтан, орындықтан тұра алмай, батпаққа батқан адамдай отыр.		10176985881.png	The image features a stylized, cartoon-like depiction of a rabbit. The rabbit is standing upright on its hind legs, with its front paws resting on its thighs. It has a round body, large ears, and a fluffy, orange-brown fur. The rabbit's eyes are black and it has a small, pink nose. The background is a dark, solid color, providing a stark contrast to the rabbit's fur. There are green leaves and branches around the rabbit, suggesting a natural setting. The image is likely a digital illustration or a piece of concept art.	58997361641.png	The image depicts a stylized, cartoon-like illustration of a pig lying down on a bed of soil with plants sprouting around it. The pig has a content expression, with its eyes closed and a slight smile. It has a large, round body with a mix of orange and brown fur, and its ears are pointed upwards. The pig's tail is curled up at the end. The background is plain white, which contrasts with the pig and the soil. There is no visible text in the image.	48406866496.png	The image features a cartoon depiction of a hippopotamus partially submerged in water. The hippo has a large, round head with prominent eyes and a wide, open mouth. It has a dark brown body with lighter brown spots, and its ears are visible on top of its head. The water around the hippo is murky, and there are small orange butterflies floating near its head. The background is a plain, light gray color. There is no visible text in the image.	65807820692.png	The image features a stylized, animated character that resembles a pig. The pig has a large head with prominent ears, a small snout with a pink nose, and large, round, black eyes. Its fur appears soft and fluffy, with a mix of light and darker shades. The pig is wearing a brown collar around its neck. The background is a plain, light gray color. There is no visible text in the image. The style of the image is cartoonish and appears to be designed for a film or animation project.	46827917179.png	The image depicts a stylized illustration of an orange tabby cat. The cat is sitting with its front paws tucked under its body and its tail curled around its back legs. It has prominent stripes and spots, typical of a tabby pattern, with a mix of orange and black colors. The cat's eyes are wide open, and it appears to be looking directly at the viewer. The background is plain and does not provide any additional context or details. There is no visible text in the image. The style of the illustration is reminiscent of a digital painting with a soft, almost watercolor-like texture.
батпаққа батқан	Маңғыстауда батпаққа батқан ботаны Ұлттық ұлан сарбаздары шығарып алды, деп телеарнасы хабарлайды		48406866496.png	The image features a cartoon depiction of a hippopotamus partially submerged in water. The hippo has a large, round head with prominent eyes and a wide, open mouth. It has a dark brown body with lighter brown spots, and its ears are visible on top of its head. The water around the hippo is murky, and there are small orange butterflies floating near its head. The background is a plain, light gray color. There is no visible text in the image.	58997361641.png	The image depicts a stylized, cartoon-like illustration of a pig lying down on a bed of soil with plants sprouting around it. The pig has a content expression, with its eyes closed and a slight smile. It has a large, round body with a mix of orange and brown fur, and its ears are pointed upwards. The pig's tail is curled up at the end. The background is plain white, which contrasts with the pig and the soil. There is no visible text in the image.	65807820692.png	The image features a stylized, animated character that resembles a pig. The pig has a large head with prominent ears, a small snout with a pink nose, and large, round, black eyes. Its fur appears soft and fluffy, with a mix of light and darker shades. The pig is wearing a brown collar around its neck. The background is a plain, light gray color. There is no visible text in the image. The style of the image is cartoonish and appears to be designed for a film or animation project.	46827917179.png	The image depicts a stylized illustration of an orange tabby cat. The cat is sitting with its front paws tucked under its body and its tail curled around its back legs. It has prominent stripes and spots, typical of a tabby pattern, with a mix of orange and black colors. The cat's eyes are wide open, and it appears to be looking directly at the viewer. The background is plain and does not provide any additional context or details. There is no visible text in the image. The style of the illustration is reminiscent of a digital painting with a soft, almost watercolor-like texture.	10176985881.png	The image features a stylized, cartoon-like depiction of a rabbit. The rabbit is standing upright on its hind legs, with its front paws resting on its thighs. It has a round body, large ears, and a fluffy, orange-brown fur. The rabbit's eyes are black and it has a small, pink nose. The background is a dark, solid color, providing a stark contrast to the rabbit's fur. There are green leaves and branches around the rabbit, suggesting a natural setting. The image is likely a digital illustration or a piece of concept art.
батпаққа батқан	Астанада кей ауданның тұрғындары үшін батпаққа батқан көше мен есік алдына шығу мұңға айналып отыр.		48406866496.png	The image features a cartoon depiction of a hippopotamus partially submerged in water. The hippo has a large, round head with prominent eyes and a wide, open mouth. It has a dark brown body with lighter brown spots, and its ears are visible on top of its head. The water around the hippo is murky, and there are small orange butterflies floating near its head. The background is a plain, light gray color. There is no visible text in the image.	58997361641.png	The image depicts a stylized, cartoon-like illustration of a pig lying down on a bed of soil with plants sprouting around it. The pig has a content expression, with its eyes closed and a slight smile. It has a large, round body with a mix of orange and brown fur, and its ears are pointed upwards. The pig's tail is curled up at the end. The background is plain white, which contrasts with the pig and the soil. There is no visible text in the image.	10176985881.png	The image features a stylized, cartoon-like depiction of a rabbit. The rabbit is standing upright on its hind legs, with its front paws resting on its thighs. It has a round body, large ears, and a fluffy, orange-brown fur. The rabbit's eyes are black and it has a small, pink nose. The background is a dark, solid color, providing a stark contrast to the rabbit's fur. There are green leaves and branches around the rabbit, suggesting a natural setting. The image is likely a digital illustration or a piece of concept art.	65807820692.png	The image features a stylized, animated character that resembles a pig. The pig has a large head with prominent ears, a small snout with a pink nose, and large, round, black eyes. Its fur appears soft and fluffy, with a mix of light and darker shades. The pig is wearing a brown collar around its neck. The background is a plain, light gray color. There is no visible text in the image. The style of the image is cartoonish and appears to be designed for a film or animation project.	46827917179.png	The image depicts a stylized illustration of an orange tabby cat. The cat is sitting with its front paws tucked under its body and its tail curled around its back legs. It has prominent stripes and spots, typical of a tabby pattern, with a mix of orange and black colors. The cat's eyes are wide open, and it appears to be looking directly at the viewer. The background is plain and does not provide any additional context or details. There is no visible text in the image. The style of the illustration is reminiscent of a digital painting with a soft, almost watercolor-like texture.
аю нарығы	Соңғы айларда қор биржасында аю нарығы орнап, акциялардың бағасы күрт құлдырады		16223009601.png	The image depicts an animated character, a man with a beard and mustache, wearing a wide-brimmed hat and a backpack. He is crouched in a hole in the ground, with dirt and grass around him. The character has a surprised or shocked expression on his face. The style of the image is cartoonish and appears to be a digital illustration.	71275335119.png	The image depicts an animated scene with a man in a suit and a bear in a cage. The man is standing to the right of the cage, extending his left hand towards the bear. He appears to be speaking, as suggested by the open mouth and raised eyebrows. The bear is a large, brown creature with a friendly expression, looking towards the man with its mouth slightly open. The cage is a simple, metal structure with a visible lock on the door. There is no visible text in the image. The style of the image is cartoonish, with a focus on the interaction between the man and the bear.	56467934286.png	The image shows a computer monitor displaying a stock market ticker with various financial figures and percentages. The numbers are in green and red, indicating positive and negative changes in the market. The ticker includes columns with numerical values and percentages, likely representing stock prices and their changes. The monitor is turned on and is displaying a real-time financial update.	96239441881.png	The image depicts a stylized, cartoon-like illustration of a food stand. The stand has a black roof with orange stripes and a black countertop. On the countertop, there are various food items such as bread, fruits, and possibly some meat or fish. Above the counter, there are three circular displays with different food items, including what appears to be a bowl of soup, a plate of carrots, and a plate of what could be a meat dish.  On the left side of the stand, there are bottles that might contain condiments or beverages. The stand is staffed by two animated characters, one on each side. The character on the left is standing behind the counter, smiling, and appears to be a male with short hair. The character on the right is also standing behind the counter, smiling, and seems to be a female with short hair.  The background is plain white, which contrasts with the colorful food items and the black and orange stand. There is no visible text in the image. The style of the image is reminiscent of a children's book or a graphic design for a children's game or app.	77258813493.png	The image is a digital illustration of a cartoon-style male character with brown hair and glasses. He is wearing a white shirt and a black tie, and appears to be in a state of distress or concern. The character is holding a smartphone to his ear, suggesting he is on a call. Behind him is a large screen displaying various financial charts and graphs, including stock prices and graphs, with red and green arrows indicating fluctuations. The overall setting suggests a financial or stock market environment. There is no visible text in the image.
аю нарығы	Инвесторлар аю нарығының ұзаққа созылуынан қауіптеніп, өз активтерін жаппай сатып жатыр		71275335119.png	The image depicts an animated scene with a man in a suit and a bear in a cage. The man is standing to the right of the cage, extending his left hand towards the bear. He appears to be speaking, as suggested by the open mouth and raised eyebrows. The bear is a large, brown creature with a friendly expression, looking towards the man with its mouth slightly open. The cage is a simple, metal structure with a visible lock on the door. There is no visible text in the image. The style of the image is cartoonish, with a focus on the interaction between the man and the bear.	16223009601.png	The image depicts an animated character, a man with a beard and mustache, wearing a wide-brimmed hat and a backpack. He is crouched in a hole in the ground, with dirt and grass around him. The character has a surprised or shocked expression on his face. The style of the image is cartoonish and appears to be a digital illustration.	77258813493.png	The image is a digital illustration of a cartoon-style male character with brown hair and glasses. He is wearing a white shirt and a black tie, and appears to be in a state of distress or concern. The character is holding a smartphone to his ear, suggesting he is on a call. Behind him is a large screen displaying various financial charts and graphs, including stock prices and graphs, with red and green arrows indicating fluctuations. The overall setting suggests a financial or stock market environment. There is no visible text in the image.	56467934286.png	The image shows a computer monitor displaying a stock market ticker with various financial figures and percentages. The numbers are in green and red, indicating positive and negative changes in the market. The ticker includes columns with numerical values and percentages, likely representing stock prices and their changes. The monitor is turned on and is displaying a real-time financial update.	96239441881.png	The image depicts a stylized, cartoon-like illustration of a food stand. The stand has a black roof with orange stripes and a black countertop. On the countertop, there are various food items such as bread, fruits, and possibly some meat or fish. Above the counter, there are three circular displays with different food items, including what appears to be a bowl of soup, a plate of carrots, and a plate of what could be a meat dish.  On the left side of the stand, there are bottles that might contain condiments or beverages. The stand is staffed by two animated characters, one on each side. The character on the left is standing behind the counter, smiling, and appears to be a male with short hair. The character on the right is also standing behind the counter, smiling, and seems to be a female with short hair.  The background is plain white, which contrasts with the colorful food items and the black and orange stand. There is no visible text in the image. The style of the image is reminiscent of a children's book or a graphic design for a children's game or app.
аю нарығы	Орман маңындағы жәрмеңкеде аңшылар тірі аюларын сатып тұрған — нағыз аю нарығы сияқты		56467934286.png	The image shows a computer monitor displaying a stock market ticker with various financial figures and percentages. The numbers are in green and red, indicating positive and negative changes in the market. The ticker includes columns with numerical values and percentages, likely representing stock prices and their changes. The monitor is turned on and is displaying a real-time financial update.	71275335119.png	The image depicts an animated scene with a man in a suit and a bear in a cage. The man is standing to the right of the cage, extending his left hand towards the bear. He appears to be speaking, as suggested by the open mouth and raised eyebrows. The bear is a large, brown creature with a friendly expression, looking towards the man with its mouth slightly open. The cage is a simple, metal structure with a visible lock on the door. There is no visible text in the image. The style of the image is cartoonish, with a focus on the interaction between the man and the bear.	77258813493.png	The image is a digital illustration of a cartoon-style male character with brown hair and glasses. He is wearing a white shirt and a black tie, and appears to be in a state of distress or concern. The character is holding a smartphone to his ear, suggesting he is on a call. Behind him is a large screen displaying various financial charts and graphs, including stock prices and graphs, with red and green arrows indicating fluctuations. The overall setting suggests a financial or stock market environment. There is no visible text in the image.	96239441881.png	The image depicts a stylized, cartoon-like illustration of a food stand. The stand has a black roof with orange stripes and a black countertop. On the countertop, there are various food items such as bread, fruits, and possibly some meat or fish. Above the counter, there are three circular displays with different food items, including what appears to be a bowl of soup, a plate of carrots, and a plate of what could be a meat dish.  On the left side of the stand, there are bottles that might contain condiments or beverages. The stand is staffed by two animated characters, one on each side. The character on the left is standing behind the counter, smiling, and appears to be a male with short hair. The character on the right is also standing behind the counter, smiling, and seems to be a female with short hair.  The background is plain white, which contrasts with the colorful food items and the black and orange stand. There is no visible text in the image. The style of the image is reminiscent of a children's book or a graphic design for a children's game or app.	16223009601.png	The image depicts an animated character, a man with a beard and mustache, wearing a wide-brimmed hat and a backpack. He is crouched in a hole in the ground, with dirt and grass around him. The character has a surprised or shocked expression on his face. The style of the image is cartoonish and appears to be a digital illustration.
аю нарығы	Көктемгі аңшылар базары аю нарығына айналып, жұрт аң терісін саудалап жатты		71275335119.png	The image depicts an animated scene with a man in a suit and a bear in a cage. The man is standing to the right of the cage, extending his left hand towards the bear. He appears to be speaking, as suggested by the open mouth and raised eyebrows. The bear is a large, brown creature with a friendly expression, looking towards the man with its mouth slightly open. The cage is a simple, metal structure with a visible lock on the door. There is no visible text in the image. The style of the image is cartoonish, with a focus on the interaction between the man and the bear.	96239441881.png	The image depicts a stylized, cartoon-like illustration of a food stand. The stand has a black roof with orange stripes and a black countertop. On the countertop, there are various food items such as bread, fruits, and possibly some meat or fish. Above the counter, there are three circular displays with different food items, including what appears to be a bowl of soup, a plate of carrots, and a plate of what could be a meat dish.  On the left side of the stand, there are bottles that might contain condiments or beverages. The stand is staffed by two animated characters, one on each side. The character on the left is standing behind the counter, smiling, and appears to be a male with short hair. The character on the right is also standing behind the counter, smiling, and seems to be a female with short hair.  The background is plain white, which contrasts with the colorful food items and the black and orange stand. There is no visible text in the image. The style of the image is reminiscent of a children's book or a graphic design for a children's game or app.	56467934286.png	The image shows a computer monitor displaying a stock market ticker with various financial figures and percentages. The numbers are in green and red, indicating positive and negative changes in the market. The ticker includes columns with numerical values and percentages, likely representing stock prices and their changes. The monitor is turned on and is displaying a real-time financial update.	77258813493.png	The image is a digital illustration of a cartoon-style male character with brown hair and glasses. He is wearing a white shirt and a black tie, and appears to be in a state of distress or concern. The character is holding a smartphone to his ear, suggesting he is on a call. Behind him is a large screen displaying various financial charts and graphs, including stock prices and graphs, with red and green arrows indicating fluctuations. The overall setting suggests a financial or stock market environment. There is no visible text in the image.	16223009601.png	The image depicts an animated character, a man with a beard and mustache, wearing a wide-brimmed hat and a backpack. He is crouched in a hole in the ground, with dirt and grass around him. The character has a surprised or shocked expression on his face. The style of the image is cartoonish and appears to be a digital illustration.
сауық-сайран	25-ші рет ұйымдастырылған сауық-сайранға, биыл жұлдыздар жұп-жұбымен қатысуды жөн көрген		53183337401.png	The image depicts an animated character, a woman with brown hair tied in a bun, seated at a wooden table. She is wearing a brown apron and a gray shirt. The woman is holding a pair of chopsticks and appears to be eating from a black bowl filled with a colorful dish that includes orange and green elements. On the table, there are two more bowls, one containing a similar dish and the other with a different food item. There are also two cups, one with a yellow liquid and the other with a clear liquid. The table is set on a carpeted floor, and the background is plain white. The style of the image is illustrative, with a focus on a warm, inviting atmosphere.	17243800205.png	The image depicts a stylized, cartoon-like illustration of a young boy sitting at a desk. He is wearing a black jacket, green pants, and orange shoes. The boy is focused on a large computer monitor in front of him, which displays a colorful user interface with various icons and windows. To the left of the monitor, there is a small orange box with a camera and a microphone on top. The boy's posture suggests he is engaged in using the computer. The background is plain white, emphasizing the subject. There is no visible text in the image.	16325889178.png	The image features three stylized, animated lions. The largest lion is on the left, with a dark mane and a lighter body. The middle lion is smaller and has a lighter mane and a darker body. The smallest lion is on the right, with a light mane and a light body. They all have expressive eyes and are standing close together. There is no visible text in the image.	39820543721.png	The image depicts a warm and festive scene of a family gathered around a dining table for a meal. The table is set with a variety of dishes, including a roasted turkey, and is adorned with a centerpiece of flowers. The family members are seated on chairs around the table, engaged in conversation and enjoying their time together.  The family consists of a diverse group of individuals, each with their own unique appearance. They are dressed in a mix of casual and formal attire, suggesting a relaxed yet special occasion. The expressions on their faces convey joy and togetherness, indicative of a happy family gathering.  The image is a digital illustration, characterized by its clean lines and vibrant colors. The art style is cartoonish, with a focus on simplicity and clarity. The background is a solid dark color, which contrasts with the lighter tones of the family and the table setting, making the subjects stand out.  There is no visible text in the image. The relationships between the family members are not explicitly stated, but the image conveys a sense of familial bond and shared happiness. The image does not provide any additional context or information about the location or the time of day. The focus is solely on the family and their shared moment of togetherness.	67250103193.png	The image depicts an illustration of a person sitting under a large tree with orange leaves. The person is wearing an orange dress and is holding a book. The tree is surrounded by a few fallen leaves, and the ground appears to be a pathway. The background is a plain, light color, providing a contrast to the tree and the person. There is no visible text in the image. The style of the illustration is cartoonish and colorful, with a focus on the warm tones of the tree and leaves.
сауық-сайран	Көпшілік сауық-сайраны наурыз мерекесінде ерекше көңілді өтті, барлық адамдар би билеп, ән салды.		17243800205.png	The image depicts a stylized, cartoon-like illustration of a young boy sitting at a desk. He is wearing a black jacket, green pants, and orange shoes. The boy is focused on a large computer monitor in front of him, which displays a colorful user interface with various icons and windows. To the left of the monitor, there is a small orange box with a camera and a microphone on top. The boy's posture suggests he is engaged in using the computer. The background is plain white, emphasizing the subject. There is no visible text in the image.	16325889178.png	The image features three stylized, animated lions. The largest lion is on the left, with a dark mane and a lighter body. The middle lion is smaller and has a lighter mane and a darker body. The smallest lion is on the right, with a light mane and a light body. They all have expressive eyes and are standing close together. There is no visible text in the image.	67250103193.png	The image depicts an illustration of a person sitting under a large tree with orange leaves. The person is wearing an orange dress and is holding a book. The tree is surrounded by a few fallen leaves, and the ground appears to be a pathway. The background is a plain, light color, providing a contrast to the tree and the person. There is no visible text in the image. The style of the illustration is cartoonish and colorful, with a focus on the warm tones of the tree and leaves.	39820543721.png	The image depicts a warm and festive scene of a family gathered around a dining table for a meal. The table is set with a variety of dishes, including a roasted turkey, and is adorned with a centerpiece of flowers. The family members are seated on chairs around the table, engaged in conversation and enjoying their time together.  The family consists of a diverse group of individuals, each with their own unique appearance. They are dressed in a mix of casual and formal attire, suggesting a relaxed yet special occasion. The expressions on their faces convey joy and togetherness, indicative of a happy family gathering.  The image is a digital illustration, characterized by its clean lines and vibrant colors. The art style is cartoonish, with a focus on simplicity and clarity. The background is a solid dark color, which contrasts with the lighter tones of the family and the table setting, making the subjects stand out.  There is no visible text in the image. The relationships between the family members are not explicitly stated, but the image conveys a sense of familial bond and shared happiness. The image does not provide any additional context or information about the location or the time of day. The focus is solely on the family and their shared moment of togetherness.	53183337401.png	The image depicts an animated character, a woman with brown hair tied in a bun, seated at a wooden table. She is wearing a brown apron and a gray shirt. The woman is holding a pair of chopsticks and appears to be eating from a black bowl filled with a colorful dish that includes orange and green elements. On the table, there are two more bowls, one containing a similar dish and the other with a different food item. There are also two cups, one with a yellow liquid and the other with a clear liquid. The table is set on a carpeted floor, and the background is plain white. The style of the image is illustrative, with a focus on a warm, inviting atmosphere.
атқамінер	Қаладағы жоғары атқамінерлер тағы да жаңа жоба жайлы шешім қабылдай алмады		74928229542.png	The image depicts an animated scene where a man is leading a black horse by a chain. The horse is adorned with orange chains and a bridle, and it has a flowing mane. The man is dressed in a brown suit and a yellow scarf, and he is smiling. The background is plain white, emphasizing the subjects. There is no visible text in the image. The man and the horse are the main focus, with the man holding the horse's reins and the horse walking forward. The image is stylized with a cartoon-like quality.	72103462937.png	The image features a cartoon of a man standing at a podium. He is dressed in a suit with a tie and is holding a microphone in his right hand. The man has short hair and is smiling. The background is plain white. There is no visible text in the image.	60140206197.png	"The image features two animated characters, both male, standing side by side. They are dressed in white polo shirts with orange stripes on the sleeves and black pants with white stripes down the sides. The character on the left is pointing his finger at the other, who is looking to his right with a neutral expression. Both characters are wearing white caps with a red ""V"" logo on the front. The character on the right has a small amount of grass growing from the ground near his feet. There is no visible text in the image. The style of the image is cartoonish with a limited color palette."	65543637694.png	The image depicts an animated scene with a young girl and a brown horse. The girl, wearing an orange top with a polka dot pattern and dark pants, is holding a bowl of food in her right hand. She is standing on the left side of the image, looking up at the horse. The horse, with a black mane and tail, is on the right side of the image, bending its head over a fence to eat from the girl's bowl. The fence is made of wooden posts with wire strung between them. The background is plain white, emphasizing the subjects. There is no visible text in the image. The style of the image is cartoonish and colorful, with a focus on the interaction between the girl and the horse.	99265362257.png	The image depicts an animated character with long brown hair, wearing a large, brown wizard's hat adorned with polka dots and orange leaves. The character is standing on a grassy hill with a rocky base, surrounded by various mushrooms and flowers. In the background, there is a cloud and a bird flying. The style of the image is whimsical and cartoonish.
атқамінер	Сол кездегі облыс атқамінерлері уәде беріп, кейін бәрін ұмытып кетті.		72103462937.png	The image features a cartoon of a man standing at a podium. He is dressed in a suit with a tie and is holding a microphone in his right hand. The man has short hair and is smiling. The background is plain white. There is no visible text in the image.	74928229542.png	The image depicts an animated scene where a man is leading a black horse by a chain. The horse is adorned with orange chains and a bridle, and it has a flowing mane. The man is dressed in a brown suit and a yellow scarf, and he is smiling. The background is plain white, emphasizing the subjects. There is no visible text in the image. The man and the horse are the main focus, with the man holding the horse's reins and the horse walking forward. The image is stylized with a cartoon-like quality.	60140206197.png	"The image features two animated characters, both male, standing side by side. They are dressed in white polo shirts with orange stripes on the sleeves and black pants with white stripes down the sides. The character on the left is pointing his finger at the other, who is looking to his right with a neutral expression. Both characters are wearing white caps with a red ""V"" logo on the front. The character on the right has a small amount of grass growing from the ground near his feet. There is no visible text in the image. The style of the image is cartoonish with a limited color palette."	65543637694.png	The image depicts an animated scene with a young girl and a brown horse. The girl, wearing an orange top with a polka dot pattern and dark pants, is holding a bowl of food in her right hand. She is standing on the left side of the image, looking up at the horse. The horse, with a black mane and tail, is on the right side of the image, bending its head over a fence to eat from the girl's bowl. The fence is made of wooden posts with wire strung between them. The background is plain white, emphasizing the subjects. There is no visible text in the image. The style of the image is cartoonish and colorful, with a focus on the interaction between the girl and the horse.	99265362257.png	The image depicts an animated character with long brown hair, wearing a large, brown wizard's hat adorned with polka dots and orange leaves. The character is standing on a grassy hill with a rocky base, surrounded by various mushrooms and flowers. In the background, there is a cloud and a bird flying. The style of the image is whimsical and cartoonish.
атқамінер	Жарыс басталар алдында әрбір атқамінер өз тұлпарын тексеріп, ер-тұрманын бекітіп алды		74928229542.png	The image depicts an animated scene where a man is leading a black horse by a chain. The horse is adorned with orange chains and a bridle, and it has a flowing mane. The man is dressed in a brown suit and a yellow scarf, and he is smiling. The background is plain white, emphasizing the subjects. There is no visible text in the image. The man and the horse are the main focus, with the man holding the horse's reins and the horse walking forward. The image is stylized with a cartoon-like quality.	65543637694.png	The image depicts an animated scene with a young girl and a brown horse. The girl, wearing an orange top with a polka dot pattern and dark pants, is holding a bowl of food in her right hand. She is standing on the left side of the image, looking up at the horse. The horse, with a black mane and tail, is on the right side of the image, bending its head over a fence to eat from the girl's bowl. The fence is made of wooden posts with wire strung between them. The background is plain white, emphasizing the subjects. There is no visible text in the image. The style of the image is cartoonish and colorful, with a focus on the interaction between the girl and the horse.	72103462937.png	The image features a cartoon of a man standing at a podium. He is dressed in a suit with a tie and is holding a microphone in his right hand. The man has short hair and is smiling. The background is plain white. There is no visible text in the image.	60140206197.png	"The image features two animated characters, both male, standing side by side. They are dressed in white polo shirts with orange stripes on the sleeves and black pants with white stripes down the sides. The character on the left is pointing his finger at the other, who is looking to his right with a neutral expression. Both characters are wearing white caps with a red ""V"" logo on the front. The character on the right has a small amount of grass growing from the ground near his feet. There is no visible text in the image. The style of the image is cartoonish with a limited color palette."	99265362257.png	The image depicts an animated character with long brown hair, wearing a large, brown wizard's hat adorned with polka dots and orange leaves. The character is standing on a grassy hill with a rocky base, surrounded by various mushrooms and flowers. In the background, there is a cloud and a bird flying. The style of the image is whimsical and cartoonish.
атқамінер	Ауылдың ең мықты атқамінерлері бәйгеге қатысуға дайындалды		65543637694.png	The image depicts an animated scene with a young girl and a brown horse. The girl, wearing an orange top with a polka dot pattern and dark pants, is holding a bowl of food in her right hand. She is standing on the left side of the image, looking up at the horse. The horse, with a black mane and tail, is on the right side of the image, bending its head over a fence to eat from the girl's bowl. The fence is made of wooden posts with wire strung between them. The background is plain white, emphasizing the subjects. There is no visible text in the image. The style of the image is cartoonish and colorful, with a focus on the interaction between the girl and the horse.	60140206197.png	"The image features two animated characters, both male, standing side by side. They are dressed in white polo shirts with orange stripes on the sleeves and black pants with white stripes down the sides. The character on the left is pointing his finger at the other, who is looking to his right with a neutral expression. Both characters are wearing white caps with a red ""V"" logo on the front. The character on the right has a small amount of grass growing from the ground near his feet. There is no visible text in the image. The style of the image is cartoonish with a limited color palette."	72103462937.png	The image features a cartoon of a man standing at a podium. He is dressed in a suit with a tie and is holding a microphone in his right hand. The man has short hair and is smiling. The background is plain white. There is no visible text in the image.	74928229542.png	The image depicts an animated scene where a man is leading a black horse by a chain. The horse is adorned with orange chains and a bridle, and it has a flowing mane. The man is dressed in a brown suit and a yellow scarf, and he is smiling. The background is plain white, emphasizing the subjects. There is no visible text in the image. The man and the horse are the main focus, with the man holding the horse's reins and the horse walking forward. The image is stylized with a cartoon-like quality.	99265362257.png	The image depicts an animated character with long brown hair, wearing a large, brown wizard's hat adorned with polka dots and orange leaves. The character is standing on a grassy hill with a rocky base, surrounded by various mushrooms and flowers. In the background, there is a cloud and a bird flying. The style of the image is whimsical and cartoonish.
биіктен қарау	Жаңа қызметке көтерілген соң, бұрынғы достарына биіктен қарай сөйлейтін болды		73819825977.png	The image is a digital illustration featuring three cartoon characters. On the left, a girl with brown hair is sitting on a tree branch. She is wearing an orange top and has a small bird perched on her shoulder. On the right, a boy with brown hair is sitting on a rock, wearing a green sweater and brown shoes. Next to him, a girl with brown hair is sitting on the ground, wearing a yellow top and brown shoes. The tree has a few leaves and a small bird is flying in the background. The characters are smiling and appear to be enjoying a peaceful moment outdoors.	66189903467.png	The image features a stylized illustration of a black cat with large, expressive eyes and a playful expression. The cat is sitting on a white surface and appears to be interacting with a cartoonish orange fish with a white belly and fins. The fish is being held by the cat's paw, and the cat's mouth is open as if it is about to take a bite. The cat is also holding a small green plant with large leaves in its other paw. The background is plain white, emphasizing the subjects. There is no visible text in the image. The style of the illustration is whimsical and cartoonish, with a focus on bright colors and exaggerated features.	70048386047.png	The image depicts an animated scene of a person in a parachute suit, seemingly in mid-air, with a cityscape in the background. The parachutist is wearing an orange suit with a helmet and is holding onto a parachute that is predominantly orange with a white stripe at the bottom. The parachute is open and appears to be in full deployment.  The cityscape includes tall buildings with various architectural styles, including a prominent dome-shaped building with a flag on top. There are trees and a flag on a pole in the foreground, suggesting a park or public space. The sky is clear, and the overall style of the image is cartoonish with a flat perspective. There is no visible text in the image.	86529862579.png	The image depicts a stylized, futuristic scene with a central circular structure that appears to be a control or command center. This structure is illuminated from the center, creating a bright, glowing effect. Surrounding the central structure are multiple smaller circles, each containing a person seated at a desk with a computer monitor. These individuals are depicted in a simplified, cartoon-like manner.  The background is dark, with numerous small, colorful circles scattered throughout, suggesting a digital or virtual environment. The overall impression is one of a high-tech, possibly space-themed, control room or command center. There is no visible text in the image.	52549129749.png	The image depicts a stylized illustration of a person standing on a floating platform in space. The platform is supported by four black metal poles and is adorned with a map of a city, which is surrounded by a body of water. The cityscape includes various buildings and landmarks, such as a bridge and a tower. Above the platform, there is a large, dark planet with a ring system, and smaller celestial bodies like moons and stars are scattered around it. The person on the platform is wearing an orange safety vest and is holding a tablet, possibly reading or using it. The overall style of the image is cartoonish and whimsical, with a limited color palette that emphasizes the contrast between the dark space background and the brightly colored city and platform.
биіктен қарау	Биіктен қарау үшін, не бай болу керек,не білімді болу керек		66189903467.png	The image features a stylized illustration of a black cat with large, expressive eyes and a playful expression. The cat is sitting on a white surface and appears to be interacting with a cartoonish orange fish with a white belly and fins. The fish is being held by the cat's paw, and the cat's mouth is open as if it is about to take a bite. The cat is also holding a small green plant with large leaves in its other paw. The background is plain white, emphasizing the subjects. There is no visible text in the image. The style of the illustration is whimsical and cartoonish, with a focus on bright colors and exaggerated features.	73819825977.png	The image is a digital illustration featuring three cartoon characters. On the left, a girl with brown hair is sitting on a tree branch. She is wearing an orange top and has a small bird perched on her shoulder. On the right, a boy with brown hair is sitting on a rock, wearing a green sweater and brown shoes. Next to him, a girl with brown hair is sitting on the ground, wearing a yellow top and brown shoes. The tree has a few leaves and a small bird is flying in the background. The characters are smiling and appear to be enjoying a peaceful moment outdoors.	86529862579.png	The image depicts a stylized, futuristic scene with a central circular structure that appears to be a control or command center. This structure is illuminated from the center, creating a bright, glowing effect. Surrounding the central structure are multiple smaller circles, each containing a person seated at a desk with a computer monitor. These individuals are depicted in a simplified, cartoon-like manner.  The background is dark, with numerous small, colorful circles scattered throughout, suggesting a digital or virtual environment. The overall impression is one of a high-tech, possibly space-themed, control room or command center. There is no visible text in the image.	52549129749.png	The image depicts a stylized illustration of a person standing on a floating platform in space. The platform is supported by four black metal poles and is adorned with a map of a city, which is surrounded by a body of water. The cityscape includes various buildings and landmarks, such as a bridge and a tower. Above the platform, there is a large, dark planet with a ring system, and smaller celestial bodies like moons and stars are scattered around it. The person on the platform is wearing an orange safety vest and is holding a tablet, possibly reading or using it. The overall style of the image is cartoonish and whimsical, with a limited color palette that emphasizes the contrast between the dark space background and the brightly colored city and platform.	70048386047.png	The image depicts an animated scene of a person in a parachute suit, seemingly in mid-air, with a cityscape in the background. The parachutist is wearing an orange suit with a helmet and is holding onto a parachute that is predominantly orange with a white stripe at the bottom. The parachute is open and appears to be in full deployment.  The cityscape includes tall buildings with various architectural styles, including a prominent dome-shaped building with a flag on top. There are trees and a flag on a pole in the foreground, suggesting a park or public space. The sky is clear, and the overall style of the image is cartoonish with a flat perspective. There is no visible text in the image.
биіктен қарау	Турист тау шыңына шығып, бүкіл алқапқа биіктен қарап, әсем көрініске тамсанды		70048386047.png	The image depicts an animated scene of a person in a parachute suit, seemingly in mid-air, with a cityscape in the background. The parachutist is wearing an orange suit with a helmet and is holding onto a parachute that is predominantly orange with a white stripe at the bottom. The parachute is open and appears to be in full deployment.  The cityscape includes tall buildings with various architectural styles, including a prominent dome-shaped building with a flag on top. There are trees and a flag on a pole in the foreground, suggesting a park or public space. The sky is clear, and the overall style of the image is cartoonish with a flat perspective. There is no visible text in the image.	66189903467.png	The image features a stylized illustration of a black cat with large, expressive eyes and a playful expression. The cat is sitting on a white surface and appears to be interacting with a cartoonish orange fish with a white belly and fins. The fish is being held by the cat's paw, and the cat's mouth is open as if it is about to take a bite. The cat is also holding a small green plant with large leaves in its other paw. The background is plain white, emphasizing the subjects. There is no visible text in the image. The style of the illustration is whimsical and cartoonish, with a focus on bright colors and exaggerated features.	86529862579.png	The image depicts a stylized, futuristic scene with a central circular structure that appears to be a control or command center. This structure is illuminated from the center, creating a bright, glowing effect. Surrounding the central structure are multiple smaller circles, each containing a person seated at a desk with a computer monitor. These individuals are depicted in a simplified, cartoon-like manner.  The background is dark, with numerous small, colorful circles scattered throughout, suggesting a digital or virtual environment. The overall impression is one of a high-tech, possibly space-themed, control room or command center. There is no visible text in the image.	52549129749.png	The image depicts a stylized illustration of a person standing on a floating platform in space. The platform is supported by four black metal poles and is adorned with a map of a city, which is surrounded by a body of water. The cityscape includes various buildings and landmarks, such as a bridge and a tower. Above the platform, there is a large, dark planet with a ring system, and smaller celestial bodies like moons and stars are scattered around it. The person on the platform is wearing an orange safety vest and is holding a tablet, possibly reading or using it. The overall style of the image is cartoonish and whimsical, with a limited color palette that emphasizes the contrast between the dark space background and the brightly colored city and platform.	73819825977.png	The image is a digital illustration featuring three cartoon characters. On the left, a girl with brown hair is sitting on a tree branch. She is wearing an orange top and has a small bird perched on her shoulder. On the right, a boy with brown hair is sitting on a rock, wearing a green sweater and brown shoes. Next to him, a girl with brown hair is sitting on the ground, wearing a yellow top and brown shoes. The tree has a few leaves and a small bird is flying in the background. The characters are smiling and appear to be enjoying a peaceful moment outdoors.
биіктен қарау	Ұшқыш ұшақтың терезесінен жерге биіктен қарап, өз қаласын таныды		52549129749.png	The image depicts a stylized illustration of a person standing on a floating platform in space. The platform is supported by four black metal poles and is adorned with a map of a city, which is surrounded by a body of water. The cityscape includes various buildings and landmarks, such as a bridge and a tower. Above the platform, there is a large, dark planet with a ring system, and smaller celestial bodies like moons and stars are scattered around it. The person on the platform is wearing an orange safety vest and is holding a tablet, possibly reading or using it. The overall style of the image is cartoonish and whimsical, with a limited color palette that emphasizes the contrast between the dark space background and the brightly colored city and platform.	86529862579.png	The image depicts a stylized, futuristic scene with a central circular structure that appears to be a control or command center. This structure is illuminated from the center, creating a bright, glowing effect. Surrounding the central structure are multiple smaller circles, each containing a person seated at a desk with a computer monitor. These individuals are depicted in a simplified, cartoon-like manner.  The background is dark, with numerous small, colorful circles scattered throughout, suggesting a digital or virtual environment. The overall impression is one of a high-tech, possibly space-themed, control room or command center. There is no visible text in the image.	66189903467.png	The image features a stylized illustration of a black cat with large, expressive eyes and a playful expression. The cat is sitting on a white surface and appears to be interacting with a cartoonish orange fish with a white belly and fins. The fish is being held by the cat's paw, and the cat's mouth is open as if it is about to take a bite. The cat is also holding a small green plant with large leaves in its other paw. The background is plain white, emphasizing the subjects. There is no visible text in the image. The style of the illustration is whimsical and cartoonish, with a focus on bright colors and exaggerated features.	73819825977.png	The image is a digital illustration featuring three cartoon characters. On the left, a girl with brown hair is sitting on a tree branch. She is wearing an orange top and has a small bird perched on her shoulder. On the right, a boy with brown hair is sitting on a rock, wearing a green sweater and brown shoes. Next to him, a girl with brown hair is sitting on the ground, wearing a yellow top and brown shoes. The tree has a few leaves and a small bird is flying in the background. The characters are smiling and appear to be enjoying a peaceful moment outdoors.	70048386047.png	The image depicts an animated scene of a person in a parachute suit, seemingly in mid-air, with a cityscape in the background. The parachutist is wearing an orange suit with a helmet and is holding onto a parachute that is predominantly orange with a white stripe at the bottom. The parachute is open and appears to be in full deployment.  The cityscape includes tall buildings with various architectural styles, including a prominent dome-shaped building with a flag on top. There are trees and a flag on a pole in the foreground, suggesting a park or public space. The sky is clear, and the overall style of the image is cartoonish with a flat perspective. There is no visible text in the image.
қара нарық	Су ресурстары және ирригация министрлігі судың қара нарығы үшін жауапкершілікті күшейтеді		80650705852.png	The image depicts two animated characters, both wearing glasses and lab coats, standing behind a cart with a canopy. The cart is filled with various bottles, suggesting it might be a stand for selling drinks or condiments. The characters are smiling and appear to be in a cheerful mood. The background is plain and does not provide any additional context. There is no visible text in the image. The style of the image is cartoonish and colorful, with a focus on friendly and approachable characters.	19143235694.png	"The image depicts a stylized, cartoon-like representation of a traditional Japanese storefront. The store has a black roof with orange lanterns hanging from the eaves. A wooden sign with the text ""Souvenir Shop"" is mounted on the front of the building. The storefront features a large orange awning with white stripes.  In front of the store, there is a wooden stand with various items for sale, including what appears to be traditional Japanese snacks and souvenirs. The stand is adorned with potted plants and additional orange lanterns. On the left side of the image, there is a wooden stand with a large orange lantern and a smaller one with a face, which is a common decoration in Japanese stores.  The image is a digital illustration with a clean, white background, and it is designed to be colorful and appealing, likely for commercial or decorative purposes."	60391956214.png	The image is a digital illustration featuring a cartoon boy standing on the right side, smiling and looking towards the viewer. He has dark hair, a brown jacket, and is wearing a tie. To his left, there is a collection of various military-related items. These include a missile with an orange tip, a rocket with a pointed nose, a bomb with a black body and orange stripes, a grenade with a yellow body and orange stripes, a gun with a black barrel and orange accents, a tank with a gray body and a black turret, and a helicopter with a green body and a black rotor. There are also two suitcases with brown straps and a yellow star on the side. The items are arranged in a grid-like pattern, and the boy appears to be posing with them. There is no visible text in the image.	49095806240.png	The image is a digital illustration featuring two animated characters. On the left, there is an older man with a mustache, wearing an orange apron, sitting in a barber chair. He is holding a pair of scissors and appears to be a barber. On the right, there is a younger man with a beard and glasses, wearing a brown shirt and brown pants. He is standing and holding a pair of pliers. The setting includes a barber chair, a wooden table with various barber tools, and a brick wall in the background. There is no visible text in the image.	73814670122.png	The image is a digital illustration featuring two stylized male characters. The character on the left is wearing sunglasses, a suit, and is holding a stack of papers. The character on the right is wearing glasses, a suit, and is holding a brown bag. Both characters appear to be engaged in a conversation or transaction, as suggested by the handshake between them. There is no visible text in the image. The style of the illustration is cartoonish and simplistic, with a limited color palette and a flat design aesthetic.
қара нарық	Косметологияның қара нарығы заңды қатайтып, бақылауды күшейтуді талап етеді		73814670122.png	The image is a digital illustration featuring two stylized male characters. The character on the left is wearing sunglasses, a suit, and is holding a stack of papers. The character on the right is wearing glasses, a suit, and is holding a brown bag. Both characters appear to be engaged in a conversation or transaction, as suggested by the handshake between them. There is no visible text in the image. The style of the illustration is cartoonish and simplistic, with a limited color palette and a flat design aesthetic.	60391956214.png	The image is a digital illustration featuring a cartoon boy standing on the right side, smiling and looking towards the viewer. He has dark hair, a brown jacket, and is wearing a tie. To his left, there is a collection of various military-related items. These include a missile with an orange tip, a rocket with a pointed nose, a bomb with a black body and orange stripes, a grenade with a yellow body and orange stripes, a gun with a black barrel and orange accents, a tank with a gray body and a black turret, and a helicopter with a green body and a black rotor. There are also two suitcases with brown straps and a yellow star on the side. The items are arranged in a grid-like pattern, and the boy appears to be posing with them. There is no visible text in the image.	80650705852.png	The image depicts two animated characters, both wearing glasses and lab coats, standing behind a cart with a canopy. The cart is filled with various bottles, suggesting it might be a stand for selling drinks or condiments. The characters are smiling and appear to be in a cheerful mood. The background is plain and does not provide any additional context. There is no visible text in the image. The style of the image is cartoonish and colorful, with a focus on friendly and approachable characters.	19143235694.png	"The image depicts a stylized, cartoon-like representation of a traditional Japanese storefront. The store has a black roof with orange lanterns hanging from the eaves. A wooden sign with the text ""Souvenir Shop"" is mounted on the front of the building. The storefront features a large orange awning with white stripes.  In front of the store, there is a wooden stand with various items for sale, including what appears to be traditional Japanese snacks and souvenirs. The stand is adorned with potted plants and additional orange lanterns. On the left side of the image, there is a wooden stand with a large orange lantern and a smaller one with a face, which is a common decoration in Japanese stores.  The image is a digital illustration with a clean, white background, and it is designed to be colorful and appealing, likely for commercial or decorative purposes."	49095806240.png	The image is a digital illustration featuring two animated characters. On the left, there is an older man with a mustache, wearing an orange apron, sitting in a barber chair. He is holding a pair of scissors and appears to be a barber. On the right, there is a younger man with a beard and glasses, wearing a brown shirt and brown pants. He is standing and holding a pair of pliers. The setting includes a barber chair, a wooden table with various barber tools, and a brick wall in the background. There is no visible text in the image.
жасырын операция	тежеуді алып тасту дегеніміз — нақты ресурсты пайдаланудың аяқталғандығын процесс арқылы көрсететін жасырын операция		42386003998.png	The image depicts an animated character peeking out from behind a brick wall. The character is wearing a black hat and glasses with yellow lenses. The character's face is partially obscured by the hat and glasses, and only the eyes and nose are visible. The character's hand is visible, holding onto the brick wall. The background is dark, emphasizing the character and the brick wall. There is no visible text in the image.	38416496180.png	The image features a stylized, anthropomorphic orange and white cat with a friendly expression. The cat is wearing a black jersey with the number 7 and a white soccer ball in its paws. It appears to be in motion, with leaves and a splash of water around it, suggesting a playful or energetic scene. The cat's fur is fluffy and its eyes are closed, giving it a content and joyful appearance.	27091854404.png	The image features two stylized, cartoon-like characters. On the left, there is a character wearing a suit with an orange jacket, a white shirt, a black tie, and a black mask with a mustache. This character is holding a cane with a feather on top. On the right, there is another character wearing a suit with a black jacket, a white shirt, a black tie, and a black mask with a mustache. This character is holding a woven basket. Both characters are depicted in a three-quarter view, facing towards the right side of the image. There is no visible text in the image.	20612381636.png	The image depicts three children peeking over a wooden fence. The child on the left is wearing an orange dress and has blonde hair. The child in the middle is wearing a brown dress and has brown hair. The child on the right is wearing an orange shirt and shorts, and also has brown hair. They are all looking in the same direction, which is towards the viewer. The background is a simple, light-colored backdrop that does not distract from the children. There is no visible text in the image.	27190094780.png	The image depicts a stylized, animated character that appears to be a young male with a friendly expression. He is wearing a white lab coat with an orange cross on the left side, suggesting a medical or healthcare profession. The character is seated at a desk with various medical equipment, including a microscope, a centrifuge, and a device that resembles an ECG machine. The character is holding a scalpel and appears to be performing a procedure on a small, anatomical model of a human head. The background is a plain, light gray color, providing a neutral backdrop that highlights the character and the equipment. There is no visible text in the image. The style of the image is cartoonish and appears to be designed for a digital medium, possibly for educational or entertainment purposes.
жасырын операция	Әскери жасырын операцияларды жүзеге асырады арнайы күштер немесе қарулы күштердегі барлау бөлімшелері		20612381636.png	The image depicts three children peeking over a wooden fence. The child on the left is wearing an orange dress and has blonde hair. The child in the middle is wearing a brown dress and has brown hair. The child on the right is wearing an orange shirt and shorts, and also has brown hair. They are all looking in the same direction, which is towards the viewer. The background is a simple, light-colored backdrop that does not distract from the children. There is no visible text in the image.	38416496180.png	The image features a stylized, anthropomorphic orange and white cat with a friendly expression. The cat is wearing a black jersey with the number 7 and a white soccer ball in its paws. It appears to be in motion, with leaves and a splash of water around it, suggesting a playful or energetic scene. The cat's fur is fluffy and its eyes are closed, giving it a content and joyful appearance.	27190094780.png	The image depicts a stylized, animated character that appears to be a young male with a friendly expression. He is wearing a white lab coat with an orange cross on the left side, suggesting a medical or healthcare profession. The character is seated at a desk with various medical equipment, including a microscope, a centrifuge, and a device that resembles an ECG machine. The character is holding a scalpel and appears to be performing a procedure on a small, anatomical model of a human head. The background is a plain, light gray color, providing a neutral backdrop that highlights the character and the equipment. There is no visible text in the image. The style of the image is cartoonish and appears to be designed for a digital medium, possibly for educational or entertainment purposes.	27091854404.png	The image features two stylized, cartoon-like characters. On the left, there is a character wearing a suit with an orange jacket, a white shirt, a black tie, and a black mask with a mustache. This character is holding a cane with a feather on top. On the right, there is another character wearing a suit with a black jacket, a white shirt, a black tie, and a black mask with a mustache. This character is holding a woven basket. Both characters are depicted in a three-quarter view, facing towards the right side of the image. There is no visible text in the image.	42386003998.png	The image depicts an animated character peeking out from behind a brick wall. The character is wearing a black hat and glasses with yellow lenses. The character's face is partially obscured by the hat and glasses, and only the eyes and nose are visible. The character's hand is visible, holding onto the brick wall. The background is dark, emphasizing the character and the brick wall. There is no visible text in the image.
елден ала бөтен	«Сұлулық стандартының» қатарына ілігу үшін пластикалық ота жасайтын хирургтің пышағына ілініп, сыртқы бет-әлпетін өзгертуден қорықпайтын жан құрметті емес, ішкі жан-дүниесін өзгертіп, елден ала бөтен болудан қорықпайтын жан құрметті		95328837544.png	The image is a digital illustration featuring a young boy standing in the center. He has short brown hair, a small nose, and is wearing an orange t-shirt and blue jeans. The boy is looking to the side with a neutral expression. Surrounding him are numerous stylized black figures that appear to be simplified human figures, possibly representing a crowd or a group of people. The figures are uniform in color and design, with no distinguishing features. The background is plain white, which contrasts with the black figures and the boy's orange shirt. There is no visible text in the image. The style of the illustration is cartoonish and appears to be aimed at a younger audience.	86450223805.png	The image is a digital illustration featuring a diverse group of stylized cartoon characters. There are 12 characters in total, evenly divided into two rows of six characters each. The characters are depicted in a simplistic, cartoonish style with exaggerated features and bright colors.  In the top row, from left to right, there is a character with dark hair and a dress, followed by a character with a bun hairstyle and a dress, then a character with glasses and a dress, a character with a bun hairstyle and a dress, a character with glasses and a dress, and a character with a bun hairstyle and a dress.  The bottom row mirrors the top, with a character with dark hair and a dress, followed by a character with a bun hairstyle and a dress, then a character with glasses and a dress, a character with a bun hairstyle and a dress, a character with glasses and a dress, and a character with a bun hairstyle and a dress.  Each character is distinct, with variations in hair color, clothing, and accessories. The characters are standing and facing forward, and there is no visible text in the image. The background is plain and does not provide any additional context or setting.	40109761617.png	"The image features a stylized, cartoon-like depiction of an astronaut standing on a barren, rocky surface. The astronaut is wearing an orange space suit with a clear helmet, and the suit has various patches and insignia, including what appears to be an American flag patch. The astronaut is holding a wooden sign with the word ""STOP"" written on it. The background is a plain, light color, providing a stark contrast to the astronaut and the sign. The overall style of the image is reminiscent of a digital illustration."	19163887376.png	<<SYS>> Respond ONLY in English. Do not use any other language. Be concise and factual. <</SYS>>  [INST]   Describe this image clearly and concisely. Focus on visible objects, any visible text, and relationships. [/INST] The image shows a collection of six animated cat characters, each in a different pose and attire, suggesting a dance theme. The cats are anthropomorphized with human-like clothing and accessories.  Starting from the left, the first cat is wearing a black top hat, a black vest, and a black bow tie, with a white shirt and a black tie. It has a black bow on its head and is dancing with its front paws raised and its tail curled.  The second cat is dressed in a black and orange striped top hat, a black vest, and a black bow tie, with a white shirt and a black tie. It has a black bow on its head and is dancing with its front paws raised and its tail curled.  The third cat is wearing a black top hat, a black vest, and a black bow tie, with a white shirt and a black tie. It has a black bow on its head and is dancing with its front paws raised and its tail curled.  The fourth cat is dressed in a black and orange striped top hat, a black vest, and a black bow tie, with a white shirt and a black tie. It has a black bow on its head and is dancing with its front paws raised and its tail curled.  The fifth cat is wearing a black top hat, a black vest, and a black bow tie, with a white shirt and a black tie. It has a black bow on its head and is dancing with its front paws raised and its tail curled.  The sixth cat is dressed in a black top hat, a black vest, and a black bow tie, with a white shirt and a black tie. It has a black bow on its head and is dancing with its front paws raised and its tail curled.  There is no visible text in the image. The cats are depicted in a cartoon style, with exaggerated features and expressions. The background is plain white, which highlights the characters.	39937416364.png	The image depicts an animated scene of a person sitting on a rock with a view of a small, colorful village. The village is composed of various buildings with different roofs, suggesting a diverse architectural style. The person is wearing an orange shirt and has a contemplative posture, with their legs crossed and their hands resting on their knees. The surrounding environment includes trees, rocks, and a few flowers, indicating a natural setting. The overall style of the image is illustrative, with a limited color palette and a flat design aesthetic. There is no visible text in the image.
елден ала бөтен	Оның елден ала-бөтен бір ерекшелігі бар, ол әрқашан өз ойларын ашық білдіріп, басқаларға да тәуелсіз болуды үйретеді		39937416364.png	The image depicts an animated scene of a person sitting on a rock with a view of a small, colorful village. The village is composed of various buildings with different roofs, suggesting a diverse architectural style. The person is wearing an orange shirt and has a contemplative posture, with their legs crossed and their hands resting on their knees. The surrounding environment includes trees, rocks, and a few flowers, indicating a natural setting. The overall style of the image is illustrative, with a limited color palette and a flat design aesthetic. There is no visible text in the image.	40109761617.png	"The image features a stylized, cartoon-like depiction of an astronaut standing on a barren, rocky surface. The astronaut is wearing an orange space suit with a clear helmet, and the suit has various patches and insignia, including what appears to be an American flag patch. The astronaut is holding a wooden sign with the word ""STOP"" written on it. The background is a plain, light color, providing a stark contrast to the astronaut and the sign. The overall style of the image is reminiscent of a digital illustration."	95328837544.png	The image is a digital illustration featuring a young boy standing in the center. He has short brown hair, a small nose, and is wearing an orange t-shirt and blue jeans. The boy is looking to the side with a neutral expression. Surrounding him are numerous stylized black figures that appear to be simplified human figures, possibly representing a crowd or a group of people. The figures are uniform in color and design, with no distinguishing features. The background is plain white, which contrasts with the black figures and the boy's orange shirt. There is no visible text in the image. The style of the illustration is cartoonish and appears to be aimed at a younger audience.	86450223805.png	The image is a digital illustration featuring a diverse group of stylized cartoon characters. There are 12 characters in total, evenly divided into two rows of six characters each. The characters are depicted in a simplistic, cartoonish style with exaggerated features and bright colors.  In the top row, from left to right, there is a character with dark hair and a dress, followed by a character with a bun hairstyle and a dress, then a character with glasses and a dress, a character with a bun hairstyle and a dress, a character with glasses and a dress, and a character with a bun hairstyle and a dress.  The bottom row mirrors the top, with a character with dark hair and a dress, followed by a character with a bun hairstyle and a dress, then a character with glasses and a dress, a character with a bun hairstyle and a dress, a character with glasses and a dress, and a character with a bun hairstyle and a dress.  Each character is distinct, with variations in hair color, clothing, and accessories. The characters are standing and facing forward, and there is no visible text in the image. The background is plain and does not provide any additional context or setting.	19163887376.png	<<SYS>> Respond ONLY in English. Do not use any other language. Be concise and factual. <</SYS>>  [INST]   Describe this image clearly and concisely. Focus on visible objects, any visible text, and relationships. [/INST] The image shows a collection of six animated cat characters, each in a different pose and attire, suggesting a dance theme. The cats are anthropomorphized with human-like clothing and accessories.  Starting from the left, the first cat is wearing a black top hat, a black vest, and a black bow tie, with a white shirt and a black tie. It has a black bow on its head and is dancing with its front paws raised and its tail curled.  The second cat is dressed in a black and orange striped top hat, a black vest, and a black bow tie, with a white shirt and a black tie. It has a black bow on its head and is dancing with its front paws raised and its tail curled.  The third cat is wearing a black top hat, a black vest, and a black bow tie, with a white shirt and a black tie. It has a black bow on its head and is dancing with its front paws raised and its tail curled.  The fourth cat is dressed in a black and orange striped top hat, a black vest, and a black bow tie, with a white shirt and a black tie. It has a black bow on its head and is dancing with its front paws raised and its tail curled.  The fifth cat is wearing a black top hat, a black vest, and a black bow tie, with a white shirt and a black tie. It has a black bow on its head and is dancing with its front paws raised and its tail curled.  The sixth cat is dressed in a black top hat, a black vest, and a black bow tie, with a white shirt and a black tie. It has a black bow on its head and is dancing with its front paws raised and its tail curled.  There is no visible text in the image. The cats are depicted in a cartoon style, with exaggerated features and expressions. The background is plain white, which highlights the characters.
елден ала бөтен	Бұл ауыл алыста, өзеннің ар жағында орналасқан — нағыз елден ала бөтен жер.		39937416364.png	The image depicts an animated scene of a person sitting on a rock with a view of a small, colorful village. The village is composed of various buildings with different roofs, suggesting a diverse architectural style. The person is wearing an orange shirt and has a contemplative posture, with their legs crossed and their hands resting on their knees. The surrounding environment includes trees, rocks, and a few flowers, indicating a natural setting. The overall style of the image is illustrative, with a limited color palette and a flat design aesthetic. There is no visible text in the image.	95328837544.png	The image is a digital illustration featuring a young boy standing in the center. He has short brown hair, a small nose, and is wearing an orange t-shirt and blue jeans. The boy is looking to the side with a neutral expression. Surrounding him are numerous stylized black figures that appear to be simplified human figures, possibly representing a crowd or a group of people. The figures are uniform in color and design, with no distinguishing features. The background is plain white, which contrasts with the black figures and the boy's orange shirt. There is no visible text in the image. The style of the illustration is cartoonish and appears to be aimed at a younger audience.	40109761617.png	"The image features a stylized, cartoon-like depiction of an astronaut standing on a barren, rocky surface. The astronaut is wearing an orange space suit with a clear helmet, and the suit has various patches and insignia, including what appears to be an American flag patch. The astronaut is holding a wooden sign with the word ""STOP"" written on it. The background is a plain, light color, providing a stark contrast to the astronaut and the sign. The overall style of the image is reminiscent of a digital illustration."	86450223805.png	The image is a digital illustration featuring a diverse group of stylized cartoon characters. There are 12 characters in total, evenly divided into two rows of six characters each. The characters are depicted in a simplistic, cartoonish style with exaggerated features and bright colors.  In the top row, from left to right, there is a character with dark hair and a dress, followed by a character with a bun hairstyle and a dress, then a character with glasses and a dress, a character with a bun hairstyle and a dress, a character with glasses and a dress, and a character with a bun hairstyle and a dress.  The bottom row mirrors the top, with a character with dark hair and a dress, followed by a character with a bun hairstyle and a dress, then a character with glasses and a dress, a character with a bun hairstyle and a dress, a character with glasses and a dress, and a character with a bun hairstyle and a dress.  Each character is distinct, with variations in hair color, clothing, and accessories. The characters are standing and facing forward, and there is no visible text in the image. The background is plain and does not provide any additional context or setting.	19163887376.png	<<SYS>> Respond ONLY in English. Do not use any other language. Be concise and factual. <</SYS>>  [INST]   Describe this image clearly and concisely. Focus on visible objects, any visible text, and relationships. [/INST] The image shows a collection of six animated cat characters, each in a different pose and attire, suggesting a dance theme. The cats are anthropomorphized with human-like clothing and accessories.  Starting from the left, the first cat is wearing a black top hat, a black vest, and a black bow tie, with a white shirt and a black tie. It has a black bow on its head and is dancing with its front paws raised and its tail curled.  The second cat is dressed in a black and orange striped top hat, a black vest, and a black bow tie, with a white shirt and a black tie. It has a black bow on its head and is dancing with its front paws raised and its tail curled.  The third cat is wearing a black top hat, a black vest, and a black bow tie, with a white shirt and a black tie. It has a black bow on its head and is dancing with its front paws raised and its tail curled.  The fourth cat is dressed in a black and orange striped top hat, a black vest, and a black bow tie, with a white shirt and a black tie. It has a black bow on its head and is dancing with its front paws raised and its tail curled.  The fifth cat is wearing a black top hat, a black vest, and a black bow tie, with a white shirt and a black tie. It has a black bow on its head and is dancing with its front paws raised and its tail curled.  The sixth cat is dressed in a black top hat, a black vest, and a black bow tie, with a white shirt and a black tie. It has a black bow on its head and is dancing with its front paws raised and its tail curled.  There is no visible text in the image. The cats are depicted in a cartoon style, with exaggerated features and expressions. The background is plain white, which highlights the characters.
елден ала бөтен	Олар ұзақ жылдар бойы шөлдің ортасындағы шағын қыстауда, елден ала бөтен өмір сүріп келді		95328837544.png	The image is a digital illustration featuring a young boy standing in the center. He has short brown hair, a small nose, and is wearing an orange t-shirt and blue jeans. The boy is looking to the side with a neutral expression. Surrounding him are numerous stylized black figures that appear to be simplified human figures, possibly representing a crowd or a group of people. The figures are uniform in color and design, with no distinguishing features. The background is plain white, which contrasts with the black figures and the boy's orange shirt. There is no visible text in the image. The style of the illustration is cartoonish and appears to be aimed at a younger audience.	39937416364.png	The image depicts an animated scene of a person sitting on a rock with a view of a small, colorful village. The village is composed of various buildings with different roofs, suggesting a diverse architectural style. The person is wearing an orange shirt and has a contemplative posture, with their legs crossed and their hands resting on their knees. The surrounding environment includes trees, rocks, and a few flowers, indicating a natural setting. The overall style of the image is illustrative, with a limited color palette and a flat design aesthetic. There is no visible text in the image.	19163887376.png	<<SYS>> Respond ONLY in English. Do not use any other language. Be concise and factual. <</SYS>>  [INST]   Describe this image clearly and concisely. Focus on visible objects, any visible text, and relationships. [/INST] The image shows a collection of six animated cat characters, each in a different pose and attire, suggesting a dance theme. The cats are anthropomorphized with human-like clothing and accessories.  Starting from the left, the first cat is wearing a black top hat, a black vest, and a black bow tie, with a white shirt and a black tie. It has a black bow on its head and is dancing with its front paws raised and its tail curled.  The second cat is dressed in a black and orange striped top hat, a black vest, and a black bow tie, with a white shirt and a black tie. It has a black bow on its head and is dancing with its front paws raised and its tail curled.  The third cat is wearing a black top hat, a black vest, and a black bow tie, with a white shirt and a black tie. It has a black bow on its head and is dancing with its front paws raised and its tail curled.  The fourth cat is dressed in a black and orange striped top hat, a black vest, and a black bow tie, with a white shirt and a black tie. It has a black bow on its head and is dancing with its front paws raised and its tail curled.  The fifth cat is wearing a black top hat, a black vest, and a black bow tie, with a white shirt and a black tie. It has a black bow on its head and is dancing with its front paws raised and its tail curled.  The sixth cat is dressed in a black top hat, a black vest, and a black bow tie, with a white shirt and a black tie. It has a black bow on its head and is dancing with its front paws raised and its tail curled.  There is no visible text in the image. The cats are depicted in a cartoon style, with exaggerated features and expressions. The background is plain white, which highlights the characters.	86450223805.png	The image is a digital illustration featuring a diverse group of stylized cartoon characters. There are 12 characters in total, evenly divided into two rows of six characters each. The characters are depicted in a simplistic, cartoonish style with exaggerated features and bright colors.  In the top row, from left to right, there is a character with dark hair and a dress, followed by a character with a bun hairstyle and a dress, then a character with glasses and a dress, a character with a bun hairstyle and a dress, a character with glasses and a dress, and a character with a bun hairstyle and a dress.  The bottom row mirrors the top, with a character with dark hair and a dress, followed by a character with a bun hairstyle and a dress, then a character with glasses and a dress, a character with a bun hairstyle and a dress, a character with glasses and a dress, and a character with a bun hairstyle and a dress.  Each character is distinct, with variations in hair color, clothing, and accessories. The characters are standing and facing forward, and there is no visible text in the image. The background is plain and does not provide any additional context or setting.	40109761617.png	"The image features a stylized, cartoon-like depiction of an astronaut standing on a barren, rocky surface. The astronaut is wearing an orange space suit with a clear helmet, and the suit has various patches and insignia, including what appears to be an American flag patch. The astronaut is holding a wooden sign with the word ""STOP"" written on it. The background is a plain, light color, providing a stark contrast to the astronaut and the sign. The overall style of the image is reminiscent of a digital illustration."
жанашыр	Науқас баласына дәрігер ғана емес, жанашыр досы сияқты қарады		46970628333.png	The image depicts an animated scene with a stylized, cartoonish aesthetic. In the foreground, there is a character standing on a pathway. The character has a simplistic design with a round head, large eyes, and a small mouth. They are wearing a yellow shirt and blue pants, and their hair is dark and short.  The character is looking towards a large, bushy plant with a heart shape at its center. The plant is lush and green, with orange and red leaves scattered throughout. The plant's heart shape is prominent and appears to be the focal point of the image.  The background is plain white, which contrasts with the detailed and colorful depiction of the plant and the character. There is no visible text in the image. The relationship between the character and the plant is not clear from the image alone, but the character's gaze suggests a sense of curiosity or interest in the plant.	24488731468.png	The image features a heart-shaped balloon with a textured, orange-yellow surface that appears to be made of a shiny, possibly metallic material. The balloon has a glossy sheen and is adorned with small, red heart-shaped stickers scattered across its surface. It is floating in the air, with a few of the stickers detached and floating around it. The balloon has a stem with a few leaves attached, suggesting it is designed to resemble a plant. The background is a plain, dark gray, which contrasts with the bright color of the balloon. There is no visible text in the image.	23732958543.png	The image depicts a cartoon-style illustration of a young boy sitting on a rock. He is wearing a dark hoodie with an orange patch on the left arm and orange pants. The boy is holding a black game controller with colored buttons. He has brown hair and is smiling. The background is plain white.	46770123040.png	The image depicts two animated characters. On the left, there is a character wearing a brown coat, a brown hat, and brown boots. This character is carrying a large sack on their back and is holding out a loaf of bread on a wooden plate. On the right, there is another character with white hair and a beard, wearing a brown robe and a brown hat. This character is kneeling and appears to be receiving the bread from the first character. The background is plain white. There is no visible text in the image.	97447888585.png	The image depicts an animated scene featuring a young boy with brown hair and a cheerful expression. He is wearing a green shirt and brown pants, and he is holding a small orange chicken. The boy is standing on a dirt ground with several other orange chickens around him. There is a wooden fence in the background, and on top of the fence, there are two black chickens. The boy is smiling and appears to be interacting with the chickens. The style of the image is cartoonish, with a limited color palette and a soft, rounded aesthetic. There is no visible text in the image.
жанашыр	Ауылдағы ең жанашыр адам — бәріне көмектесіп жүретін Айман апай		23732958543.png	The image depicts a cartoon-style illustration of a young boy sitting on a rock. He is wearing a dark hoodie with an orange patch on the left arm and orange pants. The boy is holding a black game controller with colored buttons. He has brown hair and is smiling. The background is plain white.	97447888585.png	The image depicts an animated scene featuring a young boy with brown hair and a cheerful expression. He is wearing a green shirt and brown pants, and he is holding a small orange chicken. The boy is standing on a dirt ground with several other orange chickens around him. There is a wooden fence in the background, and on top of the fence, there are two black chickens. The boy is smiling and appears to be interacting with the chickens. The style of the image is cartoonish, with a limited color palette and a soft, rounded aesthetic. There is no visible text in the image.	46970628333.png	The image depicts an animated scene with a stylized, cartoonish aesthetic. In the foreground, there is a character standing on a pathway. The character has a simplistic design with a round head, large eyes, and a small mouth. They are wearing a yellow shirt and blue pants, and their hair is dark and short.  The character is looking towards a large, bushy plant with a heart shape at its center. The plant is lush and green, with orange and red leaves scattered throughout. The plant's heart shape is prominent and appears to be the focal point of the image.  The background is plain white, which contrasts with the detailed and colorful depiction of the plant and the character. There is no visible text in the image. The relationship between the character and the plant is not clear from the image alone, but the character's gaze suggests a sense of curiosity or interest in the plant.	24488731468.png	The image features a heart-shaped balloon with a textured, orange-yellow surface that appears to be made of a shiny, possibly metallic material. The balloon has a glossy sheen and is adorned with small, red heart-shaped stickers scattered across its surface. It is floating in the air, with a few of the stickers detached and floating around it. The balloon has a stem with a few leaves attached, suggesting it is designed to resemble a plant. The background is a plain, dark gray, which contrasts with the bright color of the balloon. There is no visible text in the image.	46770123040.png	The image depicts two animated characters. On the left, there is a character wearing a brown coat, a brown hat, and brown boots. This character is carrying a large sack on their back and is holding out a loaf of bread on a wooden plate. On the right, there is another character with white hair and a beard, wearing a brown robe and a brown hat. This character is kneeling and appears to be receiving the bread from the first character. The background is plain white. There is no visible text in the image.
ақсүйек	Ақсүйектердің ықпалын шектеді, ал Кеңестік дәуірде Ақсүйек әулетінің өкілдері саяси қуғынға ұшырап, жапа шекті		49309409900.png	The image shows a three-dimensional rendering of a human skeleton. The skeleton is depicted in a standing position with its arms outstretched, giving the impression of movement. The bones are colored in a light orange hue, and the joints are darker, suggesting a simplified color scheme. The background is a plain, light gray color, which contrasts with the skeleton and highlights its details. There is no visible text in the image. The style of the image is illustrative and appears to be designed to showcase the skeletal structure in a clear and educational manner.	94523092263.png	The image depicts a glass of orange liquid, possibly a beverage, with ice cubes. A rusty metal hammer with a wooden handle is inserted into the glass, resting on the ice. The hammer is leaning to the right, and the handle extends out of the glass. The background is plain white, emphasizing the subject. There is no visible text in the image.	67434848821.png	The image shows a three-dimensional rendering of a human femur bone. The bone is depicted in a simplified, smooth form with a glossy finish, giving it a shiny appearance. It is set against a plain, light background that provides a high contrast to the bone. The bone is oriented horizontally and is slightly angled to the right. There is no visible text or other objects in the image. The style of the image is clean and minimalistic, emphasizing the bone's shape and texture.	35813587819.png	The image features a cartoon character of an older man with a mustache and beard. He is wearing glasses and a suit with a vest. The man has a crown on his head and is holding his arms crossed. The background is plain white.	41787777719.png	The image shows a white bird with orange markings on its wings and tail. The bird has a prominent orange beak and feet. It is standing against a plain white background. The bird's eyes are open and it appears to be facing the viewer directly. The style of the image is a digital illustration with a realistic depiction of the bird.
ақсүйек	Ақсүйектердің қатарына жату меритократия қағидаты және мүліктік жағдайды негізінде кез келген адамға жетімді болған		67434848821.png	The image shows a three-dimensional rendering of a human femur bone. The bone is depicted in a simplified, smooth form with a glossy finish, giving it a shiny appearance. It is set against a plain, light background that provides a high contrast to the bone. The bone is oriented horizontally and is slightly angled to the right. There is no visible text or other objects in the image. The style of the image is clean and minimalistic, emphasizing the bone's shape and texture.	49309409900.png	The image shows a three-dimensional rendering of a human skeleton. The skeleton is depicted in a standing position with its arms outstretched, giving the impression of movement. The bones are colored in a light orange hue, and the joints are darker, suggesting a simplified color scheme. The background is a plain, light gray color, which contrasts with the skeleton and highlights its details. There is no visible text in the image. The style of the image is illustrative and appears to be designed to showcase the skeletal structure in a clear and educational manner.	41787777719.png	The image shows a white bird with orange markings on its wings and tail. The bird has a prominent orange beak and feet. It is standing against a plain white background. The bird's eyes are open and it appears to be facing the viewer directly. The style of the image is a digital illustration with a realistic depiction of the bird.	94523092263.png	The image depicts a glass of orange liquid, possibly a beverage, with ice cubes. A rusty metal hammer with a wooden handle is inserted into the glass, resting on the ice. The hammer is leaning to the right, and the handle extends out of the glass. The background is plain white, emphasizing the subject. There is no visible text in the image.	35813587819.png	The image features a cartoon character of an older man with a mustache and beard. He is wearing glasses and a suit with a vest. The man has a crown on his head and is holding his arms crossed. The background is plain white.
ақсүйек	Ақсүйек ойыны тек жарыс пен ептілікті сынау емес, сонымен қатар, жастардың басын қосып, өзара жақын араласуға мүмкіндік беретін дәстүрлі ойын болған		35813587819.png	The image features a cartoon character of an older man with a mustache and beard. He is wearing glasses and a suit with a vest. The man has a crown on his head and is holding his arms crossed. The background is plain white.	67434848821.png	The image shows a three-dimensional rendering of a human femur bone. The bone is depicted in a simplified, smooth form with a glossy finish, giving it a shiny appearance. It is set against a plain, light background that provides a high contrast to the bone. The bone is oriented horizontally and is slightly angled to the right. There is no visible text or other objects in the image. The style of the image is clean and minimalistic, emphasizing the bone's shape and texture.	49309409900.png	The image shows a three-dimensional rendering of a human skeleton. The skeleton is depicted in a standing position with its arms outstretched, giving the impression of movement. The bones are colored in a light orange hue, and the joints are darker, suggesting a simplified color scheme. The background is a plain, light gray color, which contrasts with the skeleton and highlights its details. There is no visible text in the image. The style of the image is illustrative and appears to be designed to showcase the skeletal structure in a clear and educational manner.	41787777719.png	The image shows a white bird with orange markings on its wings and tail. The bird has a prominent orange beak and feet. It is standing against a plain white background. The bird's eyes are open and it appears to be facing the viewer directly. The style of the image is a digital illustration with a realistic depiction of the bird.	94523092263.png	The image depicts a glass of orange liquid, possibly a beverage, with ice cubes. A rusty metal hammer with a wooden handle is inserted into the glass, resting on the ice. The hammer is leaning to the right, and the handle extends out of the glass. The background is plain white, emphasizing the subject. There is no visible text in the image.
ақсүйек	Ақсүйекті тапқан ойыншы дереу өз тобының мүшелеріне дыбыс беріп, сөреге қарай жүгіреді		94523092263.png	The image depicts a glass of orange liquid, possibly a beverage, with ice cubes. A rusty metal hammer with a wooden handle is inserted into the glass, resting on the ice. The hammer is leaning to the right, and the handle extends out of the glass. The background is plain white, emphasizing the subject. There is no visible text in the image.	41787777719.png	The image shows a white bird with orange markings on its wings and tail. The bird has a prominent orange beak and feet. It is standing against a plain white background. The bird's eyes are open and it appears to be facing the viewer directly. The style of the image is a digital illustration with a realistic depiction of the bird.	49309409900.png	The image shows a three-dimensional rendering of a human skeleton. The skeleton is depicted in a standing position with its arms outstretched, giving the impression of movement. The bones are colored in a light orange hue, and the joints are darker, suggesting a simplified color scheme. The background is a plain, light gray color, which contrasts with the skeleton and highlights its details. There is no visible text in the image. The style of the image is illustrative and appears to be designed to showcase the skeletal structure in a clear and educational manner.	67434848821.png	The image shows a three-dimensional rendering of a human femur bone. The bone is depicted in a simplified, smooth form with a glossy finish, giving it a shiny appearance. It is set against a plain, light background that provides a high contrast to the bone. The bone is oriented horizontally and is slightly angled to the right. There is no visible text or other objects in the image. The style of the image is clean and minimalistic, emphasizing the bone's shape and texture.	35813587819.png	The image features a cartoon character of an older man with a mustache and beard. He is wearing glasses and a suit with a vest. The man has a crown on his head and is holding his arms crossed. The background is plain white.
ғұламалардың жылыстауы	Сондай-ақ сұхбатта қазақстандық ғылымның неліктен қиындықтарға тап болғаны, ғұламалардың жылыстауы деген не және жастар шетелде өмір сүруді неге таңдайтыны талқыланды.		68610486368.png	The image depicts a large group of animated characters walking in a line. The characters are diverse in appearance, with various hairstyles, clothing styles, and accessories. Some characters are carrying luggage, and one character is carrying a large crate. The characters are shown from the back, and their expressions are not visible. The background is a simple, light gray sky with a few clouds. There is no visible text in the image. The style of the image is reminiscent of a scene from an animated film or television show.	95314612124.png	The image shows two animated characters sitting at a table. Both characters are wearing hard hats and reflective orange vests, suggesting they are construction workers. They are smiling and appear to be engaged in a conversation. The character on the left has a beard and is holding a pen, while the character on the right is holding a coffee cup. They are seated on chairs, and the table has a few papers and a coffee cup on it. The background is plain white, emphasizing the characters and their interaction. There is no visible text in the image.	71346740703.png	The image depicts three animated characters sitting inside a stylized, orange-colored airplane. The characters are wearing glasses and appear to be scientists or engineers, given their attire and the context of the image. The airplane has a prominent nose cone and is equipped with what seems to be a missile or a similar weapon-like attachment on the front. The characters are smiling and seem to be enjoying the flight. There is no visible text in the image. The style of the image is cartoonish and colorful, with a clear emphasis on the characters and the airplane.	20361437504.png	The image features two animated characters, a male and a female, both dressed in white lab coats and holding what appear to be microscopes. The male character has brown hair, glasses, and is wearing an orange shirt with a name tag. The female character has brown hair, glasses, and is wearing a white shirt with a name tag. Both characters are smiling and standing against a white background. There is no visible text in the image.	17522700763.png	"The image depicts a stylized bottle with a label that reads ""talent"" in a bold, capitalized font. The bottle is tilted to the side, with its contents spilling out onto a white background. The bottle has a cork stopper and a rope tied around its neck. The liquid inside the bottle appears to be a mix of orange and yellow hues, with small black and white skulls floating within it. The overall style of the image is illustrative and cartoonish."
ғұламалардың жылыстауы	Ғұламалардың жылыстауы неғұрлым жағымсыз ұғым ретінде қабылданып жүрсе де кейінгі кезде бұл үдеріске деген қатынас өзгере бастады		95314612124.png	The image shows two animated characters sitting at a table. Both characters are wearing hard hats and reflective orange vests, suggesting they are construction workers. They are smiling and appear to be engaged in a conversation. The character on the left has a beard and is holding a pen, while the character on the right is holding a coffee cup. They are seated on chairs, and the table has a few papers and a coffee cup on it. The background is plain white, emphasizing the characters and their interaction. There is no visible text in the image.	71346740703.png	The image depicts three animated characters sitting inside a stylized, orange-colored airplane. The characters are wearing glasses and appear to be scientists or engineers, given their attire and the context of the image. The airplane has a prominent nose cone and is equipped with what seems to be a missile or a similar weapon-like attachment on the front. The characters are smiling and seem to be enjoying the flight. There is no visible text in the image. The style of the image is cartoonish and colorful, with a clear emphasis on the characters and the airplane.	20361437504.png	The image features two animated characters, a male and a female, both dressed in white lab coats and holding what appear to be microscopes. The male character has brown hair, glasses, and is wearing an orange shirt with a name tag. The female character has brown hair, glasses, and is wearing a white shirt with a name tag. Both characters are smiling and standing against a white background. There is no visible text in the image.	68610486368.png	The image depicts a large group of animated characters walking in a line. The characters are diverse in appearance, with various hairstyles, clothing styles, and accessories. Some characters are carrying luggage, and one character is carrying a large crate. The characters are shown from the back, and their expressions are not visible. The background is a simple, light gray sky with a few clouds. There is no visible text in the image. The style of the image is reminiscent of a scene from an animated film or television show.	17522700763.png	"The image depicts a stylized bottle with a label that reads ""talent"" in a bold, capitalized font. The bottle is tilted to the side, with its contents spilling out onto a white background. The bottle has a cork stopper and a rope tied around its neck. The liquid inside the bottle appears to be a mix of orange and yellow hues, with small black and white skulls floating within it. The overall style of the image is illustrative and cartoonish."
миға жаттығу	Есеп шығару мен жаңа тіл үйрену — миға жақсы жаттығу болады		25470240806.png	The image is a digital illustration of a young boy with brown hair and glasses. He is holding his head with both hands, suggesting a state of confusion or frustration. Surrounding his head are several orange puzzle pieces, which are floating in the air. The puzzle pieces are interconnected, creating a sense of chaos or disarray. The boy's expression is one of concern or worry. There is no visible text in the image. The style of the illustration is cartoonish and colorful, with a focus on the boy and the puzzle pieces.	88811427118.png	The image depicts an illustration of a young boy climbing a tower made of books. The boy is wearing a backpack and has orange hair. The books are stacked in a pyramid shape, with the largest books at the bottom and the smallest at the top. The illustration is stylized with a limited color palette, primarily using shades of brown, orange, and black. The boy appears to be in the process of climbing the tower, with his left hand on the ladder and his right hand on a book. There is no visible text in the image.	56481482853.png	The image features a stylized, anthropomorphic brain character. The brain has a human-like face with eyes and a mouth, and it is wearing a black headband. It has two arms, each holding a black dumbbell. The brain is also wearing a pair of black and yellow sneakers. The background is plain white. There is no visible text in the image.	82602807206.png	The image depicts an animated character lying on a brown mat. The character is wearing glasses, a black shirt, and black pants. They are wrapped in an orange blanket and have a pillow under their head. The character's hair is black and styled in a messy manner. The background is plain white.	87090582311.png	The image features a glass jar with a metal clasp. Inside the jar, there is a vivid illustration of a brain. The brain is depicted in a three-dimensional, realistic style with a warm orange color, and it appears to be floating within the jar. The jar has a brown cork stopper on top. The background of the image is plain white, which contrasts with the jar and the brain illustration. There is no visible text in the image.
миға жаттығу	Күн сайын кроссворд шешу — бұл менің миға жаттығуым		87090582311.png	The image features a glass jar with a metal clasp. Inside the jar, there is a vivid illustration of a brain. The brain is depicted in a three-dimensional, realistic style with a warm orange color, and it appears to be floating within the jar. The jar has a brown cork stopper on top. The background of the image is plain white, which contrasts with the jar and the brain illustration. There is no visible text in the image.	25470240806.png	The image is a digital illustration of a young boy with brown hair and glasses. He is holding his head with both hands, suggesting a state of confusion or frustration. Surrounding his head are several orange puzzle pieces, which are floating in the air. The puzzle pieces are interconnected, creating a sense of chaos or disarray. The boy's expression is one of concern or worry. There is no visible text in the image. The style of the illustration is cartoonish and colorful, with a focus on the boy and the puzzle pieces.	88811427118.png	The image depicts an illustration of a young boy climbing a tower made of books. The boy is wearing a backpack and has orange hair. The books are stacked in a pyramid shape, with the largest books at the bottom and the smallest at the top. The illustration is stylized with a limited color palette, primarily using shades of brown, orange, and black. The boy appears to be in the process of climbing the tower, with his left hand on the ladder and his right hand on a book. There is no visible text in the image.	56481482853.png	The image features a stylized, anthropomorphic brain character. The brain has a human-like face with eyes and a mouth, and it is wearing a black headband. It has two arms, each holding a black dumbbell. The brain is also wearing a pair of black and yellow sneakers. The background is plain white. There is no visible text in the image.	82602807206.png	The image depicts an animated character lying on a brown mat. The character is wearing glasses, a black shirt, and black pants. They are wrapped in an orange blanket and have a pillow under their head. The character's hair is black and styled in a messy manner. The background is plain white.
бетсіз	Сонша өтірікті айтып, тағы да кешірім сұрамай тұра беруі — нағыз бетсіздік қой		87531249663.png	The image features a close-up of a human face with a realistic style. The face is predominantly white with a few visible features such as the eyes, nose, and lips. The eyes are large and expressive, with a brown iris and a black pupil. The nose is straight and thin, and the lips are closed and pink.  The face is covered with a multitude of butterflies, which are depicted in various shades of orange and brown. These butterflies are scattered across the face, creating a pattern that covers the entire visible area of the face. The butterflies are detailed and appear to be in motion, giving the impression that they are flying around the face.  The background of the image is a neutral gray, which contrasts with the warm tones of the butterflies and the skin of the face. The overall effect is a surreal and artistic representation of a human face, with the butterflies adding a whimsical and dreamlike quality to the image.	84649575214.png	The image is a digital illustration featuring two animated characters. On the left is a young boy with dark hair, wearing an orange shirt with a white collar and brown pants. He has a surprised or shocked expression, with his mouth open and eyes wide. On the right is an adult woman with brown hair, wearing an orange shirt and black pants. She has a stern or angry expression, with her mouth open and her hand raised as if to scold or lecture. The woman's posture and expression suggest she is speaking to the boy, who appears to be listening attentively. There is no visible text in the image. The style of the illustration is cartoonish and simplistic, with a limited color palette and clear outlines.	46611611628.png	The image depicts a stylized, cartoon-like bicycle with a variety of items attached to it. The bicycle frame is orange, and it features a basket on the handlebars filled with what appears to be plants and a yellow light on the front. The rear wheel has a basket with a green plant and a brown suitcase. The front wheel has a basket with a blue suitcase and a yellow light on the spokes. The bicycle is parked on a gray surface with a small green plant growing in front of it. There is no visible text in the image.	51128178622.png	The image features a stylized, animated character with a humanoid appearance. The character has a large head with black hair, a prominent nose, and a pair of eyes. The character is wearing a white bandage over the eyes, which is tied around the head. The character is dressed in an orange suit with a white shirt and a black tie. The background is a neutral gray with a subtle pattern. There is no visible text in the image.	42682320765.png	The image is a digital illustration featuring a stylized character in the center. The character is a young male with curly hair, wearing a yellow shirt, gray pants, and orange shoes. He is holding a large orange megaphone to his mouth, suggesting he is speaking or shouting. The character is also wearing a black backpack.  Surrounding the character is a crowd of people, depicted in a simplified, cartoon-like style. The crowd is diverse, with various expressions and poses, and they are holding orange signs or banners. The signs are not legible in the image. The background is plain white, which contrasts with the colorful characters and signs.  The overall impression is that of a public demonstration or event, with the character as a central figure, possibly a speaker or organizer. The use of orange for the character's attire and the crowd's signs creates a unified visual theme.
бетсіз	Бәрін алдап кеткеніне қарамастан, сол бетсіз кеше тағы да көмек сұрап келді		87531249663.png	The image features a close-up of a human face with a realistic style. The face is predominantly white with a few visible features such as the eyes, nose, and lips. The eyes are large and expressive, with a brown iris and a black pupil. The nose is straight and thin, and the lips are closed and pink.  The face is covered with a multitude of butterflies, which are depicted in various shades of orange and brown. These butterflies are scattered across the face, creating a pattern that covers the entire visible area of the face. The butterflies are detailed and appear to be in motion, giving the impression that they are flying around the face.  The background of the image is a neutral gray, which contrasts with the warm tones of the butterflies and the skin of the face. The overall effect is a surreal and artistic representation of a human face, with the butterflies adding a whimsical and dreamlike quality to the image.	46611611628.png	The image depicts a stylized, cartoon-like bicycle with a variety of items attached to it. The bicycle frame is orange, and it features a basket on the handlebars filled with what appears to be plants and a yellow light on the front. The rear wheel has a basket with a green plant and a brown suitcase. The front wheel has a basket with a blue suitcase and a yellow light on the spokes. The bicycle is parked on a gray surface with a small green plant growing in front of it. There is no visible text in the image.	51128178622.png	The image features a stylized, animated character with a humanoid appearance. The character has a large head with black hair, a prominent nose, and a pair of eyes. The character is wearing a white bandage over the eyes, which is tied around the head. The character is dressed in an orange suit with a white shirt and a black tie. The background is a neutral gray with a subtle pattern. There is no visible text in the image.	42682320765.png	The image is a digital illustration featuring a stylized character in the center. The character is a young male with curly hair, wearing a yellow shirt, gray pants, and orange shoes. He is holding a large orange megaphone to his mouth, suggesting he is speaking or shouting. The character is also wearing a black backpack.  Surrounding the character is a crowd of people, depicted in a simplified, cartoon-like style. The crowd is diverse, with various expressions and poses, and they are holding orange signs or banners. The signs are not legible in the image. The background is plain white, which contrasts with the colorful characters and signs.  The overall impression is that of a public demonstration or event, with the character as a central figure, possibly a speaker or organizer. The use of orange for the character's attire and the crowd's signs creates a unified visual theme.	84649575214.png	The image is a digital illustration featuring two animated characters. On the left is a young boy with dark hair, wearing an orange shirt with a white collar and brown pants. He has a surprised or shocked expression, with his mouth open and eyes wide. On the right is an adult woman with brown hair, wearing an orange shirt and black pants. She has a stern or angry expression, with her mouth open and her hand raised as if to scold or lecture. The woman's posture and expression suggest she is speaking to the boy, who appears to be listening attentively. There is no visible text in the image. The style of the illustration is cartoonish and simplistic, with a limited color palette and clear outlines.
бетсіз	Бұл маскалар бетсіз жасалады, сондықтан көрермендер өздерін актерлардың орнында елестете алсын деген мақсатта		84649575214.png	The image is a digital illustration featuring two animated characters. On the left is a young boy with dark hair, wearing an orange shirt with a white collar and brown pants. He has a surprised or shocked expression, with his mouth open and eyes wide. On the right is an adult woman with brown hair, wearing an orange shirt and black pants. She has a stern or angry expression, with her mouth open and her hand raised as if to scold or lecture. The woman's posture and expression suggest she is speaking to the boy, who appears to be listening attentively. There is no visible text in the image. The style of the illustration is cartoonish and simplistic, with a limited color palette and clear outlines.	42682320765.png	The image is a digital illustration featuring a stylized character in the center. The character is a young male with curly hair, wearing a yellow shirt, gray pants, and orange shoes. He is holding a large orange megaphone to his mouth, suggesting he is speaking or shouting. The character is also wearing a black backpack.  Surrounding the character is a crowd of people, depicted in a simplified, cartoon-like style. The crowd is diverse, with various expressions and poses, and they are holding orange signs or banners. The signs are not legible in the image. The background is plain white, which contrasts with the colorful characters and signs.  The overall impression is that of a public demonstration or event, with the character as a central figure, possibly a speaker or organizer. The use of orange for the character's attire and the crowd's signs creates a unified visual theme.	87531249663.png	The image features a close-up of a human face with a realistic style. The face is predominantly white with a few visible features such as the eyes, nose, and lips. The eyes are large and expressive, with a brown iris and a black pupil. The nose is straight and thin, and the lips are closed and pink.  The face is covered with a multitude of butterflies, which are depicted in various shades of orange and brown. These butterflies are scattered across the face, creating a pattern that covers the entire visible area of the face. The butterflies are detailed and appear to be in motion, giving the impression that they are flying around the face.  The background of the image is a neutral gray, which contrasts with the warm tones of the butterflies and the skin of the face. The overall effect is a surreal and artistic representation of a human face, with the butterflies adding a whimsical and dreamlike quality to the image.	51128178622.png	The image features a stylized, animated character with a humanoid appearance. The character has a large head with black hair, a prominent nose, and a pair of eyes. The character is wearing a white bandage over the eyes, which is tied around the head. The character is dressed in an orange suit with a white shirt and a black tie. The background is a neutral gray with a subtle pattern. There is no visible text in the image.	46611611628.png	The image depicts a stylized, cartoon-like bicycle with a variety of items attached to it. The bicycle frame is orange, and it features a basket on the handlebars filled with what appears to be plants and a yellow light on the front. The rear wheel has a basket with a green plant and a brown suitcase. The front wheel has a basket with a blue suitcase and a yellow light on the spokes. The bicycle is parked on a gray surface with a small green plant growing in front of it. There is no visible text in the image.
бетсіз	Психологияда, егер ұйқыда адам барлық адамдарды бетсіз көрсе, бұл оның ешкімге сенбейтінін білдіреді.		42682320765.png	The image is a digital illustration featuring a stylized character in the center. The character is a young male with curly hair, wearing a yellow shirt, gray pants, and orange shoes. He is holding a large orange megaphone to his mouth, suggesting he is speaking or shouting. The character is also wearing a black backpack.  Surrounding the character is a crowd of people, depicted in a simplified, cartoon-like style. The crowd is diverse, with various expressions and poses, and they are holding orange signs or banners. The signs are not legible in the image. The background is plain white, which contrasts with the colorful characters and signs.  The overall impression is that of a public demonstration or event, with the character as a central figure, possibly a speaker or organizer. The use of orange for the character's attire and the crowd's signs creates a unified visual theme.	87531249663.png	The image features a close-up of a human face with a realistic style. The face is predominantly white with a few visible features such as the eyes, nose, and lips. The eyes are large and expressive, with a brown iris and a black pupil. The nose is straight and thin, and the lips are closed and pink.  The face is covered with a multitude of butterflies, which are depicted in various shades of orange and brown. These butterflies are scattered across the face, creating a pattern that covers the entire visible area of the face. The butterflies are detailed and appear to be in motion, giving the impression that they are flying around the face.  The background of the image is a neutral gray, which contrasts with the warm tones of the butterflies and the skin of the face. The overall effect is a surreal and artistic representation of a human face, with the butterflies adding a whimsical and dreamlike quality to the image.	51128178622.png	The image features a stylized, animated character with a humanoid appearance. The character has a large head with black hair, a prominent nose, and a pair of eyes. The character is wearing a white bandage over the eyes, which is tied around the head. The character is dressed in an orange suit with a white shirt and a black tie. The background is a neutral gray with a subtle pattern. There is no visible text in the image.	46611611628.png	The image depicts a stylized, cartoon-like bicycle with a variety of items attached to it. The bicycle frame is orange, and it features a basket on the handlebars filled with what appears to be plants and a yellow light on the front. The rear wheel has a basket with a green plant and a brown suitcase. The front wheel has a basket with a blue suitcase and a yellow light on the spokes. The bicycle is parked on a gray surface with a small green plant growing in front of it. There is no visible text in the image.	84649575214.png	The image is a digital illustration featuring two animated characters. On the left is a young boy with dark hair, wearing an orange shirt with a white collar and brown pants. He has a surprised or shocked expression, with his mouth open and eyes wide. On the right is an adult woman with brown hair, wearing an orange shirt and black pants. She has a stern or angry expression, with her mouth open and her hand raised as if to scold or lecture. The woman's posture and expression suggest she is speaking to the boy, who appears to be listening attentively. There is no visible text in the image. The style of the illustration is cartoonish and simplistic, with a limited color palette and clear outlines.
қабырғаға тірелу	Жобаға қатысты барлық идеялар таусылып, команда мүлде қабырғаға тірелді		44002227038.png	The image features a stylized, cartoon-like depiction of a person. The individual is wearing a black suit with a white shirt and a bright orange tie. They have brown hair and are wearing a blindfold over their eyes. The person's hands are raised to their face, with the fingers of both hands touching the blindfold. The background is a solid dark gray color. There is no visible text in the image. The style of the image is illustrative and appears to be designed for a humorous or satirical purpose.	40967892150.png	The image is a digital illustration featuring two animated characters in a dynamic pose. The character on the left is a young man with brown hair, wearing a dark suit with a white shirt and a yellow tie. He has a surprised or shocked expression on his face, with his mouth open and his eyes wide. The character on the right is a young man with black hair, wearing an orange suit with a white shirt and a striped tie. He has a determined or angry expression, with his mouth open and his eyes focused ahead. He is holding a brown briefcase in his right hand. Both characters are depicted in a running pose, with their arms outstretched and their legs bent at the knees. There is no visible text in the image.	65876511011.png	The image features a stylized, animated character of a man standing to the left of a piece of exercise equipment. The man has a beard and mustache, and is wearing a sleeveless top, shorts, and sneakers. He is smiling and has his arms crossed. The equipment appears to be a weightlifting machine with a stack of weights on the left side and a weight plate on the right. The machine has a black frame with orange accents and features a weight stack with orange and black weights. There is no visible text in the image.	53793960509.png	The image depicts a stylized illustration of a brick wall with a piece missing, revealing a hollow interior. The bricks are rendered in a warm, orange hue with a rough texture. At the base of the wall, there is a small patch of grass and a few scattered rocks. To the right, there is a wooden post with a small hole in the top. The background is a plain, light color, providing a stark contrast to the brick wall. There is no visible text in the image. The overall style is cartoonish and simplistic, with a limited color palette and a focus on geometric shapes.	37167223568.png	The image depicts an animated character, an elderly man with a white beard and mustache, wearing a black coat and an orange scarf. He is crouched down, leaning against a brick wall with a large hole in it. The man appears to be looking into the hole, and there are several bricks scattered on the ground around him. The background is plain and does not provide any additional context. The style of the image is cartoonish and the colors are vibrant.
қабырғаға тірелу	Көп жылдық еңбегінің нәтижесін көрмей, ол өз өмірінде алғаш рет қабырғаға тірелгендей күй кешті.		37167223568.png	The image depicts an animated character, an elderly man with a white beard and mustache, wearing a black coat and an orange scarf. He is crouched down, leaning against a brick wall with a large hole in it. The man appears to be looking into the hole, and there are several bricks scattered on the ground around him. The background is plain and does not provide any additional context. The style of the image is cartoonish and the colors are vibrant.	44002227038.png	The image features a stylized, cartoon-like depiction of a person. The individual is wearing a black suit with a white shirt and a bright orange tie. They have brown hair and are wearing a blindfold over their eyes. The person's hands are raised to their face, with the fingers of both hands touching the blindfold. The background is a solid dark gray color. There is no visible text in the image. The style of the image is illustrative and appears to be designed for a humorous or satirical purpose.	65876511011.png	The image features a stylized, animated character of a man standing to the left of a piece of exercise equipment. The man has a beard and mustache, and is wearing a sleeveless top, shorts, and sneakers. He is smiling and has his arms crossed. The equipment appears to be a weightlifting machine with a stack of weights on the left side and a weight plate on the right. The machine has a black frame with orange accents and features a weight stack with orange and black weights. There is no visible text in the image.	40967892150.png	The image is a digital illustration featuring two animated characters in a dynamic pose. The character on the left is a young man with brown hair, wearing a dark suit with a white shirt and a yellow tie. He has a surprised or shocked expression on his face, with his mouth open and his eyes wide. The character on the right is a young man with black hair, wearing an orange suit with a white shirt and a striped tie. He has a determined or angry expression, with his mouth open and his eyes focused ahead. He is holding a brown briefcase in his right hand. Both characters are depicted in a running pose, with their arms outstretched and their legs bent at the knees. There is no visible text in the image.	53793960509.png	The image depicts a stylized illustration of a brick wall with a piece missing, revealing a hollow interior. The bricks are rendered in a warm, orange hue with a rough texture. At the base of the wall, there is a small patch of grass and a few scattered rocks. To the right, there is a wooden post with a small hole in the top. The background is a plain, light color, providing a stark contrast to the brick wall. There is no visible text in the image. The overall style is cartoonish and simplistic, with a limited color palette and a focus on geometric shapes.
қабырғаға тірелу	Балкон плитасының қабырғаға тірелу 2 нұсқасы бар: қабырғаға консольді тірелу; бөренелер арқылы тірелу		65876511011.png	The image features a stylized, animated character of a man standing to the left of a piece of exercise equipment. The man has a beard and mustache, and is wearing a sleeveless top, shorts, and sneakers. He is smiling and has his arms crossed. The equipment appears to be a weightlifting machine with a stack of weights on the left side and a weight plate on the right. The machine has a black frame with orange accents and features a weight stack with orange and black weights. There is no visible text in the image.	37167223568.png	The image depicts an animated character, an elderly man with a white beard and mustache, wearing a black coat and an orange scarf. He is crouched down, leaning against a brick wall with a large hole in it. The man appears to be looking into the hole, and there are several bricks scattered on the ground around him. The background is plain and does not provide any additional context. The style of the image is cartoonish and the colors are vibrant.	44002227038.png	The image features a stylized, cartoon-like depiction of a person. The individual is wearing a black suit with a white shirt and a bright orange tie. They have brown hair and are wearing a blindfold over their eyes. The person's hands are raised to their face, with the fingers of both hands touching the blindfold. The background is a solid dark gray color. There is no visible text in the image. The style of the image is illustrative and appears to be designed for a humorous or satirical purpose.	40967892150.png	The image is a digital illustration featuring two animated characters in a dynamic pose. The character on the left is a young man with brown hair, wearing a dark suit with a white shirt and a yellow tie. He has a surprised or shocked expression on his face, with his mouth open and his eyes wide. The character on the right is a young man with black hair, wearing an orange suit with a white shirt and a striped tie. He has a determined or angry expression, with his mouth open and his eyes focused ahead. He is holding a brown briefcase in his right hand. Both characters are depicted in a running pose, with their arms outstretched and their legs bent at the knees. There is no visible text in the image.	53793960509.png	The image depicts a stylized illustration of a brick wall with a piece missing, revealing a hollow interior. The bricks are rendered in a warm, orange hue with a rough texture. At the base of the wall, there is a small patch of grass and a few scattered rocks. To the right, there is a wooden post with a small hole in the top. The background is a plain, light color, providing a stark contrast to the brick wall. There is no visible text in the image. The overall style is cartoonish and simplistic, with a limited color palette and a focus on geometric shapes.
қабырғаға тірелу	Қабырғаға тірелу тереңдігі 120 см-ден кем емес, әр қабырғада әр-түрлі.		65876511011.png	The image features a stylized, animated character of a man standing to the left of a piece of exercise equipment. The man has a beard and mustache, and is wearing a sleeveless top, shorts, and sneakers. He is smiling and has his arms crossed. The equipment appears to be a weightlifting machine with a stack of weights on the left side and a weight plate on the right. The machine has a black frame with orange accents and features a weight stack with orange and black weights. There is no visible text in the image.	37167223568.png	The image depicts an animated character, an elderly man with a white beard and mustache, wearing a black coat and an orange scarf. He is crouched down, leaning against a brick wall with a large hole in it. The man appears to be looking into the hole, and there are several bricks scattered on the ground around him. The background is plain and does not provide any additional context. The style of the image is cartoonish and the colors are vibrant.	53793960509.png	The image depicts a stylized illustration of a brick wall with a piece missing, revealing a hollow interior. The bricks are rendered in a warm, orange hue with a rough texture. At the base of the wall, there is a small patch of grass and a few scattered rocks. To the right, there is a wooden post with a small hole in the top. The background is a plain, light color, providing a stark contrast to the brick wall. There is no visible text in the image. The overall style is cartoonish and simplistic, with a limited color palette and a focus on geometric shapes.	44002227038.png	The image features a stylized, cartoon-like depiction of a person. The individual is wearing a black suit with a white shirt and a bright orange tie. They have brown hair and are wearing a blindfold over their eyes. The person's hands are raised to their face, with the fingers of both hands touching the blindfold. The background is a solid dark gray color. There is no visible text in the image. The style of the image is illustrative and appears to be designed for a humorous or satirical purpose.	40967892150.png	The image is a digital illustration featuring two animated characters in a dynamic pose. The character on the left is a young man with brown hair, wearing a dark suit with a white shirt and a yellow tie. He has a surprised or shocked expression on his face, with his mouth open and his eyes wide. The character on the right is a young man with black hair, wearing an orange suit with a white shirt and a striped tie. He has a determined or angry expression, with his mouth open and his eyes focused ahead. He is holding a brown briefcase in his right hand. Both characters are depicted in a running pose, with their arms outstretched and their legs bent at the knees. There is no visible text in the image.
бұқа нарығы	Қор биржасында бұқа нарығы басталып, инвесторлар акцияларды жаппай сатып ала бастады		45176238364.png	The image depicts an animated scene featuring a man and a cow. The man is standing to the right of the cow, with his left arm extended towards the cow. He is wearing a brown vest over a plaid shirt, brown pants, and brown boots. The cow is a large, white animal with black spots and a prominent pair of horns. It has a yellow tag on its ear and is standing on a patch of dirt with some scattered leaves. The background is a plain, light color, providing a neutral backdrop that highlights the subjects. There is no visible text in the image. The style of the image is illustrative, with a focus on realism in the depiction of the man and the cow.	40507316062.png	The image features a cartoon-style brown bear with a friendly expression. The bear is standing on its hind legs and appears to be pouring honey from a jar into a smaller jar. The honey is visible in the jar being filled, and the bear's paws are holding the jar. The background is plain white, emphasizing the bear and the jars. There is no visible text in the image.	47599696639.png	The image shows a digital display with a multitude of numbers and symbols, likely representing financial data such as stock prices or indices. The numbers are arranged in rows and columns, with some areas highlighted in green and red, which could indicate positive or negative performance. The display is set against a dark background, which contrasts with the bright colors of the numbers and symbols. The image is a close-up, focusing on the details of the display. There is no visible text that provides context or labels for the numbers. The style of the image is realistic, with a clear and sharp representation of the digital display.	99491827044.png	The image depicts a stylized illustration of a large, brown cow with prominent horns standing in a grassy field. The cow is the central figure and is surrounded by a variety of flowers in shades of orange and yellow. In the background, there is a tree with orange leaves to the left of the cow. Above the cow, there are several small, black silhouettes of birds in flight. The sky is white, and there are no visible texts in the image. The style of the illustration is cartoonish and colorful, with a focus on the cow and the floral field.	76390128679.png	The image is a digital illustration of a cartoon male character. He has brown hair, a wide smile, and is holding a smartphone to his ear with his right hand. He is wearing a black suit with a white shirt and an orange tie. The character is standing in front of a large screen displaying a financial chart with various graphs and numbers. The chart includes a line graph with a green upward trend, a bar graph with bars in shades of green and red, and a pie chart with segments in different colors. The background is plain white, emphasizing the character and the screen. There is no visible text in the image.
бұқа нарығы	Экономикадағы оң өзгерістерден кейін бұқа нарығының белгілері айқын байқалды		45176238364.png	The image depicts an animated scene featuring a man and a cow. The man is standing to the right of the cow, with his left arm extended towards the cow. He is wearing a brown vest over a plaid shirt, brown pants, and brown boots. The cow is a large, white animal with black spots and a prominent pair of horns. It has a yellow tag on its ear and is standing on a patch of dirt with some scattered leaves. The background is a plain, light color, providing a neutral backdrop that highlights the subjects. There is no visible text in the image. The style of the image is illustrative, with a focus on realism in the depiction of the man and the cow.	99491827044.png	The image depicts a stylized illustration of a large, brown cow with prominent horns standing in a grassy field. The cow is the central figure and is surrounded by a variety of flowers in shades of orange and yellow. In the background, there is a tree with orange leaves to the left of the cow. Above the cow, there are several small, black silhouettes of birds in flight. The sky is white, and there are no visible texts in the image. The style of the illustration is cartoonish and colorful, with a focus on the cow and the floral field.	76390128679.png	The image is a digital illustration of a cartoon male character. He has brown hair, a wide smile, and is holding a smartphone to his ear with his right hand. He is wearing a black suit with a white shirt and an orange tie. The character is standing in front of a large screen displaying a financial chart with various graphs and numbers. The chart includes a line graph with a green upward trend, a bar graph with bars in shades of green and red, and a pie chart with segments in different colors. The background is plain white, emphasizing the character and the screen. There is no visible text in the image.	47599696639.png	The image shows a digital display with a multitude of numbers and symbols, likely representing financial data such as stock prices or indices. The numbers are arranged in rows and columns, with some areas highlighted in green and red, which could indicate positive or negative performance. The display is set against a dark background, which contrasts with the bright colors of the numbers and symbols. The image is a close-up, focusing on the details of the display. There is no visible text that provides context or labels for the numbers. The style of the image is realistic, with a clear and sharp representation of the digital display.	40507316062.png	The image features a cartoon-style brown bear with a friendly expression. The bear is standing on its hind legs and appears to be pouring honey from a jar into a smaller jar. The honey is visible in the jar being filled, and the bear's paws are holding the jar. The background is plain white, emphasizing the bear and the jars. There is no visible text in the image.
бұқа нарығы	Жәрмеңкеде малшылар тірі бұқаларын сатып, базар нағыз бұқа нарығына айналды		76390128679.png	The image is a digital illustration of a cartoon male character. He has brown hair, a wide smile, and is holding a smartphone to his ear with his right hand. He is wearing a black suit with a white shirt and an orange tie. The character is standing in front of a large screen displaying a financial chart with various graphs and numbers. The chart includes a line graph with a green upward trend, a bar graph with bars in shades of green and red, and a pie chart with segments in different colors. The background is plain white, emphasizing the character and the screen. There is no visible text in the image.	47599696639.png	The image shows a digital display with a multitude of numbers and symbols, likely representing financial data such as stock prices or indices. The numbers are arranged in rows and columns, with some areas highlighted in green and red, which could indicate positive or negative performance. The display is set against a dark background, which contrasts with the bright colors of the numbers and symbols. The image is a close-up, focusing on the details of the display. There is no visible text that provides context or labels for the numbers. The style of the image is realistic, with a clear and sharp representation of the digital display.	99491827044.png	The image depicts a stylized illustration of a large, brown cow with prominent horns standing in a grassy field. The cow is the central figure and is surrounded by a variety of flowers in shades of orange and yellow. In the background, there is a tree with orange leaves to the left of the cow. Above the cow, there are several small, black silhouettes of birds in flight. The sky is white, and there are no visible texts in the image. The style of the illustration is cartoonish and colorful, with a focus on the cow and the floral field.	40507316062.png	The image features a cartoon-style brown bear with a friendly expression. The bear is standing on its hind legs and appears to be pouring honey from a jar into a smaller jar. The honey is visible in the jar being filled, and the bear's paws are holding the jar. The background is plain white, emphasizing the bear and the jars. There is no visible text in the image.	45176238364.png	The image depicts an animated scene featuring a man and a cow. The man is standing to the right of the cow, with his left arm extended towards the cow. He is wearing a brown vest over a plaid shirt, brown pants, and brown boots. The cow is a large, white animal with black spots and a prominent pair of horns. It has a yellow tag on its ear and is standing on a patch of dirt with some scattered leaves. The background is a plain, light color, providing a neutral backdrop that highlights the subjects. There is no visible text in the image. The style of the image is illustrative, with a focus on realism in the depiction of the man and the cow.
бұқа нарығы	Ауылдың ортасында өткен бұқа нарығында әркім өз малының бағасын көтеріп сатуға тырысты		40507316062.png	The image features a cartoon-style brown bear with a friendly expression. The bear is standing on its hind legs and appears to be pouring honey from a jar into a smaller jar. The honey is visible in the jar being filled, and the bear's paws are holding the jar. The background is plain white, emphasizing the bear and the jars. There is no visible text in the image.	99491827044.png	The image depicts a stylized illustration of a large, brown cow with prominent horns standing in a grassy field. The cow is the central figure and is surrounded by a variety of flowers in shades of orange and yellow. In the background, there is a tree with orange leaves to the left of the cow. Above the cow, there are several small, black silhouettes of birds in flight. The sky is white, and there are no visible texts in the image. The style of the illustration is cartoonish and colorful, with a focus on the cow and the floral field.	47599696639.png	The image shows a digital display with a multitude of numbers and symbols, likely representing financial data such as stock prices or indices. The numbers are arranged in rows and columns, with some areas highlighted in green and red, which could indicate positive or negative performance. The display is set against a dark background, which contrasts with the bright colors of the numbers and symbols. The image is a close-up, focusing on the details of the display. There is no visible text that provides context or labels for the numbers. The style of the image is realistic, with a clear and sharp representation of the digital display.	76390128679.png	The image is a digital illustration of a cartoon male character. He has brown hair, a wide smile, and is holding a smartphone to his ear with his right hand. He is wearing a black suit with a white shirt and an orange tie. The character is standing in front of a large screen displaying a financial chart with various graphs and numbers. The chart includes a line graph with a green upward trend, a bar graph with bars in shades of green and red, and a pie chart with segments in different colors. The background is plain white, emphasizing the character and the screen. There is no visible text in the image.	45176238364.png	The image depicts an animated scene featuring a man and a cow. The man is standing to the right of the cow, with his left arm extended towards the cow. He is wearing a brown vest over a plaid shirt, brown pants, and brown boots. The cow is a large, white animal with black spots and a prominent pair of horns. It has a yellow tag on its ear and is standing on a patch of dirt with some scattered leaves. The background is a plain, light color, providing a neutral backdrop that highlights the subjects. There is no visible text in the image. The style of the image is illustrative, with a focus on realism in the depiction of the man and the cow.
Аяғы ауыр	Аяғы ауыр әйелге шикі ет, теңіз өнімдері мен жұмсақ ірімшік жеуге және пастерильденбеген сүт ішуге болмайды		91208090531.png	The image depicts two hands holding playing cards. The cards are orange with a pattern and feature a spade symbol. The hands are positioned as if the individuals are about to exchange or compare the cards. The background is a solid dark color, which contrasts with the lighter tones of the cards and hands. There is no visible text in the image. The style of the image is illustrative, with a flat design that emphasizes the cards and the hands holding them.	70883873018.png	The image depicts a woman wearing a hijab and a long dress, standing against a plain background. She is holding her stomach, suggesting she is pregnant. The woman's attire is modest, and she appears to be in a contemplative or relaxed pose. There is no visible text in the image. The style of the image is illustrative, with a soft, pastel color palette.	76793472110.png	The image shows a person wearing a high-top sneaker with a white sock. The sock is adorned with a playful, cartoon-like illustration featuring a robot and various objects such as a camera, a suitcase, and a cup. The sneaker is orange with white laces and a white sole. The background is plain and does not provide any additional context.	32063165838.png	The image depicts a stylized illustration of a woman pushing a stroller. The woman is wearing a brown hijab and a brown coat with a hood. She has dark hair and is smiling. The stroller is orange and has a canopy. The wheels of the stroller are black. There is no visible text in the image. The style of the illustration is cartoonish and simplistic, with flat colors and minimal shading.	56727103068.png	The image depicts a stylized illustration of a large, gray rock with a rope tied around its base. The rope is tied in a bow and is adorned with orange flowers. The rock is resting on a patch of green grass with small white flowers scattered around it. The background is plain white, emphasizing the rock and its immediate surroundings. There is no visible text in the image. The style of the illustration is cartoonish and whimsical, with a focus on the rock and the rope, which are the central elements of the composition.
Аяғы ауыр	Болашақ аналардың көбі аяғы ауыр кезінде сезімтал бола түсіп, тез жылап қалатынын байқайды		91208090531.png	The image depicts two hands holding playing cards. The cards are orange with a pattern and feature a spade symbol. The hands are positioned as if the individuals are about to exchange or compare the cards. The background is a solid dark color, which contrasts with the lighter tones of the cards and hands. There is no visible text in the image. The style of the image is illustrative, with a flat design that emphasizes the cards and the hands holding them.	76793472110.png	The image shows a person wearing a high-top sneaker with a white sock. The sock is adorned with a playful, cartoon-like illustration featuring a robot and various objects such as a camera, a suitcase, and a cup. The sneaker is orange with white laces and a white sole. The background is plain and does not provide any additional context.	32063165838.png	The image depicts a stylized illustration of a woman pushing a stroller. The woman is wearing a brown hijab and a brown coat with a hood. She has dark hair and is smiling. The stroller is orange and has a canopy. The wheels of the stroller are black. There is no visible text in the image. The style of the illustration is cartoonish and simplistic, with flat colors and minimal shading.	56727103068.png	The image depicts a stylized illustration of a large, gray rock with a rope tied around its base. The rope is tied in a bow and is adorned with orange flowers. The rock is resting on a patch of green grass with small white flowers scattered around it. The background is plain white, emphasizing the rock and its immediate surroundings. There is no visible text in the image. The style of the illustration is cartoonish and whimsical, with a focus on the rock and the rope, which are the central elements of the composition.	70883873018.png	The image depicts a woman wearing a hijab and a long dress, standing against a plain background. She is holding her stomach, suggesting she is pregnant. The woman's attire is modest, and she appears to be in a contemplative or relaxed pose. There is no visible text in the image. The style of the image is illustrative, with a soft, pastel color palette.
Аяғы ауыр	Зоопарк қызметкерлері байқап қалды: пілдің аяғы ауырлап, әр қадамында жерді қатты басатын болған, сондықтан оған арнайы күтім қажет болды		70883873018.png	The image depicts a woman wearing a hijab and a long dress, standing against a plain background. She is holding her stomach, suggesting she is pregnant. The woman's attire is modest, and she appears to be in a contemplative or relaxed pose. There is no visible text in the image. The style of the image is illustrative, with a soft, pastel color palette.	32063165838.png	The image depicts a stylized illustration of a woman pushing a stroller. The woman is wearing a brown hijab and a brown coat with a hood. She has dark hair and is smiling. The stroller is orange and has a canopy. The wheels of the stroller are black. There is no visible text in the image. The style of the illustration is cartoonish and simplistic, with flat colors and minimal shading.	91208090531.png	The image depicts two hands holding playing cards. The cards are orange with a pattern and feature a spade symbol. The hands are positioned as if the individuals are about to exchange or compare the cards. The background is a solid dark color, which contrasts with the lighter tones of the cards and hands. There is no visible text in the image. The style of the image is illustrative, with a flat design that emphasizes the cards and the hands holding them.	56727103068.png	The image depicts a stylized illustration of a large, gray rock with a rope tied around its base. The rope is tied in a bow and is adorned with orange flowers. The rock is resting on a patch of green grass with small white flowers scattered around it. The background is plain white, emphasizing the rock and its immediate surroundings. There is no visible text in the image. The style of the illustration is cartoonish and whimsical, with a focus on the rock and the rope, which are the central elements of the composition.	76793472110.png	The image shows a person wearing a high-top sneaker with a white sock. The sock is adorned with a playful, cartoon-like illustration featuring a robot and various objects such as a camera, a suitcase, and a cup. The sneaker is orange with white laces and a white sole. The background is plain and does not provide any additional context.
Аяғы ауыр	Көктемгі балшықта жүрген өгіздің аяғы ауыр лайға батып, әрең қозғалып келе жатты.		91208090531.png	The image depicts two hands holding playing cards. The cards are orange with a pattern and feature a spade symbol. The hands are positioned as if the individuals are about to exchange or compare the cards. The background is a solid dark color, which contrasts with the lighter tones of the cards and hands. There is no visible text in the image. The style of the image is illustrative, with a flat design that emphasizes the cards and the hands holding them.	70883873018.png	The image depicts a woman wearing a hijab and a long dress, standing against a plain background. She is holding her stomach, suggesting she is pregnant. The woman's attire is modest, and she appears to be in a contemplative or relaxed pose. There is no visible text in the image. The style of the image is illustrative, with a soft, pastel color palette.	56727103068.png	The image depicts a stylized illustration of a large, gray rock with a rope tied around its base. The rope is tied in a bow and is adorned with orange flowers. The rock is resting on a patch of green grass with small white flowers scattered around it. The background is plain white, emphasizing the rock and its immediate surroundings. There is no visible text in the image. The style of the illustration is cartoonish and whimsical, with a focus on the rock and the rope, which are the central elements of the composition.	32063165838.png	The image depicts a stylized illustration of a woman pushing a stroller. The woman is wearing a brown hijab and a brown coat with a hood. She has dark hair and is smiling. The stroller is orange and has a canopy. The wheels of the stroller are black. There is no visible text in the image. The style of the illustration is cartoonish and simplistic, with flat colors and minimal shading.	76793472110.png	The image shows a person wearing a high-top sneaker with a white sock. The sock is adorned with a playful, cartoon-like illustration featuring a robot and various objects such as a camera, a suitcase, and a cup. The sneaker is orange with white laces and a white sole. The background is plain and does not provide any additional context.
төбесі көкке жеткендей болу	Ұлы жеңіске жеткен сәтте спортшының қуанышы қойнына сыймай, төбесі көкке жеткендей болды.		22586887906.png	The image features a stylized, cartoon-like representation of a face. The face is predominantly orange with a large, black, circular eye on each side. The eyes have white centers and are outlined with a thin black line. The face has a simple, smiling mouth with a few teeth visible. There are two small, pinkish blushes on the cheeks. The background is plain and light-colored, providing a stark contrast to the face. There is no visible text in the image. The style of the image is reminiscent of a digital illustration or a 3D rendering with a limited color palette.	80147589940.png	The image depicts an illustration of a person standing on a small stool. The person is wearing a dark suit and has a large, cloud-like structure on their head, which is composed of various buildings and cityscapes. The buildings are rendered in a warm, orange hue, and the clouds are white with a few scattered orange elements. The person's head is not visible, and the stool is simple and brown. The background is a plain, light gray color. There is no visible text in the image. The style of the illustration is cartoonish and whimsical, with a playful and imaginative concept.	39608304585.png	The image depicts a stylized, artistic representation of a cloudy sky with a dramatic, possibly stormy, atmosphere. The clouds are large, fluffy, and white, with some darker shades suggesting depth and texture. The sky is a gradient of blue, with the top being a lighter shade and the bottom a darker one, which could indicate either dawn or dusk. There are no visible texts or distinguishable landmarks in the image. The style of the image is reminiscent of a digital painting or illustration, with a focus on soft, rounded shapes and a sense of movement and dynamism in the clouds.	51409160090.png	The image is a digital illustration of a stylized female character in mid-jump. She has curly brown hair, wears glasses, and is dressed in an orange sweater and black pants. The character is smiling and has her arms outstretched, with one leg bent and the other straight, giving the impression of a joyful leap. The background is plain white, emphasizing the character.	80957259329.png	The image depicts an animated character, a young woman with dark hair styled in a bun, wearing glasses and a patterned orange top. She is seated on a stack of books, with her legs crossed and her hands holding open a large book. The character is smiling and appears to be engrossed in reading. The background is minimal, featuring a few leaves and a hint of a plant, suggesting an outdoor setting. There is no visible text in the image. The style of the image is illustrative, with a focus on soft colors and a friendly, approachable aesthetic.
төбесі көкке жеткендей болу	Ұзақ күтуден кейін жақсы хабар естігенде, оның жүзі нұрланып, төбесі көкке жеткендей қуанды		22586887906.png	The image features a stylized, cartoon-like representation of a face. The face is predominantly orange with a large, black, circular eye on each side. The eyes have white centers and are outlined with a thin black line. The face has a simple, smiling mouth with a few teeth visible. There are two small, pinkish blushes on the cheeks. The background is plain and light-colored, providing a stark contrast to the face. There is no visible text in the image. The style of the image is reminiscent of a digital illustration or a 3D rendering with a limited color palette.	39608304585.png	The image depicts a stylized, artistic representation of a cloudy sky with a dramatic, possibly stormy, atmosphere. The clouds are large, fluffy, and white, with some darker shades suggesting depth and texture. The sky is a gradient of blue, with the top being a lighter shade and the bottom a darker one, which could indicate either dawn or dusk. There are no visible texts or distinguishable landmarks in the image. The style of the image is reminiscent of a digital painting or illustration, with a focus on soft, rounded shapes and a sense of movement and dynamism in the clouds.	80147589940.png	The image depicts an illustration of a person standing on a small stool. The person is wearing a dark suit and has a large, cloud-like structure on their head, which is composed of various buildings and cityscapes. The buildings are rendered in a warm, orange hue, and the clouds are white with a few scattered orange elements. The person's head is not visible, and the stool is simple and brown. The background is a plain, light gray color. There is no visible text in the image. The style of the illustration is cartoonish and whimsical, with a playful and imaginative concept.	80957259329.png	The image depicts an animated character, a young woman with dark hair styled in a bun, wearing glasses and a patterned orange top. She is seated on a stack of books, with her legs crossed and her hands holding open a large book. The character is smiling and appears to be engrossed in reading. The background is minimal, featuring a few leaves and a hint of a plant, suggesting an outdoor setting. There is no visible text in the image. The style of the image is illustrative, with a focus on soft colors and a friendly, approachable aesthetic.	51409160090.png	The image is a digital illustration of a stylized female character in mid-jump. She has curly brown hair, wears glasses, and is dressed in an orange sweater and black pants. The character is smiling and has her arms outstretched, with one leg bent and the other straight, giving the impression of a joyful leap. The background is plain white, emphasizing the character.
төбесі көкке жеткендей болу	Дубайдағы Бурдж-Халифа ғимаратының биіктігі сонша — төбесі көкке жеткендей болып көрінеді.		39608304585.png	The image depicts a stylized, artistic representation of a cloudy sky with a dramatic, possibly stormy, atmosphere. The clouds are large, fluffy, and white, with some darker shades suggesting depth and texture. The sky is a gradient of blue, with the top being a lighter shade and the bottom a darker one, which could indicate either dawn or dusk. There are no visible texts or distinguishable landmarks in the image. The style of the image is reminiscent of a digital painting or illustration, with a focus on soft, rounded shapes and a sense of movement and dynamism in the clouds.	51409160090.png	The image is a digital illustration of a stylized female character in mid-jump. She has curly brown hair, wears glasses, and is dressed in an orange sweater and black pants. The character is smiling and has her arms outstretched, with one leg bent and the other straight, giving the impression of a joyful leap. The background is plain white, emphasizing the character.	22586887906.png	The image features a stylized, cartoon-like representation of a face. The face is predominantly orange with a large, black, circular eye on each side. The eyes have white centers and are outlined with a thin black line. The face has a simple, smiling mouth with a few teeth visible. There are two small, pinkish blushes on the cheeks. The background is plain and light-colored, providing a stark contrast to the face. There is no visible text in the image. The style of the image is reminiscent of a digital illustration or a 3D rendering with a limited color palette.	80147589940.png	The image depicts an illustration of a person standing on a small stool. The person is wearing a dark suit and has a large, cloud-like structure on their head, which is composed of various buildings and cityscapes. The buildings are rendered in a warm, orange hue, and the clouds are white with a few scattered orange elements. The person's head is not visible, and the stool is simple and brown. The background is a plain, light gray color. There is no visible text in the image. The style of the illustration is cartoonish and whimsical, with a playful and imaginative concept.	80957259329.png	The image depicts an animated character, a young woman with dark hair styled in a bun, wearing glasses and a patterned orange top. She is seated on a stack of books, with her legs crossed and her hands holding open a large book. The character is smiling and appears to be engrossed in reading. The background is minimal, featuring a few leaves and a hint of a plant, suggesting an outdoor setting. There is no visible text in the image. The style of the image is illustrative, with a focus on soft colors and a friendly, approachable aesthetic.
төбесі көкке жеткендей болу	Таудың басына шығып қарасаң, айнала тұманға оранып, төбең көкке жеткендей		80147589940.png	The image depicts an illustration of a person standing on a small stool. The person is wearing a dark suit and has a large, cloud-like structure on their head, which is composed of various buildings and cityscapes. The buildings are rendered in a warm, orange hue, and the clouds are white with a few scattered orange elements. The person's head is not visible, and the stool is simple and brown. The background is a plain, light gray color. There is no visible text in the image. The style of the illustration is cartoonish and whimsical, with a playful and imaginative concept.	80957259329.png	The image depicts an animated character, a young woman with dark hair styled in a bun, wearing glasses and a patterned orange top. She is seated on a stack of books, with her legs crossed and her hands holding open a large book. The character is smiling and appears to be engrossed in reading. The background is minimal, featuring a few leaves and a hint of a plant, suggesting an outdoor setting. There is no visible text in the image. The style of the image is illustrative, with a focus on soft colors and a friendly, approachable aesthetic.	39608304585.png	The image depicts a stylized, artistic representation of a cloudy sky with a dramatic, possibly stormy, atmosphere. The clouds are large, fluffy, and white, with some darker shades suggesting depth and texture. The sky is a gradient of blue, with the top being a lighter shade and the bottom a darker one, which could indicate either dawn or dusk. There are no visible texts or distinguishable landmarks in the image. The style of the image is reminiscent of a digital painting or illustration, with a focus on soft, rounded shapes and a sense of movement and dynamism in the clouds.	22586887906.png	The image features a stylized, cartoon-like representation of a face. The face is predominantly orange with a large, black, circular eye on each side. The eyes have white centers and are outlined with a thin black line. The face has a simple, smiling mouth with a few teeth visible. There are two small, pinkish blushes on the cheeks. The background is plain and light-colored, providing a stark contrast to the face. There is no visible text in the image. The style of the image is reminiscent of a digital illustration or a 3D rendering with a limited color palette.	51409160090.png	The image is a digital illustration of a stylized female character in mid-jump. She has curly brown hair, wears glasses, and is dressed in an orange sweater and black pants. The character is smiling and has her arms outstretched, with one leg bent and the other straight, giving the impression of a joyful leap. The background is plain white, emphasizing the character.
зәрем ұшты	Менің тіпті зәрем ұшты, өйткені әкемнің мінезі қатал және аудармам ұнамаған болса, «бұл сенің қолыңнан келмейді, әуре болма» деп айтар еді		21658380435.png	The image features a stylized, cartoon-like bird with a predominantly orange body and a brown head. The bird is wearing a brown leather aviator helmet with goggles and a strap. It has a pair of brown wings with white feather-like patterns, and its tail is brown with a white stripe. The bird's feet are orange with a white stripe, and it has a small orange beak. The bird is depicted in mid-flight with its wings spread wide. There is no visible text in the image.	99384735319.png	The image features a cartoon depiction of an orange tabby cat with a surprised or shocked expression. The cat has large, round eyes with black pupils, a pink nose, and a wide-open mouth revealing sharp teeth. Its ears are pointed upwards, and it has a tuft of fur on top of its head. The cat's paws are raised, and it appears to be standing on two legs with its tail curled around its body. The background is plain white, emphasizing the character. There is no visible text in the image.	88078827341.png	The image features two animated characters. On the left is a male character with a beard and mustache, wearing an orange sweater and black pants with orange shoes. He is running with his arms outstretched and a smile on his face. On the right is a smaller, winged character, also male, with a similar hairstyle and facial features. He is wearing a black jacket with orange accents and black pants with orange shoes. He is flying with a smile and appears to be following the first character. There is no visible text in the image.	48892298296.png	The image features a cartoon character with a surprised expression. The character has brown hair, large eyes with black pupils, and a wide-open mouth. They are wearing a bright orange jacket over a black shirt and dark pants. The character's hands are raised to the face, with fingers spread wide, as if in shock or amazement. The background is plain white, emphasizing the character.	36332029419.png	The image features a stylized animated character, a young girl with orange hair styled in large, fluffy curls. She has a small nose, large eyes, and a small mouth. The girl is wearing a black apron over a yellow dress with white polka dots. She holds a large white lollipop in her right hand and a small brown sack in her left hand. To the left of the girl is a smaller character, a white sheep with a black face and legs, wearing a black outfit with a white collar. The background is plain white. There is no visible text in the image.
зәрем ұшты	Мәскеудің бағалы кілемдері жүктелген вагон ашық келді. Ұрланған екен деп зәрем ұшты. Санасақ, керісінше кілемдер құжаттағыдан көп, 140 кілем артық шыққанда қуанғаннан айқайлап жіберіппін, бірақ артық жүктің де әуресі аз болмайтын еді, бірақ кем емес қой, – деп бастан өткен қызықтарын  әңгімелеген кейіпкеріміз күліп алды.		36332029419.png	The image features a stylized animated character, a young girl with orange hair styled in large, fluffy curls. She has a small nose, large eyes, and a small mouth. The girl is wearing a black apron over a yellow dress with white polka dots. She holds a large white lollipop in her right hand and a small brown sack in her left hand. To the left of the girl is a smaller character, a white sheep with a black face and legs, wearing a black outfit with a white collar. The background is plain white. There is no visible text in the image.	21658380435.png	The image features a stylized, cartoon-like bird with a predominantly orange body and a brown head. The bird is wearing a brown leather aviator helmet with goggles and a strap. It has a pair of brown wings with white feather-like patterns, and its tail is brown with a white stripe. The bird's feet are orange with a white stripe, and it has a small orange beak. The bird is depicted in mid-flight with its wings spread wide. There is no visible text in the image.	48892298296.png	The image features a cartoon character with a surprised expression. The character has brown hair, large eyes with black pupils, and a wide-open mouth. They are wearing a bright orange jacket over a black shirt and dark pants. The character's hands are raised to the face, with fingers spread wide, as if in shock or amazement. The background is plain white, emphasizing the character.	99384735319.png	The image features a cartoon depiction of an orange tabby cat with a surprised or shocked expression. The cat has large, round eyes with black pupils, a pink nose, and a wide-open mouth revealing sharp teeth. Its ears are pointed upwards, and it has a tuft of fur on top of its head. The cat's paws are raised, and it appears to be standing on two legs with its tail curled around its body. The background is plain white, emphasizing the character. There is no visible text in the image.	88078827341.png	The image features two animated characters. On the left is a male character with a beard and mustache, wearing an orange sweater and black pants with orange shoes. He is running with his arms outstretched and a smile on his face. On the right is a smaller, winged character, also male, with a similar hairstyle and facial features. He is wearing a black jacket with orange accents and black pants with orange shoes. He is flying with a smile and appears to be following the first character. There is no visible text in the image.
тәтті мақта	Жел соққанда, қыздың қолындағы тәтті мақта жіп-жіңішке бұлттай үлпілдеп ұша жөнелді		29044375467.png	The image is a vibrant and colorful illustration of various candies and sweets. It features a mix of candy shapes and colors, including orange, yellow, and black, with some candies having stripes or patterns. The candies are depicted in a playful and whimsical manner, with some appearing to float or be in motion. There are no visible texts or relationships between the objects. The style of the image is cartoonish and appears to be designed for a fun and lighthearted theme.	36553219167.png	The image depicts a stylized illustration of a candy floss cloud with a lollipop on a stick at its base. The candy floss cloud is white with a fluffy texture, and the lollipop is orange with a glossy finish. Surrounding the lollipop and cloud are smaller, spherical candies that appear to be falling or floating around them. The background is a dark gradient, which contrasts with the bright colors of the candies. There is no visible text in the image. The style of the image is cartoonish and whimsical, with a focus on the playful and sweet theme of candies.	68332608427.png	The image features a stylized illustration of a tree with a unique fruit. The fruit is large and orange, with a smooth, shiny surface. It has a stem that is a darker shade of orange, and there are small green leaves attached to the stem. The tree is topped with a large cluster of white, fluffy spheres that resemble cotton balls. The background is plain white, which contrasts with the vivid colors of the fruit and the tree. There is no visible text in the image. The style of the illustration is cartoonish and whimsical, with a focus on simplicity and color.	26909571319.png	The image features two animated characters, a large, fluffy, orange creature with a pink tongue and a smaller, similar creature with a yellow tongue. The larger character is standing upright and is holding a wooden sign with a swirled lollipop design on it. The smaller character is standing on its hind legs, leaning against the larger character, and appears to be holding a small, orange object that resembles a lollipop. Both characters have large, expressive eyes and are set against a plain, light gray background.	78529799371.png	The image shows a stylized, cartoon-like illustration of a person. The person is wearing a black jacket with a high collar, an orange shirt with a necklace featuring a heart pendant, and brown plaid pants. The shoes are orange with white soles. The person is standing with their arms at their sides. The background is plain and white. There is no visible text in the image.
тәтті мақта	Жәрмеңкеде балалар қолдарына түрлі түсті тәтті мақта ұстап, мәз-мейрам болып жүрді.		26909571319.png	The image features two animated characters, a large, fluffy, orange creature with a pink tongue and a smaller, similar creature with a yellow tongue. The larger character is standing upright and is holding a wooden sign with a swirled lollipop design on it. The smaller character is standing on its hind legs, leaning against the larger character, and appears to be holding a small, orange object that resembles a lollipop. Both characters have large, expressive eyes and are set against a plain, light gray background.	29044375467.png	The image is a vibrant and colorful illustration of various candies and sweets. It features a mix of candy shapes and colors, including orange, yellow, and black, with some candies having stripes or patterns. The candies are depicted in a playful and whimsical manner, with some appearing to float or be in motion. There are no visible texts or relationships between the objects. The style of the image is cartoonish and appears to be designed for a fun and lighthearted theme.	36553219167.png	The image depicts a stylized illustration of a candy floss cloud with a lollipop on a stick at its base. The candy floss cloud is white with a fluffy texture, and the lollipop is orange with a glossy finish. Surrounding the lollipop and cloud are smaller, spherical candies that appear to be falling or floating around them. The background is a dark gradient, which contrasts with the bright colors of the candies. There is no visible text in the image. The style of the image is cartoonish and whimsical, with a focus on the playful and sweet theme of candies.	68332608427.png	The image features a stylized illustration of a tree with a unique fruit. The fruit is large and orange, with a smooth, shiny surface. It has a stem that is a darker shade of orange, and there are small green leaves attached to the stem. The tree is topped with a large cluster of white, fluffy spheres that resemble cotton balls. The background is plain white, which contrasts with the vivid colors of the fruit and the tree. There is no visible text in the image. The style of the illustration is cartoonish and whimsical, with a focus on simplicity and color.	78529799371.png	The image shows a stylized, cartoon-like illustration of a person. The person is wearing a black jacket with a high collar, an orange shirt with a necklace featuring a heart pendant, and brown plaid pants. The shoes are orange with white soles. The person is standing with their arms at their sides. The background is plain and white. There is no visible text in the image.
астан-кестен	Жер сілкінісінен кейін үйдің іші астан-кестен болып, жиһаздар жан-жаққа шашылып жатты		42066668858.png	The image shows a stylized, cartoonish depiction of a large, orange umbrella with a fluffy, brown trim at the top. The umbrella is open and appears to be floating in a white space. There are small, orange decorations on the umbrella's surface. The style is simplistic and appears to be designed for a digital medium, possibly for a game or an app.	60556570734.png	The image depicts a group of four animated characters, two girls and two boys, standing in front of an open closet. The closet is filled with various items of clothing, predominantly orange and yellow. The characters are dressed in casual clothing with a mix of orange and yellow hues, and they appear to be engaged in play or sorting through the clothes. The setting is indoors, and the characters are smiling, suggesting a positive and lighthearted atmosphere. There is no visible text in the image.	79388175696.png	The image depicts a stylized, isometric illustration of a house with a sloping roof. The house is predominantly orange with a darker roof. It features a prominent front door with a window above it. There are multiple windows visible on the house, some with curtains. The roof is adorned with various plants and flowers, adding a touch of greenery. On the left side of the house, there is a small balcony with a railing. The house is set against a plain white background. There is no visible text in the image.	42353594943.png	"The image depicts a stylized illustration of a wooden desk with a stack of books on top. The books are of various sizes and colors, suggesting a diverse collection. On the desk, there is also an open book with a visible spine, and a closed book with a label that reads ""BOOK."" To the right of the desk, there is an orange chair with a simple design, featuring four legs and a flat seat. The chair has a tag on the back that appears to be a sticker with a heart symbol. The background is plain and does not provide any additional context or information. The style of the illustration is cartoonish and appears to be designed for a child-friendly environment."	17227176671.png	The image is a stylized illustration featuring a whimsical scene. At the center, there is a large, brown bear standing on a rocky outcrop. The bear is facing towards the right side of the image. Below the bear, there is a small, rocky island with a few buildings and trees. A waterfall is cascading from the island, creating a stream that flows into the water below.  In the background, there is a large castle-like structure with multiple towers and spires, painted in shades of orange and red. The castle is situated on a cliff, and there are smaller buildings and trees around it.  Above the castle, there is a small airplane flying in the sky. The sky is mostly clear with a few clouds scattered around.  In the foreground, there is a small boat with a sail on the water, which is located at the bottom of the image. The boat is sailing towards the island.  The overall style of the image is cartoonish and colorful, with a focus on fantasy elements. There is no visible text in the image.
астан-кестен	Жаңа заң жобасы қоғамда үлкен дау туғызып, бәрінің ойын астан-кестен етті		79388175696.png	The image depicts a stylized, isometric illustration of a house with a sloping roof. The house is predominantly orange with a darker roof. It features a prominent front door with a window above it. There are multiple windows visible on the house, some with curtains. The roof is adorned with various plants and flowers, adding a touch of greenery. On the left side of the house, there is a small balcony with a railing. The house is set against a plain white background. There is no visible text in the image.	60556570734.png	The image depicts a group of four animated characters, two girls and two boys, standing in front of an open closet. The closet is filled with various items of clothing, predominantly orange and yellow. The characters are dressed in casual clothing with a mix of orange and yellow hues, and they appear to be engaged in play or sorting through the clothes. The setting is indoors, and the characters are smiling, suggesting a positive and lighthearted atmosphere. There is no visible text in the image.	17227176671.png	The image is a stylized illustration featuring a whimsical scene. At the center, there is a large, brown bear standing on a rocky outcrop. The bear is facing towards the right side of the image. Below the bear, there is a small, rocky island with a few buildings and trees. A waterfall is cascading from the island, creating a stream that flows into the water below.  In the background, there is a large castle-like structure with multiple towers and spires, painted in shades of orange and red. The castle is situated on a cliff, and there are smaller buildings and trees around it.  Above the castle, there is a small airplane flying in the sky. The sky is mostly clear with a few clouds scattered around.  In the foreground, there is a small boat with a sail on the water, which is located at the bottom of the image. The boat is sailing towards the island.  The overall style of the image is cartoonish and colorful, with a focus on fantasy elements. There is no visible text in the image.	42066668858.png	The image shows a stylized, cartoonish depiction of a large, orange umbrella with a fluffy, brown trim at the top. The umbrella is open and appears to be floating in a white space. There are small, orange decorations on the umbrella's surface. The style is simplistic and appears to be designed for a digital medium, possibly for a game or an app.	42353594943.png	"The image depicts a stylized illustration of a wooden desk with a stack of books on top. The books are of various sizes and colors, suggesting a diverse collection. On the desk, there is also an open book with a visible spine, and a closed book with a label that reads ""BOOK."" To the right of the desk, there is an orange chair with a simple design, featuring four legs and a flat seat. The chair has a tag on the back that appears to be a sticker with a heart symbol. The background is plain and does not provide any additional context or information. The style of the illustration is cartoonish and appears to be designed for a child-friendly environment."
ай мен күндей	Ол екеуі бір-біріне ай мен күндей жарасатын жұп еді		29220132020.png	The image depicts a nighttime scene with a city skyline reflected on a body of water. In the foreground, there are multiple fireworks exploding in various colors, creating a bright and festive atmosphere. The fireworks are at different heights and stages of explosion, with some appearing as bright, star-like bursts and others as more diffuse, glowing trails. The cityscape in the background features buildings with lights on, suggesting a lively urban environment. The image is stylized with a limited color palette, primarily using shades of orange, yellow, and black, which gives it a vibrant and dynamic feel. There is no visible text in the image.	96098913290.png	The image depicts a stylized, cartoon-like scene of a stage or film set. In the foreground, there is a stage with a wooden floor and a curved, wooden stage railing. On the stage, there are various pieces of equipment and props, including a large orange light, a smaller orange light, a camera on a tripod, and a microphone on a stand. There are also several smaller items such as a suitcase, a bottle, and a cup.  Above the stage, there is a wooden structure with a curved roof, supported by wooden beams. Hanging from this structure are multiple lights, creating a warm, ambient glow. The background is dark, which contrasts with the brightly lit stage and equipment.  There is no visible text in the image. The style of the image is illustrative, with a focus on color and detail to create a whimsical and inviting atmosphere. The objects are arranged in a way that suggests a creative or artistic environment, possibly for a theatrical or film production.	61990064835.png	The image depicts a stylized illustration of an orange tree with a full canopy of green leaves. Numerous ripe oranges are attached to the branches, with some hanging low and others higher up. The tree is set against a plain white background. There is no visible text in the image. The style of the illustration is clean and cartoonish, with a focus on vibrant colors and simple shapes.	28126041569.png	The image depicts a stylized, cartoon-like illustration of a sun with a smiling face. The sun has a large, round body with a bright orange hue, and it is surrounded by a black background that represents space. There are stars scattered throughout the space, and two smaller celestial bodies, possibly planets, are visible near the sun. The sun's face features closed eyes, a small smile, and a few small details that suggest facial features. The overall style is whimsical and playful, with a limited color palette that emphasizes the sun's warmth and the contrast between the sun and the dark space around it.	54610524462.png	The image features two cartoon children, a boy and a girl, standing on a large, orange planet. The boy has red hair and is wearing a white shirt with black shorts and white shoes. The girl has brown hair, also in pigtails, and is dressed in an orange dress with white shoes. Both children are smiling and appear to be enjoying themselves. The background consists of a black space with white stars and a gray planet with green patches, suggesting a space theme. The children are positioned in the center of the image, with the boy on the left and the girl on the right. There is no visible text in the image.
ай мен күндей	Бала мен шешесінің жүздері ай мен күндей нұрланып, айналасына жылу шашып тұрды		54610524462.png	The image features two cartoon children, a boy and a girl, standing on a large, orange planet. The boy has red hair and is wearing a white shirt with black shorts and white shoes. The girl has brown hair, also in pigtails, and is dressed in an orange dress with white shoes. Both children are smiling and appear to be enjoying themselves. The background consists of a black space with white stars and a gray planet with green patches, suggesting a space theme. The children are positioned in the center of the image, with the boy on the left and the girl on the right. There is no visible text in the image.	96098913290.png	The image depicts a stylized, cartoon-like scene of a stage or film set. In the foreground, there is a stage with a wooden floor and a curved, wooden stage railing. On the stage, there are various pieces of equipment and props, including a large orange light, a smaller orange light, a camera on a tripod, and a microphone on a stand. There are also several smaller items such as a suitcase, a bottle, and a cup.  Above the stage, there is a wooden structure with a curved roof, supported by wooden beams. Hanging from this structure are multiple lights, creating a warm, ambient glow. The background is dark, which contrasts with the brightly lit stage and equipment.  There is no visible text in the image. The style of the image is illustrative, with a focus on color and detail to create a whimsical and inviting atmosphere. The objects are arranged in a way that suggests a creative or artistic environment, possibly for a theatrical or film production.	29220132020.png	The image depicts a nighttime scene with a city skyline reflected on a body of water. In the foreground, there are multiple fireworks exploding in various colors, creating a bright and festive atmosphere. The fireworks are at different heights and stages of explosion, with some appearing as bright, star-like bursts and others as more diffuse, glowing trails. The cityscape in the background features buildings with lights on, suggesting a lively urban environment. The image is stylized with a limited color palette, primarily using shades of orange, yellow, and black, which gives it a vibrant and dynamic feel. There is no visible text in the image.	28126041569.png	The image depicts a stylized, cartoon-like illustration of a sun with a smiling face. The sun has a large, round body with a bright orange hue, and it is surrounded by a black background that represents space. There are stars scattered throughout the space, and two smaller celestial bodies, possibly planets, are visible near the sun. The sun's face features closed eyes, a small smile, and a few small details that suggest facial features. The overall style is whimsical and playful, with a limited color palette that emphasizes the sun's warmth and the contrast between the sun and the dark space around it.	61990064835.png	The image depicts a stylized illustration of an orange tree with a full canopy of green leaves. Numerous ripe oranges are attached to the branches, with some hanging low and others higher up. The tree is set against a plain white background. There is no visible text in the image. The style of the illustration is clean and cartoonish, with a focus on vibrant colors and simple shapes.
ай мен күндей	Кешкі аспанда ай мен күндей екі жарық дене бір сәтке қатар көрінді		54610524462.png	The image features two cartoon children, a boy and a girl, standing on a large, orange planet. The boy has red hair and is wearing a white shirt with black shorts and white shoes. The girl has brown hair, also in pigtails, and is dressed in an orange dress with white shoes. Both children are smiling and appear to be enjoying themselves. The background consists of a black space with white stars and a gray planet with green patches, suggesting a space theme. The children are positioned in the center of the image, with the boy on the left and the girl on the right. There is no visible text in the image.	29220132020.png	The image depicts a nighttime scene with a city skyline reflected on a body of water. In the foreground, there are multiple fireworks exploding in various colors, creating a bright and festive atmosphere. The fireworks are at different heights and stages of explosion, with some appearing as bright, star-like bursts and others as more diffuse, glowing trails. The cityscape in the background features buildings with lights on, suggesting a lively urban environment. The image is stylized with a limited color palette, primarily using shades of orange, yellow, and black, which gives it a vibrant and dynamic feel. There is no visible text in the image.	61990064835.png	The image depicts a stylized illustration of an orange tree with a full canopy of green leaves. Numerous ripe oranges are attached to the branches, with some hanging low and others higher up. The tree is set against a plain white background. There is no visible text in the image. The style of the illustration is clean and cartoonish, with a focus on vibrant colors and simple shapes.	28126041569.png	The image depicts a stylized, cartoon-like illustration of a sun with a smiling face. The sun has a large, round body with a bright orange hue, and it is surrounded by a black background that represents space. There are stars scattered throughout the space, and two smaller celestial bodies, possibly planets, are visible near the sun. The sun's face features closed eyes, a small smile, and a few small details that suggest facial features. The overall style is whimsical and playful, with a limited color palette that emphasizes the sun's warmth and the contrast between the sun and the dark space around it.	96098913290.png	The image depicts a stylized, cartoon-like scene of a stage or film set. In the foreground, there is a stage with a wooden floor and a curved, wooden stage railing. On the stage, there are various pieces of equipment and props, including a large orange light, a smaller orange light, a camera on a tripod, and a microphone on a stand. There are also several smaller items such as a suitcase, a bottle, and a cup.  Above the stage, there is a wooden structure with a curved roof, supported by wooden beams. Hanging from this structure are multiple lights, creating a warm, ambient glow. The background is dark, which contrasts with the brightly lit stage and equipment.  There is no visible text in the image. The style of the image is illustrative, with a focus on color and detail to create a whimsical and inviting atmosphere. The objects are arranged in a way that suggests a creative or artistic environment, possibly for a theatrical or film production.
ай мен күндей	Күн тұтылғанда аспан бозарып, ай мен күндей ерекше көрініс пайда болды		29220132020.png	The image depicts a nighttime scene with a city skyline reflected on a body of water. In the foreground, there are multiple fireworks exploding in various colors, creating a bright and festive atmosphere. The fireworks are at different heights and stages of explosion, with some appearing as bright, star-like bursts and others as more diffuse, glowing trails. The cityscape in the background features buildings with lights on, suggesting a lively urban environment. The image is stylized with a limited color palette, primarily using shades of orange, yellow, and black, which gives it a vibrant and dynamic feel. There is no visible text in the image.	61990064835.png	The image depicts a stylized illustration of an orange tree with a full canopy of green leaves. Numerous ripe oranges are attached to the branches, with some hanging low and others higher up. The tree is set against a plain white background. There is no visible text in the image. The style of the illustration is clean and cartoonish, with a focus on vibrant colors and simple shapes.	28126041569.png	The image depicts a stylized, cartoon-like illustration of a sun with a smiling face. The sun has a large, round body with a bright orange hue, and it is surrounded by a black background that represents space. There are stars scattered throughout the space, and two smaller celestial bodies, possibly planets, are visible near the sun. The sun's face features closed eyes, a small smile, and a few small details that suggest facial features. The overall style is whimsical and playful, with a limited color palette that emphasizes the sun's warmth and the contrast between the sun and the dark space around it.	96098913290.png	The image depicts a stylized, cartoon-like scene of a stage or film set. In the foreground, there is a stage with a wooden floor and a curved, wooden stage railing. On the stage, there are various pieces of equipment and props, including a large orange light, a smaller orange light, a camera on a tripod, and a microphone on a stand. There are also several smaller items such as a suitcase, a bottle, and a cup.  Above the stage, there is a wooden structure with a curved roof, supported by wooden beams. Hanging from this structure are multiple lights, creating a warm, ambient glow. The background is dark, which contrasts with the brightly lit stage and equipment.  There is no visible text in the image. The style of the image is illustrative, with a focus on color and detail to create a whimsical and inviting atmosphere. The objects are arranged in a way that suggests a creative or artistic environment, possibly for a theatrical or film production.	54610524462.png	The image features two cartoon children, a boy and a girl, standing on a large, orange planet. The boy has red hair and is wearing a white shirt with black shorts and white shoes. The girl has brown hair, also in pigtails, and is dressed in an orange dress with white shoes. Both children are smiling and appear to be enjoying themselves. The background consists of a black space with white stars and a gray planet with green patches, suggesting a space theme. The children are positioned in the center of the image, with the boy on the left and the girl on the right. There is no visible text in the image.
далалық зерттеу	Жобаны бастамас бұрын олар тұтынушылардың мінез-құлқын түсіну үшін бейресми далалық зерттеу жасады		66546565834.png	The image depicts a serene outdoor scene. In the foreground, there is a picnic blanket spread out on a grassy field. On the blanket, there is a bowl and a bottle, suggesting a meal or refreshments. Two trees with green leaves stand on either side of the blanket, providing a natural frame. Above the trees, there are two clouds, one larger and one smaller, with a bird flying between them. The sky is a soft blue with a few scattered clouds. The overall atmosphere of the image is peaceful and inviting, evoking a sense of relaxation and leisure.	83203691417.png	The image is a digital illustration featuring three animated characters. On the left, there is a woman with short brown hair, wearing an orange blazer and black pants, holding a microphone with a black handle. In the center, there is a man with short brown hair, wearing a brown suit with a tie, and holding a microphone with a silver handle. On the right, there is another man with short black hair, wearing a dark suit with a tie, and holding a microphone with a silver handle. All three characters are smiling and appear to be engaged in a conversation or interview. The background is plain white, emphasizing the characters.	62494769816.png	The image depicts an animated character, an older man with gray hair and a beard, wearing glasses and a white shirt. He is bent over a large hole in the ground, which is filled with dirt and small golden coins. The man is using a shovel to dig through the dirt, and he appears to be searching for or collecting the coins. The style of the image is illustrative, with a limited color palette and a focus on the character and his activity. There is no visible text in the image.	61257619697.png	The image features a cartoon character, a young boy, who is smiling and holding a wrench in his right hand. He is wearing a bright orange hard hat, a plaid shirt, blue jeans, and brown boots. The boy has a tool belt with various tools hanging from it. The background is plain white, emphasizing the character.	99323006620.png	The image features a magnifying glass with a black frame and an orange handle, positioned on a surface that appears to be a patch of dirt with small rocks and a few plants. Through the lens of the magnifying glass, a stylized landscape is visible, depicting a field with trees, a hill, and a few small plants. The background of the image is white. There is no visible text in the image. The style of the image is illustrative and cartoonish, with a focus on simplicity and a limited color palette.
далалық зерттеу	Маркетологтар жаңа өнімді сынау мақсатында қала дүкендерінде далалық зерттеу ұйымдастырды		66546565834.png	The image depicts a serene outdoor scene. In the foreground, there is a picnic blanket spread out on a grassy field. On the blanket, there is a bowl and a bottle, suggesting a meal or refreshments. Two trees with green leaves stand on either side of the blanket, providing a natural frame. Above the trees, there are two clouds, one larger and one smaller, with a bird flying between them. The sky is a soft blue with a few scattered clouds. The overall atmosphere of the image is peaceful and inviting, evoking a sense of relaxation and leisure.	99323006620.png	The image features a magnifying glass with a black frame and an orange handle, positioned on a surface that appears to be a patch of dirt with small rocks and a few plants. Through the lens of the magnifying glass, a stylized landscape is visible, depicting a field with trees, a hill, and a few small plants. The background of the image is white. There is no visible text in the image. The style of the image is illustrative and cartoonish, with a focus on simplicity and a limited color palette.	83203691417.png	The image is a digital illustration featuring three animated characters. On the left, there is a woman with short brown hair, wearing an orange blazer and black pants, holding a microphone with a black handle. In the center, there is a man with short brown hair, wearing a brown suit with a tie, and holding a microphone with a silver handle. On the right, there is another man with short black hair, wearing a dark suit with a tie, and holding a microphone with a silver handle. All three characters are smiling and appear to be engaged in a conversation or interview. The background is plain white, emphasizing the characters.	61257619697.png	The image features a cartoon character, a young boy, who is smiling and holding a wrench in his right hand. He is wearing a bright orange hard hat, a plaid shirt, blue jeans, and brown boots. The boy has a tool belt with various tools hanging from it. The background is plain white, emphasizing the character.	62494769816.png	The image depicts an animated character, an older man with gray hair and a beard, wearing glasses and a white shirt. He is bent over a large hole in the ground, which is filled with dirt and small golden coins. The man is using a shovel to dig through the dirt, and he appears to be searching for or collecting the coins. The style of the image is illustrative, with a limited color palette and a focus on the character and his activity. There is no visible text in the image.
далалық зерттеу	Археологтардың далалық зерттеуі кезінде ежелгі қоныстың іздері табылды		62494769816.png	The image depicts an animated character, an older man with gray hair and a beard, wearing glasses and a white shirt. He is bent over a large hole in the ground, which is filled with dirt and small golden coins. The man is using a shovel to dig through the dirt, and he appears to be searching for or collecting the coins. The style of the image is illustrative, with a limited color palette and a focus on the character and his activity. There is no visible text in the image.	66546565834.png	The image depicts a serene outdoor scene. In the foreground, there is a picnic blanket spread out on a grassy field. On the blanket, there is a bowl and a bottle, suggesting a meal or refreshments. Two trees with green leaves stand on either side of the blanket, providing a natural frame. Above the trees, there are two clouds, one larger and one smaller, with a bird flying between them. The sky is a soft blue with a few scattered clouds. The overall atmosphere of the image is peaceful and inviting, evoking a sense of relaxation and leisure.	99323006620.png	The image features a magnifying glass with a black frame and an orange handle, positioned on a surface that appears to be a patch of dirt with small rocks and a few plants. Through the lens of the magnifying glass, a stylized landscape is visible, depicting a field with trees, a hill, and a few small plants. The background of the image is white. There is no visible text in the image. The style of the image is illustrative and cartoonish, with a focus on simplicity and a limited color palette.	83203691417.png	The image is a digital illustration featuring three animated characters. On the left, there is a woman with short brown hair, wearing an orange blazer and black pants, holding a microphone with a black handle. In the center, there is a man with short brown hair, wearing a brown suit with a tie, and holding a microphone with a silver handle. On the right, there is another man with short black hair, wearing a dark suit with a tie, and holding a microphone with a silver handle. All three characters are smiling and appear to be engaged in a conversation or interview. The background is plain white, emphasizing the characters.	61257619697.png	The image features a cartoon character, a young boy, who is smiling and holding a wrench in his right hand. He is wearing a bright orange hard hat, a plaid shirt, blue jeans, and brown boots. The boy has a tool belt with various tools hanging from it. The background is plain white, emphasizing the character.
далалық зерттеу	Биологтар көктемде аң-құстардың тіршілігін бақылау үшін далалық зерттеу жүргізді		99323006620.png	The image features a magnifying glass with a black frame and an orange handle, positioned on a surface that appears to be a patch of dirt with small rocks and a few plants. Through the lens of the magnifying glass, a stylized landscape is visible, depicting a field with trees, a hill, and a few small plants. The background of the image is white. There is no visible text in the image. The style of the image is illustrative and cartoonish, with a focus on simplicity and a limited color palette.	83203691417.png	The image is a digital illustration featuring three animated characters. On the left, there is a woman with short brown hair, wearing an orange blazer and black pants, holding a microphone with a black handle. In the center, there is a man with short brown hair, wearing a brown suit with a tie, and holding a microphone with a silver handle. On the right, there is another man with short black hair, wearing a dark suit with a tie, and holding a microphone with a silver handle. All three characters are smiling and appear to be engaged in a conversation or interview. The background is plain white, emphasizing the characters.	61257619697.png	The image features a cartoon character, a young boy, who is smiling and holding a wrench in his right hand. He is wearing a bright orange hard hat, a plaid shirt, blue jeans, and brown boots. The boy has a tool belt with various tools hanging from it. The background is plain white, emphasizing the character.	62494769816.png	The image depicts an animated character, an older man with gray hair and a beard, wearing glasses and a white shirt. He is bent over a large hole in the ground, which is filled with dirt and small golden coins. The man is using a shovel to dig through the dirt, and he appears to be searching for or collecting the coins. The style of the image is illustrative, with a limited color palette and a focus on the character and his activity. There is no visible text in the image.	66546565834.png	The image depicts a serene outdoor scene. In the foreground, there is a picnic blanket spread out on a grassy field. On the blanket, there is a bowl and a bottle, suggesting a meal or refreshments. Two trees with green leaves stand on either side of the blanket, providing a natural frame. Above the trees, there are two clouds, one larger and one smaller, with a bird flying between them. The sky is a soft blue with a few scattered clouds. The overall atmosphere of the image is peaceful and inviting, evoking a sense of relaxation and leisure.
соңғы нүкте	Ұзақ жылдар жалғасқан дауға сот үкімімен соңғы нүкте қойылды		83473873105.png	The image shows a stylized illustration of a cheese wedge with a black handle and four orange buttons attached to it. The cheese wedge has a textured surface with holes, and the handle is attached to the top of the cheese. The buttons are evenly spaced around the handle. The background is plain white, emphasizing the cheese and its accessories. There is no visible text in the image. The style of the image is cartoonish and simplistic, with bold outlines and flat colors.	66414113747.png	"The image features a stylized cartoon of a male athlete in mid-run. He has a beard and mustache, and his hair is styled in a short, curly afro. The athlete is wearing a black sleeveless top with a number ""7"" on the front, and black shorts with a yellow stripe. He is also wearing orange and white running shoes. The athlete is holding a large, orange, checkered flag in his right hand, which is raised in the air. The background is plain white."	30643047667.png	The image displays a collection of black and orange spheres scattered across a white background. The spheres vary in size and are densely packed, creating a sense of depth and movement. The largest sphere is centrally located and appears to be the focal point of the composition. The overall style of the image is minimalist and abstract, with a limited color palette and a simple, uncluttered design.	66256939460.png	The image features a cartoon illustration of a young man with black hair and glasses. He is wearing a black suit with an orange tie and has a thumbs-up gesture with his right hand. The background is plain white.	91649265892.png	The image depicts an animated character, a young man with glasses, who appears to be in a state of distress or surprise. He is dressed in a suit and tie, with a yellow tie, and is standing on a pile of brown blocks that are falling apart. The character's arms are outstretched, and he has a pained expression on his face. There is no visible text in the image. The style of the image is cartoonish and appears to be designed for a humorous or illustrative purpose.
соңғы нүкте	Сол құсаның 2016 жылы мемлекетті теңселтіп жібергенін ескерсек, биыл жер реформасына соңғы нүкте сөзсіз қойылуы керек!		66256939460.png	The image features a cartoon illustration of a young man with black hair and glasses. He is wearing a black suit with an orange tie and has a thumbs-up gesture with his right hand. The background is plain white.	83473873105.png	The image shows a stylized illustration of a cheese wedge with a black handle and four orange buttons attached to it. The cheese wedge has a textured surface with holes, and the handle is attached to the top of the cheese. The buttons are evenly spaced around the handle. The background is plain white, emphasizing the cheese and its accessories. There is no visible text in the image. The style of the image is cartoonish and simplistic, with bold outlines and flat colors.	66414113747.png	"The image features a stylized cartoon of a male athlete in mid-run. He has a beard and mustache, and his hair is styled in a short, curly afro. The athlete is wearing a black sleeveless top with a number ""7"" on the front, and black shorts with a yellow stripe. He is also wearing orange and white running shoes. The athlete is holding a large, orange, checkered flag in his right hand, which is raised in the air. The background is plain white."	91649265892.png	The image depicts an animated character, a young man with glasses, who appears to be in a state of distress or surprise. He is dressed in a suit and tie, with a yellow tie, and is standing on a pile of brown blocks that are falling apart. The character's arms are outstretched, and he has a pained expression on his face. There is no visible text in the image. The style of the image is cartoonish and appears to be designed for a humorous or illustrative purpose.	30643047667.png	The image displays a collection of black and orange spheres scattered across a white background. The spheres vary in size and are densely packed, creating a sense of depth and movement. The largest sphere is centrally located and appears to be the focal point of the composition. The overall style of the image is minimalist and abstract, with a limited color palette and a simple, uncluttered design.
соңғы нүкте	Ол шығармада соңғы нүктені қарындашпен қойды, өйткені қаламның сиясы бітіп қалған еді.		66414113747.png	"The image features a stylized cartoon of a male athlete in mid-run. He has a beard and mustache, and his hair is styled in a short, curly afro. The athlete is wearing a black sleeveless top with a number ""7"" on the front, and black shorts with a yellow stripe. He is also wearing orange and white running shoes. The athlete is holding a large, orange, checkered flag in his right hand, which is raised in the air. The background is plain white."	30643047667.png	The image displays a collection of black and orange spheres scattered across a white background. The spheres vary in size and are densely packed, creating a sense of depth and movement. The largest sphere is centrally located and appears to be the focal point of the composition. The overall style of the image is minimalist and abstract, with a limited color palette and a simple, uncluttered design.	91649265892.png	The image depicts an animated character, a young man with glasses, who appears to be in a state of distress or surprise. He is dressed in a suit and tie, with a yellow tie, and is standing on a pile of brown blocks that are falling apart. The character's arms are outstretched, and he has a pained expression on his face. There is no visible text in the image. The style of the image is cartoonish and appears to be designed for a humorous or illustrative purpose.	66256939460.png	The image features a cartoon illustration of a young man with black hair and glasses. He is wearing a black suit with an orange tie and has a thumbs-up gesture with his right hand. The background is plain white.	83473873105.png	The image shows a stylized illustration of a cheese wedge with a black handle and four orange buttons attached to it. The cheese wedge has a textured surface with holes, and the handle is attached to the top of the cheese. The buttons are evenly spaced around the handle. The background is plain white, emphasizing the cheese and its accessories. There is no visible text in the image. The style of the image is cartoonish and simplistic, with bold outlines and flat colors.
соңғы нүкте	Автор романның соңғы тарауын аяқтап, парақтың түбіне соңғы нүкте қойды да, терең дем алды.		66414113747.png	"The image features a stylized cartoon of a male athlete in mid-run. He has a beard and mustache, and his hair is styled in a short, curly afro. The athlete is wearing a black sleeveless top with a number ""7"" on the front, and black shorts with a yellow stripe. He is also wearing orange and white running shoes. The athlete is holding a large, orange, checkered flag in his right hand, which is raised in the air. The background is plain white."	66256939460.png	The image features a cartoon illustration of a young man with black hair and glasses. He is wearing a black suit with an orange tie and has a thumbs-up gesture with his right hand. The background is plain white.	83473873105.png	The image shows a stylized illustration of a cheese wedge with a black handle and four orange buttons attached to it. The cheese wedge has a textured surface with holes, and the handle is attached to the top of the cheese. The buttons are evenly spaced around the handle. The background is plain white, emphasizing the cheese and its accessories. There is no visible text in the image. The style of the image is cartoonish and simplistic, with bold outlines and flat colors.	91649265892.png	The image depicts an animated character, a young man with glasses, who appears to be in a state of distress or surprise. He is dressed in a suit and tie, with a yellow tie, and is standing on a pile of brown blocks that are falling apart. The character's arms are outstretched, and he has a pained expression on his face. There is no visible text in the image. The style of the image is cartoonish and appears to be designed for a humorous or illustrative purpose.	30643047667.png	The image displays a collection of black and orange spheres scattered across a white background. The spheres vary in size and are densely packed, creating a sense of depth and movement. The largest sphere is centrally located and appears to be the focal point of the composition. The overall style of the image is minimalist and abstract, with a limited color palette and a simple, uncluttered design.
жол беру	Көп жыл қызмет еткен басшы жас мамандарға жол беріп, зейнетке шықты		64634550663.png	The image features two animated characters, a girl and a boy, standing side by side. The girl is on the left, wearing an orange sweater, a black skirt, and brown shoes. She has dark hair and is looking to the right with a surprised expression. The boy is on the right, wearing an orange sweater, brown pants, and brown shoes. He has brown hair and is looking down with a closed-eye expression, suggesting he is asleep or resting. Between them is a large, black, rectangular object with two small holes on its surface. The background is plain white. There is no visible text in the image.	38924001984.png	The image features a stylized cartoon character of a man. He has short dark hair, a friendly smile, and is wearing a dark suit with a light-colored shirt and a dark tie. The character is holding a clipboard with a blank piece of paper and a circular orange button with a white checkmark on it. The character is giving a thumbs-up gesture with his right hand. There is no visible text in the image. The style of the image is illustrative and appears to be designed for a friendly or positive context, possibly related to business or approval.	50205307017.png	The image features a stylized, cartoon-like depiction of a hand giving a thumbs-up gesture. The hand is rendered in a warm, orange hue with a glossy finish, suggesting a friendly or positive sentiment. The thumb is extended upwards, while the fingers are curled inward, forming a circular shape around the thumb. The hand is set against a plain, light background, which contrasts with the vibrant color of the hand. There is no visible text in the image. The style of the image is simplistic and graphic, with a focus on the hand and its gesture.	42871808485.png	"The image features two animated vehicles on a road. On the left is a large, orange school bus with the word ""DJROBIC"" on the front, and on the right is a smaller, orange car with a smiling face and a taxi sign on top. The car has a large, brown barrel on its roof. The road has a yellow center line and is bordered by a grassy area with a red and white sign on the left. The background is plain white."	60113696055.png	The image is a digital illustration featuring two animated characters. On the left is an elderly woman with gray hair, wearing glasses, a brown coat, a black skirt, and black shoes. She is holding a brown cane in her right hand. On the right is a younger man with brown hair, wearing a black jacket, brown pants, and brown shoes. He is carrying an orange shoulder bag and has his arm around the woman's shoulders, suggesting a caring or supportive gesture. The characters are depicted in a friendly and warm manner, with the man smiling and the woman looking content. There is no visible text in the image.
жол беру	Пікірталас кезінде ол қарсыласына жол беріп, мәселені бейбіт шешуді ұйғарды		50205307017.png	The image features a stylized, cartoon-like depiction of a hand giving a thumbs-up gesture. The hand is rendered in a warm, orange hue with a glossy finish, suggesting a friendly or positive sentiment. The thumb is extended upwards, while the fingers are curled inward, forming a circular shape around the thumb. The hand is set against a plain, light background, which contrasts with the vibrant color of the hand. There is no visible text in the image. The style of the image is simplistic and graphic, with a focus on the hand and its gesture.	60113696055.png	The image is a digital illustration featuring two animated characters. On the left is an elderly woman with gray hair, wearing glasses, a brown coat, a black skirt, and black shoes. She is holding a brown cane in her right hand. On the right is a younger man with brown hair, wearing a black jacket, brown pants, and brown shoes. He is carrying an orange shoulder bag and has his arm around the woman's shoulders, suggesting a caring or supportive gesture. The characters are depicted in a friendly and warm manner, with the man smiling and the woman looking content. There is no visible text in the image.	64634550663.png	The image features two animated characters, a girl and a boy, standing side by side. The girl is on the left, wearing an orange sweater, a black skirt, and brown shoes. She has dark hair and is looking to the right with a surprised expression. The boy is on the right, wearing an orange sweater, brown pants, and brown shoes. He has brown hair and is looking down with a closed-eye expression, suggesting he is asleep or resting. Between them is a large, black, rectangular object with two small holes on its surface. The background is plain white. There is no visible text in the image.	42871808485.png	"The image features two animated vehicles on a road. On the left is a large, orange school bus with the word ""DJROBIC"" on the front, and on the right is a smaller, orange car with a smiling face and a taxi sign on top. The car has a large, brown barrel on its roof. The road has a yellow center line and is bordered by a grassy area with a red and white sign on the left. The background is plain white."	38924001984.png	The image features a stylized cartoon character of a man. He has short dark hair, a friendly smile, and is wearing a dark suit with a light-colored shirt and a dark tie. The character is holding a clipboard with a blank piece of paper and a circular orange button with a white checkmark on it. The character is giving a thumbs-up gesture with his right hand. There is no visible text in the image. The style of the image is illustrative and appears to be designed for a friendly or positive context, possibly related to business or approval.
жол беру	Демек, жол беру тек үлкендерге ғана тиесілі құрмет емес екен		38924001984.png	The image features a stylized cartoon character of a man. He has short dark hair, a friendly smile, and is wearing a dark suit with a light-colored shirt and a dark tie. The character is holding a clipboard with a blank piece of paper and a circular orange button with a white checkmark on it. The character is giving a thumbs-up gesture with his right hand. There is no visible text in the image. The style of the image is illustrative and appears to be designed for a friendly or positive context, possibly related to business or approval.	64634550663.png	The image features two animated characters, a girl and a boy, standing side by side. The girl is on the left, wearing an orange sweater, a black skirt, and brown shoes. She has dark hair and is looking to the right with a surprised expression. The boy is on the right, wearing an orange sweater, brown pants, and brown shoes. He has brown hair and is looking down with a closed-eye expression, suggesting he is asleep or resting. Between them is a large, black, rectangular object with two small holes on its surface. The background is plain white. There is no visible text in the image.	60113696055.png	The image is a digital illustration featuring two animated characters. On the left is an elderly woman with gray hair, wearing glasses, a brown coat, a black skirt, and black shoes. She is holding a brown cane in her right hand. On the right is a younger man with brown hair, wearing a black jacket, brown pants, and brown shoes. He is carrying an orange shoulder bag and has his arm around the woman's shoulders, suggesting a caring or supportive gesture. The characters are depicted in a friendly and warm manner, with the man smiling and the woman looking content. There is no visible text in the image.	50205307017.png	The image features a stylized, cartoon-like depiction of a hand giving a thumbs-up gesture. The hand is rendered in a warm, orange hue with a glossy finish, suggesting a friendly or positive sentiment. The thumb is extended upwards, while the fingers are curled inward, forming a circular shape around the thumb. The hand is set against a plain, light background, which contrasts with the vibrant color of the hand. There is no visible text in the image. The style of the image is simplistic and graphic, with a focus on the hand and its gesture.	42871808485.png	"The image features two animated vehicles on a road. On the left is a large, orange school bus with the word ""DJROBIC"" on the front, and on the right is a smaller, orange car with a smiling face and a taxi sign on top. The car has a large, brown barrel on its roof. The road has a yellow center line and is bordered by a grassy area with a red and white sign on the left. The background is plain white."
жол беру	Велосипед жолының көше қиылысынан тыс орналасқан жолмен реттелмейтін қиылысында велосипедтердің және мопедтердің жүргізушілері осы жолмен жүріп келе жатқан көлік құралдарына жол беруге тиіс		64634550663.png	The image features two animated characters, a girl and a boy, standing side by side. The girl is on the left, wearing an orange sweater, a black skirt, and brown shoes. She has dark hair and is looking to the right with a surprised expression. The boy is on the right, wearing an orange sweater, brown pants, and brown shoes. He has brown hair and is looking down with a closed-eye expression, suggesting he is asleep or resting. Between them is a large, black, rectangular object with two small holes on its surface. The background is plain white. There is no visible text in the image.	50205307017.png	The image features a stylized, cartoon-like depiction of a hand giving a thumbs-up gesture. The hand is rendered in a warm, orange hue with a glossy finish, suggesting a friendly or positive sentiment. The thumb is extended upwards, while the fingers are curled inward, forming a circular shape around the thumb. The hand is set against a plain, light background, which contrasts with the vibrant color of the hand. There is no visible text in the image. The style of the image is simplistic and graphic, with a focus on the hand and its gesture.	38924001984.png	The image features a stylized cartoon character of a man. He has short dark hair, a friendly smile, and is wearing a dark suit with a light-colored shirt and a dark tie. The character is holding a clipboard with a blank piece of paper and a circular orange button with a white checkmark on it. The character is giving a thumbs-up gesture with his right hand. There is no visible text in the image. The style of the image is illustrative and appears to be designed for a friendly or positive context, possibly related to business or approval.	60113696055.png	The image is a digital illustration featuring two animated characters. On the left is an elderly woman with gray hair, wearing glasses, a brown coat, a black skirt, and black shoes. She is holding a brown cane in her right hand. On the right is a younger man with brown hair, wearing a black jacket, brown pants, and brown shoes. He is carrying an orange shoulder bag and has his arm around the woman's shoulders, suggesting a caring or supportive gesture. The characters are depicted in a friendly and warm manner, with the man smiling and the woman looking content. There is no visible text in the image.	42871808485.png	"The image features two animated vehicles on a road. On the left is a large, orange school bus with the word ""DJROBIC"" on the front, and on the right is a smaller, orange car with a smiling face and a taxi sign on top. The car has a large, brown barrel on its roof. The road has a yellow center line and is bordered by a grassy area with a red and white sign on the left. The background is plain white."
ақ жүрек	Ол — ешкімге жамандық ойламайтын, ақ жүрек адам		98420148523.png	The image depicts a stylized, futuristic spacecraft. It has a predominantly white and gray color scheme with orange accents. The spacecraft features a large, rounded nose section with a greenish tint and a black and orange stripe. There are multiple orange lights and panels on the exterior, suggesting advanced technology. The body of the spacecraft is cylindrical with a series of orange lights and panels running along its length. The tail section is black with orange lights and a black and orange stripe. The spacecraft is shown in a three-quarter view, giving a sense of its size and design. There is no visible text in the image.	77682202921.png	The image is a digital illustration featuring a young boy and four puppies. The boy, with brown hair and wearing an orange shirt and black shorts, is standing on a gray surface. He is holding a bowl filled with what appears to be dog food. The puppies are of various sizes and colors, including brown, black, and white. They are positioned in front of the boy, with three of them standing and one sitting, all looking at the bowl of food. The background consists of a simple gray wall with a small window. There is no visible text in the image. The style of the illustration is cartoonish and colorful, with a focus on the interaction between the boy and the puppies.	92398805212.png	The image features a cartoon illustration of a young boy with dark hair and a wide smile, standing on a large, open cardboard box. The boy is wearing a red and orange striped sweater and has his arms outstretched. Above him, a brown dog with a red collar is jumping, its mouth open as if it's barking or excited. The background is white, and there are small orange stars scattered around the scene. The overall style is playful and colorful, suggesting a theme of joy and imagination.	60100347861.png	The image features a stylized, three-dimensional rendering of a heart. The heart is predominantly orange with a glossy finish, giving it a shiny appearance. It has a reflective quality, suggesting a smooth surface. The heart is outlined with a darker shade of orange, which contrasts with the lighter interior. There are small red dots scattered across the heart's surface, adding a textured effect. The heart is standing upright on a gray background, which provides a neutral backdrop that highlights the heart's vibrant color. There is no visible text in the image. The heart's position and the absence of other objects suggest it is the central focus of the image.	21182642084.png	The image shows a stylized, fluffy, white heart shape with a soft, fuzzy texture. The heart appears to be illuminated from the bottom, giving it a glowing effect. The background is plain and white, which contrasts with the heart, making it the central focus of the image. There is no visible text in the image. The style of the image is graphic and appears to be a digital illustration.
ақ жүрек	Баланың ақ жүрегі мен адалдығын бәрі бірден байқады		98420148523.png	The image depicts a stylized, futuristic spacecraft. It has a predominantly white and gray color scheme with orange accents. The spacecraft features a large, rounded nose section with a greenish tint and a black and orange stripe. There are multiple orange lights and panels on the exterior, suggesting advanced technology. The body of the spacecraft is cylindrical with a series of orange lights and panels running along its length. The tail section is black with orange lights and a black and orange stripe. The spacecraft is shown in a three-quarter view, giving a sense of its size and design. There is no visible text in the image.	60100347861.png	The image features a stylized, three-dimensional rendering of a heart. The heart is predominantly orange with a glossy finish, giving it a shiny appearance. It has a reflective quality, suggesting a smooth surface. The heart is outlined with a darker shade of orange, which contrasts with the lighter interior. There are small red dots scattered across the heart's surface, adding a textured effect. The heart is standing upright on a gray background, which provides a neutral backdrop that highlights the heart's vibrant color. There is no visible text in the image. The heart's position and the absence of other objects suggest it is the central focus of the image.	77682202921.png	The image is a digital illustration featuring a young boy and four puppies. The boy, with brown hair and wearing an orange shirt and black shorts, is standing on a gray surface. He is holding a bowl filled with what appears to be dog food. The puppies are of various sizes and colors, including brown, black, and white. They are positioned in front of the boy, with three of them standing and one sitting, all looking at the bowl of food. The background consists of a simple gray wall with a small window. There is no visible text in the image. The style of the illustration is cartoonish and colorful, with a focus on the interaction between the boy and the puppies.	21182642084.png	The image shows a stylized, fluffy, white heart shape with a soft, fuzzy texture. The heart appears to be illuminated from the bottom, giving it a glowing effect. The background is plain and white, which contrasts with the heart, making it the central focus of the image. There is no visible text in the image. The style of the image is graphic and appears to be a digital illustration.	92398805212.png	The image features a cartoon illustration of a young boy with dark hair and a wide smile, standing on a large, open cardboard box. The boy is wearing a red and orange striped sweater and has his arms outstretched. Above him, a brown dog with a red collar is jumping, its mouth open as if it's barking or excited. The background is white, and there are small orange stars scattered around the scene. The overall style is playful and colorful, suggesting a theme of joy and imagination.
ақ жүрек	Ауылда адамдар ақ жүректі дененің қызуын қайтару үшін ішеді.		60100347861.png	The image features a stylized, three-dimensional rendering of a heart. The heart is predominantly orange with a glossy finish, giving it a shiny appearance. It has a reflective quality, suggesting a smooth surface. The heart is outlined with a darker shade of orange, which contrasts with the lighter interior. There are small red dots scattered across the heart's surface, adding a textured effect. The heart is standing upright on a gray background, which provides a neutral backdrop that highlights the heart's vibrant color. There is no visible text in the image. The heart's position and the absence of other objects suggest it is the central focus of the image.	21182642084.png	The image shows a stylized, fluffy, white heart shape with a soft, fuzzy texture. The heart appears to be illuminated from the bottom, giving it a glowing effect. The background is plain and white, which contrasts with the heart, making it the central focus of the image. There is no visible text in the image. The style of the image is graphic and appears to be a digital illustration.	77682202921.png	The image is a digital illustration featuring a young boy and four puppies. The boy, with brown hair and wearing an orange shirt and black shorts, is standing on a gray surface. He is holding a bowl filled with what appears to be dog food. The puppies are of various sizes and colors, including brown, black, and white. They are positioned in front of the boy, with three of them standing and one sitting, all looking at the bowl of food. The background consists of a simple gray wall with a small window. There is no visible text in the image. The style of the illustration is cartoonish and colorful, with a focus on the interaction between the boy and the puppies.	98420148523.png	The image depicts a stylized, futuristic spacecraft. It has a predominantly white and gray color scheme with orange accents. The spacecraft features a large, rounded nose section with a greenish tint and a black and orange stripe. There are multiple orange lights and panels on the exterior, suggesting advanced technology. The body of the spacecraft is cylindrical with a series of orange lights and panels running along its length. The tail section is black with orange lights and a black and orange stripe. The spacecraft is shown in a three-quarter view, giving a sense of its size and design. There is no visible text in the image.	92398805212.png	The image features a cartoon illustration of a young boy with dark hair and a wide smile, standing on a large, open cardboard box. The boy is wearing a red and orange striped sweater and has his arms outstretched. Above him, a brown dog with a red collar is jumping, its mouth open as if it's barking or excited. The background is white, and there are small orange stars scattered around the scene. The overall style is playful and colorful, suggesting a theme of joy and imagination.
ақ жүрек	Биология сабағында оқушылар пластикалық үлгі арқылы адамның ақ жүрегінің құрылысын қарап шықты.		92398805212.png	The image features a cartoon illustration of a young boy with dark hair and a wide smile, standing on a large, open cardboard box. The boy is wearing a red and orange striped sweater and has his arms outstretched. Above him, a brown dog with a red collar is jumping, its mouth open as if it's barking or excited. The background is white, and there are small orange stars scattered around the scene. The overall style is playful and colorful, suggesting a theme of joy and imagination.	60100347861.png	The image features a stylized, three-dimensional rendering of a heart. The heart is predominantly orange with a glossy finish, giving it a shiny appearance. It has a reflective quality, suggesting a smooth surface. The heart is outlined with a darker shade of orange, which contrasts with the lighter interior. There are small red dots scattered across the heart's surface, adding a textured effect. The heart is standing upright on a gray background, which provides a neutral backdrop that highlights the heart's vibrant color. There is no visible text in the image. The heart's position and the absence of other objects suggest it is the central focus of the image.	98420148523.png	The image depicts a stylized, futuristic spacecraft. It has a predominantly white and gray color scheme with orange accents. The spacecraft features a large, rounded nose section with a greenish tint and a black and orange stripe. There are multiple orange lights and panels on the exterior, suggesting advanced technology. The body of the spacecraft is cylindrical with a series of orange lights and panels running along its length. The tail section is black with orange lights and a black and orange stripe. The spacecraft is shown in a three-quarter view, giving a sense of its size and design. There is no visible text in the image.	77682202921.png	The image is a digital illustration featuring a young boy and four puppies. The boy, with brown hair and wearing an orange shirt and black shorts, is standing on a gray surface. He is holding a bowl filled with what appears to be dog food. The puppies are of various sizes and colors, including brown, black, and white. They are positioned in front of the boy, with three of them standing and one sitting, all looking at the bowl of food. The background consists of a simple gray wall with a small window. There is no visible text in the image. The style of the illustration is cartoonish and colorful, with a focus on the interaction between the boy and the puppies.	21182642084.png	The image shows a stylized, fluffy, white heart shape with a soft, fuzzy texture. The heart appears to be illuminated from the bottom, giving it a glowing effect. The background is plain and white, which contrasts with the heart, making it the central focus of the image. There is no visible text in the image. The style of the image is graphic and appears to be a digital illustration.
тас жүрек	Қанша жалынса да, ол тас жүрек күйінде қалып, еш мейірім танытпады		65556933454.png	The image is a digital illustration featuring two animated characters, a man and a woman, walking side by side. The woman is on the left and the man is on the right. The woman is wearing a white blouse, a brown skirt, and black high heels. She is holding a black clipboard and a brown handbag. The man is dressed in a black suit, a white shirt, an orange tie, and black shoes. He is waving with his right hand and carrying a brown briefcase. Both characters are smiling and appear to be in a positive mood. There is no visible text in the image. The style of the illustration is cartoonish and simplistic, with a limited color palette and a flat design.	71638650769.png	The image depicts a large, irregularly shaped rock with a rough, textured surface, predominantly in shades of gray and brown, with patches of orange. The rock is situated in a desert-like environment with sparse vegetation, including small shrubs and grasses. In the background, there is a single, slender tree with a green canopy. The sky is not visible, and the image has a clean, white background that contrasts with the rock and the vegetation. There is no visible text in the image. The style of the image is a digital rendering with a realistic aesthetic.	97486775252.png	The image features two animated characters. On the left is an older man with gray hair, a mustache, and a beard, wearing a dark suit and tie. He has his arms crossed and is looking to the right with a neutral expression. On the right is a younger boy with brown hair, wearing a red and orange plaid shirt and dark pants. He is holding a small orange bowl in his right hand and looking up at the older man with a slight frown. The background is plain white.	51950018375.png	The image features two plush toys, a brown teddy bear and an orange monkey, sitting side by side on a pillow. The pillow has a pattern of small orange shapes on a white background. The teddy bear is smiling and has a friendly expression, while the monkey has a neutral expression. The background is plain white, emphasizing the toys and the pillow.	26437321851.png	The image features a 3D rendering of a heart with a cracked, grayish surface, revealing an orange-red interior. The heart has a black stem and a network of black, coiled tubes or veins extending from the top. The background is plain white, emphasizing the heart.
тас жүрек	Жүректі тас етті ме кілең “мықты”,Кешір мені, ағажан, ренжіттім		26437321851.png	The image features a 3D rendering of a heart with a cracked, grayish surface, revealing an orange-red interior. The heart has a black stem and a network of black, coiled tubes or veins extending from the top. The background is plain white, emphasizing the heart.	71638650769.png	The image depicts a large, irregularly shaped rock with a rough, textured surface, predominantly in shades of gray and brown, with patches of orange. The rock is situated in a desert-like environment with sparse vegetation, including small shrubs and grasses. In the background, there is a single, slender tree with a green canopy. The sky is not visible, and the image has a clean, white background that contrasts with the rock and the vegetation. There is no visible text in the image. The style of the image is a digital rendering with a realistic aesthetic.	97486775252.png	The image features two animated characters. On the left is an older man with gray hair, a mustache, and a beard, wearing a dark suit and tie. He has his arms crossed and is looking to the right with a neutral expression. On the right is a younger boy with brown hair, wearing a red and orange plaid shirt and dark pants. He is holding a small orange bowl in his right hand and looking up at the older man with a slight frown. The background is plain white.	51950018375.png	The image features two plush toys, a brown teddy bear and an orange monkey, sitting side by side on a pillow. The pillow has a pattern of small orange shapes on a white background. The teddy bear is smiling and has a friendly expression, while the monkey has a neutral expression. The background is plain white, emphasizing the toys and the pillow.	65556933454.png	The image is a digital illustration featuring two animated characters, a man and a woman, walking side by side. The woman is on the left and the man is on the right. The woman is wearing a white blouse, a brown skirt, and black high heels. She is holding a black clipboard and a brown handbag. The man is dressed in a black suit, a white shirt, an orange tie, and black shoes. He is waving with his right hand and carrying a brown briefcase. Both characters are smiling and appear to be in a positive mood. There is no visible text in the image. The style of the illustration is cartoonish and simplistic, with a limited color palette and a flat design.
тас жүрек	Мүсіншінің қолынан шыққан бейнеде кеудесіне тас жүрек орнатылған еді.		51950018375.png	The image features two plush toys, a brown teddy bear and an orange monkey, sitting side by side on a pillow. The pillow has a pattern of small orange shapes on a white background. The teddy bear is smiling and has a friendly expression, while the monkey has a neutral expression. The background is plain white, emphasizing the toys and the pillow.	71638650769.png	The image depicts a large, irregularly shaped rock with a rough, textured surface, predominantly in shades of gray and brown, with patches of orange. The rock is situated in a desert-like environment with sparse vegetation, including small shrubs and grasses. In the background, there is a single, slender tree with a green canopy. The sky is not visible, and the image has a clean, white background that contrasts with the rock and the vegetation. There is no visible text in the image. The style of the image is a digital rendering with a realistic aesthetic.	26437321851.png	The image features a 3D rendering of a heart with a cracked, grayish surface, revealing an orange-red interior. The heart has a black stem and a network of black, coiled tubes or veins extending from the top. The background is plain white, emphasizing the heart.	97486775252.png	The image features two animated characters. On the left is an older man with gray hair, a mustache, and a beard, wearing a dark suit and tie. He has his arms crossed and is looking to the right with a neutral expression. On the right is a younger boy with brown hair, wearing a red and orange plaid shirt and dark pants. He is holding a small orange bowl in his right hand and looking up at the older man with a slight frown. The background is plain white.	65556933454.png	The image is a digital illustration featuring two animated characters, a man and a woman, walking side by side. The woman is on the left and the man is on the right. The woman is wearing a white blouse, a brown skirt, and black high heels. She is holding a black clipboard and a brown handbag. The man is dressed in a black suit, a white shirt, an orange tie, and black shoes. He is waving with his right hand and carrying a brown briefcase. Both characters are smiling and appear to be in a positive mood. There is no visible text in the image. The style of the illustration is cartoonish and simplistic, with a limited color palette and a flat design.
тас жүрек	Ғалымдар ежелгі мәйіттің орнын қазып, ішінен қатайып кеткен тас жүректі тапты		97486775252.png	The image features two animated characters. On the left is an older man with gray hair, a mustache, and a beard, wearing a dark suit and tie. He has his arms crossed and is looking to the right with a neutral expression. On the right is a younger boy with brown hair, wearing a red and orange plaid shirt and dark pants. He is holding a small orange bowl in his right hand and looking up at the older man with a slight frown. The background is plain white.	71638650769.png	The image depicts a large, irregularly shaped rock with a rough, textured surface, predominantly in shades of gray and brown, with patches of orange. The rock is situated in a desert-like environment with sparse vegetation, including small shrubs and grasses. In the background, there is a single, slender tree with a green canopy. The sky is not visible, and the image has a clean, white background that contrasts with the rock and the vegetation. There is no visible text in the image. The style of the image is a digital rendering with a realistic aesthetic.	51950018375.png	The image features two plush toys, a brown teddy bear and an orange monkey, sitting side by side on a pillow. The pillow has a pattern of small orange shapes on a white background. The teddy bear is smiling and has a friendly expression, while the monkey has a neutral expression. The background is plain white, emphasizing the toys and the pillow.	26437321851.png	The image features a 3D rendering of a heart with a cracked, grayish surface, revealing an orange-red interior. The heart has a black stem and a network of black, coiled tubes or veins extending from the top. The background is plain white, emphasizing the heart.	65556933454.png	The image is a digital illustration featuring two animated characters, a man and a woman, walking side by side. The woman is on the left and the man is on the right. The woman is wearing a white blouse, a brown skirt, and black high heels. She is holding a black clipboard and a brown handbag. The man is dressed in a black suit, a white shirt, an orange tie, and black shoes. He is waving with his right hand and carrying a brown briefcase. Both characters are smiling and appear to be in a positive mood. There is no visible text in the image. The style of the illustration is cartoonish and simplistic, with a limited color palette and a flat design.
ауыр жүк	Отбасын жалғыз асырау оның мойнына түскен ауыр жүк болды		91278829728.png	The image depicts an anthropomorphic donkey character. The donkey is wearing a large, yellow hat with a brim and a brown band. It has a white muzzle and is adorned with an orange scarf around its neck. The donkey is pulling a wooden cart with two large wheels. On the cart, there are two sacks, one green and one brown, and a large, green, spherical object that resembles a melon or a gourd. The donkey is also wearing orange leg wraps and has a white patch on its forehead. The background is plain and does not provide any additional context. There is no visible text in the image.	19242887184.png	The image shows a stack of books with a variety of colors and sizes. The topmost book is orange, and the stack includes books in shades of green, white, and black. Each book has a visible spine with text, but the text is too small to read clearly. The books are arranged in a neat pile, and there is a small, red-bordered tag attached to the spine of the topmost book. The background is plain and white, which contrasts with the colorful books. The style of the image is illustrative, with a clean and simple line drawing that gives a three-dimensional appearance to the books.	11307669548.png	The image depicts an animated character, a young boy with brown hair, wearing a yellow backpack. He is standing with his back to the viewer, looking to the side. Surrounding the boy is a chaotic scene of numerous black ghosts with white eyes and mouths, all connected by chains. The ghosts are of various sizes and are scattered around the boy, some closer to him and others further away. The background is plain white, which contrasts with the dark color of the ghosts and the boy's yellow backpack. There is no visible text in the image. The style of the image is cartoonish and whimsical.	53309402148.png	The image depicts an animated character, a young girl, carrying a large woven basket filled with a variety of fruits. She is wearing a traditional conical hat, a yellow blouse with a pattern, and an orange skirt. The girl is walking on a flat surface, and her expression is neutral. The fruits in the basket include oranges, apples, and pears, with some leaves and flowers mixed in. The style of the image is illustrative, with a focus on color and detail.	24962496396.png	The image depicts a cartoon illustration of a formal meeting setting. There are four animated characters, each with a distinct hairstyle and wearing a suit with a tie. The character on the left is seated at a desk, facing the viewer, and appears to be speaking or gesturing. The other three characters are seated behind the first, facing the viewer, and are attentively listening or observing. The desk has a microphone and a nameplate, suggesting a professional environment. The background is plain and does not provide any additional context. There is no visible text in the image.
ауыр жүк	Елдің тағдырын шешетін шешім қабылдау — кез келген басшы үшін ауыр жүк		91278829728.png	The image depicts an anthropomorphic donkey character. The donkey is wearing a large, yellow hat with a brim and a brown band. It has a white muzzle and is adorned with an orange scarf around its neck. The donkey is pulling a wooden cart with two large wheels. On the cart, there are two sacks, one green and one brown, and a large, green, spherical object that resembles a melon or a gourd. The donkey is also wearing orange leg wraps and has a white patch on its forehead. The background is plain and does not provide any additional context. There is no visible text in the image.	19242887184.png	The image shows a stack of books with a variety of colors and sizes. The topmost book is orange, and the stack includes books in shades of green, white, and black. Each book has a visible spine with text, but the text is too small to read clearly. The books are arranged in a neat pile, and there is a small, red-bordered tag attached to the spine of the topmost book. The background is plain and white, which contrasts with the colorful books. The style of the image is illustrative, with a clean and simple line drawing that gives a three-dimensional appearance to the books.	53309402148.png	The image depicts an animated character, a young girl, carrying a large woven basket filled with a variety of fruits. She is wearing a traditional conical hat, a yellow blouse with a pattern, and an orange skirt. The girl is walking on a flat surface, and her expression is neutral. The fruits in the basket include oranges, apples, and pears, with some leaves and flowers mixed in. The style of the image is illustrative, with a focus on color and detail.	24962496396.png	The image depicts a cartoon illustration of a formal meeting setting. There are four animated characters, each with a distinct hairstyle and wearing a suit with a tie. The character on the left is seated at a desk, facing the viewer, and appears to be speaking or gesturing. The other three characters are seated behind the first, facing the viewer, and are attentively listening or observing. The desk has a microphone and a nameplate, suggesting a professional environment. The background is plain and does not provide any additional context. There is no visible text in the image.	11307669548.png	The image depicts an animated character, a young boy with brown hair, wearing a yellow backpack. He is standing with his back to the viewer, looking to the side. Surrounding the boy is a chaotic scene of numerous black ghosts with white eyes and mouths, all connected by chains. The ghosts are of various sizes and are scattered around the boy, some closer to him and others further away. The background is plain white, which contrasts with the dark color of the ghosts and the boy's yellow backpack. There is no visible text in the image. The style of the image is cartoonish and whimsical.
ауыр жүк	Ауыр Жүк Көліктері Жолдың Тез Бұзылуына Әсер Етіп Отыр		24962496396.png	The image depicts a cartoon illustration of a formal meeting setting. There are four animated characters, each with a distinct hairstyle and wearing a suit with a tie. The character on the left is seated at a desk, facing the viewer, and appears to be speaking or gesturing. The other three characters are seated behind the first, facing the viewer, and are attentively listening or observing. The desk has a microphone and a nameplate, suggesting a professional environment. The background is plain and does not provide any additional context. There is no visible text in the image.	11307669548.png	The image depicts an animated character, a young boy with brown hair, wearing a yellow backpack. He is standing with his back to the viewer, looking to the side. Surrounding the boy is a chaotic scene of numerous black ghosts with white eyes and mouths, all connected by chains. The ghosts are of various sizes and are scattered around the boy, some closer to him and others further away. The background is plain white, which contrasts with the dark color of the ghosts and the boy's yellow backpack. There is no visible text in the image. The style of the image is cartoonish and whimsical.	19242887184.png	The image shows a stack of books with a variety of colors and sizes. The topmost book is orange, and the stack includes books in shades of green, white, and black. Each book has a visible spine with text, but the text is too small to read clearly. The books are arranged in a neat pile, and there is a small, red-bordered tag attached to the spine of the topmost book. The background is plain and white, which contrasts with the colorful books. The style of the image is illustrative, with a clean and simple line drawing that gives a three-dimensional appearance to the books.	53309402148.png	The image depicts an animated character, a young girl, carrying a large woven basket filled with a variety of fruits. She is wearing a traditional conical hat, a yellow blouse with a pattern, and an orange skirt. The girl is walking on a flat surface, and her expression is neutral. The fruits in the basket include oranges, apples, and pears, with some leaves and flowers mixed in. The style of the image is illustrative, with a focus on color and detail.	91278829728.png	The image depicts an anthropomorphic donkey character. The donkey is wearing a large, yellow hat with a brim and a brown band. It has a white muzzle and is adorned with an orange scarf around its neck. The donkey is pulling a wooden cart with two large wheels. On the cart, there are two sacks, one green and one brown, and a large, green, spherical object that resembles a melon or a gourd. The donkey is also wearing orange leg wraps and has a white patch on its forehead. The background is plain and does not provide any additional context. There is no visible text in the image.
ауыр жүк	Біздің елімізде жолдар сапасыз салынғанымен қоймай оларды тезірек бүлдіретін ауыр жүктер таситын автомобильдер де көп жүреді		19242887184.png	The image shows a stack of books with a variety of colors and sizes. The topmost book is orange, and the stack includes books in shades of green, white, and black. Each book has a visible spine with text, but the text is too small to read clearly. The books are arranged in a neat pile, and there is a small, red-bordered tag attached to the spine of the topmost book. The background is plain and white, which contrasts with the colorful books. The style of the image is illustrative, with a clean and simple line drawing that gives a three-dimensional appearance to the books.	53309402148.png	The image depicts an animated character, a young girl, carrying a large woven basket filled with a variety of fruits. She is wearing a traditional conical hat, a yellow blouse with a pattern, and an orange skirt. The girl is walking on a flat surface, and her expression is neutral. The fruits in the basket include oranges, apples, and pears, with some leaves and flowers mixed in. The style of the image is illustrative, with a focus on color and detail.	11307669548.png	The image depicts an animated character, a young boy with brown hair, wearing a yellow backpack. He is standing with his back to the viewer, looking to the side. Surrounding the boy is a chaotic scene of numerous black ghosts with white eyes and mouths, all connected by chains. The ghosts are of various sizes and are scattered around the boy, some closer to him and others further away. The background is plain white, which contrasts with the dark color of the ghosts and the boy's yellow backpack. There is no visible text in the image. The style of the image is cartoonish and whimsical.	91278829728.png	The image depicts an anthropomorphic donkey character. The donkey is wearing a large, yellow hat with a brim and a brown band. It has a white muzzle and is adorned with an orange scarf around its neck. The donkey is pulling a wooden cart with two large wheels. On the cart, there are two sacks, one green and one brown, and a large, green, spherical object that resembles a melon or a gourd. The donkey is also wearing orange leg wraps and has a white patch on its forehead. The background is plain and does not provide any additional context. There is no visible text in the image.	24962496396.png	The image depicts a cartoon illustration of a formal meeting setting. There are four animated characters, each with a distinct hairstyle and wearing a suit with a tie. The character on the left is seated at a desk, facing the viewer, and appears to be speaking or gesturing. The other three characters are seated behind the first, facing the viewer, and are attentively listening or observing. The desk has a microphone and a nameplate, suggesting a professional environment. The background is plain and does not provide any additional context. There is no visible text in the image.
қызойнақ	Қызойнақ салтының мән-маңызы неде десеңіз, осы жиын арқылы қыз бала өзінің ерке-сылқым мінезімен, тентектігімен қош айтысады		75230026043.png	The image features four animated female characters, each holding a drink. They are dressed in similar outfits with a combination of brown and orange colors. The characters are smiling and appear to be in a cheerful mood. The drinks they are holding include what looks like a cocktail with a straw and a slice of lemon, and a glass of wine. The characters are standing close to each other, suggesting a sense of camaraderie or celebration. There is no visible text in the image.	13387201878.png	The image depicts four animated female characters in a running pose. They are dressed in athletic attire, with the first character wearing a green tank top and shorts, the second in an orange tank top and shorts, the third in a purple tank top and shorts, and the fourth in a red tank top and shorts. Each character has a different hairstyle and is wearing different colored shoes. They are running on a flat surface with a shadow cast beneath them, suggesting a light source from above. The background is plain white, emphasizing the characters. There is no visible text in the image.	42014932318.png	The image depicts a group of four animated children, two girls and two boys, on a playground. The girl on the left is sitting on a bench with a polka dot dress, smiling and looking towards the viewer. The boy in the middle is standing on a swing, wearing a green shirt and a red hairband, also smiling and looking towards the viewer. The girl in the middle is standing on a slide, wearing a green dress and a green hairband, smiling and looking towards the viewer. The boy on the right is sitting on the slide, wearing a brown dress and a white hairband, smiling and looking towards the viewer. The playground equipment includes a swing and a slide, both in shades of orange. The background is plain white, emphasizing the playful scene. There is no visible text in the image.	20739450019.png	The image depicts four animated female characters seated around a red dining table. Each character is holding a hamburger and smiling. They are dressed in casual attire, with two wearing dresses and the other two in pants. The characters are wearing high heels. The background is plain white, emphasizing the subjects. There is no visible text in the image. The style of the image is cartoonish and appears to be designed for a friendly or promotional purpose, possibly related to food or dining.	75577566189.png	The image depicts a whimsical, cartoon-style illustration of a playground. In the center stands a tall, multi-tiered structure with a conical roof, resembling a tower or a castle. The tower has a flag on top and is surrounded by a wooden fence. On the ground, there are two trees with green leaves, and a bench is placed between them. To the left of the tower, there is a large, orange, coiled object that appears to be a slide or a play feature. The slide is connected to the tower by a series of orange rings. The ground is covered with rocks and small plants. The overall scene is colorful and child-friendly, suggesting a playful and imaginative environment.
қызойнақ	Қызойнақ көп ұйымдастырылмайды, ата – ана оған өз қатысуына қыздарына қатаң тыйым салған		42014932318.png	The image depicts a group of four animated children, two girls and two boys, on a playground. The girl on the left is sitting on a bench with a polka dot dress, smiling and looking towards the viewer. The boy in the middle is standing on a swing, wearing a green shirt and a red hairband, also smiling and looking towards the viewer. The girl in the middle is standing on a slide, wearing a green dress and a green hairband, smiling and looking towards the viewer. The boy on the right is sitting on the slide, wearing a brown dress and a white hairband, smiling and looking towards the viewer. The playground equipment includes a swing and a slide, both in shades of orange. The background is plain white, emphasizing the playful scene. There is no visible text in the image.	75230026043.png	The image features four animated female characters, each holding a drink. They are dressed in similar outfits with a combination of brown and orange colors. The characters are smiling and appear to be in a cheerful mood. The drinks they are holding include what looks like a cocktail with a straw and a slice of lemon, and a glass of wine. The characters are standing close to each other, suggesting a sense of camaraderie or celebration. There is no visible text in the image.	75577566189.png	The image depicts a whimsical, cartoon-style illustration of a playground. In the center stands a tall, multi-tiered structure with a conical roof, resembling a tower or a castle. The tower has a flag on top and is surrounded by a wooden fence. On the ground, there are two trees with green leaves, and a bench is placed between them. To the left of the tower, there is a large, orange, coiled object that appears to be a slide or a play feature. The slide is connected to the tower by a series of orange rings. The ground is covered with rocks and small plants. The overall scene is colorful and child-friendly, suggesting a playful and imaginative environment.	13387201878.png	The image depicts four animated female characters in a running pose. They are dressed in athletic attire, with the first character wearing a green tank top and shorts, the second in an orange tank top and shorts, the third in a purple tank top and shorts, and the fourth in a red tank top and shorts. Each character has a different hairstyle and is wearing different colored shoes. They are running on a flat surface with a shadow cast beneath them, suggesting a light source from above. The background is plain white, emphasizing the characters. There is no visible text in the image.	20739450019.png	The image depicts four animated female characters seated around a red dining table. Each character is holding a hamburger and smiling. They are dressed in casual attire, with two wearing dresses and the other two in pants. The characters are wearing high heels. The background is plain white, emphasizing the subjects. There is no visible text in the image. The style of the image is cartoonish and appears to be designed for a friendly or promotional purpose, possibly related to food or dining.
махаббат үшбұрышы	Романның ортасында кейіпкерлер арасындағы достық біртіндеп махаббат үшбұрышына айналады.		58365233893.png	The image shows a collection of spheres with a reflective surface, arranged in a triangular pattern on a black base. The spheres vary in color, with shades of orange, red, white, and black. There is a single sphere outside the main arrangement, positioned to the right. The background is plain and white, emphasizing the spheres. The image is a 3D rendering with a realistic style.	40107203443.png	The image depicts two animated characters, a woman and a man, sitting at a table in a professional setting. The woman is on the left, wearing a bright orange blazer over a white shirt, black pants, and black high heels. She has curly hair and is smiling. The man is on the right, dressed in a dark suit with a white shirt and a red tie, and is also smiling. He is holding a pen and appears to be writing on a notepad. Both characters are seated on office chairs with wheels. The background is plain white, emphasizing the characters and the table. There is no visible text in the image.	58424613316.png	The image features a large, three-dimensional stack of heart-shaped objects. These hearts are in shades of red and pink, and they are arranged in a pyramid shape, with the largest heart at the bottom and the smallest at the top. The hearts are glossy and appear to be made of a smooth, possibly plastic or paper-like material. They are floating in the air against a plain white background. There is no visible text in the image. The style of the image is illustrative and appears to be designed for a graphic or decorative purpose.	56731050757.png	The image is a digital illustration featuring two stylized female figures standing on a grassy area with a body of water in the foreground. The figures are depicted in a simplistic, cartoon-like style with minimal detail. The figure on the left has long brown hair, is wearing a short-sleeved orange top, dark pants, and black shoes. The figure on the right has long brown hair, is wearing a short-sleeved red top, dark shorts, and black shoes. Both figures are holding hands and appear to be looking out towards a large, orange sunset or sunrise in the background. The sun is depicted with a gradient of colors, ranging from orange to yellow and then to a darker orange. The sky is depicted with a gradient of colors, ranging from a light orange at the horizon to a darker orange and then to a light blue at the top. The clouds are depicted in a soft, light gray color. In the foreground, there are three red flowers with green leaves. The overall style of the image is flat with a limited color palette, emphasizing the silhouette of the figures against the bright background.	33153133866.png	The image is a digital illustration featuring three animated characters. On the left, there is a man with a beard and mustache, wearing a yellow sleeveless shirt and black pants. In the center, there is a woman with dark skin, dark hair, and large hoop earrings. She is wearing a sleeveless top and black pants, and her hands are on her hips. On the right, there is another man with a beard and mustache, wearing an orange shirt and black pants. He is holding a small red box in his right hand and gesturing with his left hand. The characters are standing in a line, facing each other, and appear to be engaged in a conversation. There is no visible text in the image.
махаббат үшбұрышы	Көркем фильмнің сюжеті күрделі махаббат үшбұрышына құрылған — әр кейіпкер өз сезімін жасыра алмайды		33153133866.png	The image is a digital illustration featuring three animated characters. On the left, there is a man with a beard and mustache, wearing a yellow sleeveless shirt and black pants. In the center, there is a woman with dark skin, dark hair, and large hoop earrings. She is wearing a sleeveless top and black pants, and her hands are on her hips. On the right, there is another man with a beard and mustache, wearing an orange shirt and black pants. He is holding a small red box in his right hand and gesturing with his left hand. The characters are standing in a line, facing each other, and appear to be engaged in a conversation. There is no visible text in the image.	40107203443.png	The image depicts two animated characters, a woman and a man, sitting at a table in a professional setting. The woman is on the left, wearing a bright orange blazer over a white shirt, black pants, and black high heels. She has curly hair and is smiling. The man is on the right, dressed in a dark suit with a white shirt and a red tie, and is also smiling. He is holding a pen and appears to be writing on a notepad. Both characters are seated on office chairs with wheels. The background is plain white, emphasizing the characters and the table. There is no visible text in the image.	56731050757.png	The image is a digital illustration featuring two stylized female figures standing on a grassy area with a body of water in the foreground. The figures are depicted in a simplistic, cartoon-like style with minimal detail. The figure on the left has long brown hair, is wearing a short-sleeved orange top, dark pants, and black shoes. The figure on the right has long brown hair, is wearing a short-sleeved red top, dark shorts, and black shoes. Both figures are holding hands and appear to be looking out towards a large, orange sunset or sunrise in the background. The sun is depicted with a gradient of colors, ranging from orange to yellow and then to a darker orange. The sky is depicted with a gradient of colors, ranging from a light orange at the horizon to a darker orange and then to a light blue at the top. The clouds are depicted in a soft, light gray color. In the foreground, there are three red flowers with green leaves. The overall style of the image is flat with a limited color palette, emphasizing the silhouette of the figures against the bright background.	58365233893.png	The image shows a collection of spheres with a reflective surface, arranged in a triangular pattern on a black base. The spheres vary in color, with shades of orange, red, white, and black. There is a single sphere outside the main arrangement, positioned to the right. The background is plain and white, emphasizing the spheres. The image is a 3D rendering with a realistic style.	58424613316.png	The image features a large, three-dimensional stack of heart-shaped objects. These hearts are in shades of red and pink, and they are arranged in a pyramid shape, with the largest heart at the bottom and the smallest at the top. The hearts are glossy and appear to be made of a smooth, possibly plastic or paper-like material. They are floating in the air against a plain white background. There is no visible text in the image. The style of the image is illustrative and appears to be designed for a graphic or decorative purpose.
қызғылт жалау	Қарым-қатынастың басында байқалған ұсақ түсінбеушіліктер кейін үлкен мәселенің қызғылт жалауы болып шықты		35358288633.png	The image shows a stylized depiction of a flag on a pole, set against a background that suggests a beach scene with waves and a sandy shore. The flag is red with a wavy design that gives the impression of movement. The pole is black and stands upright in the sand. There is no visible text in the image. The style of the image is graphic and appears to be a digital illustration rather than a photograph.	65144480969.png	The image features a highly stylized and realistic depiction of a strawberry. It has a vibrant red color with a glossy finish, and the strawberry's leaves are a deep green with a smooth texture. The strawberry is placed on a flat surface, which appears to be a dark gray or black color. The background is a plain, light beige color, providing a neutral backdrop that contrasts with the vivid red of the strawberry. There is no visible text in the image. The strawberry is the central object in the image, and its position on the surface suggests it might be a still life composition.	97887320193.png	The image depicts a stylized illustration of a flag on a pole. The flag is green with a yellow stripe running horizontally across the center. The pole is brown and has a rope tied around it. The background is a plain white, and there are green plants with yellow flowers at the base of the pole. The style of the image is cartoonish and appears to be a digital drawing.	19508782015.png	The image depicts a stylized, cartoon-like illustration of a man and a woman walking together. The man is on the right, and the woman is on the left. The man is wearing a black jacket and black pants, with brown shoes. The woman is wearing an orange sweater, black pants, and brown shoes. Both are smiling and appear to be in a good mood. Between them, there is a small brown dog with a red collar and a red tag. The background is plain white, emphasizing the subjects. There is no visible text in the image.	31843389369.png	The image depicts an animated scene with a young woman sitting at a desk with a computer monitor in front of her. The monitor displays a social media interface with a profile picture of a young man, and there are icons for liking and commenting. The woman is pointing at the profile picture with a surprised expression. She has brown hair tied in a ponytail and is wearing a black top. The style of the image is cartoonish and colorful.
қызғылт жалау	Сарапшылардың айтуынша, нарықтағы бұл өзгерістер — экономикалық дағдарыстың алғашқы қызғылт жалаулары.		35358288633.png	The image shows a stylized depiction of a flag on a pole, set against a background that suggests a beach scene with waves and a sandy shore. The flag is red with a wavy design that gives the impression of movement. The pole is black and stands upright in the sand. There is no visible text in the image. The style of the image is graphic and appears to be a digital illustration rather than a photograph.	19508782015.png	The image depicts a stylized, cartoon-like illustration of a man and a woman walking together. The man is on the right, and the woman is on the left. The man is wearing a black jacket and black pants, with brown shoes. The woman is wearing an orange sweater, black pants, and brown shoes. Both are smiling and appear to be in a good mood. Between them, there is a small brown dog with a red collar and a red tag. The background is plain white, emphasizing the subjects. There is no visible text in the image.	65144480969.png	The image features a highly stylized and realistic depiction of a strawberry. It has a vibrant red color with a glossy finish, and the strawberry's leaves are a deep green with a smooth texture. The strawberry is placed on a flat surface, which appears to be a dark gray or black color. The background is a plain, light beige color, providing a neutral backdrop that contrasts with the vivid red of the strawberry. There is no visible text in the image. The strawberry is the central object in the image, and its position on the surface suggests it might be a still life composition.	31843389369.png	The image depicts an animated scene with a young woman sitting at a desk with a computer monitor in front of her. The monitor displays a social media interface with a profile picture of a young man, and there are icons for liking and commenting. The woman is pointing at the profile picture with a surprised expression. She has brown hair tied in a ponytail and is wearing a black top. The style of the image is cartoonish and colorful.	97887320193.png	The image depicts a stylized illustration of a flag on a pole. The flag is green with a yellow stripe running horizontally across the center. The pole is brown and has a rope tied around it. The background is a plain white, and there are green plants with yellow flowers at the base of the pole. The style of the image is cartoonish and appears to be a digital drawing.
қызғылт жалау	Таңертең жел көтеріліп, мұнара басындағы қызғылт жалау баяу желбіреді		19508782015.png	The image depicts a stylized, cartoon-like illustration of a man and a woman walking together. The man is on the right, and the woman is on the left. The man is wearing a black jacket and black pants, with brown shoes. The woman is wearing an orange sweater, black pants, and brown shoes. Both are smiling and appear to be in a good mood. Between them, there is a small brown dog with a red collar and a red tag. The background is plain white, emphasizing the subjects. There is no visible text in the image.	35358288633.png	The image shows a stylized depiction of a flag on a pole, set against a background that suggests a beach scene with waves and a sandy shore. The flag is red with a wavy design that gives the impression of movement. The pole is black and stands upright in the sand. There is no visible text in the image. The style of the image is graphic and appears to be a digital illustration rather than a photograph.	65144480969.png	The image features a highly stylized and realistic depiction of a strawberry. It has a vibrant red color with a glossy finish, and the strawberry's leaves are a deep green with a smooth texture. The strawberry is placed on a flat surface, which appears to be a dark gray or black color. The background is a plain, light beige color, providing a neutral backdrop that contrasts with the vivid red of the strawberry. There is no visible text in the image. The strawberry is the central object in the image, and its position on the surface suggests it might be a still life composition.	97887320193.png	The image depicts a stylized illustration of a flag on a pole. The flag is green with a yellow stripe running horizontally across the center. The pole is brown and has a rope tied around it. The background is a plain white, and there are green plants with yellow flowers at the base of the pole. The style of the image is cartoonish and appears to be a digital drawing.	31843389369.png	The image depicts an animated scene with a young woman sitting at a desk with a computer monitor in front of her. The monitor displays a social media interface with a profile picture of a young man, and there are icons for liking and commenting. The woman is pointing at the profile picture with a surprised expression. She has brown hair tied in a ponytail and is wearing a black top. The style of the image is cartoonish and colorful.
қызғылт жалау	Мерекеде алаңның ортасына үлкен қызғылт жалау ілініп, айнала гүлдермен безендірілді.		97887320193.png	The image depicts a stylized illustration of a flag on a pole. The flag is green with a yellow stripe running horizontally across the center. The pole is brown and has a rope tied around it. The background is a plain white, and there are green plants with yellow flowers at the base of the pole. The style of the image is cartoonish and appears to be a digital drawing.	19508782015.png	The image depicts a stylized, cartoon-like illustration of a man and a woman walking together. The man is on the right, and the woman is on the left. The man is wearing a black jacket and black pants, with brown shoes. The woman is wearing an orange sweater, black pants, and brown shoes. Both are smiling and appear to be in a good mood. Between them, there is a small brown dog with a red collar and a red tag. The background is plain white, emphasizing the subjects. There is no visible text in the image.	65144480969.png	The image features a highly stylized and realistic depiction of a strawberry. It has a vibrant red color with a glossy finish, and the strawberry's leaves are a deep green with a smooth texture. The strawberry is placed on a flat surface, which appears to be a dark gray or black color. The background is a plain, light beige color, providing a neutral backdrop that contrasts with the vivid red of the strawberry. There is no visible text in the image. The strawberry is the central object in the image, and its position on the surface suggests it might be a still life composition.	35358288633.png	The image shows a stylized depiction of a flag on a pole, set against a background that suggests a beach scene with waves and a sandy shore. The flag is red with a wavy design that gives the impression of movement. The pole is black and stands upright in the sand. There is no visible text in the image. The style of the image is graphic and appears to be a digital illustration rather than a photograph.	31843389369.png	The image depicts an animated scene with a young woman sitting at a desk with a computer monitor in front of her. The monitor displays a social media interface with a profile picture of a young man, and there are icons for liking and commenting. The woman is pointing at the profile picture with a surprised expression. She has brown hair tied in a ponytail and is wearing a black top. The style of the image is cartoonish and colorful.
дарияға тамған тамшыдай	Миллиондаған көмекке мұқтаж адамның арасында оның қайырымдылығы дарияға тамған тамшыдай болып қалды		63923437035.png	"The image shows a close-up of a rusted, black metal faucet with an orange handle. The faucet is slightly open, and there is a droplet of water falling from the spout. The handle has a number ""9"" on it, indicating a flow rate or temperature setting. The background is a plain, light gray color."	89612229833.png	The image depicts a stylized illustration of a cloudy sky with a few drops of water falling from the cloud into a body of water below. The sky is a gradient of blue, with white clouds scattered across it. The water below is a deep blue, suggesting depth, and there is a reflection of the sky on the water's surface. The overall style is reminiscent of a watercolor painting with soft edges and a limited color palette. There is no visible text in the image.	31309514332.png	The image depicts a hand sprinkling sugar into a cup of coffee. The cup is orange with a black rim and is placed on a wooden saucer. There are two sugar cubes on the saucer, and the background is plain white. The style of the image is illustrative with a flat design.	26287926272.png	The image depicts a stylized urban scene on a rainy day. In the foreground, a small, orange cat is sitting on the wet pavement, looking towards the viewer. The cat is the only animal visible in the image.  In the background, there is a busy street with several people holding umbrellas. The umbrellas are in various colors, including orange, blue, and black. The people are dressed in a variety of outfits, suggesting a diverse crowd.  On the street, there are two buses, one closer to the viewer and the other further away. The buses are a muted orange color, matching the cat in the foreground.  The buildings in the background are tall and appear to be made of concrete or stone, with a modern architectural style. The sky is overcast, and the ground is wet, indicating recent rainfall.  There are no visible texts in the image. The relationships between the objects suggest a typical city scene with pedestrians navigating the rain and public transportation in operation. The cat's presence adds a whimsical or unexpected element to the scene.	15482627472.png	The image depicts a stylized illustration of a person standing in front of a large, ornate building with classical architecture. The person is wearing a black headscarf and a long, flowing orange garment that drapes over one shoulder. They are holding an orange flag with a pointed top, which is waving in the wind. The background shows a clear sky and a few trees. There is no visible text in the image. The style of the illustration is flat with a limited color palette, emphasizing the silhouette of the figure and the building.
дарияға тамған тамшыдай	Әрине, бұл теңізге тамған бір тамшыдай ғана шаруа		89612229833.png	The image depicts a stylized illustration of a cloudy sky with a few drops of water falling from the cloud into a body of water below. The sky is a gradient of blue, with white clouds scattered across it. The water below is a deep blue, suggesting depth, and there is a reflection of the sky on the water's surface. The overall style is reminiscent of a watercolor painting with soft edges and a limited color palette. There is no visible text in the image.	31309514332.png	The image depicts a hand sprinkling sugar into a cup of coffee. The cup is orange with a black rim and is placed on a wooden saucer. There are two sugar cubes on the saucer, and the background is plain white. The style of the image is illustrative with a flat design.	26287926272.png	The image depicts a stylized urban scene on a rainy day. In the foreground, a small, orange cat is sitting on the wet pavement, looking towards the viewer. The cat is the only animal visible in the image.  In the background, there is a busy street with several people holding umbrellas. The umbrellas are in various colors, including orange, blue, and black. The people are dressed in a variety of outfits, suggesting a diverse crowd.  On the street, there are two buses, one closer to the viewer and the other further away. The buses are a muted orange color, matching the cat in the foreground.  The buildings in the background are tall and appear to be made of concrete or stone, with a modern architectural style. The sky is overcast, and the ground is wet, indicating recent rainfall.  There are no visible texts in the image. The relationships between the objects suggest a typical city scene with pedestrians navigating the rain and public transportation in operation. The cat's presence adds a whimsical or unexpected element to the scene.	15482627472.png	The image depicts a stylized illustration of a person standing in front of a large, ornate building with classical architecture. The person is wearing a black headscarf and a long, flowing orange garment that drapes over one shoulder. They are holding an orange flag with a pointed top, which is waving in the wind. The background shows a clear sky and a few trees. There is no visible text in the image. The style of the illustration is flat with a limited color palette, emphasizing the silhouette of the figure and the building.	63923437035.png	"The image shows a close-up of a rusted, black metal faucet with an orange handle. The faucet is slightly open, and there is a droplet of water falling from the spout. The handle has a number ""9"" on it, indicating a flow rate or temperature setting. The background is a plain, light gray color."
түймедейді түйедей ету	Әңгіме арасында кішкене мәселені үлкен дауға айналдырып, түймедейді түйедей етті.		77103432890.png	The image features a stylized, anthropomorphic camel character. The camel has a large, expressive face with prominent eyes and a small, curved horn on its head. It is wearing a traditional Middle Eastern headdress, which includes a headscarf with tassels and a beaded necklace. The camel's mouth is slightly open, and it appears to be smoking a hookah pipe, which is visible in its mouth. The background is plain and does not distract from the character. There is no visible text in the image.	78008792528.png	The image features a cartoon camel with a large, orange, circular base. The camel has a brown body with a pattern of darker brown spots, a long neck, and a small head with large, white eyes and a small, brown nose. It stands on the circular base, which appears to be a platform or a pedestal. The background is a plain, light gray color. There is no visible text in the image. The style of the image is illustrative and playful, with a focus on the camel as the central subject.	30011690707.png	The image depicts a cartoon-style illustration of a young girl with brown hair tied in a ponytail. She is wearing a black top with a white collar and an orange dress with a polka dot pattern. The girl is kneeling on the ground, looking down with a concerned or sad expression. Her hands are outstretched towards a small pile of what appears to be white powder or sand. The background is plain and white, emphasizing the subject. There is no visible text in the image.	38293458615.png	The image depicts a whimsical scene with a coffee cup and saucer at the center, surrounded by various construction-related items. The coffee cup is orange with a handle on the right side, and it appears to be filled with a dark liquid, possibly coffee. The saucer is also orange and has a small amount of the same dark liquid on it.  To the left of the coffee cup, there is a large orange traffic cone with white stripes. The cone is standing upright. To the right of the coffee cup, there is a smaller orange traffic cone with a black and white striped sign on top of it. The sign has a yellow background with a black border and a black arrow pointing upwards.  In front of the coffee cup, there is a small wooden table with a few items on it. There is a white mug, a small black cup, and a small white bowl. The table is set on a gray surface with a few scattered rocks around it.  The background is plain white, which contrasts with the colorful objects in the foreground. There is no visible text in the image. The objects are arranged in a way that suggests a playful or humorous juxtaposition of a coffee break with a construction site.	65276140518.png	The image features an animated character, a large, orange, anthropomorphic creature with a human-like body and face. The character is sitting on a brown stool with a heart shape on the back. The character is wearing a straw hat and a plaid shirt, and is holding a large, orange, heart-shaped object that appears to be a container or a bag. The character's expression is neutral, and it is looking directly at the viewer. There is no visible text in the image. The style of the image is cartoonish and colorful.
түймедейді түйедей ету	Ол болмашы қателікті айтып, түймедейді түйедей етуді жақсы көреді		38293458615.png	The image depicts a whimsical scene with a coffee cup and saucer at the center, surrounded by various construction-related items. The coffee cup is orange with a handle on the right side, and it appears to be filled with a dark liquid, possibly coffee. The saucer is also orange and has a small amount of the same dark liquid on it.  To the left of the coffee cup, there is a large orange traffic cone with white stripes. The cone is standing upright. To the right of the coffee cup, there is a smaller orange traffic cone with a black and white striped sign on top of it. The sign has a yellow background with a black border and a black arrow pointing upwards.  In front of the coffee cup, there is a small wooden table with a few items on it. There is a white mug, a small black cup, and a small white bowl. The table is set on a gray surface with a few scattered rocks around it.  The background is plain white, which contrasts with the colorful objects in the foreground. There is no visible text in the image. The objects are arranged in a way that suggests a playful or humorous juxtaposition of a coffee break with a construction site.	65276140518.png	The image features an animated character, a large, orange, anthropomorphic creature with a human-like body and face. The character is sitting on a brown stool with a heart shape on the back. The character is wearing a straw hat and a plaid shirt, and is holding a large, orange, heart-shaped object that appears to be a container or a bag. The character's expression is neutral, and it is looking directly at the viewer. There is no visible text in the image. The style of the image is cartoonish and colorful.	30011690707.png	The image depicts a cartoon-style illustration of a young girl with brown hair tied in a ponytail. She is wearing a black top with a white collar and an orange dress with a polka dot pattern. The girl is kneeling on the ground, looking down with a concerned or sad expression. Her hands are outstretched towards a small pile of what appears to be white powder or sand. The background is plain and white, emphasizing the subject. There is no visible text in the image.	77103432890.png	The image features a stylized, anthropomorphic camel character. The camel has a large, expressive face with prominent eyes and a small, curved horn on its head. It is wearing a traditional Middle Eastern headdress, which includes a headscarf with tassels and a beaded necklace. The camel's mouth is slightly open, and it appears to be smoking a hookah pipe, which is visible in its mouth. The background is plain and does not distract from the character. There is no visible text in the image.	78008792528.png	The image features a cartoon camel with a large, orange, circular base. The camel has a brown body with a pattern of darker brown spots, a long neck, and a small head with large, white eyes and a small, brown nose. It stands on the circular base, which appears to be a platform or a pedestal. The background is a plain, light gray color. There is no visible text in the image. The style of the image is illustrative and playful, with a focus on the camel as the central subject.
жұқа мұз үстімен жүру	Саясаткердің әрбір мәлімдемесі қоғамның пікірін екіге бөліп, ол жұқа мұз үстімен жүргендей күйде қалды.		81532191176.png	The image depicts an animated character in mid-air, seemingly falling or jumping off a cliff. The character has short hair and is wearing an orange shirt and dark pants. The cliff is textured with shades of gray and brown, suggesting rocky terrain. The background is a plain, light color, providing a stark contrast to the character and the cliff. There is no visible text in the image. The style of the image is reminiscent of a digital illustration with a limited color palette.	95068768739.png	The image shows a pair of feet standing in a puddle. The feet are wearing brown shoes with a darker brown sole. The person is wearing black pants. The puddle appears to be on a flat surface, and the ground is covered with small, irregularly shaped pieces of debris or snow. The background is plain and white, which contrasts with the darker tones of the feet and the puddle. There is no visible text in the image.	19956464955.png	The image shows a dessert presented on a white plate. The dessert appears to be a layered dessert with a chocolate base, topped with a creamy white layer, and garnished with slices of strawberry and orange. There are chocolate shavings sprinkled on the top layer of the dessert. A silver spoon is inserted into the dessert, suggesting it is ready to be served. The background is plain white, emphasizing the dessert. There is no visible text in the image.	35721746144.png	The image depicts an animated character, a young boy, engaged in rock climbing. He is wearing an orange shirt, brown shorts, and black shoes. The boy is holding a blue climbing harness and has a backpack attached to it. He is smiling and appears to be in a joyful or excited state.  The climbing wall is textured with various colors of rock, including shades of brown, orange, and red, with some blue and green accents. The wall is divided into sections with different levels of difficulty, indicated by the shapes and sizes of the holds and the spacing between them. The boy is climbing on a section with orange holds.  The image is stylized with a cartoonish aesthetic, and there are no visible texts or brands. The focus is on the activity of rock climbing and the enjoyment of the sport.	95876073273.png	The image shows a large, irregularly shaped mass of white, icy material floating on a body of water. The icy mass appears to be melting or breaking apart, as there are visible cracks and uneven edges. The water is a deep blue, and the surface is rippled, suggesting movement. The background is a plain, light color, providing a stark contrast to the icy mass and the water. There is no visible text in the image. The style of the image is a digital rendering or illustration, with a focus on realism.
жұқа мұз үстімен жүру	Бұл келісімнің шарттарын бұзу — жұқа мұз үстімен жүрумен бірдей, аз ғана қателік бәрін құртады.		19956464955.png	The image shows a dessert presented on a white plate. The dessert appears to be a layered dessert with a chocolate base, topped with a creamy white layer, and garnished with slices of strawberry and orange. There are chocolate shavings sprinkled on the top layer of the dessert. A silver spoon is inserted into the dessert, suggesting it is ready to be served. The background is plain white, emphasizing the dessert. There is no visible text in the image.	81532191176.png	The image depicts an animated character in mid-air, seemingly falling or jumping off a cliff. The character has short hair and is wearing an orange shirt and dark pants. The cliff is textured with shades of gray and brown, suggesting rocky terrain. The background is a plain, light color, providing a stark contrast to the character and the cliff. There is no visible text in the image. The style of the image is reminiscent of a digital illustration with a limited color palette.	35721746144.png	The image depicts an animated character, a young boy, engaged in rock climbing. He is wearing an orange shirt, brown shorts, and black shoes. The boy is holding a blue climbing harness and has a backpack attached to it. He is smiling and appears to be in a joyful or excited state.  The climbing wall is textured with various colors of rock, including shades of brown, orange, and red, with some blue and green accents. The wall is divided into sections with different levels of difficulty, indicated by the shapes and sizes of the holds and the spacing between them. The boy is climbing on a section with orange holds.  The image is stylized with a cartoonish aesthetic, and there are no visible texts or brands. The focus is on the activity of rock climbing and the enjoyment of the sport.	95068768739.png	The image shows a pair of feet standing in a puddle. The feet are wearing brown shoes with a darker brown sole. The person is wearing black pants. The puddle appears to be on a flat surface, and the ground is covered with small, irregularly shaped pieces of debris or snow. The background is plain and white, which contrasts with the darker tones of the feet and the puddle. There is no visible text in the image.	95876073273.png	The image shows a large, irregularly shaped mass of white, icy material floating on a body of water. The icy mass appears to be melting or breaking apart, as there are visible cracks and uneven edges. The water is a deep blue, and the surface is rippled, suggesting movement. The background is a plain, light color, providing a stark contrast to the icy mass and the water. There is no visible text in the image. The style of the image is a digital rendering or illustration, with a focus on realism.
жұқа мұз үстімен жүру	Балалар өзенге жақындап, жұқа мұз үстімен жүріп ойнағандықтан, мұғалім дереу оларды кері қайтарды.		19956464955.png	The image shows a dessert presented on a white plate. The dessert appears to be a layered dessert with a chocolate base, topped with a creamy white layer, and garnished with slices of strawberry and orange. There are chocolate shavings sprinkled on the top layer of the dessert. A silver spoon is inserted into the dessert, suggesting it is ready to be served. The background is plain white, emphasizing the dessert. There is no visible text in the image.	81532191176.png	The image depicts an animated character in mid-air, seemingly falling or jumping off a cliff. The character has short hair and is wearing an orange shirt and dark pants. The cliff is textured with shades of gray and brown, suggesting rocky terrain. The background is a plain, light color, providing a stark contrast to the character and the cliff. There is no visible text in the image. The style of the image is reminiscent of a digital illustration with a limited color palette.	95876073273.png	The image shows a large, irregularly shaped mass of white, icy material floating on a body of water. The icy mass appears to be melting or breaking apart, as there are visible cracks and uneven edges. The water is a deep blue, and the surface is rippled, suggesting movement. The background is a plain, light color, providing a stark contrast to the icy mass and the water. There is no visible text in the image. The style of the image is a digital rendering or illustration, with a focus on realism.	35721746144.png	The image depicts an animated character, a young boy, engaged in rock climbing. He is wearing an orange shirt, brown shorts, and black shoes. The boy is holding a blue climbing harness and has a backpack attached to it. He is smiling and appears to be in a joyful or excited state.  The climbing wall is textured with various colors of rock, including shades of brown, orange, and red, with some blue and green accents. The wall is divided into sections with different levels of difficulty, indicated by the shapes and sizes of the holds and the spacing between them. The boy is climbing on a section with orange holds.  The image is stylized with a cartoonish aesthetic, and there are no visible texts or brands. The focus is on the activity of rock climbing and the enjoyment of the sport.	95068768739.png	The image shows a pair of feet standing in a puddle. The feet are wearing brown shoes with a darker brown sole. The person is wearing black pants. The puddle appears to be on a flat surface, and the ground is covered with small, irregularly shaped pieces of debris or snow. The background is plain and white, which contrasts with the darker tones of the feet and the puddle. There is no visible text in the image.
жұқа мұз үстімен жүру	Қыстың басында көлдің беті әлі толық қатпаған еді, сондықтан жұқа мұз үстімен жүру өте қауіпті болды.		35721746144.png	The image depicts an animated character, a young boy, engaged in rock climbing. He is wearing an orange shirt, brown shorts, and black shoes. The boy is holding a blue climbing harness and has a backpack attached to it. He is smiling and appears to be in a joyful or excited state.  The climbing wall is textured with various colors of rock, including shades of brown, orange, and red, with some blue and green accents. The wall is divided into sections with different levels of difficulty, indicated by the shapes and sizes of the holds and the spacing between them. The boy is climbing on a section with orange holds.  The image is stylized with a cartoonish aesthetic, and there are no visible texts or brands. The focus is on the activity of rock climbing and the enjoyment of the sport.	19956464955.png	The image shows a dessert presented on a white plate. The dessert appears to be a layered dessert with a chocolate base, topped with a creamy white layer, and garnished with slices of strawberry and orange. There are chocolate shavings sprinkled on the top layer of the dessert. A silver spoon is inserted into the dessert, suggesting it is ready to be served. The background is plain white, emphasizing the dessert. There is no visible text in the image.	95068768739.png	The image shows a pair of feet standing in a puddle. The feet are wearing brown shoes with a darker brown sole. The person is wearing black pants. The puddle appears to be on a flat surface, and the ground is covered with small, irregularly shaped pieces of debris or snow. The background is plain and white, which contrasts with the darker tones of the feet and the puddle. There is no visible text in the image.	81532191176.png	The image depicts an animated character in mid-air, seemingly falling or jumping off a cliff. The character has short hair and is wearing an orange shirt and dark pants. The cliff is textured with shades of gray and brown, suggesting rocky terrain. The background is a plain, light color, providing a stark contrast to the character and the cliff. There is no visible text in the image. The style of the image is reminiscent of a digital illustration with a limited color palette.	95876073273.png	The image shows a large, irregularly shaped mass of white, icy material floating on a body of water. The icy mass appears to be melting or breaking apart, as there are visible cracks and uneven edges. The water is a deep blue, and the surface is rippled, suggesting movement. The background is a plain, light color, providing a stark contrast to the icy mass and the water. There is no visible text in the image. The style of the image is a digital rendering or illustration, with a focus on realism.
буынды шығару	Бір қарағанда, шағымдану бу шығаруға көмектесетін сияқты, алайда зерттеулер көрсеткендей, өз ойларын айтып, жеңілдедім деп ойлайтын адамдар да, теріс эмоцияларын сыртқа шығарғаннан кейін де, бу шығаруға бейім емес адамдарға қарағанда әлдеқайда агрессивті болып қалады.		93279812023.png	The image shows a stylized illustration of a large orange pot with a lid. The pot appears to be filled with a soup or stew, and there is a visible steam rising from the pot, suggesting it is hot. The lid has a black handle on top. The background is plain and does not provide any additional context or information. There is no visible text in the image. The style of the illustration is cartoonish and simplistic, with a focus on bright colors and clear outlines.	91923838878.png	The image depicts an animated character, an elderly man with white hair and a mustache, wearing glasses and a patterned shirt. He is seated in a wicker chair with a table in front of him. The man is holding a glass of orange juice with a straw and a slice of orange on the table. The background is plain and does not provide any additional context. There is no visible text in the image. The style of the image is cartoonish and appears to be designed for a children's audience.	33561776949.png	The image features a cartoon character, an elderly man, who is wearing glasses and a vest. He has a mustache and is holding two boxing gloves, one in each hand. The character is standing against a plain background. There is no visible text in the image.	19318558813.png	The image features a stylized illustration of an orange teapot with a black lid and handle. The teapot has a glossy finish and is adorned with black polka dots. There is a small, rectangular tag attached to the lid, but the text on the tag is not legible. The teapot is placed against a plain white background, and its shadow is cast on the surface beneath it, indicating a light source from the upper left. The style of the illustration is cartoonish and appears to be designed for a digital medium.	59293222065.png	The image features a cartoon character on the left side. The character is a man with a beard and mustache, wearing a black suit with an orange tie. He has brown hair and is making a fist with his right hand. On the right side of the image, there is a punching bag with a black body and orange straps. The bag is standing upright. The character appears to be in a boxing stance, as if ready to punch the bag. There is no visible text in the image. The style of the image is illustrative and appears to be designed for a humorous or playful purpose.
буынды шығару	Оның аяқталғаннан кейін адамдарға бу шығаруға көмектесетін бірден-бір шығу жолы – футбол болды.		19318558813.png	The image features a stylized illustration of an orange teapot with a black lid and handle. The teapot has a glossy finish and is adorned with black polka dots. There is a small, rectangular tag attached to the lid, but the text on the tag is not legible. The teapot is placed against a plain white background, and its shadow is cast on the surface beneath it, indicating a light source from the upper left. The style of the illustration is cartoonish and appears to be designed for a digital medium.	33561776949.png	The image features a cartoon character, an elderly man, who is wearing glasses and a vest. He has a mustache and is holding two boxing gloves, one in each hand. The character is standing against a plain background. There is no visible text in the image.	91923838878.png	The image depicts an animated character, an elderly man with white hair and a mustache, wearing glasses and a patterned shirt. He is seated in a wicker chair with a table in front of him. The man is holding a glass of orange juice with a straw and a slice of orange on the table. The background is plain and does not provide any additional context. There is no visible text in the image. The style of the image is cartoonish and appears to be designed for a children's audience.	93279812023.png	The image shows a stylized illustration of a large orange pot with a lid. The pot appears to be filled with a soup or stew, and there is a visible steam rising from the pot, suggesting it is hot. The lid has a black handle on top. The background is plain and does not provide any additional context or information. There is no visible text in the image. The style of the illustration is cartoonish and simplistic, with a focus on bright colors and clear outlines.	59293222065.png	The image features a cartoon character on the left side. The character is a man with a beard and mustache, wearing a black suit with an orange tie. He has brown hair and is making a fist with his right hand. On the right side of the image, there is a punching bag with a black body and orange straps. The bag is standing upright. The character appears to be in a boxing stance, as if ready to punch the bag. There is no visible text in the image. The style of the image is illustrative and appears to be designed for a humorous or playful purpose.
буынды шығару	Жуыну орнының есіктері ашылып, аулаға ыстық бу шығарып тұрды.		93279812023.png	The image shows a stylized illustration of a large orange pot with a lid. The pot appears to be filled with a soup or stew, and there is a visible steam rising from the pot, suggesting it is hot. The lid has a black handle on top. The background is plain and does not provide any additional context or information. There is no visible text in the image. The style of the illustration is cartoonish and simplistic, with a focus on bright colors and clear outlines.	59293222065.png	The image features a cartoon character on the left side. The character is a man with a beard and mustache, wearing a black suit with an orange tie. He has brown hair and is making a fist with his right hand. On the right side of the image, there is a punching bag with a black body and orange straps. The bag is standing upright. The character appears to be in a boxing stance, as if ready to punch the bag. There is no visible text in the image. The style of the image is illustrative and appears to be designed for a humorous or playful purpose.	33561776949.png	The image features a cartoon character, an elderly man, who is wearing glasses and a vest. He has a mustache and is holding two boxing gloves, one in each hand. The character is standing against a plain background. There is no visible text in the image.	19318558813.png	The image features a stylized illustration of an orange teapot with a black lid and handle. The teapot has a glossy finish and is adorned with black polka dots. There is a small, rectangular tag attached to the lid, but the text on the tag is not legible. The teapot is placed against a plain white background, and its shadow is cast on the surface beneath it, indicating a light source from the upper left. The style of the illustration is cartoonish and appears to be designed for a digital medium.	91923838878.png	The image depicts an animated character, an elderly man with white hair and a mustache, wearing glasses and a patterned shirt. He is seated in a wicker chair with a table in front of him. The man is holding a glass of orange juice with a straw and a slice of orange on the table. The background is plain and does not provide any additional context. There is no visible text in the image. The style of the image is cartoonish and appears to be designed for a children's audience.
буынды шығару	Бу қозғалтқышы жұмыс істеп тұрған кезде бу цилиндрден атмосфераға шығарады немесе конденсаторға түседі.		91923838878.png	The image depicts an animated character, an elderly man with white hair and a mustache, wearing glasses and a patterned shirt. He is seated in a wicker chair with a table in front of him. The man is holding a glass of orange juice with a straw and a slice of orange on the table. The background is plain and does not provide any additional context. There is no visible text in the image. The style of the image is cartoonish and appears to be designed for a children's audience.	59293222065.png	The image features a cartoon character on the left side. The character is a man with a beard and mustache, wearing a black suit with an orange tie. He has brown hair and is making a fist with his right hand. On the right side of the image, there is a punching bag with a black body and orange straps. The bag is standing upright. The character appears to be in a boxing stance, as if ready to punch the bag. There is no visible text in the image. The style of the image is illustrative and appears to be designed for a humorous or playful purpose.	19318558813.png	The image features a stylized illustration of an orange teapot with a black lid and handle. The teapot has a glossy finish and is adorned with black polka dots. There is a small, rectangular tag attached to the lid, but the text on the tag is not legible. The teapot is placed against a plain white background, and its shadow is cast on the surface beneath it, indicating a light source from the upper left. The style of the illustration is cartoonish and appears to be designed for a digital medium.	33561776949.png	The image features a cartoon character, an elderly man, who is wearing glasses and a vest. He has a mustache and is holding two boxing gloves, one in each hand. The character is standing against a plain background. There is no visible text in the image.	93279812023.png	The image shows a stylized illustration of a large orange pot with a lid. The pot appears to be filled with a soup or stew, and there is a visible steam rising from the pot, suggesting it is hot. The lid has a black handle on top. The background is plain and does not provide any additional context or information. There is no visible text in the image. The style of the illustration is cartoonish and simplistic, with a focus on bright colors and clear outlines.
екі қоянды бір оқпен өлтіру	Бұл бір оқпен екі қоян атудың тәсілі: ол сізге сарапшы бейнесін қалыптастырып қана қоймай, сонымен қатар клиенттер іздеу жүйелерінде жиі жазатын негізгі тіркестерді сайтқа қосуға мүмкіндік береді.		22697880747.png	The image depicts a serene beach scene. Two men are seated at a table under a large orange umbrella. They are dressed in suits and are engrossed in their laptops. The table is set with a few items, including a bottle and a cup. The beach is dotted with other umbrellas and chairs, suggesting a popular spot. The ocean is visible in the background, adding to the tranquil atmosphere. The overall scene conveys a sense of relaxation and productivity combined.	10986423327.png	The image depicts an outdoor scene with a person sitting on a tree stump, wearing a wide-brimmed hat and an orange jacket, holding a rifle. The person is looking to the right, away from the viewer. In the foreground, there are two rabbits sitting on the grass. Behind the person, there is a backdrop of trees and a hazy sky, suggesting a misty or foggy environment. The overall style of the image is illustrative, with a muted color palette that gives it a serene and somewhat melancholic atmosphere. There is no visible text in the image.	40194848175.png	The image depicts an illustration of a man with a beard and mustache, wearing a backpack and carrying a bundle of mushrooms. He is walking through a field of mushrooms and plants, with a variety of mushrooms and plants around him. The mushrooms are in shades of orange and brown, and the plants have green leaves. The man is barefoot and appears to be in a natural, outdoor setting. There is no visible text in the image. The style of the illustration is detailed and colorful, with a focus on the natural elements and the man's interaction with them.	89285419300.png	The image is a digital illustration featuring two animated characters and a car. On the left, there is a female character with brown hair, wearing a cap, a sleeveless top with a polka dot pattern, shorts, and boots. She is smiling and has her hand outstretched as if gesturing or waving. On the right, there is a male character with short hair, wearing a green shirt and khaki pants, also smiling and waving with his right hand. He is standing next to an orange car with a distinctive front grille design. The car is parked on a road with a curb and a rocky area to the right. The background is a plain, light color, providing a neutral backdrop that highlights the characters and the car. There is no visible text in the image.	87427251011.png	The image depicts three stylized rabbits in a grassy field with a few scattered flowers. The rabbits are illustrated in a cartoon-like style with exaggerated features such as large eyes and ears. The rabbits are colored in shades of orange and white, with the one in the center being the most prominent due to its size and position. The background consists of a simple tree silhouette and a clear sky. There is no visible text in the image.
екі қоянды бір оқпен өлтіру	Әдеттегідей, ол бір оқпен екі қоян атқысы келді: біріншіден, ол жерде дәмді кофе мен керемет чизкейк бар, ал екіншіден, ол көптен бері қабылдау бөлмесіндегі перделерді ауыстырғысы келіп жүрген.		87427251011.png	The image depicts three stylized rabbits in a grassy field with a few scattered flowers. The rabbits are illustrated in a cartoon-like style with exaggerated features such as large eyes and ears. The rabbits are colored in shades of orange and white, with the one in the center being the most prominent due to its size and position. The background consists of a simple tree silhouette and a clear sky. There is no visible text in the image.	10986423327.png	The image depicts an outdoor scene with a person sitting on a tree stump, wearing a wide-brimmed hat and an orange jacket, holding a rifle. The person is looking to the right, away from the viewer. In the foreground, there are two rabbits sitting on the grass. Behind the person, there is a backdrop of trees and a hazy sky, suggesting a misty or foggy environment. The overall style of the image is illustrative, with a muted color palette that gives it a serene and somewhat melancholic atmosphere. There is no visible text in the image.	22697880747.png	The image depicts a serene beach scene. Two men are seated at a table under a large orange umbrella. They are dressed in suits and are engrossed in their laptops. The table is set with a few items, including a bottle and a cup. The beach is dotted with other umbrellas and chairs, suggesting a popular spot. The ocean is visible in the background, adding to the tranquil atmosphere. The overall scene conveys a sense of relaxation and productivity combined.	89285419300.png	The image is a digital illustration featuring two animated characters and a car. On the left, there is a female character with brown hair, wearing a cap, a sleeveless top with a polka dot pattern, shorts, and boots. She is smiling and has her hand outstretched as if gesturing or waving. On the right, there is a male character with short hair, wearing a green shirt and khaki pants, also smiling and waving with his right hand. He is standing next to an orange car with a distinctive front grille design. The car is parked on a road with a curb and a rocky area to the right. The background is a plain, light color, providing a neutral backdrop that highlights the characters and the car. There is no visible text in the image.	40194848175.png	The image depicts an illustration of a man with a beard and mustache, wearing a backpack and carrying a bundle of mushrooms. He is walking through a field of mushrooms and plants, with a variety of mushrooms and plants around him. The mushrooms are in shades of orange and brown, and the plants have green leaves. The man is barefoot and appears to be in a natural, outdoor setting. There is no visible text in the image. The style of the illustration is detailed and colorful, with a focus on the natural elements and the man's interaction with them.
шелектеп құйып тұр	Осындай мекемелердің бірінің жанынан өтіп бара жатып, біз іштей қуанамыз — дәл қазір сол жерде емес, далада жүргенімізге, тіпті аспаннан шелектеп жаңбыр жауып тұрса да.		68671779926.png	The image depicts a rainy street scene. Two orange cars are driving through a flooded road, with water splashing around their wheels. The cars have their headlights on, and their taillights are visible. The road is lined with trees and buildings, and there are traffic lights at intervals along the street. The sky is overcast, and the overall atmosphere suggests a heavy rainfall. There are no visible texts in the image.	96854312953.png	The image features a large, orange bucket with a handle on top. The bucket is filled with water and appears to be overflowing, as bubbles are visible on its surface. The handle is made of a darker material, possibly wood, and is attached to the bucket with two rivets. The bucket is placed against a plain, light background. There is no visible text in the image. The style of the image is illustrative, with a focus on the bucket and its contents.	51254264155.png	The image is a stylized illustration featuring a cartoon-style character with orange hair and a plaid shirt. The character is sitting on a cloud and pouring water from a bucket into a house below. The house is depicted with a yellow facade and a brown roof, surrounded by greenery and other smaller buildings. The scene is set against a clear sky. There is no visible text in the image. The style of the illustration is whimsical and playful, with a focus on color and a sense of fantasy.	18637432983.png	The image depicts a stylized, artistic representation of a large, orange planet with a textured surface, resembling a moon or a celestial body, in the sky. Below the planet, there is a mountain with a darker peak, suggesting it might be a volcano. The sky is filled with clouds that are rendered in a soft, pastel color palette, with hues of orange, pink, and blue, creating a serene and picturesque scene. The overall style of the image is reminiscent of a watercolor painting with a focus on soft gradients and a limited color palette. There is no visible text in the image.	57273596319.png	The image depicts a stylized, cartoon-like illustration of a landscape scene. In the foreground, there is a small island with patches of grass and a few rocks. A few flowers are scattered across the grass. Above the island, a large, fluffy cloud with a mix of white and gray tones dominates the sky. The cloud appears to be raining, as evidenced by the droplets of water falling from it. The background is a plain, light gray color, providing a contrast to the cloud and the island. There is no visible text in the image. The style of the image is whimsical and artistic, with a focus on the interplay of natural elements.
шелектеп құйып тұр	– Аздаған жаңбыр дейсің бе? Ол жақта шелектеп құйып тұр ғой! Жаңбыр аралас қар! Сыртта әрі кетсе екі-ақ градус жылылық. Оның үстіне боран.		51254264155.png	The image is a stylized illustration featuring a cartoon-style character with orange hair and a plaid shirt. The character is sitting on a cloud and pouring water from a bucket into a house below. The house is depicted with a yellow facade and a brown roof, surrounded by greenery and other smaller buildings. The scene is set against a clear sky. There is no visible text in the image. The style of the illustration is whimsical and playful, with a focus on color and a sense of fantasy.	68671779926.png	The image depicts a rainy street scene. Two orange cars are driving through a flooded road, with water splashing around their wheels. The cars have their headlights on, and their taillights are visible. The road is lined with trees and buildings, and there are traffic lights at intervals along the street. The sky is overcast, and the overall atmosphere suggests a heavy rainfall. There are no visible texts in the image.	57273596319.png	The image depicts a stylized, cartoon-like illustration of a landscape scene. In the foreground, there is a small island with patches of grass and a few rocks. A few flowers are scattered across the grass. Above the island, a large, fluffy cloud with a mix of white and gray tones dominates the sky. The cloud appears to be raining, as evidenced by the droplets of water falling from it. The background is a plain, light gray color, providing a contrast to the cloud and the island. There is no visible text in the image. The style of the image is whimsical and artistic, with a focus on the interplay of natural elements.	18637432983.png	The image depicts a stylized, artistic representation of a large, orange planet with a textured surface, resembling a moon or a celestial body, in the sky. Below the planet, there is a mountain with a darker peak, suggesting it might be a volcano. The sky is filled with clouds that are rendered in a soft, pastel color palette, with hues of orange, pink, and blue, creating a serene and picturesque scene. The overall style of the image is reminiscent of a watercolor painting with a focus on soft gradients and a limited color palette. There is no visible text in the image.	96854312953.png	The image features a large, orange bucket with a handle on top. The bucket is filled with water and appears to be overflowing, as bubbles are visible on its surface. The handle is made of a darker material, possibly wood, and is attached to the bucket with two rivets. The bucket is placed against a plain, light background. There is no visible text in the image. The style of the image is illustrative, with a focus on the bucket and its contents.
аузынан шығып кету	Әзілі шамадан асып, орынсыз сөз аузынан шығып кетті, соның кесірінен бәрі ренжіді.		33584798409.png	The image depicts a stylized illustration of an elderly man with a white beard and a white turban. He is seated and appears to be in a state of relaxation or perhaps even sleep, with his eyes closed. The man is holding a bowl of food, which includes what looks like a piece of bread or pastry. There are also smaller bowls and a cup on the table in front of him, suggesting a meal setting. The table has a patterned surface, and the overall style of the image is cartoonish and whimsical. There is no visible text in the image.	55128984592.png	The image features a cartoon-style illustration of a young boy standing in front of a wooden door. The boy has short brown hair, a smiling face, and is wearing an orange long-sleeved shirt, black pants, and white shoes with orange laces. He is waving with his right hand. The door has a visible handle on the right side. The background is plain white, emphasizing the subject. There is no visible text in the image.	80791086115.png	The image features two animated characters, both dressed in business attire, including suits and ties. The character on the left is wearing glasses and has a beard, while the character on the right is clean-shaven. Both characters are depicted with exaggerated facial expressions, suggesting surprise or shock. The character on the left is holding his hand to his ear, as if he is hearing something, while the character on the right is running with his mouth open, as if he is shouting or calling out. The background is plain and does not provide any additional context. There is no visible text in the image.	22057051655.png	The image depicts a stylized illustration of two animated characters engaged in a conversation. The character on the left is an older man with gray hair, wearing glasses and a suit with a tie. He is seated in an orange chair and has a surprised or concerned expression. The character on the right is a younger man with brown hair, wearing a white shirt with a striped tie and brown pants. He is seated in a black chair and has a thoughtful or questioning expression. Between them is a wooden desk with a laptop on it. The background is plain white. There is no visible text in the image. The style of the illustration is cartoonish and simplistic, with a limited color palette.	27836527958.png	The image is a digital illustration of a stylized female character. She has brown hair tied in a bun and is wearing a dark top. The character is holding a spoon and appears to be eating a slice of cake with a creamy filling and a decorative flower on top. The cake is brown with a creamy filling and a white flower on top. The character's eyes are closed, and her mouth is open as if she is enjoying the taste of the cake. There is no visible text in the image. The style of the illustration is cartoonish with a limited color palette.
аузынан шығып кету	Ол құпияны айтпаймын деп еді, бірақ байқамай аузынан шығып кетті		80791086115.png	The image features two animated characters, both dressed in business attire, including suits and ties. The character on the left is wearing glasses and has a beard, while the character on the right is clean-shaven. Both characters are depicted with exaggerated facial expressions, suggesting surprise or shock. The character on the left is holding his hand to his ear, as if he is hearing something, while the character on the right is running with his mouth open, as if he is shouting or calling out. The background is plain and does not provide any additional context. There is no visible text in the image.	55128984592.png	The image features a cartoon-style illustration of a young boy standing in front of a wooden door. The boy has short brown hair, a smiling face, and is wearing an orange long-sleeved shirt, black pants, and white shoes with orange laces. He is waving with his right hand. The door has a visible handle on the right side. The background is plain white, emphasizing the subject. There is no visible text in the image.	27836527958.png	The image is a digital illustration of a stylized female character. She has brown hair tied in a bun and is wearing a dark top. The character is holding a spoon and appears to be eating a slice of cake with a creamy filling and a decorative flower on top. The cake is brown with a creamy filling and a white flower on top. The character's eyes are closed, and her mouth is open as if she is enjoying the taste of the cake. There is no visible text in the image. The style of the illustration is cartoonish with a limited color palette.	33584798409.png	The image depicts a stylized illustration of an elderly man with a white beard and a white turban. He is seated and appears to be in a state of relaxation or perhaps even sleep, with his eyes closed. The man is holding a bowl of food, which includes what looks like a piece of bread or pastry. There are also smaller bowls and a cup on the table in front of him, suggesting a meal setting. The table has a patterned surface, and the overall style of the image is cartoonish and whimsical. There is no visible text in the image.	22057051655.png	The image depicts a stylized illustration of two animated characters engaged in a conversation. The character on the left is an older man with gray hair, wearing glasses and a suit with a tie. He is seated in an orange chair and has a surprised or concerned expression. The character on the right is a younger man with brown hair, wearing a white shirt with a striped tie and brown pants. He is seated in a black chair and has a thoughtful or questioning expression. Between them is a wooden desk with a laptop on it. The background is plain white. There is no visible text in the image. The style of the illustration is cartoonish and simplistic, with a limited color palette.
су жүрек	Ерлік керек сәтте үндемей қалған оны достары су жүрек деп мазақ етті.		78058467750.png	The image depicts a stylized illustration of a heart with a burst of orange hearts and a trail of smoke or steam emanating from it. The heart is centrally placed and appears to be the source of the explosion. The background is dark, which contrasts with the bright orange hearts and the heart itself, making them stand out. The image has a cartoonish or graphic design style.	47604286202.png	The image features a stylized illustration of a heart-shaped object that appears to be made of a translucent, water-like substance. The heart is floating in a pool of water, with droplets splashing around it. Inside the heart, there is a small, orange heart-shaped object, which could be interpreted as a heart within a heart. The background is plain white, which contrasts with the heart and the water droplets. The image is simple and does not contain any visible text. The style of the illustration is cartoonish and playful.	58365523018.png	The image features a stylized cartoon character of a young man. He has short, dark hair and is wearing a black suit with a tie. The character is depicted with a playful expression, holding a large, orange, wavy ribbon in his right hand, which he is blowing on with his mouth. The background is plain white, emphasizing the character. There is no visible text in the image.	53255431050.png	The image depicts an animated scene of a young boy lying in bed, engrossed in a tablet. He is wearing an orange sweater and has a concerned or surprised expression on his face. The bed is large and takes up a significant portion of the image. Above the boy's head is a whimsical, chaotic scene of various animated characters, including monsters and other creatures, all seemingly in a state of distress or excitement. The characters are densely packed, creating a sense of chaos and urgency.  To the right of the bed, there is a nightstand with a lamp and a cup, suggesting a bedtime setting. The background is a simple, muted gray, which contrasts with the vibrant colors of the characters and the boy's sweater. There is no visible text in the image. The style of the image is cartoonish and playful, with a clear emphasis on the boy's interaction with the tablet and the animated characters above him.	89924429774.png	The image is a digital illustration of a cartoon-style character standing in a forest at night. The character is a young male with brown hair, wearing a black jacket, an orange shirt, and black pants. He has a surprised or contemplative expression on his face. The background features dark trees with bare branches, and the ground is covered with fallen leaves. The sky is black, suggesting it's nighttime. There is no visible text in the image.
су жүрек	Жаңа бастамадан шошып, батылдық танытпаған басшының су жүректігі бәріне байқалды.		78058467750.png	The image depicts a stylized illustration of a heart with a burst of orange hearts and a trail of smoke or steam emanating from it. The heart is centrally placed and appears to be the source of the explosion. The background is dark, which contrasts with the bright orange hearts and the heart itself, making them stand out. The image has a cartoonish or graphic design style.	53255431050.png	The image depicts an animated scene of a young boy lying in bed, engrossed in a tablet. He is wearing an orange sweater and has a concerned or surprised expression on his face. The bed is large and takes up a significant portion of the image. Above the boy's head is a whimsical, chaotic scene of various animated characters, including monsters and other creatures, all seemingly in a state of distress or excitement. The characters are densely packed, creating a sense of chaos and urgency.  To the right of the bed, there is a nightstand with a lamp and a cup, suggesting a bedtime setting. The background is a simple, muted gray, which contrasts with the vibrant colors of the characters and the boy's sweater. There is no visible text in the image. The style of the image is cartoonish and playful, with a clear emphasis on the boy's interaction with the tablet and the animated characters above him.	89924429774.png	The image is a digital illustration of a cartoon-style character standing in a forest at night. The character is a young male with brown hair, wearing a black jacket, an orange shirt, and black pants. He has a surprised or contemplative expression on his face. The background features dark trees with bare branches, and the ground is covered with fallen leaves. The sky is black, suggesting it's nighttime. There is no visible text in the image.	58365523018.png	The image features a stylized cartoon character of a young man. He has short, dark hair and is wearing a black suit with a tie. The character is depicted with a playful expression, holding a large, orange, wavy ribbon in his right hand, which he is blowing on with his mouth. The background is plain white, emphasizing the character. There is no visible text in the image.	47604286202.png	The image features a stylized illustration of a heart-shaped object that appears to be made of a translucent, water-like substance. The heart is floating in a pool of water, with droplets splashing around it. Inside the heart, there is a small, orange heart-shaped object, which could be interpreted as a heart within a heart. The background is plain white, which contrasts with the heart and the water droplets. The image is simple and does not contain any visible text. The style of the illustration is cartoonish and playful.
