compound	sentence	expected_order	image1_name	image1_caption	image2_name	image2_caption	image3_name	image3_caption	image4_name	image4_caption	image5_name	image5_caption
veľké zviera	Obdivoval mužov ako on, mužov, ktorí nepoznali žiadne veľké zvieratá, nemali žiadne konexie.		60797776199.png	The image features an animated orange cat with a fierce expression. The cat has large, round eyes with black pupils, and its mouth is wide open, revealing sharp teeth. Its fur appears soft and fluffy, and it has a small, black nose. The cat's ears are pointed upwards, and it has a tuft of hair on its head. The cat is standing on two legs, and its tail is curled up behind it. There is no visible text in the image. The style of the image is cartoonish and whimsical.	96825019438.png	The image features a 3D animated character of a man dressed in a military uniform. The uniform consists of a brown shirt, brown trousers, a brown cap with a badge on the front, and black shoes. The character has a stern expression with his mouth open, as if shouting or speaking loudly. The character is standing against a plain white background. There is no visible text in the image.	77871909375.png	The image features a stylized, animated character of a woman standing on a circular platform. She is dressed in a black suit with an orange shirt and tie, and she is holding a tablet with both hands. The character has brown hair, is smiling, and appears to be presenting or demonstrating something on the tablet. The background is plain white, emphasizing the character and the platform she is standing on. There is no visible text in the image.	31012287399.png	The image features a stylized, animated character with a beard and mustache. The character has a furrowed brow and a somewhat displeased expression. He is wearing a necklace with various beads and what appears to be teeth. The character's hair is messy and brown, and he has a prominent nose and bushy eyebrows. The background is plain and does not provide any context or additional details.	93378985497.png	The image depicts a stylized, cartoonish representation of a bull. It has a large, muscular body with a thick, shaggy coat of fur in shades of gray and brown. The bull's head is prominent, with large, curved horns that are orange in color. Its eyes are a bright yellow, and it has a small, pointed tail with a flame-like design at the end. The bull is standing on all fours, and its stance is neutral. The background is a solid, dark color, which contrasts with the lighter tones of the bull's fur and horns. There is no visible text in the image.
veľké zviera	Lenže keď sprevádzali kapelu po budove, ukázalo sa, že všetky veľké zvieratá sú na obede.		96825019438.png	The image features a 3D animated character of a man dressed in a military uniform. The uniform consists of a brown shirt, brown trousers, a brown cap with a badge on the front, and black shoes. The character has a stern expression with his mouth open, as if shouting or speaking loudly. The character is standing against a plain white background. There is no visible text in the image.	93378985497.png	The image depicts a stylized, cartoonish representation of a bull. It has a large, muscular body with a thick, shaggy coat of fur in shades of gray and brown. The bull's head is prominent, with large, curved horns that are orange in color. Its eyes are a bright yellow, and it has a small, pointed tail with a flame-like design at the end. The bull is standing on all fours, and its stance is neutral. The background is a solid, dark color, which contrasts with the lighter tones of the bull's fur and horns. There is no visible text in the image.	31012287399.png	The image features a stylized, animated character with a beard and mustache. The character has a furrowed brow and a somewhat displeased expression. He is wearing a necklace with various beads and what appears to be teeth. The character's hair is messy and brown, and he has a prominent nose and bushy eyebrows. The background is plain and does not provide any context or additional details.	60797776199.png	The image features an animated orange cat with a fierce expression. The cat has large, round eyes with black pupils, and its mouth is wide open, revealing sharp teeth. Its fur appears soft and fluffy, and it has a small, black nose. The cat's ears are pointed upwards, and it has a tuft of hair on its head. The cat is standing on two legs, and its tail is curled up behind it. There is no visible text in the image. The style of the image is cartoonish and whimsical.	77871909375.png	The image features a stylized, animated character of a woman standing on a circular platform. She is dressed in a black suit with an orange shirt and tie, and she is holding a tablet with both hands. The character has brown hair, is smiling, and appears to be presenting or demonstrating something on the tablet. The background is plain white, emphasizing the character and the platform she is standing on. There is no visible text in the image.
veľké zviera	Mrože sú schopné zabiť aj veľké zviera, napr. tuleňa.		77871909375.png	The image features a stylized, animated character of a woman standing on a circular platform. She is dressed in a black suit with an orange shirt and tie, and she is holding a tablet with both hands. The character has brown hair, is smiling, and appears to be presenting or demonstrating something on the tablet. The background is plain white, emphasizing the character and the platform she is standing on. There is no visible text in the image.	93378985497.png	The image depicts a stylized, cartoonish representation of a bull. It has a large, muscular body with a thick, shaggy coat of fur in shades of gray and brown. The bull's head is prominent, with large, curved horns that are orange in color. Its eyes are a bright yellow, and it has a small, pointed tail with a flame-like design at the end. The bull is standing on all fours, and its stance is neutral. The background is a solid, dark color, which contrasts with the lighter tones of the bull's fur and horns. There is no visible text in the image.	60797776199.png	The image features an animated orange cat with a fierce expression. The cat has large, round eyes with black pupils, and its mouth is wide open, revealing sharp teeth. Its fur appears soft and fluffy, and it has a small, black nose. The cat's ears are pointed upwards, and it has a tuft of hair on its head. The cat is standing on two legs, and its tail is curled up behind it. There is no visible text in the image. The style of the image is cartoonish and whimsical.	31012287399.png	The image features a stylized, animated character with a beard and mustache. The character has a furrowed brow and a somewhat displeased expression. He is wearing a necklace with various beads and what appears to be teeth. The character's hair is messy and brown, and he has a prominent nose and bushy eyebrows. The background is plain and does not provide any context or additional details.	96825019438.png	The image features a 3D animated character of a man dressed in a military uniform. The uniform consists of a brown shirt, brown trousers, a brown cap with a badge on the front, and black shoes. The character has a stern expression with his mouth open, as if shouting or speaking loudly. The character is standing against a plain white background. There is no visible text in the image.
veľké zviera	Mala pri sebe psa, dosť veľké zviera.		93378985497.png	The image depicts a stylized, cartoonish representation of a bull. It has a large, muscular body with a thick, shaggy coat of fur in shades of gray and brown. The bull's head is prominent, with large, curved horns that are orange in color. Its eyes are a bright yellow, and it has a small, pointed tail with a flame-like design at the end. The bull is standing on all fours, and its stance is neutral. The background is a solid, dark color, which contrasts with the lighter tones of the bull's fur and horns. There is no visible text in the image.	60797776199.png	The image features an animated orange cat with a fierce expression. The cat has large, round eyes with black pupils, and its mouth is wide open, revealing sharp teeth. Its fur appears soft and fluffy, and it has a small, black nose. The cat's ears are pointed upwards, and it has a tuft of hair on its head. The cat is standing on two legs, and its tail is curled up behind it. There is no visible text in the image. The style of the image is cartoonish and whimsical.	31012287399.png	The image features a stylized, animated character with a beard and mustache. The character has a furrowed brow and a somewhat displeased expression. He is wearing a necklace with various beads and what appears to be teeth. The character's hair is messy and brown, and he has a prominent nose and bushy eyebrows. The background is plain and does not provide any context or additional details.	77871909375.png	The image features a stylized, animated character of a woman standing on a circular platform. She is dressed in a black suit with an orange shirt and tie, and she is holding a tablet with both hands. The character has brown hair, is smiling, and appears to be presenting or demonstrating something on the tablet. The background is plain white, emphasizing the character and the platform she is standing on. There is no visible text in the image.	96825019438.png	The image features a 3D animated character of a man dressed in a military uniform. The uniform consists of a brown shirt, brown trousers, a brown cap with a badge on the front, and black shoes. The character has a stern expression with his mouth open, as if shouting or speaking loudly. The character is standing against a plain white background. There is no visible text in the image.
čierna skrinka	Výberové komisie sú podľa neho ako čierna skrinka, do ktorej nikto nevidí.		11305014120.png	The image features a stylized, cartoon-like depiction of a small dog with a predominantly orange and white coat. The dog has large, round, black eyes and a small, black nose. It has a red collar around its neck and a curly tail. The dog is standing on all fours and appears to be smiling or panting with its mouth open. The background is plain and white, which contrasts with the dog's colorful fur. There is no visible text in the image.	86618267031.png	The image shows a cardboard box with its flaps open, revealing the interior. The box appears to be empty and is set against a plain white background. The box is a standard rectangular shape with a visible barcode on the bottom right corner. The cardboard has a textured surface, and the color is a uniform light brown. There are no visible texts or brands on the box. The style of the image is a clear, isolated product shot with a focus on the box itself.	94526342295.png	The image depicts an animated scene of a man in an orange hard hat standing at a conveyor belt. The conveyor belt is carrying red apples. The man appears to be observing the apples as they pass by. In the background, there is a large machine with a control panel and a lever, suggesting an industrial setting. The machine has a cylindrical shape with a black and orange striped pattern on its side. The man is wearing a white shirt and dark pants. There is no visible text in the image. The style of the image is cartoonish and appears to be designed for illustrative purposes, possibly for a storyboard or an educational material.	61223262195.png	The image shows a black rectangular box with a visible orange tag on the front, placed on a wooden table. The table has a simple, round shape and is set against a plain, light background. The box appears to be a gift box, and the tag might indicate a message or a price. The image is a clear, isolated product shot with a focus on the box and the table.	73067710061.png	The image depicts a stylized computer setup on a white surface. There is a computer monitor with a dark brown frame and a black screen. Below the monitor, there is a keyboard with a dark gray color and a light gray backlight. To the right of the keyboard, there is a computer mouse with a dark gray color and a light gray backlight.  In front of the monitor, there is a collection of items. On the left, there is a brown mug with a handle. To the right of the mug, there is a brown pencil holder with various pencils and a pen. In front of the pencil holder, there is a small orange robot figurine. To the right of the robot, there is a small orange cup with a handle.  In the bottom left corner, there is a small orange book with a white cover. The objects are arranged in a casual manner, suggesting a personal workspace. There is no visible text in the image. The style of the image is illustrative and appears to be designed for a digital medium, possibly for a website or a graphic design project.
čierna skrinka	Irán je čiernou skrinkou, ale zároveň nie je čiernou skrinkou, pretože existujú spôsoby, ako odhaliť utajovanú činnosť.		94526342295.png	The image depicts an animated scene of a man in an orange hard hat standing at a conveyor belt. The conveyor belt is carrying red apples. The man appears to be observing the apples as they pass by. In the background, there is a large machine with a control panel and a lever, suggesting an industrial setting. The machine has a cylindrical shape with a black and orange striped pattern on its side. The man is wearing a white shirt and dark pants. There is no visible text in the image. The style of the image is cartoonish and appears to be designed for illustrative purposes, possibly for a storyboard or an educational material.	11305014120.png	The image features a stylized, cartoon-like depiction of a small dog with a predominantly orange and white coat. The dog has large, round, black eyes and a small, black nose. It has a red collar around its neck and a curly tail. The dog is standing on all fours and appears to be smiling or panting with its mouth open. The background is plain and white, which contrasts with the dog's colorful fur. There is no visible text in the image.	61223262195.png	The image shows a black rectangular box with a visible orange tag on the front, placed on a wooden table. The table has a simple, round shape and is set against a plain, light background. The box appears to be a gift box, and the tag might indicate a message or a price. The image is a clear, isolated product shot with a focus on the box and the table.	86618267031.png	The image shows a cardboard box with its flaps open, revealing the interior. The box appears to be empty and is set against a plain white background. The box is a standard rectangular shape with a visible barcode on the bottom right corner. The cardboard has a textured surface, and the color is a uniform light brown. There are no visible texts or brands on the box. The style of the image is a clear, isolated product shot with a focus on the box itself.	73067710061.png	The image depicts a stylized computer setup on a white surface. There is a computer monitor with a dark brown frame and a black screen. Below the monitor, there is a keyboard with a dark gray color and a light gray backlight. To the right of the keyboard, there is a computer mouse with a dark gray color and a light gray backlight.  In front of the monitor, there is a collection of items. On the left, there is a brown mug with a handle. To the right of the mug, there is a brown pencil holder with various pencils and a pen. In front of the pencil holder, there is a small orange robot figurine. To the right of the robot, there is a small orange cup with a handle.  In the bottom left corner, there is a small orange book with a white cover. The objects are arranged in a casual manner, suggesting a personal workspace. There is no visible text in the image. The style of the image is illustrative and appears to be designed for a digital medium, possibly for a website or a graphic design project.
čierna skrinka	V prievidzskom kolégiu až do roku 1918 bola čierna skrinka. V skrinke bola biela kniha v bielej koženej väzbe.		73067710061.png	The image depicts a stylized computer setup on a white surface. There is a computer monitor with a dark brown frame and a black screen. Below the monitor, there is a keyboard with a dark gray color and a light gray backlight. To the right of the keyboard, there is a computer mouse with a dark gray color and a light gray backlight.  In front of the monitor, there is a collection of items. On the left, there is a brown mug with a handle. To the right of the mug, there is a brown pencil holder with various pencils and a pen. In front of the pencil holder, there is a small orange robot figurine. To the right of the robot, there is a small orange cup with a handle.  In the bottom left corner, there is a small orange book with a white cover. The objects are arranged in a casual manner, suggesting a personal workspace. There is no visible text in the image. The style of the image is illustrative and appears to be designed for a digital medium, possibly for a website or a graphic design project.	86618267031.png	The image shows a cardboard box with its flaps open, revealing the interior. The box appears to be empty and is set against a plain white background. The box is a standard rectangular shape with a visible barcode on the bottom right corner. The cardboard has a textured surface, and the color is a uniform light brown. There are no visible texts or brands on the box. The style of the image is a clear, isolated product shot with a focus on the box itself.	11305014120.png	The image features a stylized, cartoon-like depiction of a small dog with a predominantly orange and white coat. The dog has large, round, black eyes and a small, black nose. It has a red collar around its neck and a curly tail. The dog is standing on all fours and appears to be smiling or panting with its mouth open. The background is plain and white, which contrasts with the dog's colorful fur. There is no visible text in the image.	94526342295.png	The image depicts an animated scene of a man in an orange hard hat standing at a conveyor belt. The conveyor belt is carrying red apples. The man appears to be observing the apples as they pass by. In the background, there is a large machine with a control panel and a lever, suggesting an industrial setting. The machine has a cylindrical shape with a black and orange striped pattern on its side. The man is wearing a white shirt and dark pants. There is no visible text in the image. The style of the image is cartoonish and appears to be designed for illustrative purposes, possibly for a storyboard or an educational material.	61223262195.png	The image shows a black rectangular box with a visible orange tag on the front, placed on a wooden table. The table has a simple, round shape and is set against a plain, light background. The box appears to be a gift box, and the tag might indicate a message or a price. The image is a clear, isolated product shot with a focus on the box and the table.
čierna skrinka	Bola to malá, čierna skrinka uprostred s malým reproduktorom.		73067710061.png	The image depicts a stylized computer setup on a white surface. There is a computer monitor with a dark brown frame and a black screen. Below the monitor, there is a keyboard with a dark gray color and a light gray backlight. To the right of the keyboard, there is a computer mouse with a dark gray color and a light gray backlight.  In front of the monitor, there is a collection of items. On the left, there is a brown mug with a handle. To the right of the mug, there is a brown pencil holder with various pencils and a pen. In front of the pencil holder, there is a small orange robot figurine. To the right of the robot, there is a small orange cup with a handle.  In the bottom left corner, there is a small orange book with a white cover. The objects are arranged in a casual manner, suggesting a personal workspace. There is no visible text in the image. The style of the image is illustrative and appears to be designed for a digital medium, possibly for a website or a graphic design project.	94526342295.png	The image depicts an animated scene of a man in an orange hard hat standing at a conveyor belt. The conveyor belt is carrying red apples. The man appears to be observing the apples as they pass by. In the background, there is a large machine with a control panel and a lever, suggesting an industrial setting. The machine has a cylindrical shape with a black and orange striped pattern on its side. The man is wearing a white shirt and dark pants. There is no visible text in the image. The style of the image is cartoonish and appears to be designed for illustrative purposes, possibly for a storyboard or an educational material.	86618267031.png	The image shows a cardboard box with its flaps open, revealing the interior. The box appears to be empty and is set against a plain white background. The box is a standard rectangular shape with a visible barcode on the bottom right corner. The cardboard has a textured surface, and the color is a uniform light brown. There are no visible texts or brands on the box. The style of the image is a clear, isolated product shot with a focus on the box itself.	61223262195.png	The image shows a black rectangular box with a visible orange tag on the front, placed on a wooden table. The table has a simple, round shape and is set against a plain, light background. The box appears to be a gift box, and the tag might indicate a message or a price. The image is a clear, isolated product shot with a focus on the box and the table.	11305014120.png	The image features a stylized, cartoon-like depiction of a small dog with a predominantly orange and white coat. The dog has large, round, black eyes and a small, black nose. It has a red collar around its neck and a curly tail. The dog is standing on all fours and appears to be smiling or panting with its mouth open. The background is plain and white, which contrasts with the dog's colorful fur. There is no visible text in the image.
chlieb každodenný	Portréty chlapov, pre ktorých bola stavbárska robota zárobkom na chlieb každodenný a týždňovkárske pracovné zmeny pre mnohých dlhoročným pravidlom.		40596304583.png	The image shows a stylized, cartoon-like depiction of a layered cake with a creamy white frosting on top. The cake has a chocolate base and is topped with a drizzle of chocolate sauce. The frosting is adorned with small, colorful sprinkles. The cake is placed on a pink plate, and there is a small puddle of chocolate sauce on the plate. The background is plain and does not distract from the cake. There is no visible text in the image.	63290210633.png	The image shows two construction workers on a brick wall. They are wearing hard hats and safety vests, indicating a focus on safety. The worker on the left is standing on a scaffolding structure, which is made of metal bars and wooden planks. The worker on the right is holding onto the scaffolding and appears to be in the process of climbing up. Both workers are engaged in the construction process, as suggested by the tools and materials around them. The background is a clear sky, which contrasts with the brick wall and the industrial nature of the scene. There is no visible text in the image.	84303423684.png	The image features a shiny, orange apple with a glossy surface, reflecting light and creating droplets that resemble dew or condensation. The apple has a green leaf attached to its stem, which is brown and appears to be slightly curved. The background is a gradient of gray tones, providing a neutral backdrop that contrasts with the vibrant color of the apple. There is no visible text in the image. The apple is the central object, and its position and the droplets around it suggest a fresh, possibly morning, atmosphere.	89512451268.png	The image features a cartoon-style illustration of a calendar with a large, orange, sesame seed bun on top. The calendar has a grid of squares, each representing a day, with dates ranging from the 1st to the 28th. The bun is placed on the top left corner of the calendar, and there are two small, orange sesame seeds on the calendar, one on the 22nd and one on the 28th. The calendar is set against a plain white background.	86090891330.png	The image is a digital illustration featuring two animated characters. On the left is a female character with short brown hair, wearing a black blazer over an orange top, black pants, and black high heels. She is smiling and holding a small trophy with a golden base and a golden trophy head. On the right is a male character wearing a hard hat, a black suit jacket, a yellow shirt, and black pants. He is also smiling and holding the same trophy with both hands. The background is plain white. There is no visible text in the image. The style of the illustration is cartoonish and friendly, with a focus on the characters' expressions and the trophy they are sharing.
chlieb každodenný	Žijeme v rýchlej a uponáhľadnej dobe, skratky a symboly sú našim chlebom každodenným		84303423684.png	The image features a shiny, orange apple with a glossy surface, reflecting light and creating droplets that resemble dew or condensation. The apple has a green leaf attached to its stem, which is brown and appears to be slightly curved. The background is a gradient of gray tones, providing a neutral backdrop that contrasts with the vibrant color of the apple. There is no visible text in the image. The apple is the central object, and its position and the droplets around it suggest a fresh, possibly morning, atmosphere.	86090891330.png	The image is a digital illustration featuring two animated characters. On the left is a female character with short brown hair, wearing a black blazer over an orange top, black pants, and black high heels. She is smiling and holding a small trophy with a golden base and a golden trophy head. On the right is a male character wearing a hard hat, a black suit jacket, a yellow shirt, and black pants. He is also smiling and holding the same trophy with both hands. The background is plain white. There is no visible text in the image. The style of the illustration is cartoonish and friendly, with a focus on the characters' expressions and the trophy they are sharing.	63290210633.png	The image shows two construction workers on a brick wall. They are wearing hard hats and safety vests, indicating a focus on safety. The worker on the left is standing on a scaffolding structure, which is made of metal bars and wooden planks. The worker on the right is holding onto the scaffolding and appears to be in the process of climbing up. Both workers are engaged in the construction process, as suggested by the tools and materials around them. The background is a clear sky, which contrasts with the brick wall and the industrial nature of the scene. There is no visible text in the image.	40596304583.png	The image shows a stylized, cartoon-like depiction of a layered cake with a creamy white frosting on top. The cake has a chocolate base and is topped with a drizzle of chocolate sauce. The frosting is adorned with small, colorful sprinkles. The cake is placed on a pink plate, and there is a small puddle of chocolate sauce on the plate. The background is plain and does not distract from the cake. There is no visible text in the image.	89512451268.png	The image features a cartoon-style illustration of a calendar with a large, orange, sesame seed bun on top. The calendar has a grid of squares, each representing a day, with dates ranging from the 1st to the 28th. The bun is placed on the top left corner of the calendar, and there are two small, orange sesame seeds on the calendar, one on the 22nd and one on the 28th. The calendar is set against a plain white background.
chlieb každodenný	Duch razí si cestu sám, ale jeho dary musia prísť na stôl vedľa chleba každodenného		86090891330.png	The image is a digital illustration featuring two animated characters. On the left is a female character with short brown hair, wearing a black blazer over an orange top, black pants, and black high heels. She is smiling and holding a small trophy with a golden base and a golden trophy head. On the right is a male character wearing a hard hat, a black suit jacket, a yellow shirt, and black pants. He is also smiling and holding the same trophy with both hands. The background is plain white. There is no visible text in the image. The style of the illustration is cartoonish and friendly, with a focus on the characters' expressions and the trophy they are sharing.	63290210633.png	The image shows two construction workers on a brick wall. They are wearing hard hats and safety vests, indicating a focus on safety. The worker on the left is standing on a scaffolding structure, which is made of metal bars and wooden planks. The worker on the right is holding onto the scaffolding and appears to be in the process of climbing up. Both workers are engaged in the construction process, as suggested by the tools and materials around them. The background is a clear sky, which contrasts with the brick wall and the industrial nature of the scene. There is no visible text in the image.	89512451268.png	The image features a cartoon-style illustration of a calendar with a large, orange, sesame seed bun on top. The calendar has a grid of squares, each representing a day, with dates ranging from the 1st to the 28th. The bun is placed on the top left corner of the calendar, and there are two small, orange sesame seeds on the calendar, one on the 22nd and one on the 28th. The calendar is set against a plain white background.	40596304583.png	The image shows a stylized, cartoon-like depiction of a layered cake with a creamy white frosting on top. The cake has a chocolate base and is topped with a drizzle of chocolate sauce. The frosting is adorned with small, colorful sprinkles. The cake is placed on a pink plate, and there is a small puddle of chocolate sauce on the plate. The background is plain and does not distract from the cake. There is no visible text in the image.	84303423684.png	The image features a shiny, orange apple with a glossy surface, reflecting light and creating droplets that resemble dew or condensation. The apple has a green leaf attached to its stem, which is brown and appears to be slightly curved. The background is a gradient of gray tones, providing a neutral backdrop that contrasts with the vibrant color of the apple. There is no visible text in the image. The apple is the central object, and its position and the droplets around it suggest a fresh, possibly morning, atmosphere.
chlieb každodenný	V kuchyni kraľovala gazdiná, tu sa piekol chlieb každodenný.		84303423684.png	The image features a shiny, orange apple with a glossy surface, reflecting light and creating droplets that resemble dew or condensation. The apple has a green leaf attached to its stem, which is brown and appears to be slightly curved. The background is a gradient of gray tones, providing a neutral backdrop that contrasts with the vibrant color of the apple. There is no visible text in the image. The apple is the central object, and its position and the droplets around it suggest a fresh, possibly morning, atmosphere.	40596304583.png	The image shows a stylized, cartoon-like depiction of a layered cake with a creamy white frosting on top. The cake has a chocolate base and is topped with a drizzle of chocolate sauce. The frosting is adorned with small, colorful sprinkles. The cake is placed on a pink plate, and there is a small puddle of chocolate sauce on the plate. The background is plain and does not distract from the cake. There is no visible text in the image.	86090891330.png	The image is a digital illustration featuring two animated characters. On the left is a female character with short brown hair, wearing a black blazer over an orange top, black pants, and black high heels. She is smiling and holding a small trophy with a golden base and a golden trophy head. On the right is a male character wearing a hard hat, a black suit jacket, a yellow shirt, and black pants. He is also smiling and holding the same trophy with both hands. The background is plain white. There is no visible text in the image. The style of the illustration is cartoonish and friendly, with a focus on the characters' expressions and the trophy they are sharing.	63290210633.png	The image shows two construction workers on a brick wall. They are wearing hard hats and safety vests, indicating a focus on safety. The worker on the left is standing on a scaffolding structure, which is made of metal bars and wooden planks. The worker on the right is holding onto the scaffolding and appears to be in the process of climbing up. Both workers are engaged in the construction process, as suggested by the tools and materials around them. The background is a clear sky, which contrasts with the brick wall and the industrial nature of the scene. There is no visible text in the image.	89512451268.png	The image features a cartoon-style illustration of a calendar with a large, orange, sesame seed bun on top. The calendar has a grid of squares, each representing a day, with dates ranging from the 1st to the 28th. The bun is placed on the top left corner of the calendar, and there are two small, orange sesame seeds on the calendar, one on the 22nd and one on the 28th. The calendar is set against a plain white background.
odrazové zariadenie	Spätné odrazové zariadenie alebo svietidlo, ak je odrazové zariadenie združené s niektorým vnútornú plochu bez akýchkoľvek kvapiek alebo zvyškov vody po tom, ako bola predtým pokrytá hmlou.		11292400630.png	The image depicts a 3D rendering of a street scene. There are two buildings on either side of the street, both with a similar architectural style, featuring flat roofs and large windows. The buildings are rendered in a warm, earthy color palette, with the left building in a lighter shade and the right building in a darker shade.  The street itself is a two-lane road with a yellow center line. The road is flanked by a sidewalk on the left side, which is not detailed in the image. The street appears to be empty, with no visible vehicles or pedestrians.  The sky is a plain white, suggesting a clear day with no clouds. There are no visible texts or distinguishing marks that provide additional context or information about the location or the image itself. The style of the image is realistic with a focus on clean lines and a lack of texture, which is typical for 3D renderings.	94802553482.png	The image features a stylized depiction of an orange traffic cone with a white stripe running down its center. On the white stripe, there is a small graphic of a red flag with a black outline and a yellow border. The cone is placed on a black surface that has a slight shadow beneath it, suggesting a light source from above. The background is plain white, emphasizing the cone as the central object in the image. There is no visible text in the image. The style of the image is graphic and appears to be a digital illustration.	65226811289.png	The image depicts a nighttime scene of a road with a series of streetlights lining the sides. The road appears to be a highway or a major road, as indicated by the presence of a center divider. The streetlights are illuminated, casting a warm glow on the road surface. There are no visible texts or distinctive markings on the road. The background is dark, emphasizing the lights and the road itself. The image is a digital rendering or illustration, not a photograph.	76543151969.png	The image features a stylized, cartoon-like illustration of a mechanical device with a wooden base. The device has a large orange wheel on the left side and a smaller orange wheel on the right. In the center, there is a black gear with a silver hub and a series of smaller gears attached to it. The gears are connected by a black rod with a silver joint. The background is a solid gray, and there are small white bubbles floating around the device, suggesting motion or activity. The overall style is reminiscent of a steampunk aesthetic, combining elements of machinery with organic materials like wood and metal.	63438704025.png	The image shows a stylized illustration of a tennis racket with a unique design. The racket has an orange frame with a black handle and a black base. The base appears to be a mechanical or electronic device with a clear, yellowish substance inside, possibly a ball or a component. There are no visible texts or brands in the image. The racket is positioned upright, with the head pointing upwards and the handle pointing downwards. The style of the image is cartoonish and simplistic, with a focus on the racket and its unusual features.
odrazové zariadenie	V iných prípadoch zníženej viditeľnosti, sa na takéto označenie musí použiť vpredu biele svetlo a biele odrazové zariadenie.		11292400630.png	The image depicts a 3D rendering of a street scene. There are two buildings on either side of the street, both with a similar architectural style, featuring flat roofs and large windows. The buildings are rendered in a warm, earthy color palette, with the left building in a lighter shade and the right building in a darker shade.  The street itself is a two-lane road with a yellow center line. The road is flanked by a sidewalk on the left side, which is not detailed in the image. The street appears to be empty, with no visible vehicles or pedestrians.  The sky is a plain white, suggesting a clear day with no clouds. There are no visible texts or distinguishing marks that provide additional context or information about the location or the image itself. The style of the image is realistic with a focus on clean lines and a lack of texture, which is typical for 3D renderings.	63438704025.png	The image shows a stylized illustration of a tennis racket with a unique design. The racket has an orange frame with a black handle and a black base. The base appears to be a mechanical or electronic device with a clear, yellowish substance inside, possibly a ball or a component. There are no visible texts or brands in the image. The racket is positioned upright, with the head pointing upwards and the handle pointing downwards. The style of the image is cartoonish and simplistic, with a focus on the racket and its unusual features.	94802553482.png	The image features a stylized depiction of an orange traffic cone with a white stripe running down its center. On the white stripe, there is a small graphic of a red flag with a black outline and a yellow border. The cone is placed on a black surface that has a slight shadow beneath it, suggesting a light source from above. The background is plain white, emphasizing the cone as the central object in the image. There is no visible text in the image. The style of the image is graphic and appears to be a digital illustration.	65226811289.png	The image depicts a nighttime scene of a road with a series of streetlights lining the sides. The road appears to be a highway or a major road, as indicated by the presence of a center divider. The streetlights are illuminated, casting a warm glow on the road surface. There are no visible texts or distinctive markings on the road. The background is dark, emphasizing the lights and the road itself. The image is a digital rendering or illustration, not a photograph.	76543151969.png	The image features a stylized, cartoon-like illustration of a mechanical device with a wooden base. The device has a large orange wheel on the left side and a smaller orange wheel on the right. In the center, there is a black gear with a silver hub and a series of smaller gears attached to it. The gears are connected by a black rod with a silver joint. The background is a solid gray, and there are small white bubbles floating around the device, suggesting motion or activity. The overall style is reminiscent of a steampunk aesthetic, combining elements of machinery with organic materials like wood and metal.
odrazové zariadenie	Podstata elektronického merania dĺžok je v tom, že zo známej rýchlosti šírenia elektromagnetických vĺnca tranzitného času t, ktorý potrebuje vlna od vysielača po odrazové zariadenie a späť do prijímača, sa určí dvojnásobok meranej dĺžky.		63438704025.png	The image shows a stylized illustration of a tennis racket with a unique design. The racket has an orange frame with a black handle and a black base. The base appears to be a mechanical or electronic device with a clear, yellowish substance inside, possibly a ball or a component. There are no visible texts or brands in the image. The racket is positioned upright, with the head pointing upwards and the handle pointing downwards. The style of the image is cartoonish and simplistic, with a focus on the racket and its unusual features.	76543151969.png	The image features a stylized, cartoon-like illustration of a mechanical device with a wooden base. The device has a large orange wheel on the left side and a smaller orange wheel on the right. In the center, there is a black gear with a silver hub and a series of smaller gears attached to it. The gears are connected by a black rod with a silver joint. The background is a solid gray, and there are small white bubbles floating around the device, suggesting motion or activity. The overall style is reminiscent of a steampunk aesthetic, combining elements of machinery with organic materials like wood and metal.	94802553482.png	The image features a stylized depiction of an orange traffic cone with a white stripe running down its center. On the white stripe, there is a small graphic of a red flag with a black outline and a yellow border. The cone is placed on a black surface that has a slight shadow beneath it, suggesting a light source from above. The background is plain white, emphasizing the cone as the central object in the image. There is no visible text in the image. The style of the image is graphic and appears to be a digital illustration.	11292400630.png	The image depicts a 3D rendering of a street scene. There are two buildings on either side of the street, both with a similar architectural style, featuring flat roofs and large windows. The buildings are rendered in a warm, earthy color palette, with the left building in a lighter shade and the right building in a darker shade.  The street itself is a two-lane road with a yellow center line. The road is flanked by a sidewalk on the left side, which is not detailed in the image. The street appears to be empty, with no visible vehicles or pedestrians.  The sky is a plain white, suggesting a clear day with no clouds. There are no visible texts or distinguishing marks that provide additional context or information about the location or the image itself. The style of the image is realistic with a focus on clean lines and a lack of texture, which is typical for 3D renderings.	65226811289.png	The image depicts a nighttime scene of a road with a series of streetlights lining the sides. The road appears to be a highway or a major road, as indicated by the presence of a center divider. The streetlights are illuminated, casting a warm glow on the road surface. There are no visible texts or distinctive markings on the road. The background is dark, emphasizing the lights and the road itself. The image is a digital rendering or illustration, not a photograph.
odrazové zariadenie	Na získanie vysokokvalitného obrazu je potrebné použiť ďalšie rozptyľovacie a odrazové zariadenia.		63438704025.png	The image shows a stylized illustration of a tennis racket with a unique design. The racket has an orange frame with a black handle and a black base. The base appears to be a mechanical or electronic device with a clear, yellowish substance inside, possibly a ball or a component. There are no visible texts or brands in the image. The racket is positioned upright, with the head pointing upwards and the handle pointing downwards. The style of the image is cartoonish and simplistic, with a focus on the racket and its unusual features.	76543151969.png	The image features a stylized, cartoon-like illustration of a mechanical device with a wooden base. The device has a large orange wheel on the left side and a smaller orange wheel on the right. In the center, there is a black gear with a silver hub and a series of smaller gears attached to it. The gears are connected by a black rod with a silver joint. The background is a solid gray, and there are small white bubbles floating around the device, suggesting motion or activity. The overall style is reminiscent of a steampunk aesthetic, combining elements of machinery with organic materials like wood and metal.	11292400630.png	The image depicts a 3D rendering of a street scene. There are two buildings on either side of the street, both with a similar architectural style, featuring flat roofs and large windows. The buildings are rendered in a warm, earthy color palette, with the left building in a lighter shade and the right building in a darker shade.  The street itself is a two-lane road with a yellow center line. The road is flanked by a sidewalk on the left side, which is not detailed in the image. The street appears to be empty, with no visible vehicles or pedestrians.  The sky is a plain white, suggesting a clear day with no clouds. There are no visible texts or distinguishing marks that provide additional context or information about the location or the image itself. The style of the image is realistic with a focus on clean lines and a lack of texture, which is typical for 3D renderings.	65226811289.png	The image depicts a nighttime scene of a road with a series of streetlights lining the sides. The road appears to be a highway or a major road, as indicated by the presence of a center divider. The streetlights are illuminated, casting a warm glow on the road surface. There are no visible texts or distinctive markings on the road. The background is dark, emphasizing the lights and the road itself. The image is a digital rendering or illustration, not a photograph.	94802553482.png	The image features a stylized depiction of an orange traffic cone with a white stripe running down its center. On the white stripe, there is a small graphic of a red flag with a black outline and a yellow border. The cone is placed on a black surface that has a slight shadow beneath it, suggesting a light source from above. The background is plain white, emphasizing the cone as the central object in the image. There is no visible text in the image. The style of the image is graphic and appears to be a digital illustration.
o vlások	Musí byť bázon, keď doteraz neprestal s bojovými letmi, hoci toľkokrát unikol iba o vlások.		27686038958.png	The image shows a single, long strand of hair with a vibrant orange color. The hair appears to be flowing or waving, with the strand curving and twisting as it extends from a point at the top of the image. The background is a plain, light color, providing a stark contrast to the hair. There is no visible text or other objects in the image. The style of the image is a simple, clean graphic with a focus on the hair strand.	38197371243.png	The image is a cartoon illustration. It features a young man with brown hair, wearing an orange shirt and dark pants, standing on a ledge. He is holding a smartphone in his right hand, which is raised to his face as if he is using it. Above the man, there is a large, black object that appears to be a television or monitor, which is falling towards him. The object is shattering into pieces as it falls, with fragments flying around it. The background is a simple, light-colored wall with a brick texture. There is no visible text in the image. The style of the image is playful and exaggerated, typical of cartoon illustrations.	76472746550.png	The image depicts two stylized figures, likely representing women, dressed in traditional South Asian attire. The figure on the left is wearing a white saree with gold borders and a red and white floral headpiece. The figure on the right is dressed in an orange saree with gold borders and a matching orange headpiece adorned with gold jewelry. Both figures are wearing makeup, including eye makeup and lipstick, and are accessorized with jewelry such as earrings and a nose ring. They are holding each other's hands, and their faces are close together, suggesting a moment of affection or celebration. The background is plain white, emphasizing the subjects. There is no visible text in the image.	85553126946.png	"The image features a stylized cartoon of a young girl with long, flowing red hair. She is wearing an orange dress and brown shoes. The girl is holding a large ruler with a yellow background and black numbers, which is positioned horizontally across her body. The ruler's length is indicated by the numbers ""1310211519510"" along its length. The girl is standing against a plain white background."	71372777410.png	The image depicts an animated character, a young girl with long dark hair, wearing an orange top and black shorts. She is in mid-air, swinging on a rope hammock. The hammock is made of a brown rope and has a net-like structure beneath it. The girl is smiling and appears to be enjoying the swing. Surrounding her are several orange butterflies. The background is a light blue sky with a few clouds. The overall style of the image is cartoonish and whimsical.
o vlások	Takže dnešný deň som spolu s vašou rodáčkou, ktorá sa nám stará o vlásky a líčenie, venovala prechádzke po Košiciach.		71372777410.png	The image depicts an animated character, a young girl with long dark hair, wearing an orange top and black shorts. She is in mid-air, swinging on a rope hammock. The hammock is made of a brown rope and has a net-like structure beneath it. The girl is smiling and appears to be enjoying the swing. Surrounding her are several orange butterflies. The background is a light blue sky with a few clouds. The overall style of the image is cartoonish and whimsical.	38197371243.png	The image is a cartoon illustration. It features a young man with brown hair, wearing an orange shirt and dark pants, standing on a ledge. He is holding a smartphone in his right hand, which is raised to his face as if he is using it. Above the man, there is a large, black object that appears to be a television or monitor, which is falling towards him. The object is shattering into pieces as it falls, with fragments flying around it. The background is a simple, light-colored wall with a brick texture. There is no visible text in the image. The style of the image is playful and exaggerated, typical of cartoon illustrations.	76472746550.png	The image depicts two stylized figures, likely representing women, dressed in traditional South Asian attire. The figure on the left is wearing a white saree with gold borders and a red and white floral headpiece. The figure on the right is dressed in an orange saree with gold borders and a matching orange headpiece adorned with gold jewelry. Both figures are wearing makeup, including eye makeup and lipstick, and are accessorized with jewelry such as earrings and a nose ring. They are holding each other's hands, and their faces are close together, suggesting a moment of affection or celebration. The background is plain white, emphasizing the subjects. There is no visible text in the image.	85553126946.png	"The image features a stylized cartoon of a young girl with long, flowing red hair. She is wearing an orange dress and brown shoes. The girl is holding a large ruler with a yellow background and black numbers, which is positioned horizontally across her body. The ruler's length is indicated by the numbers ""1310211519510"" along its length. The girl is standing against a plain white background."	27686038958.png	The image shows a single, long strand of hair with a vibrant orange color. The hair appears to be flowing or waving, with the strand curving and twisting as it extends from a point at the top of the image. The background is a plain, light color, providing a stark contrast to the hair. There is no visible text or other objects in the image. The style of the image is a simple, clean graphic with a focus on the hair strand.
o vlások	To by som chcela, stráviť taký krásny deň, kde okolo Vás sa starajú o vlásky a tváričku a na fotkách sa nespoznávate.		38197371243.png	The image is a cartoon illustration. It features a young man with brown hair, wearing an orange shirt and dark pants, standing on a ledge. He is holding a smartphone in his right hand, which is raised to his face as if he is using it. Above the man, there is a large, black object that appears to be a television or monitor, which is falling towards him. The object is shattering into pieces as it falls, with fragments flying around it. The background is a simple, light-colored wall with a brick texture. There is no visible text in the image. The style of the image is playful and exaggerated, typical of cartoon illustrations.	85553126946.png	"The image features a stylized cartoon of a young girl with long, flowing red hair. She is wearing an orange dress and brown shoes. The girl is holding a large ruler with a yellow background and black numbers, which is positioned horizontally across her body. The ruler's length is indicated by the numbers ""1310211519510"" along its length. The girl is standing against a plain white background."	76472746550.png	The image depicts two stylized figures, likely representing women, dressed in traditional South Asian attire. The figure on the left is wearing a white saree with gold borders and a red and white floral headpiece. The figure on the right is dressed in an orange saree with gold borders and a matching orange headpiece adorned with gold jewelry. Both figures are wearing makeup, including eye makeup and lipstick, and are accessorized with jewelry such as earrings and a nose ring. They are holding each other's hands, and their faces are close together, suggesting a moment of affection or celebration. The background is plain white, emphasizing the subjects. There is no visible text in the image.	71372777410.png	The image depicts an animated character, a young girl with long dark hair, wearing an orange top and black shorts. She is in mid-air, swinging on a rope hammock. The hammock is made of a brown rope and has a net-like structure beneath it. The girl is smiling and appears to be enjoying the swing. Surrounding her are several orange butterflies. The background is a light blue sky with a few clouds. The overall style of the image is cartoonish and whimsical.	27686038958.png	The image shows a single, long strand of hair with a vibrant orange color. The hair appears to be flowing or waving, with the strand curving and twisting as it extends from a point at the top of the image. The background is a plain, light color, providing a stark contrast to the hair. There is no visible text or other objects in the image. The style of the image is a simple, clean graphic with a focus on the hair strand.
diablov advokát	Ak by sme sa na chvíľu stali diablovým advokátom, určite by sme sa spýtali, či nie je pre Izrael výhodnejšie nemiešať sa do problémov iných, keď má toľko vlastných a dôležitejších?		33355628202.png	The image is a digital illustration featuring two animated characters. On the left is a female character with brown hair, wearing a bright orange blazer over a white shirt, black pants, and black high heels. She is smiling and gesturing with her hands. On the right is a male character with brown hair, wearing a dark suit with a yellow tie, and black shoes. He is also smiling and holding a black microphone in his right hand. Both characters are seated on black chairs with wheels, and they appear to be engaged in a conversation or interview. The background is plain white, emphasizing the characters. There is no visible text in the image.	88418562573.png	The image features a stylized, animated character of a woman. She has short brown hair tied in a ponytail, with a side parting. The character is smiling and has rosy cheeks. She is wearing a white short-sleeved shirt with a black collar and a small orange logo on the left side of the chest. The shirt has black trim around the neckline and the sleeves. She is also wearing black pants with an orange stripe running down the side. The pants have a black belt with a silver buckle. The character is standing with her hands on her hips, and her feet are slightly apart. The background is plain white, emphasizing the character. There is no visible text in the image.	43131829743.png	The image is a stylized illustration featuring three animated characters. On the left, there is a male character with black hair, wearing a black and white striped shirt and black pants, standing with his right hand extended towards a female character. The female character, in the center, is seated at a desk with a laptop and a cup of coffee. She has black hair, is wearing a black dress, and is smiling. To her right, there is another female character seated on a chair, also smiling and looking towards the male character. The setting appears to be an office environment, with a desk and a chair visible. There is no visible text in the image.	48947709441.png	"The image depicts four animated female characters standing side by side. They are all wearing orange tops and black pants. The character on the far left is holding a brown cardboard sign with the word ""SALE"" written on it. The character in the center is also holding a similar sign. The character on the far right is holding a brown cardboard sign with the word ""OPEN"" written on it. The character in the middle is smiling and looking at the other two characters. The background is plain white."	63096681840.png	The image is a digital illustration featuring three animated characters in a professional setting. On the left, there is a red demon-like creature with horns, a tail, and a menacing expression. In the center, there is a blonde woman with a surprised or shocked expression, wearing a suit and sitting at a desk. On the right, there is a man with short dark hair, wearing a suit and tie, and gesturing with his hands. The characters are depicted in a cartoon style, and the background is minimal, with a plain white wall. There is no visible text in the image.
diablov advokát	Zahral sa na diablovho advokáta, keď zapochyboval o názore o koexistencii Západu so Sovietmi, ktorá mala byť prvým krokom k jadrovému odzbrojeniu.		88418562573.png	The image features a stylized, animated character of a woman. She has short brown hair tied in a ponytail, with a side parting. The character is smiling and has rosy cheeks. She is wearing a white short-sleeved shirt with a black collar and a small orange logo on the left side of the chest. The shirt has black trim around the neckline and the sleeves. She is also wearing black pants with an orange stripe running down the side. The pants have a black belt with a silver buckle. The character is standing with her hands on her hips, and her feet are slightly apart. The background is plain white, emphasizing the character. There is no visible text in the image.	43131829743.png	The image is a stylized illustration featuring three animated characters. On the left, there is a male character with black hair, wearing a black and white striped shirt and black pants, standing with his right hand extended towards a female character. The female character, in the center, is seated at a desk with a laptop and a cup of coffee. She has black hair, is wearing a black dress, and is smiling. To her right, there is another female character seated on a chair, also smiling and looking towards the male character. The setting appears to be an office environment, with a desk and a chair visible. There is no visible text in the image.	63096681840.png	The image is a digital illustration featuring three animated characters in a professional setting. On the left, there is a red demon-like creature with horns, a tail, and a menacing expression. In the center, there is a blonde woman with a surprised or shocked expression, wearing a suit and sitting at a desk. On the right, there is a man with short dark hair, wearing a suit and tie, and gesturing with his hands. The characters are depicted in a cartoon style, and the background is minimal, with a plain white wall. There is no visible text in the image.	48947709441.png	"The image depicts four animated female characters standing side by side. They are all wearing orange tops and black pants. The character on the far left is holding a brown cardboard sign with the word ""SALE"" written on it. The character in the center is also holding a similar sign. The character on the far right is holding a brown cardboard sign with the word ""OPEN"" written on it. The character in the middle is smiling and looking at the other two characters. The background is plain white."	33355628202.png	The image is a digital illustration featuring two animated characters. On the left is a female character with brown hair, wearing a bright orange blazer over a white shirt, black pants, and black high heels. She is smiling and gesturing with her hands. On the right is a male character with brown hair, wearing a dark suit with a yellow tie, and black shoes. He is also smiling and holding a black microphone in his right hand. Both characters are seated on black chairs with wheels, and they appear to be engaged in a conversation or interview. The background is plain white, emphasizing the characters. There is no visible text in the image.
diablov advokát	Tento diablov advokát mal medzi svojimi prominentnými klientmi aj bývalého prezidenta Juhoslávie a Srbska, či medzinárodného teroristu známeho ako Šakal.		33355628202.png	The image is a digital illustration featuring two animated characters. On the left is a female character with brown hair, wearing a bright orange blazer over a white shirt, black pants, and black high heels. She is smiling and gesturing with her hands. On the right is a male character with brown hair, wearing a dark suit with a yellow tie, and black shoes. He is also smiling and holding a black microphone in his right hand. Both characters are seated on black chairs with wheels, and they appear to be engaged in a conversation or interview. The background is plain white, emphasizing the characters. There is no visible text in the image.	48947709441.png	"The image depicts four animated female characters standing side by side. They are all wearing orange tops and black pants. The character on the far left is holding a brown cardboard sign with the word ""SALE"" written on it. The character in the center is also holding a similar sign. The character on the far right is holding a brown cardboard sign with the word ""OPEN"" written on it. The character in the middle is smiling and looking at the other two characters. The background is plain white."	43131829743.png	The image is a stylized illustration featuring three animated characters. On the left, there is a male character with black hair, wearing a black and white striped shirt and black pants, standing with his right hand extended towards a female character. The female character, in the center, is seated at a desk with a laptop and a cup of coffee. She has black hair, is wearing a black dress, and is smiling. To her right, there is another female character seated on a chair, also smiling and looking towards the male character. The setting appears to be an office environment, with a desk and a chair visible. There is no visible text in the image.	88418562573.png	The image features a stylized, animated character of a woman. She has short brown hair tied in a ponytail, with a side parting. The character is smiling and has rosy cheeks. She is wearing a white short-sleeved shirt with a black collar and a small orange logo on the left side of the chest. The shirt has black trim around the neckline and the sleeves. She is also wearing black pants with an orange stripe running down the side. The pants have a black belt with a silver buckle. The character is standing with her hands on her hips, and her feet are slightly apart. The background is plain white, emphasizing the character. There is no visible text in the image.	63096681840.png	The image is a digital illustration featuring three animated characters in a professional setting. On the left, there is a red demon-like creature with horns, a tail, and a menacing expression. In the center, there is a blonde woman with a surprised or shocked expression, wearing a suit and sitting at a desk. On the right, there is a man with short dark hair, wearing a suit and tie, and gesturing with his hands. The characters are depicted in a cartoon style, and the background is minimal, with a plain white wall. There is no visible text in the image.
diablov advokát	Klient diablovho advokáta  obvinenia odmieta,o svojich memoároch, ktoré vyšli len minulý týždeň, bráni seba, zo zločinov sú podľa neho vinní najmä lokálni velitelia.		33355628202.png	The image is a digital illustration featuring two animated characters. On the left is a female character with brown hair, wearing a bright orange blazer over a white shirt, black pants, and black high heels. She is smiling and gesturing with her hands. On the right is a male character with brown hair, wearing a dark suit with a yellow tie, and black shoes. He is also smiling and holding a black microphone in his right hand. Both characters are seated on black chairs with wheels, and they appear to be engaged in a conversation or interview. The background is plain white, emphasizing the characters. There is no visible text in the image.	88418562573.png	The image features a stylized, animated character of a woman. She has short brown hair tied in a ponytail, with a side parting. The character is smiling and has rosy cheeks. She is wearing a white short-sleeved shirt with a black collar and a small orange logo on the left side of the chest. The shirt has black trim around the neckline and the sleeves. She is also wearing black pants with an orange stripe running down the side. The pants have a black belt with a silver buckle. The character is standing with her hands on her hips, and her feet are slightly apart. The background is plain white, emphasizing the character. There is no visible text in the image.	48947709441.png	"The image depicts four animated female characters standing side by side. They are all wearing orange tops and black pants. The character on the far left is holding a brown cardboard sign with the word ""SALE"" written on it. The character in the center is also holding a similar sign. The character on the far right is holding a brown cardboard sign with the word ""OPEN"" written on it. The character in the middle is smiling and looking at the other two characters. The background is plain white."	63096681840.png	The image is a digital illustration featuring three animated characters in a professional setting. On the left, there is a red demon-like creature with horns, a tail, and a menacing expression. In the center, there is a blonde woman with a surprised or shocked expression, wearing a suit and sitting at a desk. On the right, there is a man with short dark hair, wearing a suit and tie, and gesturing with his hands. The characters are depicted in a cartoon style, and the background is minimal, with a plain white wall. There is no visible text in the image.	43131829743.png	The image is a stylized illustration featuring three animated characters. On the left, there is a male character with black hair, wearing a black and white striped shirt and black pants, standing with his right hand extended towards a female character. The female character, in the center, is seated at a desk with a laptop and a cup of coffee. She has black hair, is wearing a black dress, and is smiling. To her right, there is another female character seated on a chair, also smiling and looking towards the male character. The setting appears to be an office environment, with a desk and a chair visible. There is no visible text in the image.
špinavé peniaze	Sedemdesiatročný funkcionár mal okrem iného krátiť dane či prať špinavé peniaze.		55437133134.png	The image features a cartoon character of a man dressed in a suit and top hat, holding a cigar in his mouth. He is smiling and appears to be in a relaxed or joyful state. The man is also holding a stack of money in his right hand, which is raised as if he is presenting or offering it. The background is plain and does not provide any additional context or details. The image is stylized with a limited color palette and has a clean, graphic quality.	36647866477.png	The image features a cartoon character dressed in a striped prison uniform, complete with a mask and goggles. The character is holding a large brown bag with a dollar sign on it, and is also holding two stacks of money, one in each hand. The character is smiling and appears to be walking. The background is a plain, dark color.	68803866871.png	The image shows a spray bottle with a black trigger and an orange nozzle. The bottle has a transparent body with a yellowish tint, and it appears to be made of plastic. The background is plain white, emphasizing the bottle. There is no visible text in the image. The bottle is positioned upright, and the nozzle is extended upwards. The style of the image is a digital illustration with a three-dimensional appearance.	52499868511.png	The image shows a stack of folded bills, with the topmost bill being an orange 20-dollar bill. The bills are of various denominations, including 10-dollar bills, and are placed inside a brown leather wallet. The wallet has a visible stitch pattern and a metal button closure. The background is plain white, emphasizing the wallet and the money.	28870896070.png	The image shows a United States one-dollar bill with a portrait of George Washington on the front. The bill is partially obscured by a dark, brownish substance that appears to be a liquid or paste, which is splattered across the bill. The splatters are irregular in shape and size, and they are concentrated towards the bottom right corner of the bill. The bill itself is slightly curled at the edges, and the background is a plain, light color that contrasts with the dark substance. There is no visible text on the bill or in the image. The style of the image is realistic with a focus on the contrast between the bill and the dark substance.
špinavé peniaze	Náš hlavný bojovník proti korupcii ani netuší, že špinavé peniaze sa nečistia márnotratným vyhadzovaním, ale fiktívnymi príjmami.		52499868511.png	The image shows a stack of folded bills, with the topmost bill being an orange 20-dollar bill. The bills are of various denominations, including 10-dollar bills, and are placed inside a brown leather wallet. The wallet has a visible stitch pattern and a metal button closure. The background is plain white, emphasizing the wallet and the money.	36647866477.png	The image features a cartoon character dressed in a striped prison uniform, complete with a mask and goggles. The character is holding a large brown bag with a dollar sign on it, and is also holding two stacks of money, one in each hand. The character is smiling and appears to be walking. The background is a plain, dark color.	28870896070.png	The image shows a United States one-dollar bill with a portrait of George Washington on the front. The bill is partially obscured by a dark, brownish substance that appears to be a liquid or paste, which is splattered across the bill. The splatters are irregular in shape and size, and they are concentrated towards the bottom right corner of the bill. The bill itself is slightly curled at the edges, and the background is a plain, light color that contrasts with the dark substance. There is no visible text on the bill or in the image. The style of the image is realistic with a focus on the contrast between the bill and the dark substance.	68803866871.png	The image shows a spray bottle with a black trigger and an orange nozzle. The bottle has a transparent body with a yellowish tint, and it appears to be made of plastic. The background is plain white, emphasizing the bottle. There is no visible text in the image. The bottle is positioned upright, and the nozzle is extended upwards. The style of the image is a digital illustration with a three-dimensional appearance.	55437133134.png	The image features a cartoon character of a man dressed in a suit and top hat, holding a cigar in his mouth. He is smiling and appears to be in a relaxed or joyful state. The man is also holding a stack of money in his right hand, which is raised as if he is presenting or offering it. The background is plain and does not provide any additional context or details. The image is stylized with a limited color palette and has a clean, graphic quality.
špinavé peniaze	Keď vy si dávate pozor a prídete do pekárne, kde pred chvíľou zamestnanec pekárne držal v ruke špinavé peniaze, vám s čistím svedomím s tými špinavými rukami naberie pečivo, tak ako trošku na zamyslenie.		52499868511.png	The image shows a stack of folded bills, with the topmost bill being an orange 20-dollar bill. The bills are of various denominations, including 10-dollar bills, and are placed inside a brown leather wallet. The wallet has a visible stitch pattern and a metal button closure. The background is plain white, emphasizing the wallet and the money.	36647866477.png	The image features a cartoon character dressed in a striped prison uniform, complete with a mask and goggles. The character is holding a large brown bag with a dollar sign on it, and is also holding two stacks of money, one in each hand. The character is smiling and appears to be walking. The background is a plain, dark color.	68803866871.png	The image shows a spray bottle with a black trigger and an orange nozzle. The bottle has a transparent body with a yellowish tint, and it appears to be made of plastic. The background is plain white, emphasizing the bottle. There is no visible text in the image. The bottle is positioned upright, and the nozzle is extended upwards. The style of the image is a digital illustration with a three-dimensional appearance.	28870896070.png	The image shows a United States one-dollar bill with a portrait of George Washington on the front. The bill is partially obscured by a dark, brownish substance that appears to be a liquid or paste, which is splattered across the bill. The splatters are irregular in shape and size, and they are concentrated towards the bottom right corner of the bill. The bill itself is slightly curled at the edges, and the background is a plain, light color that contrasts with the dark substance. There is no visible text on the bill or in the image. The style of the image is realistic with a focus on the contrast between the bill and the dark substance.	55437133134.png	The image features a cartoon character of a man dressed in a suit and top hat, holding a cigar in his mouth. He is smiling and appears to be in a relaxed or joyful state. The man is also holding a stack of money in his right hand, which is raised as if he is presenting or offering it. The background is plain and does not provide any additional context or details. The image is stylized with a limited color palette and has a clean, graphic quality.
špinavé peniaze	Špinavé peniaze -  nedávny výskum v Spojených štátoch ukázal, že takmer všetky bankovky, ktoré sú v obehu, sú zamorené streptokokmi, enterokokmi, pseudomonádami, ako aj inými mikróbmi.		55437133134.png	The image features a cartoon character of a man dressed in a suit and top hat, holding a cigar in his mouth. He is smiling and appears to be in a relaxed or joyful state. The man is also holding a stack of money in his right hand, which is raised as if he is presenting or offering it. The background is plain and does not provide any additional context or details. The image is stylized with a limited color palette and has a clean, graphic quality.	28870896070.png	The image shows a United States one-dollar bill with a portrait of George Washington on the front. The bill is partially obscured by a dark, brownish substance that appears to be a liquid or paste, which is splattered across the bill. The splatters are irregular in shape and size, and they are concentrated towards the bottom right corner of the bill. The bill itself is slightly curled at the edges, and the background is a plain, light color that contrasts with the dark substance. There is no visible text on the bill or in the image. The style of the image is realistic with a focus on the contrast between the bill and the dark substance.	36647866477.png	The image features a cartoon character dressed in a striped prison uniform, complete with a mask and goggles. The character is holding a large brown bag with a dollar sign on it, and is also holding two stacks of money, one in each hand. The character is smiling and appears to be walking. The background is a plain, dark color.	52499868511.png	The image shows a stack of folded bills, with the topmost bill being an orange 20-dollar bill. The bills are of various denominations, including 10-dollar bills, and are placed inside a brown leather wallet. The wallet has a visible stitch pattern and a metal button closure. The background is plain white, emphasizing the wallet and the money.	68803866871.png	The image shows a spray bottle with a black trigger and an orange nozzle. The bottle has a transparent body with a yellowish tint, and it appears to be made of plastic. The background is plain white, emphasizing the bottle. There is no visible text in the image. The bottle is positioned upright, and the nozzle is extended upwards. The style of the image is a digital illustration with a three-dimensional appearance.
skúška ohňom	Keďže ešte včera mohli jazdiť do neskorých večerných hodín len kamióny so živým alebo rýchlo sa kaziacim nákladom, dopravcovia preto avizujú, že mýto prejde prvou skúškou ohňom dnes ráno.		31296238394.png	The image depicts a group of seven stylized cartoon characters seated around a round table. They are dressed in business attire, with the men wearing suits and the woman in a dress. The characters are engaged in a discussion, with some looking at each other and others at a large, fiery explosion that is occurring behind them. The explosion is composed of numerous orange circles, suggesting a chaotic or dramatic event. The background is plain white, which contrasts with the characters and the explosion. There is no visible text in the image. The style of the image is illustrative and appears to be designed for a humorous or satirical purpose, possibly commenting on a business meeting in the midst of a crisis or unexpected event.	67323339799.png	The image shows a stylized illustration of a glass pitcher with a handle on the right side. The pitcher has a wide, rounded body with a narrower neck and a flared opening at the top. It is filled with a liquid that appears to be water, as indicated by the small bubbles visible on the surface. The pitcher has a solid orange handle and a matching orange rim at the top. The background is plain and does not provide any additional context or information. There is no visible text in the image. The style of the illustration is simple and cartoonish, with a focus on the pitcher and its contents.	17855670445.png	The image depicts an animated character, a young girl with brown hair, wearing a white lab coat and black pants. She is standing next to a large, orange and white microscope with a magnifying glass on top. The girl is holding the microscope's eyepiece with her right hand, and her eyes are focused on the eyepiece. The microscope has a black base and a silver arm with a black handle. There is a small, orange light on the side of the microscope. The background is plain white, emphasizing the subject. There is no visible text in the image.	85276946905.png	The image features a cartoon illustration of a man with a beard and glasses, wearing a white lab coat and brown pants. He is holding a test tube with a flame at the end, suggesting he is conducting an experiment. The flame is orange and appears to be igniting a small amount of liquid in the test tube. The man is smiling and seems to be in a good mood. There is no visible text in the image. The style of the image is flat with a limited color palette, typical of modern digital illustrations.	59715152700.png	The image is a stylized illustration depicting three animated characters in a professional setting. On the left, there is a man in a dark suit sitting at a desk, holding a pen and looking at a piece of paper. In the center, there is a woman with short hair, wearing a red blazer and a white shirt, gesturing with her hands while speaking. To the right, there is another woman with short hair, wearing a black suit and an orange blouse, with her mouth open as if she is speaking or listening attentively. The characters are drawn in a cartoon style with exaggerated features. There is no visible text in the image. The setting appears to be an office environment, with a desk and a chair visible.
skúška ohňom	Usúdil som, že na takomto základe môžem dúfať, že sa duševne a psychicky pripravím na skutočnú skúšku ohňom, čo ma čaká.		17855670445.png	The image depicts an animated character, a young girl with brown hair, wearing a white lab coat and black pants. She is standing next to a large, orange and white microscope with a magnifying glass on top. The girl is holding the microscope's eyepiece with her right hand, and her eyes are focused on the eyepiece. The microscope has a black base and a silver arm with a black handle. There is a small, orange light on the side of the microscope. The background is plain white, emphasizing the subject. There is no visible text in the image.	67323339799.png	The image shows a stylized illustration of a glass pitcher with a handle on the right side. The pitcher has a wide, rounded body with a narrower neck and a flared opening at the top. It is filled with a liquid that appears to be water, as indicated by the small bubbles visible on the surface. The pitcher has a solid orange handle and a matching orange rim at the top. The background is plain and does not provide any additional context or information. There is no visible text in the image. The style of the illustration is simple and cartoonish, with a focus on the pitcher and its contents.	59715152700.png	The image is a stylized illustration depicting three animated characters in a professional setting. On the left, there is a man in a dark suit sitting at a desk, holding a pen and looking at a piece of paper. In the center, there is a woman with short hair, wearing a red blazer and a white shirt, gesturing with her hands while speaking. To the right, there is another woman with short hair, wearing a black suit and an orange blouse, with her mouth open as if she is speaking or listening attentively. The characters are drawn in a cartoon style with exaggerated features. There is no visible text in the image. The setting appears to be an office environment, with a desk and a chair visible.	31296238394.png	The image depicts a group of seven stylized cartoon characters seated around a round table. They are dressed in business attire, with the men wearing suits and the woman in a dress. The characters are engaged in a discussion, with some looking at each other and others at a large, fiery explosion that is occurring behind them. The explosion is composed of numerous orange circles, suggesting a chaotic or dramatic event. The background is plain white, which contrasts with the characters and the explosion. There is no visible text in the image. The style of the image is illustrative and appears to be designed for a humorous or satirical purpose, possibly commenting on a business meeting in the midst of a crisis or unexpected event.	85276946905.png	The image features a cartoon illustration of a man with a beard and glasses, wearing a white lab coat and brown pants. He is holding a test tube with a flame at the end, suggesting he is conducting an experiment. The flame is orange and appears to be igniting a small amount of liquid in the test tube. The man is smiling and seems to be in a good mood. There is no visible text in the image. The style of the image is flat with a limited color palette, typical of modern digital illustrations.
skúška ohňom	Grécko sa bude z letnej skúšky ohňom ešte dlho spamätávať, požiare počas svojho trvania ohrozovali aj historické pamiatky, vzácne archeologické náleziská a múzeá.		85276946905.png	The image features a cartoon illustration of a man with a beard and glasses, wearing a white lab coat and brown pants. He is holding a test tube with a flame at the end, suggesting he is conducting an experiment. The flame is orange and appears to be igniting a small amount of liquid in the test tube. The man is smiling and seems to be in a good mood. There is no visible text in the image. The style of the image is flat with a limited color palette, typical of modern digital illustrations.	67323339799.png	The image shows a stylized illustration of a glass pitcher with a handle on the right side. The pitcher has a wide, rounded body with a narrower neck and a flared opening at the top. It is filled with a liquid that appears to be water, as indicated by the small bubbles visible on the surface. The pitcher has a solid orange handle and a matching orange rim at the top. The background is plain and does not provide any additional context or information. There is no visible text in the image. The style of the illustration is simple and cartoonish, with a focus on the pitcher and its contents.	59715152700.png	The image is a stylized illustration depicting three animated characters in a professional setting. On the left, there is a man in a dark suit sitting at a desk, holding a pen and looking at a piece of paper. In the center, there is a woman with short hair, wearing a red blazer and a white shirt, gesturing with her hands while speaking. To the right, there is another woman with short hair, wearing a black suit and an orange blouse, with her mouth open as if she is speaking or listening attentively. The characters are drawn in a cartoon style with exaggerated features. There is no visible text in the image. The setting appears to be an office environment, with a desk and a chair visible.	31296238394.png	The image depicts a group of seven stylized cartoon characters seated around a round table. They are dressed in business attire, with the men wearing suits and the woman in a dress. The characters are engaged in a discussion, with some looking at each other and others at a large, fiery explosion that is occurring behind them. The explosion is composed of numerous orange circles, suggesting a chaotic or dramatic event. The background is plain white, which contrasts with the characters and the explosion. There is no visible text in the image. The style of the image is illustrative and appears to be designed for a humorous or satirical purpose, possibly commenting on a business meeting in the midst of a crisis or unexpected event.	17855670445.png	The image depicts an animated character, a young girl with brown hair, wearing a white lab coat and black pants. She is standing next to a large, orange and white microscope with a magnifying glass on top. The girl is holding the microscope's eyepiece with her right hand, and her eyes are focused on the eyepiece. The microscope has a black base and a silver arm with a black handle. There is a small, orange light on the side of the microscope. The background is plain white, emphasizing the subject. There is no visible text in the image.
skúška ohňom	Pravé zlato trpezlivo znáša skúšku ohňom, ale dym nepravého sa obracia proti plameňom.		17855670445.png	The image depicts an animated character, a young girl with brown hair, wearing a white lab coat and black pants. She is standing next to a large, orange and white microscope with a magnifying glass on top. The girl is holding the microscope's eyepiece with her right hand, and her eyes are focused on the eyepiece. The microscope has a black base and a silver arm with a black handle. There is a small, orange light on the side of the microscope. The background is plain white, emphasizing the subject. There is no visible text in the image.	31296238394.png	The image depicts a group of seven stylized cartoon characters seated around a round table. They are dressed in business attire, with the men wearing suits and the woman in a dress. The characters are engaged in a discussion, with some looking at each other and others at a large, fiery explosion that is occurring behind them. The explosion is composed of numerous orange circles, suggesting a chaotic or dramatic event. The background is plain white, which contrasts with the characters and the explosion. There is no visible text in the image. The style of the image is illustrative and appears to be designed for a humorous or satirical purpose, possibly commenting on a business meeting in the midst of a crisis or unexpected event.	85276946905.png	The image features a cartoon illustration of a man with a beard and glasses, wearing a white lab coat and brown pants. He is holding a test tube with a flame at the end, suggesting he is conducting an experiment. The flame is orange and appears to be igniting a small amount of liquid in the test tube. The man is smiling and seems to be in a good mood. There is no visible text in the image. The style of the image is flat with a limited color palette, typical of modern digital illustrations.	59715152700.png	The image is a stylized illustration depicting three animated characters in a professional setting. On the left, there is a man in a dark suit sitting at a desk, holding a pen and looking at a piece of paper. In the center, there is a woman with short hair, wearing a red blazer and a white shirt, gesturing with her hands while speaking. To the right, there is another woman with short hair, wearing a black suit and an orange blouse, with her mouth open as if she is speaking or listening attentively. The characters are drawn in a cartoon style with exaggerated features. There is no visible text in the image. The setting appears to be an office environment, with a desk and a chair visible.	67323339799.png	The image shows a stylized illustration of a glass pitcher with a handle on the right side. The pitcher has a wide, rounded body with a narrower neck and a flared opening at the top. It is filled with a liquid that appears to be water, as indicated by the small bubbles visible on the surface. The pitcher has a solid orange handle and a matching orange rim at the top. The background is plain and does not provide any additional context or information. There is no visible text in the image. The style of the illustration is simple and cartoonish, with a focus on the pitcher and its contents.
vyššia moc	Nesúhlasím však s názorom, že krízu spôsobila vyššia moc a na všetko treba zabudnúť.		95538093206.png	"The image depicts an animated scene with a young girl standing next to a damaged car. The car is tilted to one side, with its front end crumpled and the hood visibly dented. The girl is wearing a dress with a polka dot pattern and has her hands on her hips. She is looking towards the car with a concerned expression. Above the car, there is a sign with the word ""COPP"" written on it. The sign is attached to a pole that has been knocked over, with the pole lying on the ground behind the car. The background is plain and does not provide any additional context. The style of the image is cartoonish, with a limited color palette and a clean, digital rendering quality."	57443209912.png	The image depicts an animated scene where a large tree has fallen onto a car, causing significant damage. The car is a dark sedan with its hood and roof crumpled, and the tree branches are scattered around it. A person, dressed in an orange top and black skirt, is standing to the right of the car, with their arms raised as if in shock or disbelief. The background is minimal, featuring a white sky and a building with a rectangular shape and a darker roof. The overall style of the image is cartoonish with a limited color palette.	73948008562.png	The image features a stylized, animated male character. He has a beard and mustache, and is wearing black shorts with orange trim. His right hand is raised in a wave or greeting gesture. The character is standing on a flat surface, and his feet are adorned with black sandals. The background is plain and does not provide any additional context or details. There is no visible text in the image.	87563392345.png	The image features a stylized, cartoon-like representation of a vintage-style boombox. The boombox is predominantly orange with a brown top and a white front panel. It has two large, circular speakers on either side of the front panel, with a smaller, rectangular speaker above the main panel. The front panel includes a display with a digital readout and two knobs, one on each side. The boombox is depicted with a handle on top and a power button on the right side. The background is plain white, emphasizing the object. There is no visible text in the image.	54425768013.png	The image features an animated illustration of the Hulk, a muscular green superhero, in a dynamic pose. He is depicted with a fierce expression, clenching his fists and appearing to be in the midst of an action. The Hulk is standing on a car, which is shown from a side perspective. The car is a white sports car with orange accents, and it has a visible license plate. The Hulk's right hand is on the car's roof, while his left hand is on the ground, suggesting a powerful stance. The background is plain white, emphasizing the action figure and the car. There is no visible text in the image.
vyššia moc	Zasiahla asi vyššia moc, lebo dve staršie ženy, či školáčky, ktoré tam stáli, by mu pravdepodobne prvú pomoc nevedeli poskytnúť.		57443209912.png	The image depicts an animated scene where a large tree has fallen onto a car, causing significant damage. The car is a dark sedan with its hood and roof crumpled, and the tree branches are scattered around it. A person, dressed in an orange top and black skirt, is standing to the right of the car, with their arms raised as if in shock or disbelief. The background is minimal, featuring a white sky and a building with a rectangular shape and a darker roof. The overall style of the image is cartoonish with a limited color palette.	73948008562.png	The image features a stylized, animated male character. He has a beard and mustache, and is wearing black shorts with orange trim. His right hand is raised in a wave or greeting gesture. The character is standing on a flat surface, and his feet are adorned with black sandals. The background is plain and does not provide any additional context or details. There is no visible text in the image.	95538093206.png	"The image depicts an animated scene with a young girl standing next to a damaged car. The car is tilted to one side, with its front end crumpled and the hood visibly dented. The girl is wearing a dress with a polka dot pattern and has her hands on her hips. She is looking towards the car with a concerned expression. Above the car, there is a sign with the word ""COPP"" written on it. The sign is attached to a pole that has been knocked over, with the pole lying on the ground behind the car. The background is plain and does not provide any additional context. The style of the image is cartoonish, with a limited color palette and a clean, digital rendering quality."	87563392345.png	The image features a stylized, cartoon-like representation of a vintage-style boombox. The boombox is predominantly orange with a brown top and a white front panel. It has two large, circular speakers on either side of the front panel, with a smaller, rectangular speaker above the main panel. The front panel includes a display with a digital readout and two knobs, one on each side. The boombox is depicted with a handle on top and a power button on the right side. The background is plain white, emphasizing the object. There is no visible text in the image.	54425768013.png	The image features an animated illustration of the Hulk, a muscular green superhero, in a dynamic pose. He is depicted with a fierce expression, clenching his fists and appearing to be in the midst of an action. The Hulk is standing on a car, which is shown from a side perspective. The car is a white sports car with orange accents, and it has a visible license plate. The Hulk's right hand is on the car's roof, while his left hand is on the ground, suggesting a powerful stance. The background is plain white, emphasizing the action figure and the car. There is no visible text in the image.
vyššia moc	Vyššia Moc zatvorila brány obchodov a pomyselným bičom vyhnala kupčenie a honbu za ziskom zo sviatočného dňa, pretože ten treba svätiť.		73948008562.png	The image features a stylized, animated male character. He has a beard and mustache, and is wearing black shorts with orange trim. His right hand is raised in a wave or greeting gesture. The character is standing on a flat surface, and his feet are adorned with black sandals. The background is plain and does not provide any additional context or details. There is no visible text in the image.	57443209912.png	The image depicts an animated scene where a large tree has fallen onto a car, causing significant damage. The car is a dark sedan with its hood and roof crumpled, and the tree branches are scattered around it. A person, dressed in an orange top and black skirt, is standing to the right of the car, with their arms raised as if in shock or disbelief. The background is minimal, featuring a white sky and a building with a rectangular shape and a darker roof. The overall style of the image is cartoonish with a limited color palette.	95538093206.png	"The image depicts an animated scene with a young girl standing next to a damaged car. The car is tilted to one side, with its front end crumpled and the hood visibly dented. The girl is wearing a dress with a polka dot pattern and has her hands on her hips. She is looking towards the car with a concerned expression. Above the car, there is a sign with the word ""COPP"" written on it. The sign is attached to a pole that has been knocked over, with the pole lying on the ground behind the car. The background is plain and does not provide any additional context. The style of the image is cartoonish, with a limited color palette and a clean, digital rendering quality."	54425768013.png	The image features an animated illustration of the Hulk, a muscular green superhero, in a dynamic pose. He is depicted with a fierce expression, clenching his fists and appearing to be in the midst of an action. The Hulk is standing on a car, which is shown from a side perspective. The car is a white sports car with orange accents, and it has a visible license plate. The Hulk's right hand is on the car's roof, while his left hand is on the ground, suggesting a powerful stance. The background is plain white, emphasizing the action figure and the car. There is no visible text in the image.	87563392345.png	The image features a stylized, cartoon-like representation of a vintage-style boombox. The boombox is predominantly orange with a brown top and a white front panel. It has two large, circular speakers on either side of the front panel, with a smaller, rectangular speaker above the main panel. The front panel includes a display with a digital readout and two knobs, one on each side. The boombox is depicted with a handle on top and a power button on the right side. The background is plain white, emphasizing the object. There is no visible text in the image.
vyššia moc	Za dovoz ovocia sa totiž v tom čase neodvádzala daň, vyššia moc ju teda nakoniec zaradila medzi zeleninu a tam patrí až dodnes.		95538093206.png	"The image depicts an animated scene with a young girl standing next to a damaged car. The car is tilted to one side, with its front end crumpled and the hood visibly dented. The girl is wearing a dress with a polka dot pattern and has her hands on her hips. She is looking towards the car with a concerned expression. Above the car, there is a sign with the word ""COPP"" written on it. The sign is attached to a pole that has been knocked over, with the pole lying on the ground behind the car. The background is plain and does not provide any additional context. The style of the image is cartoonish, with a limited color palette and a clean, digital rendering quality."	54425768013.png	The image features an animated illustration of the Hulk, a muscular green superhero, in a dynamic pose. He is depicted with a fierce expression, clenching his fists and appearing to be in the midst of an action. The Hulk is standing on a car, which is shown from a side perspective. The car is a white sports car with orange accents, and it has a visible license plate. The Hulk's right hand is on the car's roof, while his left hand is on the ground, suggesting a powerful stance. The background is plain white, emphasizing the action figure and the car. There is no visible text in the image.	87563392345.png	The image features a stylized, cartoon-like representation of a vintage-style boombox. The boombox is predominantly orange with a brown top and a white front panel. It has two large, circular speakers on either side of the front panel, with a smaller, rectangular speaker above the main panel. The front panel includes a display with a digital readout and two knobs, one on each side. The boombox is depicted with a handle on top and a power button on the right side. The background is plain white, emphasizing the object. There is no visible text in the image.	57443209912.png	The image depicts an animated scene where a large tree has fallen onto a car, causing significant damage. The car is a dark sedan with its hood and roof crumpled, and the tree branches are scattered around it. A person, dressed in an orange top and black skirt, is standing to the right of the car, with their arms raised as if in shock or disbelief. The background is minimal, featuring a white sky and a building with a rectangular shape and a darker roof. The overall style of the image is cartoonish with a limited color palette.	73948008562.png	The image features a stylized, animated male character. He has a beard and mustache, and is wearing black shorts with orange trim. His right hand is raised in a wave or greeting gesture. The character is standing on a flat surface, and his feet are adorned with black sandals. The background is plain and does not provide any additional context or details. There is no visible text in the image.
stará vec	Ukázalo sa, že je to stará vec, ešte spred svadby, ktorá sa ťahala.		36039744975.png	The image depicts a vintage car with a rusted exterior, parked on a grassy area. The car is predominantly orange with black and white accents. It has a classic design with a prominent front grille and round headlights. The hood is open, revealing the engine compartment. The car's body shows signs of rust and wear, with some parts missing, such as the front fender. There is a small amount of greenery growing on the car, suggesting it has been stationary for some time. The background is a simple, out-of-focus representation of a natural setting with trees and grass. There is no visible text in the image.	51859246502.png	The image depicts two animated characters sitting on a wooden bench. The character on the left is wearing a red shirt and blue jeans, while the character on the right is wearing a white shirt and black pants. Both characters have short hair and are facing each other. Behind them is a tree with orange leaves, and the ground is covered with fallen leaves. The background is a plain white, and there are small green plants near the bench. There is no visible text in the image. The style of the image is illustrative and appears to be designed for a digital medium.	90425532641.png	The image depicts a man standing in front of a framed picture. The picture within the frame shows a silhouette of a couple holding hands, with a tree and autumn leaves in the background. The man is facing the picture, and the background is plain white. The style of the image is illustrative, with a focus on the contrast between the man and the picture. There is no visible text in the image.	29596624868.png	The image features a stylized, cartoon-like depiction of a vintage phonograph. The phonograph has a large, orange, conical horn that is open, suggesting it is in use. The horn is attached to a wooden base with a small, circular window on the front. On the base, there is a red button and a black knob, which are likely controls for the phonograph. The background is a plain, light gray color, providing a neutral backdrop that highlights the phonograph. There is no visible text in the image. The style of the image is illustrative and appears to be designed for a modern audience, given the clean lines and vibrant colors.	90086526829.png	The image features a stylized key with a heart-shaped handle. The key has a metallic appearance with a brownish-orange hue, and it is attached to a black ball at the top. The key is depicted in a three-dimensional perspective, with the handle curving upwards and the blade pointing downwards. The background is plain and does not contain any text or additional objects. The style of the image is illustrative and appears to be a digital rendering.
stará vec	Ale veď to už je stará vec, švagrík,a tých sedem či osem rokov som čo–to už aj zabudol!		51859246502.png	The image depicts two animated characters sitting on a wooden bench. The character on the left is wearing a red shirt and blue jeans, while the character on the right is wearing a white shirt and black pants. Both characters have short hair and are facing each other. Behind them is a tree with orange leaves, and the ground is covered with fallen leaves. The background is a plain white, and there are small green plants near the bench. There is no visible text in the image. The style of the image is illustrative and appears to be designed for a digital medium.	90425532641.png	The image depicts a man standing in front of a framed picture. The picture within the frame shows a silhouette of a couple holding hands, with a tree and autumn leaves in the background. The man is facing the picture, and the background is plain white. The style of the image is illustrative, with a focus on the contrast between the man and the picture. There is no visible text in the image.	90086526829.png	The image features a stylized key with a heart-shaped handle. The key has a metallic appearance with a brownish-orange hue, and it is attached to a black ball at the top. The key is depicted in a three-dimensional perspective, with the handle curving upwards and the blade pointing downwards. The background is plain and does not contain any text or additional objects. The style of the image is illustrative and appears to be a digital rendering.	29596624868.png	The image features a stylized, cartoon-like depiction of a vintage phonograph. The phonograph has a large, orange, conical horn that is open, suggesting it is in use. The horn is attached to a wooden base with a small, circular window on the front. On the base, there is a red button and a black knob, which are likely controls for the phonograph. The background is a plain, light gray color, providing a neutral backdrop that highlights the phonograph. There is no visible text in the image. The style of the image is illustrative and appears to be designed for a modern audience, given the clean lines and vibrant colors.	36039744975.png	The image depicts a vintage car with a rusted exterior, parked on a grassy area. The car is predominantly orange with black and white accents. It has a classic design with a prominent front grille and round headlights. The hood is open, revealing the engine compartment. The car's body shows signs of rust and wear, with some parts missing, such as the front fender. There is a small amount of greenery growing on the car, suggesting it has been stationary for some time. The background is a simple, out-of-focus representation of a natural setting with trees and grass. There is no visible text in the image.
stará vec	Pozri na to, aká je to čudná stará vec, sú na tom akési starobylé znaky, veľmi podivné a obdivuhodné.		90086526829.png	The image features a stylized key with a heart-shaped handle. The key has a metallic appearance with a brownish-orange hue, and it is attached to a black ball at the top. The key is depicted in a three-dimensional perspective, with the handle curving upwards and the blade pointing downwards. The background is plain and does not contain any text or additional objects. The style of the image is illustrative and appears to be a digital rendering.	36039744975.png	The image depicts a vintage car with a rusted exterior, parked on a grassy area. The car is predominantly orange with black and white accents. It has a classic design with a prominent front grille and round headlights. The hood is open, revealing the engine compartment. The car's body shows signs of rust and wear, with some parts missing, such as the front fender. There is a small amount of greenery growing on the car, suggesting it has been stationary for some time. The background is a simple, out-of-focus representation of a natural setting with trees and grass. There is no visible text in the image.	29596624868.png	The image features a stylized, cartoon-like depiction of a vintage phonograph. The phonograph has a large, orange, conical horn that is open, suggesting it is in use. The horn is attached to a wooden base with a small, circular window on the front. On the base, there is a red button and a black knob, which are likely controls for the phonograph. The background is a plain, light gray color, providing a neutral backdrop that highlights the phonograph. There is no visible text in the image. The style of the image is illustrative and appears to be designed for a modern audience, given the clean lines and vibrant colors.	90425532641.png	The image depicts a man standing in front of a framed picture. The picture within the frame shows a silhouette of a couple holding hands, with a tree and autumn leaves in the background. The man is facing the picture, and the background is plain white. The style of the image is illustrative, with a focus on the contrast between the man and the picture. There is no visible text in the image.	51859246502.png	The image depicts two animated characters sitting on a wooden bench. The character on the left is wearing a red shirt and blue jeans, while the character on the right is wearing a white shirt and black pants. Both characters have short hair and are facing each other. Behind them is a tree with orange leaves, and the ground is covered with fallen leaves. The background is a plain white, and there are small green plants near the bench. There is no visible text in the image. The style of the image is illustrative and appears to be designed for a digital medium.
stará vec	Veľmi stará vec, mohli by sme ju predávať aj ako archeologickú vykopávku, keby sme neboli seriózny podnik.		36039744975.png	The image depicts a vintage car with a rusted exterior, parked on a grassy area. The car is predominantly orange with black and white accents. It has a classic design with a prominent front grille and round headlights. The hood is open, revealing the engine compartment. The car's body shows signs of rust and wear, with some parts missing, such as the front fender. There is a small amount of greenery growing on the car, suggesting it has been stationary for some time. The background is a simple, out-of-focus representation of a natural setting with trees and grass. There is no visible text in the image.	90425532641.png	The image depicts a man standing in front of a framed picture. The picture within the frame shows a silhouette of a couple holding hands, with a tree and autumn leaves in the background. The man is facing the picture, and the background is plain white. The style of the image is illustrative, with a focus on the contrast between the man and the picture. There is no visible text in the image.	29596624868.png	The image features a stylized, cartoon-like depiction of a vintage phonograph. The phonograph has a large, orange, conical horn that is open, suggesting it is in use. The horn is attached to a wooden base with a small, circular window on the front. On the base, there is a red button and a black knob, which are likely controls for the phonograph. The background is a plain, light gray color, providing a neutral backdrop that highlights the phonograph. There is no visible text in the image. The style of the image is illustrative and appears to be designed for a modern audience, given the clean lines and vibrant colors.	90086526829.png	The image features a stylized key with a heart-shaped handle. The key has a metallic appearance with a brownish-orange hue, and it is attached to a black ball at the top. The key is depicted in a three-dimensional perspective, with the handle curving upwards and the blade pointing downwards. The background is plain and does not contain any text or additional objects. The style of the image is illustrative and appears to be a digital rendering.	51859246502.png	The image depicts two animated characters sitting on a wooden bench. The character on the left is wearing a red shirt and blue jeans, while the character on the right is wearing a white shirt and black pants. Both characters have short hair and are facing each other. Behind them is a tree with orange leaves, and the ground is covered with fallen leaves. The background is a plain white, and there are small green plants near the bench. There is no visible text in the image. The style of the image is illustrative and appears to be designed for a digital medium.
hrušky a jablká	Vysvitlo, že aj tu budem sklamaná, vraj policajné a súkromné pátranie sú dve rôzne veci – hrušky a jablká.		49044679007.png	The image shows a ripe orange with a glossy skin, a green leaf attached to its top, and a slice cut from it, revealing the juicy interior. The slice is positioned to the right of the whole fruit, and the two halves are connected by a thin stem. The background is plain white, emphasizing the fruit. There is no visible text in the image.	92644318958.png	The image shows two cartoon characters. On the left, a character is standing on a rock with a pickaxe in hand, suggesting they are mining or digging. On the right, another character is standing on a stool, holding a light bulb with a smile, indicating a moment of inspiration or discovery. The characters are stylized with exaggerated features typical of cartoon illustrations. There is no visible text in the image.	39632187762.png	The image shows a large, clear glass bowl filled with a dessert that resembles a layered parfait. The top layer appears to be a white cream or whipped cream, and beneath it is a layer of dark brown chocolate pudding or mousse. Scattered throughout the layers are whole strawberries and what seem to be chocolate-covered coffee beans. The bowl is placed on a flat surface, and the background is a plain, light color that does not distract from the dessert. There is no visible text in the image. The style of the image is a clean, professional food photograph with a focus on the dessert's presentation and texture.	72901669438.png	The image shows a group of six stylized cartoon cats, each with a distinct color and pattern. From left to right, the first cat is white with pink ears, the second is orange with white paws, the third is black with white paws, the fourth is white with brown spots, the fifth is brown with white paws, and the sixth is black with white paws. They are all sitting on a flat surface, looking directly at the viewer with a friendly expression. The cats are arranged in a straight line, and there is no visible text in the image. The style of the image is cartoonish and colorful, with a clean and simple background that does not distract from the subjects.	59296867233.png	The image features a collection of stylized, cartoon-like fruits against a dark gray background. There are four apples and one pear. The apples are in shades of red and orange, with the red apple in the center being the largest. The pear is smaller and positioned to the right of the apples. Each fruit has a glossy texture and is adorned with a green leaf on top. The apples and pear are arranged in a way that suggests they are placed on a surface, possibly a table or a counter. There is no visible text in the image.
hrušky a jablká	Nemiešajme tu hrušky a jablká, pokiaľ ide o dobrovoľných utečencov, alebo utečencov, ktorých musíme prijať na základe nejakých kvót.		49044679007.png	The image shows a ripe orange with a glossy skin, a green leaf attached to its top, and a slice cut from it, revealing the juicy interior. The slice is positioned to the right of the whole fruit, and the two halves are connected by a thin stem. The background is plain white, emphasizing the fruit. There is no visible text in the image.	59296867233.png	The image features a collection of stylized, cartoon-like fruits against a dark gray background. There are four apples and one pear. The apples are in shades of red and orange, with the red apple in the center being the largest. The pear is smaller and positioned to the right of the apples. Each fruit has a glossy texture and is adorned with a green leaf on top. The apples and pear are arranged in a way that suggests they are placed on a surface, possibly a table or a counter. There is no visible text in the image.	39632187762.png	The image shows a large, clear glass bowl filled with a dessert that resembles a layered parfait. The top layer appears to be a white cream or whipped cream, and beneath it is a layer of dark brown chocolate pudding or mousse. Scattered throughout the layers are whole strawberries and what seem to be chocolate-covered coffee beans. The bowl is placed on a flat surface, and the background is a plain, light color that does not distract from the dessert. There is no visible text in the image. The style of the image is a clean, professional food photograph with a focus on the dessert's presentation and texture.	92644318958.png	The image shows two cartoon characters. On the left, a character is standing on a rock with a pickaxe in hand, suggesting they are mining or digging. On the right, another character is standing on a stool, holding a light bulb with a smile, indicating a moment of inspiration or discovery. The characters are stylized with exaggerated features typical of cartoon illustrations. There is no visible text in the image.	72901669438.png	The image shows a group of six stylized cartoon cats, each with a distinct color and pattern. From left to right, the first cat is white with pink ears, the second is orange with white paws, the third is black with white paws, the fourth is white with brown spots, the fifth is brown with white paws, and the sixth is black with white paws. They are all sitting on a flat surface, looking directly at the viewer with a friendly expression. The cats are arranged in a straight line, and there is no visible text in the image. The style of the image is cartoonish and colorful, with a clean and simple background that does not distract from the subjects.
hrušky a jablká	Cestou jedli hrušky a jablká, ktoré sa im podarilo poobíjať zo stromov.		39632187762.png	The image shows a large, clear glass bowl filled with a dessert that resembles a layered parfait. The top layer appears to be a white cream or whipped cream, and beneath it is a layer of dark brown chocolate pudding or mousse. Scattered throughout the layers are whole strawberries and what seem to be chocolate-covered coffee beans. The bowl is placed on a flat surface, and the background is a plain, light color that does not distract from the dessert. There is no visible text in the image. The style of the image is a clean, professional food photograph with a focus on the dessert's presentation and texture.	92644318958.png	The image shows two cartoon characters. On the left, a character is standing on a rock with a pickaxe in hand, suggesting they are mining or digging. On the right, another character is standing on a stool, holding a light bulb with a smile, indicating a moment of inspiration or discovery. The characters are stylized with exaggerated features typical of cartoon illustrations. There is no visible text in the image.	72901669438.png	The image shows a group of six stylized cartoon cats, each with a distinct color and pattern. From left to right, the first cat is white with pink ears, the second is orange with white paws, the third is black with white paws, the fourth is white with brown spots, the fifth is brown with white paws, and the sixth is black with white paws. They are all sitting on a flat surface, looking directly at the viewer with a friendly expression. The cats are arranged in a straight line, and there is no visible text in the image. The style of the image is cartoonish and colorful, with a clean and simple background that does not distract from the subjects.	49044679007.png	The image shows a ripe orange with a glossy skin, a green leaf attached to its top, and a slice cut from it, revealing the juicy interior. The slice is positioned to the right of the whole fruit, and the two halves are connected by a thin stem. The background is plain white, emphasizing the fruit. There is no visible text in the image.	59296867233.png	The image features a collection of stylized, cartoon-like fruits against a dark gray background. There are four apples and one pear. The apples are in shades of red and orange, with the red apple in the center being the largest. The pear is smaller and positioned to the right of the apples. Each fruit has a glossy texture and is adorned with a green leaf on top. The apples and pear are arranged in a way that suggests they are placed on a surface, possibly a table or a counter. There is no visible text in the image.
hrušky a jablká	Plný voz mali ovocia, prevažne hrušky a jablká, tie predávali, ale menili aj za kukuricu a obilie.		72901669438.png	The image shows a group of six stylized cartoon cats, each with a distinct color and pattern. From left to right, the first cat is white with pink ears, the second is orange with white paws, the third is black with white paws, the fourth is white with brown spots, the fifth is brown with white paws, and the sixth is black with white paws. They are all sitting on a flat surface, looking directly at the viewer with a friendly expression. The cats are arranged in a straight line, and there is no visible text in the image. The style of the image is cartoonish and colorful, with a clean and simple background that does not distract from the subjects.	39632187762.png	The image shows a large, clear glass bowl filled with a dessert that resembles a layered parfait. The top layer appears to be a white cream or whipped cream, and beneath it is a layer of dark brown chocolate pudding or mousse. Scattered throughout the layers are whole strawberries and what seem to be chocolate-covered coffee beans. The bowl is placed on a flat surface, and the background is a plain, light color that does not distract from the dessert. There is no visible text in the image. The style of the image is a clean, professional food photograph with a focus on the dessert's presentation and texture.	49044679007.png	The image shows a ripe orange with a glossy skin, a green leaf attached to its top, and a slice cut from it, revealing the juicy interior. The slice is positioned to the right of the whole fruit, and the two halves are connected by a thin stem. The background is plain white, emphasizing the fruit. There is no visible text in the image.	59296867233.png	The image features a collection of stylized, cartoon-like fruits against a dark gray background. There are four apples and one pear. The apples are in shades of red and orange, with the red apple in the center being the largest. The pear is smaller and positioned to the right of the apples. Each fruit has a glossy texture and is adorned with a green leaf on top. The apples and pear are arranged in a way that suggests they are placed on a surface, possibly a table or a counter. There is no visible text in the image.	92644318958.png	The image shows two cartoon characters. On the left, a character is standing on a rock with a pickaxe in hand, suggesting they are mining or digging. On the right, another character is standing on a stool, holding a light bulb with a smile, indicating a moment of inspiration or discovery. The characters are stylized with exaggerated features typical of cartoon illustrations. There is no visible text in the image.
kritizovať z pohodlia domova	Buď budeme dookola niečo kritizovať z pohodlia domova alebo osobne prispejeme k tomu, aby sa niečo zmenilo.		63965375979.png	The image is a digital illustration featuring a man sitting on a couch with his arms outstretched and his mouth open in a yell. He is wearing a white shirt, dark pants, and black shoes. Above him, there are two smaller illustrations. The top one shows a man in a suit with his mouth open in a yell, and the bottom one shows a man in a suit sitting at a desk with his hands on a keyboard. The background is plain white. There is no visible text in the image. The style of the illustration is cartoonish with exaggerated facial expressions and a limited color palette.	20610703622.png	The image depicts a stylized, cartoon-like illustration of a small house with a thatched roof. The house is predominantly white with orange accents, including the roof and the window frames. There is a wooden door with a window above it. The house is surrounded by a variety of plants and flowers, with a prominent orange flower bush in front of the house. A wooden fence runs along the front of the property, and there are additional orange flowers scattered throughout the scene. The sky is a muted gray, and the overall style is whimsical and colorful.	83444792490.png	The image depicts a stylized, cartoon-like illustration of a house. The house is predominantly orange with a black roof and a gray chimney. A window with white curtains is visible on the second floor, through which a character with black hair and a frowning expression is peering out. The character is wearing a yellow shirt with a pattern.  In front of the house, there is a small garden with various plants, including cacti. A wooden bench is placed to the left of the house, and a wooden fence runs along the front of the property. The house has a black front door with a gold handle. The overall style of the image is reminiscent of a digital painting with a three-dimensional quality.	68552155996.png	The image depicts two animated characters, both men, seated at a round table. The character on the left has a large nose, a mustache, and is wearing an orange jacket and a white shirt. The character on the right has a smaller nose, a beard, and is dressed in a black suit with a red tie. Both characters are gesturing with their hands, and the one on the right appears to be speaking. The background is a plain, light gray color. There is no visible text in the image.	23677882262.png	The image depicts a stylized, cartoon-like illustration of a man sitting in a chair. He is wearing glasses and a yellow shirt, and appears to be reading a document or a book. The man is holding a cup in his hand. Behind him, there is a fireplace with a fire burning, and a mantel with various items on it. To the left of the man, there is a small table with a lamp and a few books. The room has a cozy, warm atmosphere, with a brick wall and a round window above the fireplace. The floor is carpeted, and there is a small rug under the man's chair. The overall style of the image is whimsical and inviting.
kritizovať z pohodlia domova	Konečné hodnotenie dám radšej po pretekoch a nechám rozhodovanie na chlapov v teréne, kritizovať z pohodlia domova vie každý.		68552155996.png	The image depicts two animated characters, both men, seated at a round table. The character on the left has a large nose, a mustache, and is wearing an orange jacket and a white shirt. The character on the right has a smaller nose, a beard, and is dressed in a black suit with a red tie. Both characters are gesturing with their hands, and the one on the right appears to be speaking. The background is a plain, light gray color. There is no visible text in the image.	20610703622.png	The image depicts a stylized, cartoon-like illustration of a small house with a thatched roof. The house is predominantly white with orange accents, including the roof and the window frames. There is a wooden door with a window above it. The house is surrounded by a variety of plants and flowers, with a prominent orange flower bush in front of the house. A wooden fence runs along the front of the property, and there are additional orange flowers scattered throughout the scene. The sky is a muted gray, and the overall style is whimsical and colorful.	83444792490.png	The image depicts a stylized, cartoon-like illustration of a house. The house is predominantly orange with a black roof and a gray chimney. A window with white curtains is visible on the second floor, through which a character with black hair and a frowning expression is peering out. The character is wearing a yellow shirt with a pattern.  In front of the house, there is a small garden with various plants, including cacti. A wooden bench is placed to the left of the house, and a wooden fence runs along the front of the property. The house has a black front door with a gold handle. The overall style of the image is reminiscent of a digital painting with a three-dimensional quality.	23677882262.png	The image depicts a stylized, cartoon-like illustration of a man sitting in a chair. He is wearing glasses and a yellow shirt, and appears to be reading a document or a book. The man is holding a cup in his hand. Behind him, there is a fireplace with a fire burning, and a mantel with various items on it. To the left of the man, there is a small table with a lamp and a few books. The room has a cozy, warm atmosphere, with a brick wall and a round window above the fireplace. The floor is carpeted, and there is a small rug under the man's chair. The overall style of the image is whimsical and inviting.	63965375979.png	The image is a digital illustration featuring a man sitting on a couch with his arms outstretched and his mouth open in a yell. He is wearing a white shirt, dark pants, and black shoes. Above him, there are two smaller illustrations. The top one shows a man in a suit with his mouth open in a yell, and the bottom one shows a man in a suit sitting at a desk with his hands on a keyboard. The background is plain white. There is no visible text in the image. The style of the illustration is cartoonish with exaggerated facial expressions and a limited color palette.
kritizovať z pohodlia domova	Počas karantény divadelný kritik kritizoval z pohodlia domova, nemusel chodiť do práce.		20610703622.png	The image depicts a stylized, cartoon-like illustration of a small house with a thatched roof. The house is predominantly white with orange accents, including the roof and the window frames. There is a wooden door with a window above it. The house is surrounded by a variety of plants and flowers, with a prominent orange flower bush in front of the house. A wooden fence runs along the front of the property, and there are additional orange flowers scattered throughout the scene. The sky is a muted gray, and the overall style is whimsical and colorful.	68552155996.png	The image depicts two animated characters, both men, seated at a round table. The character on the left has a large nose, a mustache, and is wearing an orange jacket and a white shirt. The character on the right has a smaller nose, a beard, and is dressed in a black suit with a red tie. Both characters are gesturing with their hands, and the one on the right appears to be speaking. The background is a plain, light gray color. There is no visible text in the image.	63965375979.png	The image is a digital illustration featuring a man sitting on a couch with his arms outstretched and his mouth open in a yell. He is wearing a white shirt, dark pants, and black shoes. Above him, there are two smaller illustrations. The top one shows a man in a suit with his mouth open in a yell, and the bottom one shows a man in a suit sitting at a desk with his hands on a keyboard. The background is plain white. There is no visible text in the image. The style of the illustration is cartoonish with exaggerated facial expressions and a limited color palette.	23677882262.png	The image depicts a stylized, cartoon-like illustration of a man sitting in a chair. He is wearing glasses and a yellow shirt, and appears to be reading a document or a book. The man is holding a cup in his hand. Behind him, there is a fireplace with a fire burning, and a mantel with various items on it. To the left of the man, there is a small table with a lamp and a few books. The room has a cozy, warm atmosphere, with a brick wall and a round window above the fireplace. The floor is carpeted, and there is a small rug under the man's chair. The overall style of the image is whimsical and inviting.	83444792490.png	The image depicts a stylized, cartoon-like illustration of a house. The house is predominantly orange with a black roof and a gray chimney. A window with white curtains is visible on the second floor, through which a character with black hair and a frowning expression is peering out. The character is wearing a yellow shirt with a pattern.  In front of the house, there is a small garden with various plants, including cacti. A wooden bench is placed to the left of the house, and a wooden fence runs along the front of the property. The house has a black front door with a gold handle. The overall style of the image is reminiscent of a digital painting with a three-dimensional quality.
kritizovať z pohodlia domova	Kritizuje z pohodlia domova, lebo kritik má homeoffice.		20610703622.png	The image depicts a stylized, cartoon-like illustration of a small house with a thatched roof. The house is predominantly white with orange accents, including the roof and the window frames. There is a wooden door with a window above it. The house is surrounded by a variety of plants and flowers, with a prominent orange flower bush in front of the house. A wooden fence runs along the front of the property, and there are additional orange flowers scattered throughout the scene. The sky is a muted gray, and the overall style is whimsical and colorful.	68552155996.png	The image depicts two animated characters, both men, seated at a round table. The character on the left has a large nose, a mustache, and is wearing an orange jacket and a white shirt. The character on the right has a smaller nose, a beard, and is dressed in a black suit with a red tie. Both characters are gesturing with their hands, and the one on the right appears to be speaking. The background is a plain, light gray color. There is no visible text in the image.	63965375979.png	The image is a digital illustration featuring a man sitting on a couch with his arms outstretched and his mouth open in a yell. He is wearing a white shirt, dark pants, and black shoes. Above him, there are two smaller illustrations. The top one shows a man in a suit with his mouth open in a yell, and the bottom one shows a man in a suit sitting at a desk with his hands on a keyboard. The background is plain white. There is no visible text in the image. The style of the illustration is cartoonish with exaggerated facial expressions and a limited color palette.	83444792490.png	The image depicts a stylized, cartoon-like illustration of a house. The house is predominantly orange with a black roof and a gray chimney. A window with white curtains is visible on the second floor, through which a character with black hair and a frowning expression is peering out. The character is wearing a yellow shirt with a pattern.  In front of the house, there is a small garden with various plants, including cacti. A wooden bench is placed to the left of the house, and a wooden fence runs along the front of the property. The house has a black front door with a gold handle. The overall style of the image is reminiscent of a digital painting with a three-dimensional quality.	23677882262.png	The image depicts a stylized, cartoon-like illustration of a man sitting in a chair. He is wearing glasses and a yellow shirt, and appears to be reading a document or a book. The man is holding a cup in his hand. Behind him, there is a fireplace with a fire burning, and a mantel with various items on it. To the left of the man, there is a small table with a lamp and a few books. The room has a cozy, warm atmosphere, with a brick wall and a round window above the fireplace. The floor is carpeted, and there is a small rug under the man's chair. The overall style of the image is whimsical and inviting.
popôrodná depresia	Hneď po pôrode sa jej zmocnila popôrodná depresia, odvtedy sa tuším ani neusmiala.		17207857872.png	The image features a stylized, cartoon-like depiction of a sheep. The sheep has a fluffy white coat with a pattern of darker wool, and its face is detailed with pink and yellow markings, giving it a friendly and anthropomorphic appearance. It has large, expressive eyes and a small, contented smile. The sheep is standing on all fours, with its front legs slightly forward, and its tail is curled up. The background is plain and white, which contrasts with the sheep's woolly texture and the soft shading that suggests depth. There is no visible text in the image.	81843215624.png	The image depicts an animated scene featuring two characters. On the left, there is an older man with white hair, wearing glasses and a white lab coat, sitting in a brown armchair. He has a contemplative expression and is holding a small orange potted plant on his lap. To the right, there is a younger boy with brown hair, wearing a white shirt and brown pants, sitting in an orange stroller. The boy appears to be crying or upset. The background is a plain, light gray color. There is no visible text in the image. The style of the image is cartoonish and appears to be designed for a younger audience, possibly for a story or a book.	55511270260.png	The image depicts an animated scene featuring two characters. On the left, there is a child lying in bed with a distressed expression, crying. The child is wearing an orange shirt and is covered with an orange blanket. On the right, there is an adult male with a beard and mustache, also crying. He is wearing a dark shirt and is seated on the bed. The bed itself has a black frame and is covered with an orange blanket. The background is plain white. There is no visible text in the image. The style of the image is cartoonish, with exaggerated facial expressions to convey emotion.	69165929719.png	The image depicts an animated scene with a young girl sitting on a bed. She is wearing an orange dress and appears to be crying. The bed is simple with a metal frame and a single pillow. In the background, there is a silhouette of a person standing, but the details are not clear. The overall color palette is muted, with a dark background that contrasts with the girl's dress. There is no visible text in the image.	91630990076.png	The image is a digital illustration featuring two characters. On the left, there is a young girl with dark hair, wearing a yellow dress and lying on an orange chaise lounge. She has a small white dog beside her. On the right, there is an older man with gray hair, wearing glasses and a white lab coat. He is standing and holding a stroller with an orange canopy. The man is looking down at the girl with a slight smile. The background is plain and does not provide any additional context. There is no visible text in the image.
popôrodná depresia	Bežne popôrodná depresia odznie za tri až štyri týždne.		17207857872.png	The image features a stylized, cartoon-like depiction of a sheep. The sheep has a fluffy white coat with a pattern of darker wool, and its face is detailed with pink and yellow markings, giving it a friendly and anthropomorphic appearance. It has large, expressive eyes and a small, contented smile. The sheep is standing on all fours, with its front legs slightly forward, and its tail is curled up. The background is plain and white, which contrasts with the sheep's woolly texture and the soft shading that suggests depth. There is no visible text in the image.	81843215624.png	The image depicts an animated scene featuring two characters. On the left, there is an older man with white hair, wearing glasses and a white lab coat, sitting in a brown armchair. He has a contemplative expression and is holding a small orange potted plant on his lap. To the right, there is a younger boy with brown hair, wearing a white shirt and brown pants, sitting in an orange stroller. The boy appears to be crying or upset. The background is a plain, light gray color. There is no visible text in the image. The style of the image is cartoonish and appears to be designed for a younger audience, possibly for a story or a book.	55511270260.png	The image depicts an animated scene featuring two characters. On the left, there is a child lying in bed with a distressed expression, crying. The child is wearing an orange shirt and is covered with an orange blanket. On the right, there is an adult male with a beard and mustache, also crying. He is wearing a dark shirt and is seated on the bed. The bed itself has a black frame and is covered with an orange blanket. The background is plain white. There is no visible text in the image. The style of the image is cartoonish, with exaggerated facial expressions to convey emotion.	91630990076.png	The image is a digital illustration featuring two characters. On the left, there is a young girl with dark hair, wearing a yellow dress and lying on an orange chaise lounge. She has a small white dog beside her. On the right, there is an older man with gray hair, wearing glasses and a white lab coat. He is standing and holding a stroller with an orange canopy. The man is looking down at the girl with a slight smile. The background is plain and does not provide any additional context. There is no visible text in the image.	69165929719.png	The image depicts an animated scene with a young girl sitting on a bed. She is wearing an orange dress and appears to be crying. The bed is simple with a metal frame and a single pillow. In the background, there is a silhouette of a person standing, but the details are not clear. The overall color palette is muted, with a dark background that contrasts with the girl's dress. There is no visible text in the image.
popôrodná depresia	Percento skutočný popôrodných depresii nie je také vysoké, ako by to mohlo vyzerať.		17207857872.png	The image features a stylized, cartoon-like depiction of a sheep. The sheep has a fluffy white coat with a pattern of darker wool, and its face is detailed with pink and yellow markings, giving it a friendly and anthropomorphic appearance. It has large, expressive eyes and a small, contented smile. The sheep is standing on all fours, with its front legs slightly forward, and its tail is curled up. The background is plain and white, which contrasts with the sheep's woolly texture and the soft shading that suggests depth. There is no visible text in the image.	69165929719.png	The image depicts an animated scene with a young girl sitting on a bed. She is wearing an orange dress and appears to be crying. The bed is simple with a metal frame and a single pillow. In the background, there is a silhouette of a person standing, but the details are not clear. The overall color palette is muted, with a dark background that contrasts with the girl's dress. There is no visible text in the image.	91630990076.png	The image is a digital illustration featuring two characters. On the left, there is a young girl with dark hair, wearing a yellow dress and lying on an orange chaise lounge. She has a small white dog beside her. On the right, there is an older man with gray hair, wearing glasses and a white lab coat. He is standing and holding a stroller with an orange canopy. The man is looking down at the girl with a slight smile. The background is plain and does not provide any additional context. There is no visible text in the image.	81843215624.png	The image depicts an animated scene featuring two characters. On the left, there is an older man with white hair, wearing glasses and a white lab coat, sitting in a brown armchair. He has a contemplative expression and is holding a small orange potted plant on his lap. To the right, there is a younger boy with brown hair, wearing a white shirt and brown pants, sitting in an orange stroller. The boy appears to be crying or upset. The background is a plain, light gray color. There is no visible text in the image. The style of the image is cartoonish and appears to be designed for a younger audience, possibly for a story or a book.	55511270260.png	The image depicts an animated scene featuring two characters. On the left, there is a child lying in bed with a distressed expression, crying. The child is wearing an orange shirt and is covered with an orange blanket. On the right, there is an adult male with a beard and mustache, also crying. He is wearing a dark shirt and is seated on the bed. The bed itself has a black frame and is covered with an orange blanket. The background is plain white. There is no visible text in the image. The style of the image is cartoonish, with exaggerated facial expressions to convey emotion.
popôrodná depresia	Vzájomný výskyt frekvencie Dip II počas pôrodu a popôrodná depresia novorodenca.		17207857872.png	The image features a stylized, cartoon-like depiction of a sheep. The sheep has a fluffy white coat with a pattern of darker wool, and its face is detailed with pink and yellow markings, giving it a friendly and anthropomorphic appearance. It has large, expressive eyes and a small, contented smile. The sheep is standing on all fours, with its front legs slightly forward, and its tail is curled up. The background is plain and white, which contrasts with the sheep's woolly texture and the soft shading that suggests depth. There is no visible text in the image.	81843215624.png	The image depicts an animated scene featuring two characters. On the left, there is an older man with white hair, wearing glasses and a white lab coat, sitting in a brown armchair. He has a contemplative expression and is holding a small orange potted plant on his lap. To the right, there is a younger boy with brown hair, wearing a white shirt and brown pants, sitting in an orange stroller. The boy appears to be crying or upset. The background is a plain, light gray color. There is no visible text in the image. The style of the image is cartoonish and appears to be designed for a younger audience, possibly for a story or a book.	91630990076.png	The image is a digital illustration featuring two characters. On the left, there is a young girl with dark hair, wearing a yellow dress and lying on an orange chaise lounge. She has a small white dog beside her. On the right, there is an older man with gray hair, wearing glasses and a white lab coat. He is standing and holding a stroller with an orange canopy. The man is looking down at the girl with a slight smile. The background is plain and does not provide any additional context. There is no visible text in the image.	55511270260.png	The image depicts an animated scene featuring two characters. On the left, there is a child lying in bed with a distressed expression, crying. The child is wearing an orange shirt and is covered with an orange blanket. On the right, there is an adult male with a beard and mustache, also crying. He is wearing a dark shirt and is seated on the bed. The bed itself has a black frame and is covered with an orange blanket. The background is plain white. There is no visible text in the image. The style of the image is cartoonish, with exaggerated facial expressions to convey emotion.	69165929719.png	The image depicts an animated scene with a young girl sitting on a bed. She is wearing an orange dress and appears to be crying. The bed is simple with a metal frame and a single pillow. In the background, there is a silhouette of a person standing, but the details are not clear. The overall color palette is muted, with a dark background that contrasts with the girl's dress. There is no visible text in the image.
banánová republika	Ak sme štát a nie banánová republika, mali by sme vedieť naše záujmy obhajovať.		21280893038.png	The image depicts a stylized, cartoon-like illustration of a three-story house with a fire truck parked in front. The house has a gray roof and is painted in shades of orange and brown. There are three windows visible on the second floor, and the third floor has a balcony with a railing. On the balcony, there are two firefighters in orange and yellow uniforms, one of whom is holding a hose. The fire truck is orange and white, with a ladder on the side and a hose reel on the front. In front of the house, there is a fire hydrant and a small tree. The firefighters are standing on the ground, and one of them is pointing upwards. There is no visible text in the image.	41764916433.png	The image depicts a cartoon of a man standing at a podium. He is dressed in a suit with a tie and appears to be speaking or gesturing. The man has short hair and is wearing a microphone. Behind him is a circular platform with a dark base and a lighter top. On the podium, there is a circular emblem with a design that includes a shield and a star. The background is plain white. There is no visible text in the image.	56113360794.png	The image features two animated characters, both dressed in business attire. The character on the left is wearing a gray suit, a red tie, and sunglasses, and is holding a card with a green logo. The character on the right is wearing a black suit with a red and yellow emblem on the chest, a red tie, and sunglasses. Both characters are smiling and appear to be engaged in a friendly exchange, with the character on the right holding out a card with a green logo that matches the one the other character is holding. The background is plain white.	87405052025.png	The image features a 3D animated character that resembles a squash with human-like features. The character has a large, round body with a yellowish skin texture, and it is wearing glasses with a black frame and a mustache. It has a large, brown stem on top of its head, which is also adorned with a small, green leaf. The character is dressed in a white shirt with a collar and a brown belt, and it is holding a rolled-up piece of paper in its right hand. The paper appears to have some text on it, but the text is not legible in the image. The character is also wearing a cape that is draped over its left shoulder. The background of the image is plain and white, which contrasts with the character and highlights its details.	90739897599.png	The image features a stylized illustration of a dessert dish. At the center is a large scoop of vanilla ice cream with a chocolate sauce drizzled on top. Surrounding the ice cream are several cherries with stems, and interspersed among the cherries are slices of banana. The dish is presented on a plate with a scalloped edge, and the background is plain white. There is no visible text in the image. The style of the illustration is cartoonish and colorful, with a focus on the dessert's visual appeal.
banánová republika	reba hľadieť do výšin, aspoň na tri týždne sme viac hokejová ako banánová republika.		21280893038.png	The image depicts a stylized, cartoon-like illustration of a three-story house with a fire truck parked in front. The house has a gray roof and is painted in shades of orange and brown. There are three windows visible on the second floor, and the third floor has a balcony with a railing. On the balcony, there are two firefighters in orange and yellow uniforms, one of whom is holding a hose. The fire truck is orange and white, with a ladder on the side and a hose reel on the front. In front of the house, there is a fire hydrant and a small tree. The firefighters are standing on the ground, and one of them is pointing upwards. There is no visible text in the image.	41764916433.png	The image depicts a cartoon of a man standing at a podium. He is dressed in a suit with a tie and appears to be speaking or gesturing. The man has short hair and is wearing a microphone. Behind him is a circular platform with a dark base and a lighter top. On the podium, there is a circular emblem with a design that includes a shield and a star. The background is plain white. There is no visible text in the image.	87405052025.png	The image features a 3D animated character that resembles a squash with human-like features. The character has a large, round body with a yellowish skin texture, and it is wearing glasses with a black frame and a mustache. It has a large, brown stem on top of its head, which is also adorned with a small, green leaf. The character is dressed in a white shirt with a collar and a brown belt, and it is holding a rolled-up piece of paper in its right hand. The paper appears to have some text on it, but the text is not legible in the image. The character is also wearing a cape that is draped over its left shoulder. The background of the image is plain and white, which contrasts with the character and highlights its details.	90739897599.png	The image features a stylized illustration of a dessert dish. At the center is a large scoop of vanilla ice cream with a chocolate sauce drizzled on top. Surrounding the ice cream are several cherries with stems, and interspersed among the cherries are slices of banana. The dish is presented on a plate with a scalloped edge, and the background is plain white. There is no visible text in the image. The style of the illustration is cartoonish and colorful, with a focus on the dessert's visual appeal.	56113360794.png	The image features two animated characters, both dressed in business attire. The character on the left is wearing a gray suit, a red tie, and sunglasses, and is holding a card with a green logo. The character on the right is wearing a black suit with a red and yellow emblem on the chest, a red tie, and sunglasses. Both characters are smiling and appear to be engaged in a friendly exchange, with the character on the right holding out a card with a green logo that matches the one the other character is holding. The background is plain white.
banánová republika	"Keď v roku 1979 bol v Nikarague zbavený moci Anastasio Somoza, banánová republika Honduras dostala prezývku „The Pentagon Republic""."		56113360794.png	The image features two animated characters, both dressed in business attire. The character on the left is wearing a gray suit, a red tie, and sunglasses, and is holding a card with a green logo. The character on the right is wearing a black suit with a red and yellow emblem on the chest, a red tie, and sunglasses. Both characters are smiling and appear to be engaged in a friendly exchange, with the character on the right holding out a card with a green logo that matches the one the other character is holding. The background is plain white.	90739897599.png	The image features a stylized illustration of a dessert dish. At the center is a large scoop of vanilla ice cream with a chocolate sauce drizzled on top. Surrounding the ice cream are several cherries with stems, and interspersed among the cherries are slices of banana. The dish is presented on a plate with a scalloped edge, and the background is plain white. There is no visible text in the image. The style of the illustration is cartoonish and colorful, with a focus on the dessert's visual appeal.	87405052025.png	The image features a 3D animated character that resembles a squash with human-like features. The character has a large, round body with a yellowish skin texture, and it is wearing glasses with a black frame and a mustache. It has a large, brown stem on top of its head, which is also adorned with a small, green leaf. The character is dressed in a white shirt with a collar and a brown belt, and it is holding a rolled-up piece of paper in its right hand. The paper appears to have some text on it, but the text is not legible in the image. The character is also wearing a cape that is draped over its left shoulder. The background of the image is plain and white, which contrasts with the character and highlights its details.	21280893038.png	The image depicts a stylized, cartoon-like illustration of a three-story house with a fire truck parked in front. The house has a gray roof and is painted in shades of orange and brown. There are three windows visible on the second floor, and the third floor has a balcony with a railing. On the balcony, there are two firefighters in orange and yellow uniforms, one of whom is holding a hose. The fire truck is orange and white, with a ladder on the side and a hose reel on the front. In front of the house, there is a fire hydrant and a small tree. The firefighters are standing on the ground, and one of them is pointing upwards. There is no visible text in the image.	41764916433.png	The image depicts a cartoon of a man standing at a podium. He is dressed in a suit with a tie and appears to be speaking or gesturing. The man has short hair and is wearing a microphone. Behind him is a circular platform with a dark base and a lighter top. On the podium, there is a circular emblem with a design that includes a shield and a star. The background is plain white. There is no visible text in the image.
banánová republika	Výraz banánová republika sa pôvodne používal na označenie Hondurasu, ktorý závisel od exportu dopestovaných banánov.		87405052025.png	The image features a 3D animated character that resembles a squash with human-like features. The character has a large, round body with a yellowish skin texture, and it is wearing glasses with a black frame and a mustache. It has a large, brown stem on top of its head, which is also adorned with a small, green leaf. The character is dressed in a white shirt with a collar and a brown belt, and it is holding a rolled-up piece of paper in its right hand. The paper appears to have some text on it, but the text is not legible in the image. The character is also wearing a cape that is draped over its left shoulder. The background of the image is plain and white, which contrasts with the character and highlights its details.	41764916433.png	The image depicts a cartoon of a man standing at a podium. He is dressed in a suit with a tie and appears to be speaking or gesturing. The man has short hair and is wearing a microphone. Behind him is a circular platform with a dark base and a lighter top. On the podium, there is a circular emblem with a design that includes a shield and a star. The background is plain white. There is no visible text in the image.	90739897599.png	The image features a stylized illustration of a dessert dish. At the center is a large scoop of vanilla ice cream with a chocolate sauce drizzled on top. Surrounding the ice cream are several cherries with stems, and interspersed among the cherries are slices of banana. The dish is presented on a plate with a scalloped edge, and the background is plain white. There is no visible text in the image. The style of the illustration is cartoonish and colorful, with a focus on the dessert's visual appeal.	21280893038.png	The image depicts a stylized, cartoon-like illustration of a three-story house with a fire truck parked in front. The house has a gray roof and is painted in shades of orange and brown. There are three windows visible on the second floor, and the third floor has a balcony with a railing. On the balcony, there are two firefighters in orange and yellow uniforms, one of whom is holding a hose. The fire truck is orange and white, with a ladder on the side and a hose reel on the front. In front of the house, there is a fire hydrant and a small tree. The firefighters are standing on the ground, and one of them is pointing upwards. There is no visible text in the image.	56113360794.png	The image features two animated characters, both dressed in business attire. The character on the left is wearing a gray suit, a red tie, and sunglasses, and is holding a card with a green logo. The character on the right is wearing a black suit with a red and yellow emblem on the chest, a red tie, and sunglasses. Both characters are smiling and appear to be engaged in a friendly exchange, with the character on the right holding out a card with a green logo that matches the one the other character is holding. The background is plain white.
tvrdý oriešok	Plynulosť cestnej premávky v meste je skutočne tvrdým orieškom.		42256342630.png	The image shows a stylized, three-dimensional illustration of a wooden fence with a naturalistic background. The fence is composed of vertical slats and horizontal rails, with a pointed top. A few orange leaves are depicted as if they are falling from a tree, which is not fully visible, and are caught in the fence's structure. The ground is covered with a mix of green and brown grasses, suggesting a natural outdoor setting. There is no visible text in the image. The style of the image is realistic with a touch of artistic stylization, particularly in the way the leaves are integrated into the fence.	93710721298.png	The image features a cartoon character, a young girl, dressed in a construction worker's outfit. She is wearing a hard hat, safety goggles, and a tool belt with various tools. In her hands, she holds a pair of pliers with a nut attached to them. The girl appears to be examining the nut with a focused expression. The background is plain and does not provide any additional context.	19730124261.png	The image depicts a stylized illustration of an orange car with a black tire on the left side. The car is parked on a checkered platform with a black and white pattern. The platform is situated on a gray surface with a few green plants around it. To the right of the car, there is an orange and white traffic cone. The car appears to be in a stationary position, and the overall style of the image is cartoonish with a limited color palette.	73800618031.png	The image depicts a white pickup truck with a muddy appearance, suggesting it has been driving through muddy conditions. The truck is shown from a three-quarter angle, with the front right side more visible than the front left. The mud splatters on the truck's body and the ground around it, indicating recent movement. The truck's tires are partially covered in mud, and the mud is also splattered on the truck's rear bumper and the area around the wheels. The truck's tailgate is visible, and the mud is splattered on it as well. There is no visible text in the image. The style of the image is illustrative, with a focus on realism in the depiction of the mud and the truck's condition.	64721714119.png	The image features a stylized, cartoonish illustration of a mechanical device with a playful, anthropomorphic character on top. The character has a smiling face with rosy cheeks and is wearing a hat. It appears to be made of various mechanical parts, including gears and a spring. The device is predominantly orange and black, with the character's face and hat being a lighter shade of orange. There are no visible texts in the image. The style of the image is reminiscent of a 3D rendering with a flat, two-dimensional appearance.
tvrdý oriešok	Zmena ekonomického režimu sa menej rýchle odráža v myslení ľudí a ukazuje sa, že je oveľa tvrdším orieškom, než sa pôvodne predpokladalo.		93710721298.png	The image features a cartoon character, a young girl, dressed in a construction worker's outfit. She is wearing a hard hat, safety goggles, and a tool belt with various tools. In her hands, she holds a pair of pliers with a nut attached to them. The girl appears to be examining the nut with a focused expression. The background is plain and does not provide any additional context.	64721714119.png	The image features a stylized, cartoonish illustration of a mechanical device with a playful, anthropomorphic character on top. The character has a smiling face with rosy cheeks and is wearing a hat. It appears to be made of various mechanical parts, including gears and a spring. The device is predominantly orange and black, with the character's face and hat being a lighter shade of orange. There are no visible texts in the image. The style of the image is reminiscent of a 3D rendering with a flat, two-dimensional appearance.	42256342630.png	The image shows a stylized, three-dimensional illustration of a wooden fence with a naturalistic background. The fence is composed of vertical slats and horizontal rails, with a pointed top. A few orange leaves are depicted as if they are falling from a tree, which is not fully visible, and are caught in the fence's structure. The ground is covered with a mix of green and brown grasses, suggesting a natural outdoor setting. There is no visible text in the image. The style of the image is realistic with a touch of artistic stylization, particularly in the way the leaves are integrated into the fence.	19730124261.png	The image depicts a stylized illustration of an orange car with a black tire on the left side. The car is parked on a checkered platform with a black and white pattern. The platform is situated on a gray surface with a few green plants around it. To the right of the car, there is an orange and white traffic cone. The car appears to be in a stationary position, and the overall style of the image is cartoonish with a limited color palette.	73800618031.png	The image depicts a white pickup truck with a muddy appearance, suggesting it has been driving through muddy conditions. The truck is shown from a three-quarter angle, with the front right side more visible than the front left. The mud splatters on the truck's body and the ground around it, indicating recent movement. The truck's tires are partially covered in mud, and the mud is also splattered on the truck's rear bumper and the area around the wheels. The truck's tailgate is visible, and the mud is splattered on it as well. There is no visible text in the image. The style of the image is illustrative, with a focus on realism in the depiction of the mud and the truck's condition.
tvrdý oriešok	Sekáčik je vhodný napríklad na sekanie ovocia, zeleniny, ale poslúži aj na nasekanie tvrdých orieškov, sušienok či čokolády.		93710721298.png	The image features a cartoon character, a young girl, dressed in a construction worker's outfit. She is wearing a hard hat, safety goggles, and a tool belt with various tools. In her hands, she holds a pair of pliers with a nut attached to them. The girl appears to be examining the nut with a focused expression. The background is plain and does not provide any additional context.	64721714119.png	The image features a stylized, cartoonish illustration of a mechanical device with a playful, anthropomorphic character on top. The character has a smiling face with rosy cheeks and is wearing a hat. It appears to be made of various mechanical parts, including gears and a spring. The device is predominantly orange and black, with the character's face and hat being a lighter shade of orange. There are no visible texts in the image. The style of the image is reminiscent of a 3D rendering with a flat, two-dimensional appearance.	19730124261.png	The image depicts a stylized illustration of an orange car with a black tire on the left side. The car is parked on a checkered platform with a black and white pattern. The platform is situated on a gray surface with a few green plants around it. To the right of the car, there is an orange and white traffic cone. The car appears to be in a stationary position, and the overall style of the image is cartoonish with a limited color palette.	42256342630.png	The image shows a stylized, three-dimensional illustration of a wooden fence with a naturalistic background. The fence is composed of vertical slats and horizontal rails, with a pointed top. A few orange leaves are depicted as if they are falling from a tree, which is not fully visible, and are caught in the fence's structure. The ground is covered with a mix of green and brown grasses, suggesting a natural outdoor setting. There is no visible text in the image. The style of the image is realistic with a touch of artistic stylization, particularly in the way the leaves are integrated into the fence.	73800618031.png	The image depicts a white pickup truck with a muddy appearance, suggesting it has been driving through muddy conditions. The truck is shown from a three-quarter angle, with the front right side more visible than the front left. The mud splatters on the truck's body and the ground around it, indicating recent movement. The truck's tires are partially covered in mud, and the mud is also splattered on the truck's rear bumper and the area around the wheels. The truck's tailgate is visible, and the mud is splattered on it as well. There is no visible text in the image. The style of the image is illustrative, with a focus on realism in the depiction of the mud and the truck's condition.
tvrdý oriešok	Väčšinou sú z nich tvrdky, to znamená tak tvrdé oriešky, že odskakuje kladivo, ked ich rozbíjate.		93710721298.png	The image features a cartoon character, a young girl, dressed in a construction worker's outfit. She is wearing a hard hat, safety goggles, and a tool belt with various tools. In her hands, she holds a pair of pliers with a nut attached to them. The girl appears to be examining the nut with a focused expression. The background is plain and does not provide any additional context.	64721714119.png	The image features a stylized, cartoonish illustration of a mechanical device with a playful, anthropomorphic character on top. The character has a smiling face with rosy cheeks and is wearing a hat. It appears to be made of various mechanical parts, including gears and a spring. The device is predominantly orange and black, with the character's face and hat being a lighter shade of orange. There are no visible texts in the image. The style of the image is reminiscent of a 3D rendering with a flat, two-dimensional appearance.	73800618031.png	The image depicts a white pickup truck with a muddy appearance, suggesting it has been driving through muddy conditions. The truck is shown from a three-quarter angle, with the front right side more visible than the front left. The mud splatters on the truck's body and the ground around it, indicating recent movement. The truck's tires are partially covered in mud, and the mud is also splattered on the truck's rear bumper and the area around the wheels. The truck's tailgate is visible, and the mud is splattered on it as well. There is no visible text in the image. The style of the image is illustrative, with a focus on realism in the depiction of the mud and the truck's condition.	19730124261.png	The image depicts a stylized illustration of an orange car with a black tire on the left side. The car is parked on a checkered platform with a black and white pattern. The platform is situated on a gray surface with a few green plants around it. To the right of the car, there is an orange and white traffic cone. The car appears to be in a stationary position, and the overall style of the image is cartoonish with a limited color palette.	42256342630.png	The image shows a stylized, three-dimensional illustration of a wooden fence with a naturalistic background. The fence is composed of vertical slats and horizontal rails, with a pointed top. A few orange leaves are depicted as if they are falling from a tree, which is not fully visible, and are caught in the fence's structure. The ground is covered with a mix of green and brown grasses, suggesting a natural outdoor setting. There is no visible text in the image. The style of the image is realistic with a touch of artistic stylization, particularly in the way the leaves are integrated into the fence.
medvedí trh	Súčasný medvedí trh by tak mal byť najväčší za posledných 300 rokov a podobne hlboká bude aj ekonomická depresia.		59378772401.png	The image depicts an animated scene with a man in a suit and a bear in a cage. The man is standing to the right of the cage, extending his left hand towards the bear. He appears to be speaking, as suggested by the open mouth and raised eyebrows. The bear is a large, brown creature with a friendly expression, looking towards the man with its mouth slightly open. The cage is a simple, metal structure with a visible lock on the door. There is no visible text in the image. The style of the image is cartoonish, with a focus on the interaction between the man and the bear.	18063663101.png	The image shows a computer monitor displaying a stock market ticker with various financial figures and percentages. The numbers are in green and red, indicating positive and negative changes in the market. The ticker includes columns with numerical values and percentages, likely representing stock prices and their changes. The monitor is turned on and is displaying a real-time financial update.	24623462566.png	The image is a digital illustration of a cartoon-style male character with brown hair and glasses. He is wearing a white shirt and a black tie, and appears to be in a state of distress or concern. The character is holding a smartphone to his ear, suggesting he is on a call. Behind him is a large screen displaying various financial charts and graphs, including stock prices and graphs, with red and green arrows indicating fluctuations. The overall setting suggests a financial or stock market environment. There is no visible text in the image.	87074297864.png	The image depicts a stylized, cartoon-like illustration of a food stand. The stand has a black roof with orange stripes and a black countertop. On the countertop, there are various food items such as bread, fruits, and possibly some meat or fish. Above the counter, there are three circular displays with different food items, including what appears to be a bowl of soup, a plate of carrots, and a plate of what could be a meat dish.  On the left side of the stand, there are bottles that might contain condiments or beverages. The stand is staffed by two animated characters, one on each side. The character on the left is standing behind the counter, smiling, and appears to be a male with short hair. The character on the right is also standing behind the counter, smiling, and seems to be a female with short hair.  The background is plain white, which contrasts with the colorful food items and the black and orange stand. There is no visible text in the image. The style of the image is reminiscent of a children's book or a graphic design for a children's game or app.	62228721949.png	The image depicts an animated character, a man with a beard and mustache, wearing a wide-brimmed hat and a backpack. He is crouched in a hole in the ground, with dirt and grass around him. The character has a surprised or shocked expression on his face. The style of the image is cartoonish and appears to be a digital illustration.
medvedí trh	Iracionálnu rozjarenosť, ktorá bola na jar palivom trojmesačného zotavenia medvedieho trhu, teraz medzi investormi nahrádza triezve poznanie, že celosvetová recesia sa pred koncom roka neskončí.		62228721949.png	The image depicts an animated character, a man with a beard and mustache, wearing a wide-brimmed hat and a backpack. He is crouched in a hole in the ground, with dirt and grass around him. The character has a surprised or shocked expression on his face. The style of the image is cartoonish and appears to be a digital illustration.	87074297864.png	The image depicts a stylized, cartoon-like illustration of a food stand. The stand has a black roof with orange stripes and a black countertop. On the countertop, there are various food items such as bread, fruits, and possibly some meat or fish. Above the counter, there are three circular displays with different food items, including what appears to be a bowl of soup, a plate of carrots, and a plate of what could be a meat dish.  On the left side of the stand, there are bottles that might contain condiments or beverages. The stand is staffed by two animated characters, one on each side. The character on the left is standing behind the counter, smiling, and appears to be a male with short hair. The character on the right is also standing behind the counter, smiling, and seems to be a female with short hair.  The background is plain white, which contrasts with the colorful food items and the black and orange stand. There is no visible text in the image. The style of the image is reminiscent of a children's book or a graphic design for a children's game or app.	24623462566.png	The image is a digital illustration of a cartoon-style male character with brown hair and glasses. He is wearing a white shirt and a black tie, and appears to be in a state of distress or concern. The character is holding a smartphone to his ear, suggesting he is on a call. Behind him is a large screen displaying various financial charts and graphs, including stock prices and graphs, with red and green arrows indicating fluctuations. The overall setting suggests a financial or stock market environment. There is no visible text in the image.	18063663101.png	The image shows a computer monitor displaying a stock market ticker with various financial figures and percentages. The numbers are in green and red, indicating positive and negative changes in the market. The ticker includes columns with numerical values and percentages, likely representing stock prices and their changes. The monitor is turned on and is displaying a real-time financial update.	59378772401.png	The image depicts an animated scene with a man in a suit and a bear in a cage. The man is standing to the right of the cage, extending his left hand towards the bear. He appears to be speaking, as suggested by the open mouth and raised eyebrows. The bear is a large, brown creature with a friendly expression, looking towards the man with its mouth slightly open. The cage is a simple, metal structure with a visible lock on the door. There is no visible text in the image. The style of the image is cartoonish, with a focus on the interaction between the man and the bear.
medvedí trh	Zajačik navštívil medvedí trh a kúpil si med.		18063663101.png	The image shows a computer monitor displaying a stock market ticker with various financial figures and percentages. The numbers are in green and red, indicating positive and negative changes in the market. The ticker includes columns with numerical values and percentages, likely representing stock prices and their changes. The monitor is turned on and is displaying a real-time financial update.	87074297864.png	The image depicts a stylized, cartoon-like illustration of a food stand. The stand has a black roof with orange stripes and a black countertop. On the countertop, there are various food items such as bread, fruits, and possibly some meat or fish. Above the counter, there are three circular displays with different food items, including what appears to be a bowl of soup, a plate of carrots, and a plate of what could be a meat dish.  On the left side of the stand, there are bottles that might contain condiments or beverages. The stand is staffed by two animated characters, one on each side. The character on the left is standing behind the counter, smiling, and appears to be a male with short hair. The character on the right is also standing behind the counter, smiling, and seems to be a female with short hair.  The background is plain white, which contrasts with the colorful food items and the black and orange stand. There is no visible text in the image. The style of the image is reminiscent of a children's book or a graphic design for a children's game or app.	24623462566.png	The image is a digital illustration of a cartoon-style male character with brown hair and glasses. He is wearing a white shirt and a black tie, and appears to be in a state of distress or concern. The character is holding a smartphone to his ear, suggesting he is on a call. Behind him is a large screen displaying various financial charts and graphs, including stock prices and graphs, with red and green arrows indicating fluctuations. The overall setting suggests a financial or stock market environment. There is no visible text in the image.	59378772401.png	The image depicts an animated scene with a man in a suit and a bear in a cage. The man is standing to the right of the cage, extending his left hand towards the bear. He appears to be speaking, as suggested by the open mouth and raised eyebrows. The bear is a large, brown creature with a friendly expression, looking towards the man with its mouth slightly open. The cage is a simple, metal structure with a visible lock on the door. There is no visible text in the image. The style of the image is cartoonish, with a focus on the interaction between the man and the bear.	62228721949.png	The image depicts an animated character, a man with a beard and mustache, wearing a wide-brimmed hat and a backpack. He is crouched in a hole in the ground, with dirt and grass around him. The character has a surprised or shocked expression on his face. The style of the image is cartoonish and appears to be a digital illustration.
medvedí trh	Líška sa snažila votrieť na medvedí trh, ale medvede si ju všimli a zavolali horára.		59378772401.png	The image depicts an animated scene with a man in a suit and a bear in a cage. The man is standing to the right of the cage, extending his left hand towards the bear. He appears to be speaking, as suggested by the open mouth and raised eyebrows. The bear is a large, brown creature with a friendly expression, looking towards the man with its mouth slightly open. The cage is a simple, metal structure with a visible lock on the door. There is no visible text in the image. The style of the image is cartoonish, with a focus on the interaction between the man and the bear.	18063663101.png	The image shows a computer monitor displaying a stock market ticker with various financial figures and percentages. The numbers are in green and red, indicating positive and negative changes in the market. The ticker includes columns with numerical values and percentages, likely representing stock prices and their changes. The monitor is turned on and is displaying a real-time financial update.	24623462566.png	The image is a digital illustration of a cartoon-style male character with brown hair and glasses. He is wearing a white shirt and a black tie, and appears to be in a state of distress or concern. The character is holding a smartphone to his ear, suggesting he is on a call. Behind him is a large screen displaying various financial charts and graphs, including stock prices and graphs, with red and green arrows indicating fluctuations. The overall setting suggests a financial or stock market environment. There is no visible text in the image.	87074297864.png	The image depicts a stylized, cartoon-like illustration of a food stand. The stand has a black roof with orange stripes and a black countertop. On the countertop, there are various food items such as bread, fruits, and possibly some meat or fish. Above the counter, there are three circular displays with different food items, including what appears to be a bowl of soup, a plate of carrots, and a plate of what could be a meat dish.  On the left side of the stand, there are bottles that might contain condiments or beverages. The stand is staffed by two animated characters, one on each side. The character on the left is standing behind the counter, smiling, and appears to be a male with short hair. The character on the right is also standing behind the counter, smiling, and seems to be a female with short hair.  The background is plain white, which contrasts with the colorful food items and the black and orange stand. There is no visible text in the image. The style of the image is reminiscent of a children's book or a graphic design for a children's game or app.	62228721949.png	The image depicts an animated character, a man with a beard and mustache, wearing a wide-brimmed hat and a backpack. He is crouched in a hole in the ground, with dirt and grass around him. The character has a surprised or shocked expression on his face. The style of the image is cartoonish and appears to be a digital illustration.
vyspať sa do ružova	Vyspíme sa do ružova a ráno sa vrátime.		58901600949.png	The image depicts a stylized illustration of a woman lying in bed. She has long, dark hair and is wearing a white top with a peach-colored strap. Her eyes are closed, and she has a slight smile on her face. The woman is wearing orange earrings. The background is minimal, with a soft gradient that suggests a light source coming from the top left corner. The overall style is smooth and appears to be a digital artwork.	31391976961.png	The image shows a stylized, cartoon-like depiction of an orange armchair with a tufted backrest. The chair has a high back and is adorned with a pattern of small, round studs. The seat cushion appears to be a lighter shade of orange, possibly beige, and is textured to resemble a soft fabric. The chair's legs are dark brown and have a curved design, with a small, round detail at the base. The background is plain and white, which contrasts with the chair and highlights its features. There is no visible text in the image.	51620286539.png	The image depicts an animated character, a young woman, sitting on a bed with a pillow. She is wearing a pink dress with a ruffled skirt and has a small bouquet of flowers on the bedside table next to her. The background is white, and there are pink hearts floating around her head, suggesting a theme of love or affection. The style of the image is cartoonish and whimsical.	55523489893.png	The image depicts an animated character, a man, who appears to be in a state of rest or sleep. He is lying on a bed with a pink blanket and a pillow. The man is wearing a pink nightgown with a floral pattern and has a large, round nose. His eyes are closed, and his mouth is slightly open, suggesting a relaxed or peaceful expression. The bed has a wooden headboard and footboard, and the man's feet are hanging off the edge of the bed. There is no visible text in the image. The style of the image is cartoonish and colorful, with a soft, rounded aesthetic.	52450831771.png	The image depicts a stylized, cartoon-like illustration of a man lying down with his eyes closed. He has short, dark hair and a beard. The man is wearing a short-sleeved shirt with a patterned design on the front. His arms are crossed over his chest, and his hands are resting on his stomach. The background is plain and does not provide any additional context or details. There is no visible text in the image.
vyspať sa do ružova	Odporúčam všetkým, ktorým optimizmus chýba, aby sa prebehli a keď sa poriadne unavia, nech si ľahnú do postele, vyspia sa do ružova a hneď uvidia svet inými očami.		51620286539.png	The image depicts an animated character, a young woman, sitting on a bed with a pillow. She is wearing a pink dress with a ruffled skirt and has a small bouquet of flowers on the bedside table next to her. The background is white, and there are pink hearts floating around her head, suggesting a theme of love or affection. The style of the image is cartoonish and whimsical.	58901600949.png	The image depicts a stylized illustration of a woman lying in bed. She has long, dark hair and is wearing a white top with a peach-colored strap. Her eyes are closed, and she has a slight smile on her face. The woman is wearing orange earrings. The background is minimal, with a soft gradient that suggests a light source coming from the top left corner. The overall style is smooth and appears to be a digital artwork.	52450831771.png	The image depicts a stylized, cartoon-like illustration of a man lying down with his eyes closed. He has short, dark hair and a beard. The man is wearing a short-sleeved shirt with a patterned design on the front. His arms are crossed over his chest, and his hands are resting on his stomach. The background is plain and does not provide any additional context or details. There is no visible text in the image.	31391976961.png	The image shows a stylized, cartoon-like depiction of an orange armchair with a tufted backrest. The chair has a high back and is adorned with a pattern of small, round studs. The seat cushion appears to be a lighter shade of orange, possibly beige, and is textured to resemble a soft fabric. The chair's legs are dark brown and have a curved design, with a small, round detail at the base. The background is plain and white, which contrasts with the chair and highlights its features. There is no visible text in the image.	55523489893.png	The image depicts an animated character, a man, who appears to be in a state of rest or sleep. He is lying on a bed with a pink blanket and a pillow. The man is wearing a pink nightgown with a floral pattern and has a large, round nose. His eyes are closed, and his mouth is slightly open, suggesting a relaxed or peaceful expression. The bed has a wooden headboard and footboard, and the man's feet are hanging off the edge of the bed. There is no visible text in the image. The style of the image is cartoonish and colorful, with a soft, rounded aesthetic.
všetko, čo k tomu patrí	Bol to môj spolužiak z gymnázia, kolega, Trnavčan ako ja a v zlomku sekundy sa jeho sláva, ktorá zahŕňala všetko, čo k tomu patrí, pominula.		55438237762.png	The image depicts a stylized animated family. In the center stands a man with a beard and mustache, wearing traditional Middle Eastern attire, including a white turban, a white robe with gold trim, and a brown and gold robe over it. He is holding a staff in his right hand. To his left is a young girl in an orange dress with a patterned headscarf. To his right is a young boy in a black robe with a white headscarf. Behind the man, there is a young girl in a white dress with a patterned headscarf, and a young boy in a black robe with a white headscarf. The background is plain white. There is no visible text in the image. The style of the image is cartoonish and appears to be designed for a younger audience.	96785441151.png	The image features two circular objects with a glossy finish, one orange and the other a lighter shade of orange. They are positioned on a white background with a subtle shadow beneath them, suggesting they are elevated. The objects are not overlapping but are close together, creating a sense of balance or symmetry. There is no visible text in the image.	93686129110.png	The image depicts a stylized, cartoon-like illustration of an orange car with a variety of items on top. The car has a vintage design with round headlights and a prominent grille. On top of the car, there are several suitcases and a toolbox, suggesting that the car is being used for travel or work. To the right of the car, there are two wrenches and a spare tire, indicating that the car is equipped for roadside assistance or repairs. The background is plain white, which contrasts with the colorful car and its accessories. There is no visible text in the image.	10689887852.png	The image shows a stylized, three-quarter view of a sports car with a predominantly orange and black color scheme. The car features a large rear wing, a prominent front splitter, and a rear spoiler. It has a sleek design with a low and wide stance, and the wheels are black with a multi-spoke design. The car is depicted on a plain, light-colored background. There is no visible text in the image.	18105386058.png	The image depicts a stylized illustration of a large, orange cruise ship with a prominent bow. The ship is designed with multiple decks, each featuring a variety of structures and details that suggest a luxurious and spacious interior. The ship's hull is painted a vibrant orange, and it is equipped with several lifeboats and lifebuoys, indicating safety measures. The ship is shown in a dynamic pose, as if it is moving through water, with waves visible around its base. There are no visible texts or brands in the image. The style of the illustration is cartoonish and colorful, with a focus on the ship's design and the water around it.
všetko, čo k tomu patrí	Hudba je spôsob, ako sa stať slávnym a získať všetko, čo k tomu patrí.		18105386058.png	The image depicts a stylized illustration of a large, orange cruise ship with a prominent bow. The ship is designed with multiple decks, each featuring a variety of structures and details that suggest a luxurious and spacious interior. The ship's hull is painted a vibrant orange, and it is equipped with several lifeboats and lifebuoys, indicating safety measures. The ship is shown in a dynamic pose, as if it is moving through water, with waves visible around its base. There are no visible texts or brands in the image. The style of the illustration is cartoonish and colorful, with a focus on the ship's design and the water around it.	96785441151.png	The image features two circular objects with a glossy finish, one orange and the other a lighter shade of orange. They are positioned on a white background with a subtle shadow beneath them, suggesting they are elevated. The objects are not overlapping but are close together, creating a sense of balance or symmetry. There is no visible text in the image.	10689887852.png	The image shows a stylized, three-quarter view of a sports car with a predominantly orange and black color scheme. The car features a large rear wing, a prominent front splitter, and a rear spoiler. It has a sleek design with a low and wide stance, and the wheels are black with a multi-spoke design. The car is depicted on a plain, light-colored background. There is no visible text in the image.	55438237762.png	The image depicts a stylized animated family. In the center stands a man with a beard and mustache, wearing traditional Middle Eastern attire, including a white turban, a white robe with gold trim, and a brown and gold robe over it. He is holding a staff in his right hand. To his left is a young girl in an orange dress with a patterned headscarf. To his right is a young boy in a black robe with a white headscarf. Behind the man, there is a young girl in a white dress with a patterned headscarf, and a young boy in a black robe with a white headscarf. The background is plain white. There is no visible text in the image. The style of the image is cartoonish and appears to be designed for a younger audience.	93686129110.png	The image depicts a stylized, cartoon-like illustration of an orange car with a variety of items on top. The car has a vintage design with round headlights and a prominent grille. On top of the car, there are several suitcases and a toolbox, suggesting that the car is being used for travel or work. To the right of the car, there are two wrenches and a spare tire, indicating that the car is equipped for roadside assistance or repairs. The background is plain white, which contrasts with the colorful car and its accessories. There is no visible text in the image.
všetko, čo k tomu patrí	Za to dostávam mzdu, odvádzam dane a všetko, čo k tomu patrí,“ vysvetlil, prečo si uviedol na kandidátku svoju funkciu.		55438237762.png	The image depicts a stylized animated family. In the center stands a man with a beard and mustache, wearing traditional Middle Eastern attire, including a white turban, a white robe with gold trim, and a brown and gold robe over it. He is holding a staff in his right hand. To his left is a young girl in an orange dress with a patterned headscarf. To his right is a young boy in a black robe with a white headscarf. Behind the man, there is a young girl in a white dress with a patterned headscarf, and a young boy in a black robe with a white headscarf. The background is plain white. There is no visible text in the image. The style of the image is cartoonish and appears to be designed for a younger audience.	96785441151.png	The image features two circular objects with a glossy finish, one orange and the other a lighter shade of orange. They are positioned on a white background with a subtle shadow beneath them, suggesting they are elevated. The objects are not overlapping but are close together, creating a sense of balance or symmetry. There is no visible text in the image.	18105386058.png	The image depicts a stylized illustration of a large, orange cruise ship with a prominent bow. The ship is designed with multiple decks, each featuring a variety of structures and details that suggest a luxurious and spacious interior. The ship's hull is painted a vibrant orange, and it is equipped with several lifeboats and lifebuoys, indicating safety measures. The ship is shown in a dynamic pose, as if it is moving through water, with waves visible around its base. There are no visible texts or brands in the image. The style of the illustration is cartoonish and colorful, with a focus on the ship's design and the water around it.	93686129110.png	The image depicts a stylized, cartoon-like illustration of an orange car with a variety of items on top. The car has a vintage design with round headlights and a prominent grille. On top of the car, there are several suitcases and a toolbox, suggesting that the car is being used for travel or work. To the right of the car, there are two wrenches and a spare tire, indicating that the car is equipped for roadside assistance or repairs. The background is plain white, which contrasts with the colorful car and its accessories. There is no visible text in the image.	10689887852.png	The image shows a stylized, three-quarter view of a sports car with a predominantly orange and black color scheme. The car features a large rear wing, a prominent front splitter, and a rear spoiler. It has a sleek design with a low and wide stance, and the wheels are black with a multi-spoke design. The car is depicted on a plain, light-colored background. There is no visible text in the image.
všetko, čo k tomu patrí	Teda, ak máte naponáhlo, môžem požiadať mojich ľudí, aby sa vám postarali o auto, chatu a všetko, čo k tomu patrí.		96785441151.png	The image features two circular objects with a glossy finish, one orange and the other a lighter shade of orange. They are positioned on a white background with a subtle shadow beneath them, suggesting they are elevated. The objects are not overlapping but are close together, creating a sense of balance or symmetry. There is no visible text in the image.	55438237762.png	The image depicts a stylized animated family. In the center stands a man with a beard and mustache, wearing traditional Middle Eastern attire, including a white turban, a white robe with gold trim, and a brown and gold robe over it. He is holding a staff in his right hand. To his left is a young girl in an orange dress with a patterned headscarf. To his right is a young boy in a black robe with a white headscarf. Behind the man, there is a young girl in a white dress with a patterned headscarf, and a young boy in a black robe with a white headscarf. The background is plain white. There is no visible text in the image. The style of the image is cartoonish and appears to be designed for a younger audience.	93686129110.png	The image depicts a stylized, cartoon-like illustration of an orange car with a variety of items on top. The car has a vintage design with round headlights and a prominent grille. On top of the car, there are several suitcases and a toolbox, suggesting that the car is being used for travel or work. To the right of the car, there are two wrenches and a spare tire, indicating that the car is equipped for roadside assistance or repairs. The background is plain white, which contrasts with the colorful car and its accessories. There is no visible text in the image.	10689887852.png	The image shows a stylized, three-quarter view of a sports car with a predominantly orange and black color scheme. The car features a large rear wing, a prominent front splitter, and a rear spoiler. It has a sleek design with a low and wide stance, and the wheels are black with a multi-spoke design. The car is depicted on a plain, light-colored background. There is no visible text in the image.	18105386058.png	The image depicts a stylized illustration of a large, orange cruise ship with a prominent bow. The ship is designed with multiple decks, each featuring a variety of structures and details that suggest a luxurious and spacious interior. The ship's hull is painted a vibrant orange, and it is equipped with several lifeboats and lifebuoys, indicating safety measures. The ship is shown in a dynamic pose, as if it is moving through water, with waves visible around its base. There are no visible texts or brands in the image. The style of the illustration is cartoonish and colorful, with a focus on the ship's design and the water around it.
globálne hľadisko	Je tu krajina, z globálneho hľadiska nepodstatná, ale je súčasťou eurozóny.		33614532773.png	The image depicts a stylized stage set with a large, detailed illustration of Earth in the center. The stage is framed by a wooden border and is surrounded by rows of orange chairs. Above the stage, there is a backdrop featuring a starry sky with planets and a large moon. The overall style of the image is cartoonish and appears to be a digital illustration.	94604636399.png	The image features a stylized globe with a detailed illustration of a landscape on its surface. The landscape depicts a serene scene with a river meandering through a lush green valley, flanked by rolling hills and dotted with trees and rocks. The sky above is a clear blue with scattered clouds. The globe is mounted on a stand with a wooden base and an orange top. The overall style of the image is illustrative and colorful, with a focus on nature and the environment.	59320544868.png	The image shows a pair of binoculars with a stylized design. The binoculars have a black frame with orange lenses and a black body. There is a red button on the right side of the binoculars. The binoculars are positioned on a white surface, and the background is plain and white. There is no visible text in the image.	51360456065.png	The image depicts a stylized, cartoon-like illustration of a person sitting at a desk with a large, curved computer monitor displaying various charts and graphs. The person is wearing glasses, a black shirt, and orange shoes. On the desk, there is a coffee cup and a small plant. The background is plain white.	91165259986.png	The image is a digital illustration featuring two animated characters, presumably male, standing in front of an industrial background. The character on the left is wearing a suit with a tie, has a beard, and is holding a clipboard with a chart on it. The character on the right is wearing a hard hat and glasses, has a mustache, and is holding a clipboard with a different chart. Both characters appear to be engaged in a discussion or inspection, as suggested by their attentive expressions and the clipboards they are holding. The background includes industrial structures such as smokestacks and pipes, indicating a setting related to manufacturing or construction. There is no visible text in the image.
globálne hľadisko	Z globálneho hľadiska má dnešná ekonomická kríza veľa spoločného s rokom 1929, ktorý odštartoval najväčšiu hospodársku krízu v moderných dejinách.		91165259986.png	The image is a digital illustration featuring two animated characters, presumably male, standing in front of an industrial background. The character on the left is wearing a suit with a tie, has a beard, and is holding a clipboard with a chart on it. The character on the right is wearing a hard hat and glasses, has a mustache, and is holding a clipboard with a different chart. Both characters appear to be engaged in a discussion or inspection, as suggested by their attentive expressions and the clipboards they are holding. The background includes industrial structures such as smokestacks and pipes, indicating a setting related to manufacturing or construction. There is no visible text in the image.	94604636399.png	The image features a stylized globe with a detailed illustration of a landscape on its surface. The landscape depicts a serene scene with a river meandering through a lush green valley, flanked by rolling hills and dotted with trees and rocks. The sky above is a clear blue with scattered clouds. The globe is mounted on a stand with a wooden base and an orange top. The overall style of the image is illustrative and colorful, with a focus on nature and the environment.	33614532773.png	The image depicts a stylized stage set with a large, detailed illustration of Earth in the center. The stage is framed by a wooden border and is surrounded by rows of orange chairs. Above the stage, there is a backdrop featuring a starry sky with planets and a large moon. The overall style of the image is cartoonish and appears to be a digital illustration.	51360456065.png	The image depicts a stylized, cartoon-like illustration of a person sitting at a desk with a large, curved computer monitor displaying various charts and graphs. The person is wearing glasses, a black shirt, and orange shoes. On the desk, there is a coffee cup and a small plant. The background is plain white.	59320544868.png	The image shows a pair of binoculars with a stylized design. The binoculars have a black frame with orange lenses and a black body. There is a red button on the right side of the binoculars. The binoculars are positioned on a white surface, and the background is plain and white. There is no visible text in the image.
globálne hľadisko	Diváci v globálnom hľadisku celého sveta majú najradšej akčné filmy a komédie.		33614532773.png	The image depicts a stylized stage set with a large, detailed illustration of Earth in the center. The stage is framed by a wooden border and is surrounded by rows of orange chairs. Above the stage, there is a backdrop featuring a starry sky with planets and a large moon. The overall style of the image is cartoonish and appears to be a digital illustration.	59320544868.png	The image shows a pair of binoculars with a stylized design. The binoculars have a black frame with orange lenses and a black body. There is a red button on the right side of the binoculars. The binoculars are positioned on a white surface, and the background is plain and white. There is no visible text in the image.	94604636399.png	The image features a stylized globe with a detailed illustration of a landscape on its surface. The landscape depicts a serene scene with a river meandering through a lush green valley, flanked by rolling hills and dotted with trees and rocks. The sky above is a clear blue with scattered clouds. The globe is mounted on a stand with a wooden base and an orange top. The overall style of the image is illustrative and colorful, with a focus on nature and the environment.	91165259986.png	The image is a digital illustration featuring two animated characters, presumably male, standing in front of an industrial background. The character on the left is wearing a suit with a tie, has a beard, and is holding a clipboard with a chart on it. The character on the right is wearing a hard hat and glasses, has a mustache, and is holding a clipboard with a different chart. Both characters appear to be engaged in a discussion or inspection, as suggested by their attentive expressions and the clipboards they are holding. The background includes industrial structures such as smokestacks and pipes, indicating a setting related to manufacturing or construction. There is no visible text in the image.	51360456065.png	The image depicts a stylized, cartoon-like illustration of a person sitting at a desk with a large, curved computer monitor displaying various charts and graphs. The person is wearing glasses, a black shirt, and orange shoes. On the desk, there is a coffee cup and a small plant. The background is plain white.
globálne hľadisko	Pritom je to fakt dobrá a zaujímavá herečka, budeme veriť, že Hollywood na ňu nezanevrie, aj keď má stále problém kliknúť s divákmi z globálneho hľadiska.		59320544868.png	The image shows a pair of binoculars with a stylized design. The binoculars have a black frame with orange lenses and a black body. There is a red button on the right side of the binoculars. The binoculars are positioned on a white surface, and the background is plain and white. There is no visible text in the image.	33614532773.png	The image depicts a stylized stage set with a large, detailed illustration of Earth in the center. The stage is framed by a wooden border and is surrounded by rows of orange chairs. Above the stage, there is a backdrop featuring a starry sky with planets and a large moon. The overall style of the image is cartoonish and appears to be a digital illustration.	51360456065.png	The image depicts a stylized, cartoon-like illustration of a person sitting at a desk with a large, curved computer monitor displaying various charts and graphs. The person is wearing glasses, a black shirt, and orange shoes. On the desk, there is a coffee cup and a small plant. The background is plain white.	94604636399.png	The image features a stylized globe with a detailed illustration of a landscape on its surface. The landscape depicts a serene scene with a river meandering through a lush green valley, flanked by rolling hills and dotted with trees and rocks. The sky above is a clear blue with scattered clouds. The globe is mounted on a stand with a wooden base and an orange top. The overall style of the image is illustrative and colorful, with a focus on nature and the environment.	91165259986.png	The image is a digital illustration featuring two animated characters, presumably male, standing in front of an industrial background. The character on the left is wearing a suit with a tie, has a beard, and is holding a clipboard with a chart on it. The character on the right is wearing a hard hat and glasses, has a mustache, and is holding a clipboard with a different chart. Both characters appear to be engaged in a discussion or inspection, as suggested by their attentive expressions and the clipboards they are holding. The background includes industrial structures such as smokestacks and pipes, indicating a setting related to manufacturing or construction. There is no visible text in the image.
biologické hodiny	Biologické hodiny tikajú nielen ženám, ale aj mužom.		58519288134.png	The image features a stylized clock with a floral and botanical design. The clock face is white with black numbers and hands. Surrounding the clock are various flowers and plants, including orange and pink flowers, green leaves, and small fruits like berries and oranges. The clock is set against a white background. There is no visible text in the image. The style of the image is illustrative and decorative, with a focus on nature and a playful, artistic representation of time.	19996557393.png	The image features a digital illustration of a potted plant with orange flowers. The pot has a textured pattern with shades of brown and green, and there are orange and white flowers with green leaves. The pot is placed on a surface with a scattering of dark brown soil around its base. The background is plain white, emphasizing the subject. There is no visible text in the image.	76229846960.png	The image depicts an animated character, an elderly woman with gray hair, wearing a brown apron and holding a syringe in her right hand. She is smiling and looking at a cake with orange frosting on a white plate in front of her. The cake has a few drips of frosting on its side. The woman is standing on a white surface, and there is a small bottle with a white label and a green cap on the plate next to the cake. The background is plain white.	85555495550.png	The image features a large, orange alarm clock with a black face and hands. The clock has a round shape with a flat back and is supported by two black stands. The numbers on the clock face are white with a black outline, and there are small yellow dots scattered around the clock. The clock is set to 12:00.	98218352888.png	The image is a digital illustration of a pregnant woman. She is standing with her hands on her hips, wearing a bright orange dress with a black belt and a black purse. Her hair is styled in an updo, and she is smiling. The background is a checkered pattern.
biologické hodiny	Postavy majú okolo tridsiatky, sú slobodné, majú pocit, že im odtikávajú biologické hodiny, a tak si hľadajú životných partnerov.		85555495550.png	The image features a large, orange alarm clock with a black face and hands. The clock has a round shape with a flat back and is supported by two black stands. The numbers on the clock face are white with a black outline, and there are small yellow dots scattered around the clock. The clock is set to 12:00.	58519288134.png	The image features a stylized clock with a floral and botanical design. The clock face is white with black numbers and hands. Surrounding the clock are various flowers and plants, including orange and pink flowers, green leaves, and small fruits like berries and oranges. The clock is set against a white background. There is no visible text in the image. The style of the image is illustrative and decorative, with a focus on nature and a playful, artistic representation of time.	98218352888.png	The image is a digital illustration of a pregnant woman. She is standing with her hands on her hips, wearing a bright orange dress with a black belt and a black purse. Her hair is styled in an updo, and she is smiling. The background is a checkered pattern.	19996557393.png	The image features a digital illustration of a potted plant with orange flowers. The pot has a textured pattern with shades of brown and green, and there are orange and white flowers with green leaves. The pot is placed on a surface with a scattering of dark brown soil around its base. The background is plain white, emphasizing the subject. There is no visible text in the image.	76229846960.png	The image depicts an animated character, an elderly woman with gray hair, wearing a brown apron and holding a syringe in her right hand. She is smiling and looking at a cake with orange frosting on a white plate in front of her. The cake has a few drips of frosting on its side. The woman is standing on a white surface, and there is a small bottle with a white label and a green cap on the plate next to the cake. The background is plain white.
biologické hodiny	Vysadili biologické hodiny z rôznych kvetov, otvárajúcich po každej hodine.		85555495550.png	The image features a large, orange alarm clock with a black face and hands. The clock has a round shape with a flat back and is supported by two black stands. The numbers on the clock face are white with a black outline, and there are small yellow dots scattered around the clock. The clock is set to 12:00.	58519288134.png	The image features a stylized clock with a floral and botanical design. The clock face is white with black numbers and hands. Surrounding the clock are various flowers and plants, including orange and pink flowers, green leaves, and small fruits like berries and oranges. The clock is set against a white background. There is no visible text in the image. The style of the image is illustrative and decorative, with a focus on nature and a playful, artistic representation of time.	19996557393.png	The image features a digital illustration of a potted plant with orange flowers. The pot has a textured pattern with shades of brown and green, and there are orange and white flowers with green leaves. The pot is placed on a surface with a scattering of dark brown soil around its base. The background is plain white, emphasizing the subject. There is no visible text in the image.	76229846960.png	The image depicts an animated character, an elderly woman with gray hair, wearing a brown apron and holding a syringe in her right hand. She is smiling and looking at a cake with orange frosting on a white plate in front of her. The cake has a few drips of frosting on its side. The woman is standing on a white surface, and there is a small bottle with a white label and a green cap on the plate next to the cake. The background is plain white.	98218352888.png	The image is a digital illustration of a pregnant woman. She is standing with her hands on her hips, wearing a bright orange dress with a black belt and a black purse. Her hair is styled in an updo, and she is smiling. The background is a checkered pattern.
biologické hodiny	Na záhrade mal biologické hodiny z kvetov vysadených do kruhu, ktoré menili farbu počas dňa.		19996557393.png	The image features a digital illustration of a potted plant with orange flowers. The pot has a textured pattern with shades of brown and green, and there are orange and white flowers with green leaves. The pot is placed on a surface with a scattering of dark brown soil around its base. The background is plain white, emphasizing the subject. There is no visible text in the image.	85555495550.png	The image features a large, orange alarm clock with a black face and hands. The clock has a round shape with a flat back and is supported by two black stands. The numbers on the clock face are white with a black outline, and there are small yellow dots scattered around the clock. The clock is set to 12:00.	98218352888.png	The image is a digital illustration of a pregnant woman. She is standing with her hands on her hips, wearing a bright orange dress with a black belt and a black purse. Her hair is styled in an updo, and she is smiling. The background is a checkered pattern.	58519288134.png	The image features a stylized clock with a floral and botanical design. The clock face is white with black numbers and hands. Surrounding the clock are various flowers and plants, including orange and pink flowers, green leaves, and small fruits like berries and oranges. The clock is set against a white background. There is no visible text in the image. The style of the image is illustrative and decorative, with a focus on nature and a playful, artistic representation of time.	76229846960.png	The image depicts an animated character, an elderly woman with gray hair, wearing a brown apron and holding a syringe in her right hand. She is smiling and looking at a cake with orange frosting on a white plate in front of her. The cake has a few drips of frosting on its side. The woman is standing on a white surface, and there is a small bottle with a white label and a green cap on the plate next to the cake. The background is plain white.
pohľad z vtáčej perspektívy	Bude to pohľad z vtáčej perspektívy na hudbu Indie, na jej kultúru, odkazuje indický klasik.		79979928824.png	The image shows a stylized, modern-looking computer monitor with a curved screen. The monitor is placed on a wooden stand. On the screen, there is a graph with a line chart that appears to represent some form of data, possibly financial or stock market information, given the context of the graph. The graph includes numerical values and percentages, suggesting it's tracking changes over time. The interface of the monitor has a clean, minimalist design with a dark background and a variety of icons and symbols that are likely indicators or tools for the data being displayed. The overall style of the image is digital and appears to be a conceptual or promotional illustration rather than a photograph of an actual product.	13740408802.png	The image depicts a stylized, digital illustration of a mountainous landscape. In the foreground, there is a lush green field with a variety of wildflowers in shades of orange and yellow. The field is bordered by a few large rocks and a small cluster of trees. The middle ground features a prominent mountain with a steep, snow-covered peak. The mountain's base is rocky and appears to be covered in patches of snow and vegetation. The background shows a second, smaller mountain with a similar snow-capped peak. The sky is a light blue, suggesting a clear day. There is no visible text in the image. The style of the illustration is realistic with a touch of artistic stylization, particularly in the rendering of the foliage and the texture of the rocks and snow.	78737200193.png	The image features a stylized owl with a prominent orange and brown plumage. The owl is wearing a pair of black glasses with a thin black frame. It has large, round, orange eyes with black pupils and a black beak. The owl's feathers are textured, giving them a fuzzy appearance. The owl is standing on two legs, and its feet are not visible. The background is plain white, which contrasts with the owl's colorful appearance. There is no visible text in the image. The style of the image is illustrative and cartoonish.	66151027097.png	The image depicts a vibrant landscape scene. In the foreground, there is a large bird with a prominent orange beak and a black body, soaring above the landscape. The bird is in the center of the image, with its wings spread wide.  The landscape features a variety of elements. There are several buildings, including a white house with a red roof, situated in the middle of the scene. The buildings are surrounded by a mix of green and brown vegetation, with trees and bushes scattered throughout the area.  In the background, there are rolling hills and a body of water, which appears to be a lake or a large pond. The sky is a light blue with a few clouds scattered across it. The overall style of the painting is realistic with a focus on bright colors and detailed textures.	37880513844.png	The image depicts a group of animated characters seated in a semi-circle around a large screen displaying a graph with a rising trend. The characters appear to be engaged in a presentation or discussion. The screen is black with a grid pattern and a graph that resembles a mountain range with peaks and valleys. The characters are stylized with simple features and are dressed in various styles of clothing. The setting suggests a professional or educational environment. There is no visible text in the image.
pohľad z vtáčej perspektívy	Aby nás lepšie vtiahol do príbehu svojich básní bez príbehu, strieda mikroskopické pozorovanie, pri ktorom detail a jeho značenie narastá k symbolickému významu, s pohľadom z vtáčej perspektívy, takže nám neujdú povrchové súvislosti, známe z každodenného života.		66151027097.png	The image depicts a vibrant landscape scene. In the foreground, there is a large bird with a prominent orange beak and a black body, soaring above the landscape. The bird is in the center of the image, with its wings spread wide.  The landscape features a variety of elements. There are several buildings, including a white house with a red roof, situated in the middle of the scene. The buildings are surrounded by a mix of green and brown vegetation, with trees and bushes scattered throughout the area.  In the background, there are rolling hills and a body of water, which appears to be a lake or a large pond. The sky is a light blue with a few clouds scattered across it. The overall style of the painting is realistic with a focus on bright colors and detailed textures.	79979928824.png	The image shows a stylized, modern-looking computer monitor with a curved screen. The monitor is placed on a wooden stand. On the screen, there is a graph with a line chart that appears to represent some form of data, possibly financial or stock market information, given the context of the graph. The graph includes numerical values and percentages, suggesting it's tracking changes over time. The interface of the monitor has a clean, minimalist design with a dark background and a variety of icons and symbols that are likely indicators or tools for the data being displayed. The overall style of the image is digital and appears to be a conceptual or promotional illustration rather than a photograph of an actual product.	78737200193.png	The image features a stylized owl with a prominent orange and brown plumage. The owl is wearing a pair of black glasses with a thin black frame. It has large, round, orange eyes with black pupils and a black beak. The owl's feathers are textured, giving them a fuzzy appearance. The owl is standing on two legs, and its feet are not visible. The background is plain white, which contrasts with the owl's colorful appearance. There is no visible text in the image. The style of the image is illustrative and cartoonish.	37880513844.png	The image depicts a group of animated characters seated in a semi-circle around a large screen displaying a graph with a rising trend. The characters appear to be engaged in a presentation or discussion. The screen is black with a grid pattern and a graph that resembles a mountain range with peaks and valleys. The characters are stylized with simple features and are dressed in various styles of clothing. The setting suggests a professional or educational environment. There is no visible text in the image.	13740408802.png	The image depicts a stylized, digital illustration of a mountainous landscape. In the foreground, there is a lush green field with a variety of wildflowers in shades of orange and yellow. The field is bordered by a few large rocks and a small cluster of trees. The middle ground features a prominent mountain with a steep, snow-covered peak. The mountain's base is rocky and appears to be covered in patches of snow and vegetation. The background shows a second, smaller mountain with a similar snow-capped peak. The sky is a light blue, suggesting a clear day. There is no visible text in the image. The style of the illustration is realistic with a touch of artistic stylization, particularly in the rendering of the foliage and the texture of the rocks and snow.
pohľad z vtáčej perspektívy	Moderná stavba areálu pripomína pri pohľade z vtáčej perspektívy UFO.		79979928824.png	The image shows a stylized, modern-looking computer monitor with a curved screen. The monitor is placed on a wooden stand. On the screen, there is a graph with a line chart that appears to represent some form of data, possibly financial or stock market information, given the context of the graph. The graph includes numerical values and percentages, suggesting it's tracking changes over time. The interface of the monitor has a clean, minimalist design with a dark background and a variety of icons and symbols that are likely indicators or tools for the data being displayed. The overall style of the image is digital and appears to be a conceptual or promotional illustration rather than a photograph of an actual product.	37880513844.png	The image depicts a group of animated characters seated in a semi-circle around a large screen displaying a graph with a rising trend. The characters appear to be engaged in a presentation or discussion. The screen is black with a grid pattern and a graph that resembles a mountain range with peaks and valleys. The characters are stylized with simple features and are dressed in various styles of clothing. The setting suggests a professional or educational environment. There is no visible text in the image.	78737200193.png	The image features a stylized owl with a prominent orange and brown plumage. The owl is wearing a pair of black glasses with a thin black frame. It has large, round, orange eyes with black pupils and a black beak. The owl's feathers are textured, giving them a fuzzy appearance. The owl is standing on two legs, and its feet are not visible. The background is plain white, which contrasts with the owl's colorful appearance. There is no visible text in the image. The style of the image is illustrative and cartoonish.	66151027097.png	The image depicts a vibrant landscape scene. In the foreground, there is a large bird with a prominent orange beak and a black body, soaring above the landscape. The bird is in the center of the image, with its wings spread wide.  The landscape features a variety of elements. There are several buildings, including a white house with a red roof, situated in the middle of the scene. The buildings are surrounded by a mix of green and brown vegetation, with trees and bushes scattered throughout the area.  In the background, there are rolling hills and a body of water, which appears to be a lake or a large pond. The sky is a light blue with a few clouds scattered across it. The overall style of the painting is realistic with a focus on bright colors and detailed textures.	13740408802.png	The image depicts a stylized, digital illustration of a mountainous landscape. In the foreground, there is a lush green field with a variety of wildflowers in shades of orange and yellow. The field is bordered by a few large rocks and a small cluster of trees. The middle ground features a prominent mountain with a steep, snow-covered peak. The mountain's base is rocky and appears to be covered in patches of snow and vegetation. The background shows a second, smaller mountain with a similar snow-capped peak. The sky is a light blue, suggesting a clear day. There is no visible text in the image. The style of the illustration is realistic with a touch of artistic stylization, particularly in the rendering of the foliage and the texture of the rocks and snow.
pohľad z vtáčej perspektívy	Optimisti sa naopak oddávajú opojnému pocitu pri pohľade z vtáčej perspektívy na okolitú prírodu.		37880513844.png	The image depicts a group of animated characters seated in a semi-circle around a large screen displaying a graph with a rising trend. The characters appear to be engaged in a presentation or discussion. The screen is black with a grid pattern and a graph that resembles a mountain range with peaks and valleys. The characters are stylized with simple features and are dressed in various styles of clothing. The setting suggests a professional or educational environment. There is no visible text in the image.	79979928824.png	The image shows a stylized, modern-looking computer monitor with a curved screen. The monitor is placed on a wooden stand. On the screen, there is a graph with a line chart that appears to represent some form of data, possibly financial or stock market information, given the context of the graph. The graph includes numerical values and percentages, suggesting it's tracking changes over time. The interface of the monitor has a clean, minimalist design with a dark background and a variety of icons and symbols that are likely indicators or tools for the data being displayed. The overall style of the image is digital and appears to be a conceptual or promotional illustration rather than a photograph of an actual product.	13740408802.png	The image depicts a stylized, digital illustration of a mountainous landscape. In the foreground, there is a lush green field with a variety of wildflowers in shades of orange and yellow. The field is bordered by a few large rocks and a small cluster of trees. The middle ground features a prominent mountain with a steep, snow-covered peak. The mountain's base is rocky and appears to be covered in patches of snow and vegetation. The background shows a second, smaller mountain with a similar snow-capped peak. The sky is a light blue, suggesting a clear day. There is no visible text in the image. The style of the illustration is realistic with a touch of artistic stylization, particularly in the rendering of the foliage and the texture of the rocks and snow.	66151027097.png	The image depicts a vibrant landscape scene. In the foreground, there is a large bird with a prominent orange beak and a black body, soaring above the landscape. The bird is in the center of the image, with its wings spread wide.  The landscape features a variety of elements. There are several buildings, including a white house with a red roof, situated in the middle of the scene. The buildings are surrounded by a mix of green and brown vegetation, with trees and bushes scattered throughout the area.  In the background, there are rolling hills and a body of water, which appears to be a lake or a large pond. The sky is a light blue with a few clouds scattered across it. The overall style of the painting is realistic with a focus on bright colors and detailed textures.	78737200193.png	The image features a stylized owl with a prominent orange and brown plumage. The owl is wearing a pair of black glasses with a thin black frame. It has large, round, orange eyes with black pupils and a black beak. The owl's feathers are textured, giving them a fuzzy appearance. The owl is standing on two legs, and its feet are not visible. The background is plain white, which contrasts with the owl's colorful appearance. There is no visible text in the image. The style of the image is illustrative and cartoonish.
čierny trh	UEFA sa obáva, že vstupenky sa práve prostredníctvom čierneho trhu dostanú k nemeckým a anglickým fanúšikom.		66658368463.png	"The image depicts a stylized, cartoon-like illustration of a road leading towards a tree with a full canopy. On the right side of the road, there is a sign with an ""X"" symbol, which is commonly associated with a prohibition or warning. The road is flanked by rocks and vegetation, including what appears to be a small patch of grass and some yellow flowers. The overall style is reminiscent of a digital painting or a digital illustration. There is no visible text in the image."	50841384636.png	The image features two animated characters. On the left is a character with a mustache, wearing glasses, a police hat, and a badge. This character is carrying a bundle of money and a gun holster. On the right is a character wearing a mask, a suit, and a tie. This character is carrying a briefcase. The characters are depicted in a stylized manner, with exaggerated features and a cartoonish style. There is no visible text in the image. The characters appear to be in motion, as suggested by the dynamic poses and the shadow on the ground. The overall impression is that of a scene from a cartoon or animated film.	23347106638.png	The image depicts a stylized, cartoon-like scene of two animated characters, a man and a woman, standing in front of a market stall. The man is on the left and the woman is on the right. They are both dressed in colorful, patterned clothing with orange and yellow tones. The man is wearing a yellow shirt with a black apron, and the woman is wearing an orange dress with a yellow apron.  The market stall is filled with various items, including potted plants, bottles, bowls, and other containers. The stall is covered with a large orange awning, and there is a hanging lantern with a yellow bulb above the stall. The ground is made of wooden planks, and there are additional potted plants and a small orange crate on the ground.  The characters appear to be engaged in a conversation or transaction, as suggested by their body language and the context of the market setting. There is no visible text in the image. The style of the image is illustrative and appears to be designed for a children's book or a similar medium.	96938976080.png	The image depicts a stylized, cartoon-like outdoor market stall. The stall has a black roof with a curved, pointed front, supported by two wooden posts. The roof is adorned with orange fabric with a floral pattern. Below the roof, there is a wooden counter with a variety of items on display, including what appears to be jars, bottles, and possibly some food items.  In front of the counter, there is a wooden bench with a cushion, and to the right, there is a small wooden table with a plant on it. The ground is covered with a variety of potted plants, and there are additional plants placed around the stall. The overall color scheme is warm, with a focus on orange and brown tones. There is no visible text in the image.	40719247223.png	The image depicts a vibrant outdoor market scene. At the center of the image is a large, colorful tent with an orange and white striped roof, providing shade for the market stalls underneath. The tent is supported by wooden poles and has a curved front.  Under the tent, there are several market stalls with various fruits and vegetables on display. The stalls are filled with a variety of produce, including oranges, apples, and bananas. There are also baskets of what appear to be bread or pastries.  Around the market, there are several people engaged in shopping or selling. They are dressed in traditional clothing, suggesting a cultural or regional setting. The people are standing and interacting with each other and the market stalls.  The ground is made of stone tiles, and the overall atmosphere of the image is lively and bustling, typical of a local market. There is no visible text in the image. The style of the image is illustrative, with a focus on bright colors and a cartoon-like quality.
čierny trh	Niekde pri vstupe do krajiny požadujú orgány zoznam dovážaných osobných predmetov, aby nedošlo k ich predaju na čiernom trhu.		40719247223.png	The image depicts a vibrant outdoor market scene. At the center of the image is a large, colorful tent with an orange and white striped roof, providing shade for the market stalls underneath. The tent is supported by wooden poles and has a curved front.  Under the tent, there are several market stalls with various fruits and vegetables on display. The stalls are filled with a variety of produce, including oranges, apples, and bananas. There are also baskets of what appear to be bread or pastries.  Around the market, there are several people engaged in shopping or selling. They are dressed in traditional clothing, suggesting a cultural or regional setting. The people are standing and interacting with each other and the market stalls.  The ground is made of stone tiles, and the overall atmosphere of the image is lively and bustling, typical of a local market. There is no visible text in the image. The style of the image is illustrative, with a focus on bright colors and a cartoon-like quality.	66658368463.png	"The image depicts a stylized, cartoon-like illustration of a road leading towards a tree with a full canopy. On the right side of the road, there is a sign with an ""X"" symbol, which is commonly associated with a prohibition or warning. The road is flanked by rocks and vegetation, including what appears to be a small patch of grass and some yellow flowers. The overall style is reminiscent of a digital painting or a digital illustration. There is no visible text in the image."	23347106638.png	The image depicts a stylized, cartoon-like scene of two animated characters, a man and a woman, standing in front of a market stall. The man is on the left and the woman is on the right. They are both dressed in colorful, patterned clothing with orange and yellow tones. The man is wearing a yellow shirt with a black apron, and the woman is wearing an orange dress with a yellow apron.  The market stall is filled with various items, including potted plants, bottles, bowls, and other containers. The stall is covered with a large orange awning, and there is a hanging lantern with a yellow bulb above the stall. The ground is made of wooden planks, and there are additional potted plants and a small orange crate on the ground.  The characters appear to be engaged in a conversation or transaction, as suggested by their body language and the context of the market setting. There is no visible text in the image. The style of the image is illustrative and appears to be designed for a children's book or a similar medium.	96938976080.png	The image depicts a stylized, cartoon-like outdoor market stall. The stall has a black roof with a curved, pointed front, supported by two wooden posts. The roof is adorned with orange fabric with a floral pattern. Below the roof, there is a wooden counter with a variety of items on display, including what appears to be jars, bottles, and possibly some food items.  In front of the counter, there is a wooden bench with a cushion, and to the right, there is a small wooden table with a plant on it. The ground is covered with a variety of potted plants, and there are additional plants placed around the stall. The overall color scheme is warm, with a focus on orange and brown tones. There is no visible text in the image.	50841384636.png	The image features two animated characters. On the left is a character with a mustache, wearing glasses, a police hat, and a badge. This character is carrying a bundle of money and a gun holster. On the right is a character wearing a mask, a suit, and a tie. This character is carrying a briefcase. The characters are depicted in a stylized manner, with exaggerated features and a cartoonish style. There is no visible text in the image. The characters appear to be in motion, as suggested by the dynamic poses and the shadow on the ground. The overall impression is that of a scene from a cartoon or animated film.
tajná operácia	V roku 1972 ho vojenský súd za zradu odsúdil na trest smrti, čo bola odmena za to, že detailne opísal množstvo tajných operácií ŠtB a KGB.		26746661643.png	The image depicts a stylized, cartoon-like illustration of a school bus. The bus is predominantly orange with black accents, featuring a large front grille, two headlights, and a windshield. There are three windows visible on the side of the bus, and the roof is adorned with a luggage rack. The bus has a pair of side mirrors and a spare tire mounted on the back. There is no visible text in the image. The style of the image is reminiscent of a digital rendering or illustration, with a clean and smooth finish.	45875940049.png	The image features a cartoon character, a man, depicted in a dynamic pose as if he is running. He is wearing a black suit with a white shirt and a red tie. The man has a stern expression, with a frown and a serious gaze. He is holding a gun in his right hand, which is pointed to the left side of the image. The man's left hand is raised, and there are orange flowers or petals flying around him, suggesting movement. The background is plain and light-colored, which contrasts with the dark suit and the bright orange of the flying petals. There is no visible text in the image.	41569264622.png	The image depicts an animated character, a young boy, dressed in a medical uniform with a helmet that has a cross symbol on it, suggesting a medical theme. He is standing at a medical workstation with a large monitor displaying a heartbeat pattern. The boy is holding a scalpel and appears to be performing a medical procedure on a table with various medical equipment and supplies. The setting includes a lamp, a stethoscope, and a small cabinet with drawers. The overall style is cartoonish and colorful, with a focus on the character and the medical equipment.	86075523252.png	The image is a digital illustration depicting a group of five animated characters in a meeting room setting. The characters are dressed in military uniforms, with one character standing and the others seated around a table. The standing character is facing the seated group, with his arms crossed and a stern expression. The seated characters are looking at him, with one of them holding a tablet.  On the wall behind the characters is a large map with various markings and symbols, suggesting a strategic or tactical discussion. There are also three helicopters depicted in the background, one of which is flying low, while the other two are stationary.  The room is furnished with a desk and chairs, and there are various items on the table, including a laptop, a notepad, and a few bottles. The overall style of the image is cartoonish, with a focus on character design and a realistic depiction of the environment. There is no visible text in the image.	84556190714.png	The image depicts a scene with a central figure wearing an orange jumpsuit, resembling a hazmat suit, standing next to a hospital bed. The individual appears to be examining or interacting with the bed. Above the bed, there are two large, circular lights, which could be interpreted as medical or surgical lamps. The room has a dark, industrial aesthetic with exposed pipes and a rusted floor. The walls are covered in what looks like a dark, possibly contaminated substance. There are various pieces of medical equipment scattered around the room, including a monitor, a keyboard, and a cart with drawers. The overall setting suggests a medical or healthcare environment that is in a state of disrepair or neglect.
tajná operácia	Šesť neznámych, expertov na zbrane, muníciu, sledovanie a tajné operácie sa stretne v chátrajúcom skladisku v srdci Paríža.		26746661643.png	The image depicts a stylized, cartoon-like illustration of a school bus. The bus is predominantly orange with black accents, featuring a large front grille, two headlights, and a windshield. There are three windows visible on the side of the bus, and the roof is adorned with a luggage rack. The bus has a pair of side mirrors and a spare tire mounted on the back. There is no visible text in the image. The style of the image is reminiscent of a digital rendering or illustration, with a clean and smooth finish.	84556190714.png	The image depicts a scene with a central figure wearing an orange jumpsuit, resembling a hazmat suit, standing next to a hospital bed. The individual appears to be examining or interacting with the bed. Above the bed, there are two large, circular lights, which could be interpreted as medical or surgical lamps. The room has a dark, industrial aesthetic with exposed pipes and a rusted floor. The walls are covered in what looks like a dark, possibly contaminated substance. There are various pieces of medical equipment scattered around the room, including a monitor, a keyboard, and a cart with drawers. The overall setting suggests a medical or healthcare environment that is in a state of disrepair or neglect.	86075523252.png	The image is a digital illustration depicting a group of five animated characters in a meeting room setting. The characters are dressed in military uniforms, with one character standing and the others seated around a table. The standing character is facing the seated group, with his arms crossed and a stern expression. The seated characters are looking at him, with one of them holding a tablet.  On the wall behind the characters is a large map with various markings and symbols, suggesting a strategic or tactical discussion. There are also three helicopters depicted in the background, one of which is flying low, while the other two are stationary.  The room is furnished with a desk and chairs, and there are various items on the table, including a laptop, a notepad, and a few bottles. The overall style of the image is cartoonish, with a focus on character design and a realistic depiction of the environment. There is no visible text in the image.	41569264622.png	The image depicts an animated character, a young boy, dressed in a medical uniform with a helmet that has a cross symbol on it, suggesting a medical theme. He is standing at a medical workstation with a large monitor displaying a heartbeat pattern. The boy is holding a scalpel and appears to be performing a medical procedure on a table with various medical equipment and supplies. The setting includes a lamp, a stethoscope, and a small cabinet with drawers. The overall style is cartoonish and colorful, with a focus on the character and the medical equipment.	45875940049.png	The image features a cartoon character, a man, depicted in a dynamic pose as if he is running. He is wearing a black suit with a white shirt and a red tie. The man has a stern expression, with a frown and a serious gaze. He is holding a gun in his right hand, which is pointed to the left side of the image. The man's left hand is raised, and there are orange flowers or petals flying around him, suggesting movement. The background is plain and light-colored, which contrasts with the dark suit and the bright orange of the flying petals. There is no visible text in the image.
tajná operácia	Len malé množstvo úradníkov a niekoľko lekárov tejto nemocnice je zapojených do tajných operácii vyberania orgánov.		41569264622.png	The image depicts an animated character, a young boy, dressed in a medical uniform with a helmet that has a cross symbol on it, suggesting a medical theme. He is standing at a medical workstation with a large monitor displaying a heartbeat pattern. The boy is holding a scalpel and appears to be performing a medical procedure on a table with various medical equipment and supplies. The setting includes a lamp, a stethoscope, and a small cabinet with drawers. The overall style is cartoonish and colorful, with a focus on the character and the medical equipment.	45875940049.png	The image features a cartoon character, a man, depicted in a dynamic pose as if he is running. He is wearing a black suit with a white shirt and a red tie. The man has a stern expression, with a frown and a serious gaze. He is holding a gun in his right hand, which is pointed to the left side of the image. The man's left hand is raised, and there are orange flowers or petals flying around him, suggesting movement. The background is plain and light-colored, which contrasts with the dark suit and the bright orange of the flying petals. There is no visible text in the image.	86075523252.png	The image is a digital illustration depicting a group of five animated characters in a meeting room setting. The characters are dressed in military uniforms, with one character standing and the others seated around a table. The standing character is facing the seated group, with his arms crossed and a stern expression. The seated characters are looking at him, with one of them holding a tablet.  On the wall behind the characters is a large map with various markings and symbols, suggesting a strategic or tactical discussion. There are also three helicopters depicted in the background, one of which is flying low, while the other two are stationary.  The room is furnished with a desk and chairs, and there are various items on the table, including a laptop, a notepad, and a few bottles. The overall style of the image is cartoonish, with a focus on character design and a realistic depiction of the environment. There is no visible text in the image.	26746661643.png	The image depicts a stylized, cartoon-like illustration of a school bus. The bus is predominantly orange with black accents, featuring a large front grille, two headlights, and a windshield. There are three windows visible on the side of the bus, and the roof is adorned with a luggage rack. The bus has a pair of side mirrors and a spare tire mounted on the back. There is no visible text in the image. The style of the image is reminiscent of a digital rendering or illustration, with a clean and smooth finish.	84556190714.png	The image depicts a scene with a central figure wearing an orange jumpsuit, resembling a hazmat suit, standing next to a hospital bed. The individual appears to be examining or interacting with the bed. Above the bed, there are two large, circular lights, which could be interpreted as medical or surgical lamps. The room has a dark, industrial aesthetic with exposed pipes and a rusted floor. The walls are covered in what looks like a dark, possibly contaminated substance. There are various pieces of medical equipment scattered around the room, including a monitor, a keyboard, and a cart with drawers. The overall setting suggests a medical or healthcare environment that is in a state of disrepair or neglect.
tajná operácia	Po tajnej operácii hrubého čreva začal minister vnútra napriek prísnemu zákazu lekárov fajčiť a piť kolu.		41569264622.png	The image depicts an animated character, a young boy, dressed in a medical uniform with a helmet that has a cross symbol on it, suggesting a medical theme. He is standing at a medical workstation with a large monitor displaying a heartbeat pattern. The boy is holding a scalpel and appears to be performing a medical procedure on a table with various medical equipment and supplies. The setting includes a lamp, a stethoscope, and a small cabinet with drawers. The overall style is cartoonish and colorful, with a focus on the character and the medical equipment.	86075523252.png	The image is a digital illustration depicting a group of five animated characters in a meeting room setting. The characters are dressed in military uniforms, with one character standing and the others seated around a table. The standing character is facing the seated group, with his arms crossed and a stern expression. The seated characters are looking at him, with one of them holding a tablet.  On the wall behind the characters is a large map with various markings and symbols, suggesting a strategic or tactical discussion. There are also three helicopters depicted in the background, one of which is flying low, while the other two are stationary.  The room is furnished with a desk and chairs, and there are various items on the table, including a laptop, a notepad, and a few bottles. The overall style of the image is cartoonish, with a focus on character design and a realistic depiction of the environment. There is no visible text in the image.	26746661643.png	The image depicts a stylized, cartoon-like illustration of a school bus. The bus is predominantly orange with black accents, featuring a large front grille, two headlights, and a windshield. There are three windows visible on the side of the bus, and the roof is adorned with a luggage rack. The bus has a pair of side mirrors and a spare tire mounted on the back. There is no visible text in the image. The style of the image is reminiscent of a digital rendering or illustration, with a clean and smooth finish.	84556190714.png	The image depicts a scene with a central figure wearing an orange jumpsuit, resembling a hazmat suit, standing next to a hospital bed. The individual appears to be examining or interacting with the bed. Above the bed, there are two large, circular lights, which could be interpreted as medical or surgical lamps. The room has a dark, industrial aesthetic with exposed pipes and a rusted floor. The walls are covered in what looks like a dark, possibly contaminated substance. There are various pieces of medical equipment scattered around the room, including a monitor, a keyboard, and a cart with drawers. The overall setting suggests a medical or healthcare environment that is in a state of disrepair or neglect.	45875940049.png	The image features a cartoon character, a man, depicted in a dynamic pose as if he is running. He is wearing a black suit with a white shirt and a red tie. The man has a stern expression, with a frown and a serious gaze. He is holding a gun in his right hand, which is pointed to the left side of the image. The man's left hand is raised, and there are orange flowers or petals flying around him, suggesting movement. The background is plain and light-colored, which contrasts with the dark suit and the bright orange of the flying petals. There is no visible text in the image.
čierna ovca	Celý život ste sa za mňa hanbili ako za čiernu ovcu.		85010249027.png	The image features a cartoon black sheep standing in the center, surrounded by a large herd of white sheep. The black sheep has a red ear tag and is looking directly at the viewer with a slight smile. The white sheep have orange ear tags and are looking in various directions, with some appearing to be looking at the black sheep. The background is plain white, emphasizing the herd of sheep. There is no visible text in the image. The style of the image is illustrative and appears to be designed for a children's book or similar media.	39389443962.png	The image depicts a stylized illustration of a tree with a few bare branches. At the base of the tree, there is a nest made of straw, containing five white eggs. Perched on the edge of the nest is a small, orange bird with a brown tail. Above the nest, there are two orange leaves floating in the air. The background is a plain, light color, providing a stark contrast to the tree and the nest. There is no visible text in the image. The style of the image is digital art with a focus on simplicity and a limited color palette.	69767282931.png	The image depicts a flock of white sheep with brown faces and legs, standing on a grassy hill. The sheep are arranged in a pattern that suggests they are looking towards the viewer. The background is a clear sky with a few clouds. There is no visible text in the image. The style of the image is illustrative and cartoonish, with a focus on the sheep's expressions and the overall composition of the flock.	68485333972.png	The image is a digital illustration featuring two animated female characters. On the left is a character with short blonde hair, wearing a black tank top with a floral tattoo on her left arm. She has a neutral expression with a slight frown. On the right is a character with dark hair tied in a ponytail, wearing a black long-sleeved top. She has a more expressive face with wide eyes and a frown, and her mouth is slightly open. Both characters appear to be in a conversation or interaction, as suggested by their body language and facial expressions. There is no visible text in the image.	25088630738.png	The image is a digital illustration featuring three animated characters. On the left is a woman with brown hair, wearing glasses, a white blouse, and black pants. She is smiling and holding a man's hand. The man in the center is wearing glasses, a brown suit with a tie, and black shoes. He is also smiling and has his arm around the woman's waist. On the right is a younger male character with brown hair, wearing sunglasses, a black t-shirt, and blue jeans. He is also smiling and is seated on an orange motorcycle. The motorcycle has a black seat and handlebars, and the wheels are visible. The background is plain white, emphasizing the characters. There is no visible text in the image.
čierna ovca	Nietzsche ma vyprovokoval k úvahám o Bohu a motivoval k obdivuhodnému archetypu, s ktorým som sa stotožnil do takej miery, až ma otec vyhnal z domu ako čiernu ovcu.		68485333972.png	The image is a digital illustration featuring two animated female characters. On the left is a character with short blonde hair, wearing a black tank top with a floral tattoo on her left arm. She has a neutral expression with a slight frown. On the right is a character with dark hair tied in a ponytail, wearing a black long-sleeved top. She has a more expressive face with wide eyes and a frown, and her mouth is slightly open. Both characters appear to be in a conversation or interaction, as suggested by their body language and facial expressions. There is no visible text in the image.	85010249027.png	The image features a cartoon black sheep standing in the center, surrounded by a large herd of white sheep. The black sheep has a red ear tag and is looking directly at the viewer with a slight smile. The white sheep have orange ear tags and are looking in various directions, with some appearing to be looking at the black sheep. The background is plain white, emphasizing the herd of sheep. There is no visible text in the image. The style of the image is illustrative and appears to be designed for a children's book or similar media.	69767282931.png	The image depicts a flock of white sheep with brown faces and legs, standing on a grassy hill. The sheep are arranged in a pattern that suggests they are looking towards the viewer. The background is a clear sky with a few clouds. There is no visible text in the image. The style of the image is illustrative and cartoonish, with a focus on the sheep's expressions and the overall composition of the flock.	39389443962.png	The image depicts a stylized illustration of a tree with a few bare branches. At the base of the tree, there is a nest made of straw, containing five white eggs. Perched on the edge of the nest is a small, orange bird with a brown tail. Above the nest, there are two orange leaves floating in the air. The background is a plain, light color, providing a stark contrast to the tree and the nest. There is no visible text in the image. The style of the image is digital art with a focus on simplicity and a limited color palette.	25088630738.png	The image is a digital illustration featuring three animated characters. On the left is a woman with brown hair, wearing glasses, a white blouse, and black pants. She is smiling and holding a man's hand. The man in the center is wearing glasses, a brown suit with a tie, and black shoes. He is also smiling and has his arm around the woman's waist. On the right is a younger male character with brown hair, wearing sunglasses, a black t-shirt, and blue jeans. He is also smiling and is seated on an orange motorcycle. The motorcycle has a black seat and handlebars, and the wheels are visible. The background is plain white, emphasizing the characters. There is no visible text in the image.
čierna ovca	Tak som prišiel k neomylnej vešteckej schopnosti, ktorú mi závideli všetci iní veštci a budúce pokolenia, schopnosť, pre ktorú ma vyvolala krv čiernej ovce a barana z pokoja podsvetia na zem.		69767282931.png	The image depicts a flock of white sheep with brown faces and legs, standing on a grassy hill. The sheep are arranged in a pattern that suggests they are looking towards the viewer. The background is a clear sky with a few clouds. There is no visible text in the image. The style of the image is illustrative and cartoonish, with a focus on the sheep's expressions and the overall composition of the flock.	85010249027.png	The image features a cartoon black sheep standing in the center, surrounded by a large herd of white sheep. The black sheep has a red ear tag and is looking directly at the viewer with a slight smile. The white sheep have orange ear tags and are looking in various directions, with some appearing to be looking at the black sheep. The background is plain white, emphasizing the herd of sheep. There is no visible text in the image. The style of the image is illustrative and appears to be designed for a children's book or similar media.	68485333972.png	The image is a digital illustration featuring two animated female characters. On the left is a character with short blonde hair, wearing a black tank top with a floral tattoo on her left arm. She has a neutral expression with a slight frown. On the right is a character with dark hair tied in a ponytail, wearing a black long-sleeved top. She has a more expressive face with wide eyes and a frown, and her mouth is slightly open. Both characters appear to be in a conversation or interaction, as suggested by their body language and facial expressions. There is no visible text in the image.	25088630738.png	The image is a digital illustration featuring three animated characters. On the left is a woman with brown hair, wearing glasses, a white blouse, and black pants. She is smiling and holding a man's hand. The man in the center is wearing glasses, a brown suit with a tie, and black shoes. He is also smiling and has his arm around the woman's waist. On the right is a younger male character with brown hair, wearing sunglasses, a black t-shirt, and blue jeans. He is also smiling and is seated on an orange motorcycle. The motorcycle has a black seat and handlebars, and the wheels are visible. The background is plain white, emphasizing the characters. There is no visible text in the image.	39389443962.png	The image depicts a stylized illustration of a tree with a few bare branches. At the base of the tree, there is a nest made of straw, containing five white eggs. Perched on the edge of the nest is a small, orange bird with a brown tail. Above the nest, there are two orange leaves floating in the air. The background is a plain, light color, providing a stark contrast to the tree and the nest. There is no visible text in the image. The style of the image is digital art with a focus on simplicity and a limited color palette.
čierna ovca	Odíď sám bez sprievodu na osamelé miesto, vyhrab jamku a obetuj mŕtvym čierneho barana a čiernu ovcu.		69767282931.png	The image depicts a flock of white sheep with brown faces and legs, standing on a grassy hill. The sheep are arranged in a pattern that suggests they are looking towards the viewer. The background is a clear sky with a few clouds. There is no visible text in the image. The style of the image is illustrative and cartoonish, with a focus on the sheep's expressions and the overall composition of the flock.	85010249027.png	The image features a cartoon black sheep standing in the center, surrounded by a large herd of white sheep. The black sheep has a red ear tag and is looking directly at the viewer with a slight smile. The white sheep have orange ear tags and are looking in various directions, with some appearing to be looking at the black sheep. The background is plain white, emphasizing the herd of sheep. There is no visible text in the image. The style of the image is illustrative and appears to be designed for a children's book or similar media.	68485333972.png	The image is a digital illustration featuring two animated female characters. On the left is a character with short blonde hair, wearing a black tank top with a floral tattoo on her left arm. She has a neutral expression with a slight frown. On the right is a character with dark hair tied in a ponytail, wearing a black long-sleeved top. She has a more expressive face with wide eyes and a frown, and her mouth is slightly open. Both characters appear to be in a conversation or interaction, as suggested by their body language and facial expressions. There is no visible text in the image.	25088630738.png	The image is a digital illustration featuring three animated characters. On the left is a woman with brown hair, wearing glasses, a white blouse, and black pants. She is smiling and holding a man's hand. The man in the center is wearing glasses, a brown suit with a tie, and black shoes. He is also smiling and has his arm around the woman's waist. On the right is a younger male character with brown hair, wearing sunglasses, a black t-shirt, and blue jeans. He is also smiling and is seated on an orange motorcycle. The motorcycle has a black seat and handlebars, and the wheels are visible. The background is plain white, emphasizing the characters. There is no visible text in the image.	39389443962.png	The image depicts a stylized illustration of a tree with a few bare branches. At the base of the tree, there is a nest made of straw, containing five white eggs. Perched on the edge of the nest is a small, orange bird with a brown tail. Above the nest, there are two orange leaves floating in the air. The background is a plain, light color, providing a stark contrast to the tree and the nest. There is no visible text in the image. The style of the image is digital art with a focus on simplicity and a limited color palette.
hľadanie vinníka	Na úvod rokovania vyhlásil, že diskusia nemá byť o hľadaní vinníka za situáciu v školstve, ale o riešeniach.		54155129821.png	The image depicts two animated characters. On the left, there is a boy wearing an orange hat and coat, holding a magnifying glass and looking at the ground. He is standing on a patch of dirt with a few small rocks around. On the right, there is another boy peeking out from behind a tree, looking surprised or curious. The tree has a full canopy of green leaves. The background is plain white, emphasizing the characters and their immediate surroundings. There is no visible text in the image.	81720177333.png	The image depicts a cartoon-style illustration of a classroom setting. At the front of the room, there is a teacher standing behind a podium with a laptop on it. The teacher is wearing glasses and has short hair. The students are seated in rows of desks, facing the teacher. There are five students visible, each with a different hairstyle and color. The students are attentively looking towards the teacher. The classroom has a whiteboard on the wall behind the teacher. The overall scene suggests an educational environment, likely a classroom during a lecture or presentation.	16691497298.png	The image is a digital illustration featuring three stylized characters. On the left, there is a man with a beard and mustache, wearing a dark suit with a light-colored shirt and a red tie. He is pointing with his right hand. In the center, there is a young boy with glasses, wearing a white lab coat with a red tie and brown pants. He has a surprised or curious expression. To the right, there are two men in suits, one of whom is gesturing with his right hand. Above the characters, there is a graph with an orange line and a cone-shaped object on the right side. The background is plain white. There is no visible text in the image.	57739523534.png	The image shows a bicycle wheel with a vibrant orange and yellow center, which appears to be a hub or a decorative element. The wheel is tilted to the side, resting on a cracked, gray surface that suggests a rough or uneven terrain. The spokes of the wheel are visible and extend from the center to the rim. The background is plain and does not provide any additional context or information. There is no visible text in the image. The style of the image is illustrative, with a focus on the wheel and its immediate surroundings.	11554113597.png	The image is an illustration featuring a man and a group of children. The man is seated on the ground, looking at a soccer ball with a stern expression. He has a mustache and is wearing a white shirt and dark pants. The children are standing behind a broken window, looking out with expressions of concern or curiosity. They are dressed in orange shirts with white stripes and white shorts. The setting appears to be an urban environment with a brick wall and grass growing around the base. There is no visible text in the image.
hľadanie vinníka	Pri emotívnom, citovom zranení odchodom drahého človeka dochádza k hľadaniu vinníka.		81720177333.png	The image depicts a cartoon-style illustration of a classroom setting. At the front of the room, there is a teacher standing behind a podium with a laptop on it. The teacher is wearing glasses and has short hair. The students are seated in rows of desks, facing the teacher. There are five students visible, each with a different hairstyle and color. The students are attentively looking towards the teacher. The classroom has a whiteboard on the wall behind the teacher. The overall scene suggests an educational environment, likely a classroom during a lecture or presentation.	16691497298.png	The image is a digital illustration featuring three stylized characters. On the left, there is a man with a beard and mustache, wearing a dark suit with a light-colored shirt and a red tie. He is pointing with his right hand. In the center, there is a young boy with glasses, wearing a white lab coat with a red tie and brown pants. He has a surprised or curious expression. To the right, there are two men in suits, one of whom is gesturing with his right hand. Above the characters, there is a graph with an orange line and a cone-shaped object on the right side. The background is plain white. There is no visible text in the image.	11554113597.png	The image is an illustration featuring a man and a group of children. The man is seated on the ground, looking at a soccer ball with a stern expression. He has a mustache and is wearing a white shirt and dark pants. The children are standing behind a broken window, looking out with expressions of concern or curiosity. They are dressed in orange shirts with white stripes and white shorts. The setting appears to be an urban environment with a brick wall and grass growing around the base. There is no visible text in the image.	54155129821.png	The image depicts two animated characters. On the left, there is a boy wearing an orange hat and coat, holding a magnifying glass and looking at the ground. He is standing on a patch of dirt with a few small rocks around. On the right, there is another boy peeking out from behind a tree, looking surprised or curious. The tree has a full canopy of green leaves. The background is plain white, emphasizing the characters and their immediate surroundings. There is no visible text in the image.	57739523534.png	The image shows a bicycle wheel with a vibrant orange and yellow center, which appears to be a hub or a decorative element. The wheel is tilted to the side, resting on a cracked, gray surface that suggests a rough or uneven terrain. The spokes of the wheel are visible and extend from the center to the rim. The background is plain and does not provide any additional context or information. There is no visible text in the image. The style of the image is illustrative, with a focus on the wheel and its immediate surroundings.
hľadanie vinníka	Pri hľadaní vinníka nehody súd opomenul skutočnosť, že Železnice Slovenskej republiky nevyhoveli žiadostiam o zabezpečenie priecestia, ktorého význam prudko zmenila výstavba lyžiarskeho strediska.		54155129821.png	The image depicts two animated characters. On the left, there is a boy wearing an orange hat and coat, holding a magnifying glass and looking at the ground. He is standing on a patch of dirt with a few small rocks around. On the right, there is another boy peeking out from behind a tree, looking surprised or curious. The tree has a full canopy of green leaves. The background is plain white, emphasizing the characters and their immediate surroundings. There is no visible text in the image.	11554113597.png	The image is an illustration featuring a man and a group of children. The man is seated on the ground, looking at a soccer ball with a stern expression. He has a mustache and is wearing a white shirt and dark pants. The children are standing behind a broken window, looking out with expressions of concern or curiosity. They are dressed in orange shirts with white stripes and white shorts. The setting appears to be an urban environment with a brick wall and grass growing around the base. There is no visible text in the image.	16691497298.png	The image is a digital illustration featuring three stylized characters. On the left, there is a man with a beard and mustache, wearing a dark suit with a light-colored shirt and a red tie. He is pointing with his right hand. In the center, there is a young boy with glasses, wearing a white lab coat with a red tie and brown pants. He has a surprised or curious expression. To the right, there are two men in suits, one of whom is gesturing with his right hand. Above the characters, there is a graph with an orange line and a cone-shaped object on the right side. The background is plain white. There is no visible text in the image.	81720177333.png	The image depicts a cartoon-style illustration of a classroom setting. At the front of the room, there is a teacher standing behind a podium with a laptop on it. The teacher is wearing glasses and has short hair. The students are seated in rows of desks, facing the teacher. There are five students visible, each with a different hairstyle and color. The students are attentively looking towards the teacher. The classroom has a whiteboard on the wall behind the teacher. The overall scene suggests an educational environment, likely a classroom during a lecture or presentation.	57739523534.png	The image shows a bicycle wheel with a vibrant orange and yellow center, which appears to be a hub or a decorative element. The wheel is tilted to the side, resting on a cracked, gray surface that suggests a rough or uneven terrain. The spokes of the wheel are visible and extend from the center to the rim. The background is plain and does not provide any additional context or information. There is no visible text in the image. The style of the image is illustrative, with a focus on the wheel and its immediate surroundings.
hľadanie vinníka	Dopravný znalec bude pri hľadaní vinníka vychádzať aj zo zákona o premávke na pozemných komunikáciách, podľa ktorého policajné vozidlá patria medzi vozidlá s právom prednostnej jazdy.		11554113597.png	The image is an illustration featuring a man and a group of children. The man is seated on the ground, looking at a soccer ball with a stern expression. He has a mustache and is wearing a white shirt and dark pants. The children are standing behind a broken window, looking out with expressions of concern or curiosity. They are dressed in orange shirts with white stripes and white shorts. The setting appears to be an urban environment with a brick wall and grass growing around the base. There is no visible text in the image.	54155129821.png	The image depicts two animated characters. On the left, there is a boy wearing an orange hat and coat, holding a magnifying glass and looking at the ground. He is standing on a patch of dirt with a few small rocks around. On the right, there is another boy peeking out from behind a tree, looking surprised or curious. The tree has a full canopy of green leaves. The background is plain white, emphasizing the characters and their immediate surroundings. There is no visible text in the image.	16691497298.png	The image is a digital illustration featuring three stylized characters. On the left, there is a man with a beard and mustache, wearing a dark suit with a light-colored shirt and a red tie. He is pointing with his right hand. In the center, there is a young boy with glasses, wearing a white lab coat with a red tie and brown pants. He has a surprised or curious expression. To the right, there are two men in suits, one of whom is gesturing with his right hand. Above the characters, there is a graph with an orange line and a cone-shaped object on the right side. The background is plain white. There is no visible text in the image.	57739523534.png	The image shows a bicycle wheel with a vibrant orange and yellow center, which appears to be a hub or a decorative element. The wheel is tilted to the side, resting on a cracked, gray surface that suggests a rough or uneven terrain. The spokes of the wheel are visible and extend from the center to the rim. The background is plain and does not provide any additional context or information. There is no visible text in the image. The style of the image is illustrative, with a focus on the wheel and its immediate surroundings.	81720177333.png	The image depicts a cartoon-style illustration of a classroom setting. At the front of the room, there is a teacher standing behind a podium with a laptop on it. The teacher is wearing glasses and has short hair. The students are seated in rows of desks, facing the teacher. There are five students visible, each with a different hairstyle and color. The students are attentively looking towards the teacher. The classroom has a whiteboard on the wall behind the teacher. The overall scene suggests an educational environment, likely a classroom during a lecture or presentation.
bolí ma z toho srdce	Už pred týždňom dal príkaz, aby sa z jeho vlastných prostriedkov pomohlo baníckym vdovám a sirotám, veď koho tak bolí srdce z celého tohto nešťastia, ak nie jeho.		55710901119.png	"The image shows a clear glass jar with an orange lid. Inside the jar, there is a depiction of a human brain with a visible stem, and two crossed-out symbols resembling an ""X"" are placed at the bottom of the jar. The jar is sealed with a black rubber seal and a metal clasp. The background is plain white."	21269773679.png	The image is a digital illustration featuring two animated characters. On the left is a man with a beard, wearing glasses, a brown shirt, dark pants, and brown shoes. He has a brown messenger bag slung over his shoulder. On the right is a woman with curly hair, wearing a bright orange dress with a patterned border, and a black bag over her shoulder. She is holding a baby wrapped in a blanket. Both characters are standing and facing each other. There is no visible text in the image. The style of the illustration is cartoonish with a limited color palette.	42122107230.png	The image depicts a stylized illustration of a heart that appears to be cracked open, revealing its interior. The heart is rendered in a warm orange color with a rough, textured surface that suggests it has been damaged or broken. Surrounding the heart are smaller orange shapes that resemble shards or fragments, which are scattered around the heart, giving the impression of the heart being shattered. The background is plain white, which contrasts with the orange elements, making them stand out. There is no visible text in the image. The style of the illustration is graphic and appears to be digitally created.	50797702214.png	The image is a digital illustration featuring two animated characters. On the left is a young man with short brown hair, wearing a green shirt and brown pants, with his hands clasped over his chest. On the right is an older man with gray hair, wearing glasses, a white shirt, and a stethoscope around his neck, standing behind a desk with a laptop displaying an ECG graph. The older man is gesturing with his right hand, which is extended towards the young man. The setting appears to be a medical or healthcare office. There is no visible text in the image.	71327633218.png	The image is a digital illustration of a male character with a stylized appearance. He has a beard and mustache, and his hair is styled in a short, wavy manner. The character's eyes are closed, and there are visible tears streaming down his cheeks. He is wearing a light-colored shirt with a collar. The background is plain and does not provide any additional context or details. There is no visible text in the image.
bolí ma z toho srdce	Ale dnes, keď vidím, v akom dezolátnom stave je Bratislava, bolí ma z toho srdce.		42122107230.png	The image depicts a stylized illustration of a heart that appears to be cracked open, revealing its interior. The heart is rendered in a warm orange color with a rough, textured surface that suggests it has been damaged or broken. Surrounding the heart are smaller orange shapes that resemble shards or fragments, which are scattered around the heart, giving the impression of the heart being shattered. The background is plain white, which contrasts with the orange elements, making them stand out. There is no visible text in the image. The style of the illustration is graphic and appears to be digitally created.	71327633218.png	The image is a digital illustration of a male character with a stylized appearance. He has a beard and mustache, and his hair is styled in a short, wavy manner. The character's eyes are closed, and there are visible tears streaming down his cheeks. He is wearing a light-colored shirt with a collar. The background is plain and does not provide any additional context or details. There is no visible text in the image.	55710901119.png	"The image shows a clear glass jar with an orange lid. Inside the jar, there is a depiction of a human brain with a visible stem, and two crossed-out symbols resembling an ""X"" are placed at the bottom of the jar. The jar is sealed with a black rubber seal and a metal clasp. The background is plain white."	21269773679.png	The image is a digital illustration featuring two animated characters. On the left is a man with a beard, wearing glasses, a brown shirt, dark pants, and brown shoes. He has a brown messenger bag slung over his shoulder. On the right is a woman with curly hair, wearing a bright orange dress with a patterned border, and a black bag over her shoulder. She is holding a baby wrapped in a blanket. Both characters are standing and facing each other. There is no visible text in the image. The style of the illustration is cartoonish with a limited color palette.	50797702214.png	The image is a digital illustration featuring two animated characters. On the left is a young man with short brown hair, wearing a green shirt and brown pants, with his hands clasped over his chest. On the right is an older man with gray hair, wearing glasses, a white shirt, and a stethoscope around his neck, standing behind a desk with a laptop displaying an ECG graph. The older man is gesturing with his right hand, which is extended towards the young man. The setting appears to be a medical or healthcare office. There is no visible text in the image.
bolí ma z toho srdce	Pečeň tvrdne, srdce bolí a to všetko z pepsikoly.		50797702214.png	The image is a digital illustration featuring two animated characters. On the left is a young man with short brown hair, wearing a green shirt and brown pants, with his hands clasped over his chest. On the right is an older man with gray hair, wearing glasses, a white shirt, and a stethoscope around his neck, standing behind a desk with a laptop displaying an ECG graph. The older man is gesturing with his right hand, which is extended towards the young man. The setting appears to be a medical or healthcare office. There is no visible text in the image.	42122107230.png	The image depicts a stylized illustration of a heart that appears to be cracked open, revealing its interior. The heart is rendered in a warm orange color with a rough, textured surface that suggests it has been damaged or broken. Surrounding the heart are smaller orange shapes that resemble shards or fragments, which are scattered around the heart, giving the impression of the heart being shattered. The background is plain white, which contrasts with the orange elements, making them stand out. There is no visible text in the image. The style of the illustration is graphic and appears to be digitally created.	71327633218.png	The image is a digital illustration of a male character with a stylized appearance. He has a beard and mustache, and his hair is styled in a short, wavy manner. The character's eyes are closed, and there are visible tears streaming down his cheeks. He is wearing a light-colored shirt with a collar. The background is plain and does not provide any additional context or details. There is no visible text in the image.	55710901119.png	"The image shows a clear glass jar with an orange lid. Inside the jar, there is a depiction of a human brain with a visible stem, and two crossed-out symbols resembling an ""X"" are placed at the bottom of the jar. The jar is sealed with a black rubber seal and a metal clasp. The background is plain white."	21269773679.png	The image is a digital illustration featuring two animated characters. On the left is a man with a beard, wearing glasses, a brown shirt, dark pants, and brown shoes. He has a brown messenger bag slung over his shoulder. On the right is a woman with curly hair, wearing a bright orange dress with a patterned border, and a black bag over her shoulder. She is holding a baby wrapped in a blanket. Both characters are standing and facing each other. There is no visible text in the image. The style of the illustration is cartoonish with a limited color palette.
bolí ma z toho srdce	Môže vás bolieť srdce z nervov a ako sa chrániť pred infarktom.		21269773679.png	The image is a digital illustration featuring two animated characters. On the left is a man with a beard, wearing glasses, a brown shirt, dark pants, and brown shoes. He has a brown messenger bag slung over his shoulder. On the right is a woman with curly hair, wearing a bright orange dress with a patterned border, and a black bag over her shoulder. She is holding a baby wrapped in a blanket. Both characters are standing and facing each other. There is no visible text in the image. The style of the illustration is cartoonish with a limited color palette.	50797702214.png	The image is a digital illustration featuring two animated characters. On the left is a young man with short brown hair, wearing a green shirt and brown pants, with his hands clasped over his chest. On the right is an older man with gray hair, wearing glasses, a white shirt, and a stethoscope around his neck, standing behind a desk with a laptop displaying an ECG graph. The older man is gesturing with his right hand, which is extended towards the young man. The setting appears to be a medical or healthcare office. There is no visible text in the image.	42122107230.png	The image depicts a stylized illustration of a heart that appears to be cracked open, revealing its interior. The heart is rendered in a warm orange color with a rough, textured surface that suggests it has been damaged or broken. Surrounding the heart are smaller orange shapes that resemble shards or fragments, which are scattered around the heart, giving the impression of the heart being shattered. The background is plain white, which contrasts with the orange elements, making them stand out. There is no visible text in the image. The style of the illustration is graphic and appears to be digitally created.	55710901119.png	"The image shows a clear glass jar with an orange lid. Inside the jar, there is a depiction of a human brain with a visible stem, and two crossed-out symbols resembling an ""X"" are placed at the bottom of the jar. The jar is sealed with a black rubber seal and a metal clasp. The background is plain white."	71327633218.png	The image is a digital illustration of a male character with a stylized appearance. He has a beard and mustache, and his hair is styled in a short, wavy manner. The character's eyes are closed, and there are visible tears streaming down his cheeks. He is wearing a light-colored shirt with a collar. The background is plain and does not provide any additional context or details. There is no visible text in the image.
slepá ulička	Je to výsledok politiky, ktorá viedla do slepej uličky.		86962543294.png	The image depicts a stylized, urban scene with a strong contrast between the foreground and the background. In the foreground, there is a pathway leading towards a large, orange wall with a barbed wire top. The wall is covered in lush greenery, with various plants and trees growing on it. The pathway is lined with small white flowers and patches of grass.  In the background, there is a tall, gray building with a series of windows and a cross on top. The building is partially obscured by the wall and vegetation. The sky is overcast, and the overall color palette is muted, with the orange wall standing out against the gray and white tones of the pathway and the building.  There are no visible texts in the image. The style of the image is illustrative, with a focus on color and texture. The image does not provide any information about the location or the time of day.	19595497194.png	The image depicts a stylized, fantasy-themed castle complex. The architecture is whimsical, with multiple towers and spires in various colors, including shades of orange, brown, and gray. The castle is surrounded by smaller buildings and structures, some with pointed roofs and others with more rounded designs. There are trees and greenery interspersed among the buildings, and a central courtyard area is visible. The overall style is reminiscent of a fairy tale or a fantasy setting, with a focus on intricate details and vibrant colors. There is no visible text in the image.	64627242424.png	The image depicts a group of people walking down a narrow street between tall buildings. The individuals are dressed in a variety of outfits, with some wearing hats and others carrying handbags. The street is crowded, and the people are closely packed together. The buildings flanking the street have a European architectural style, with visible windows and balconies. The sky is overcast, and the overall color palette is muted, with a focus on earth tones. There is no visible text in the image. The style of the image is illustrative, with a flat perspective and a limited color range.	33095022487.png	The image depicts a stylized, cartoon-like illustration of a man walking down a street. The man is wearing a bright orange jacket, a white bandage on his head, and is using a cane to assist his walk. He is dressed in casual attire, including a long-sleeved shirt and pants. The street is lined with houses on both sides, and the architecture suggests a quaint, possibly rural setting. The houses are detailed with various textures and colors, indicating different materials and finishes. The street is paved and appears to be wet, suggesting recent rain.  The environment is autumnal, with trees displaying fall colors, predominantly orange and yellow. The sky is overcast, and the overall atmosphere is serene and quiet. There are no visible texts or distinguishing marks that provide additional context or information. The style of the illustration is reminiscent of a storybook or a children's book, with a focus on soft, pastel colors and a gentle, non-threatening aesthetic.	37200776569.png	The image depicts two animated characters, both wearing glasses and white lab coats, sitting at a desk with a blackboard in the background. The character on the left has white hair and a beard, while the character on the right has gray hair and a mustache. Both characters are looking down with expressions of concern or confusion. The desk has a few papers on it, and the blackboard contains mathematical equations. The style of the image is cartoonish and appears to be designed for illustrative purposes, possibly for educational or humorous content.
slepá ulička	Lamarck si myslel, že vývoj nemôže nikdy skončiť v slepej uličke, Darwin bol presvedčený, že za nepriaznivých podmienok môže určitá vývojová línia úplne zaniknúť.		86962543294.png	The image depicts a stylized, urban scene with a strong contrast between the foreground and the background. In the foreground, there is a pathway leading towards a large, orange wall with a barbed wire top. The wall is covered in lush greenery, with various plants and trees growing on it. The pathway is lined with small white flowers and patches of grass.  In the background, there is a tall, gray building with a series of windows and a cross on top. The building is partially obscured by the wall and vegetation. The sky is overcast, and the overall color palette is muted, with the orange wall standing out against the gray and white tones of the pathway and the building.  There are no visible texts in the image. The style of the image is illustrative, with a focus on color and texture. The image does not provide any information about the location or the time of day.	37200776569.png	The image depicts two animated characters, both wearing glasses and white lab coats, sitting at a desk with a blackboard in the background. The character on the left has white hair and a beard, while the character on the right has gray hair and a mustache. Both characters are looking down with expressions of concern or confusion. The desk has a few papers on it, and the blackboard contains mathematical equations. The style of the image is cartoonish and appears to be designed for illustrative purposes, possibly for educational or humorous content.	19595497194.png	The image depicts a stylized, fantasy-themed castle complex. The architecture is whimsical, with multiple towers and spires in various colors, including shades of orange, brown, and gray. The castle is surrounded by smaller buildings and structures, some with pointed roofs and others with more rounded designs. There are trees and greenery interspersed among the buildings, and a central courtyard area is visible. The overall style is reminiscent of a fairy tale or a fantasy setting, with a focus on intricate details and vibrant colors. There is no visible text in the image.	64627242424.png	The image depicts a group of people walking down a narrow street between tall buildings. The individuals are dressed in a variety of outfits, with some wearing hats and others carrying handbags. The street is crowded, and the people are closely packed together. The buildings flanking the street have a European architectural style, with visible windows and balconies. The sky is overcast, and the overall color palette is muted, with a focus on earth tones. There is no visible text in the image. The style of the image is illustrative, with a flat perspective and a limited color range.	33095022487.png	The image depicts a stylized, cartoon-like illustration of a man walking down a street. The man is wearing a bright orange jacket, a white bandage on his head, and is using a cane to assist his walk. He is dressed in casual attire, including a long-sleeved shirt and pants. The street is lined with houses on both sides, and the architecture suggests a quaint, possibly rural setting. The houses are detailed with various textures and colors, indicating different materials and finishes. The street is paved and appears to be wet, suggesting recent rain.  The environment is autumnal, with trees displaying fall colors, predominantly orange and yellow. The sky is overcast, and the overall atmosphere is serene and quiet. There are no visible texts or distinguishing marks that provide additional context or information. The style of the illustration is reminiscent of a storybook or a children's book, with a focus on soft, pastel colors and a gentle, non-threatening aesthetic.
modrá krv	Vlastný symbol tak môže mať nielen potomok rodu s modrou krvou, ale aj plebejec.		95037976392.png	The image depicts a stylized illustration of an orange crab with a glossy, wet appearance, sitting on a rock in a body of water. The crab has large, extended claws and is looking directly at the viewer. The water around the crab is rippled, suggesting movement, and there are small bubbles on the surface. The background is plain white, emphasizing the crab and the water. There is no visible text in the image. The style of the illustration is cartoonish and colorful, with a focus on the crab's vibrant orange color.	78338687863.png	The image features two animated characters, a tall man and a shorter boy, both dressed in vintage-style clothing. The man is wearing a large, brown top hat, a gray suit with a patterned vest, and a gold chain around his neck. He holds a cane in his right hand. The boy is wearing a smaller top hat with a feather, a brown suit with a patterned vest, and a gold chain around his neck. He has a mustache and is holding a cane in his left hand. Both characters have exaggerated facial features and are standing side by side against a plain background. There is no visible text in the image.	32836975520.png	The image depicts a stylized illustration of a man riding a horse. The man is dressed in a top hat and a bright orange coat with a white collar, and he has a beard. He is holding the reins of the horse and appears to be in motion. The horse is brown with a black mane and tail, and it is adorned with a red flower on its bridle. The horse is also wearing a saddle with a holster on the side.  The background features a forest with various flowers and butterflies in flight. The colors are soft and pastel, giving the image a serene and whimsical feel. There is no visible text in the image. The man and the horse are the central figures, with the horse and rider occupying the majority of the frame. The forest and wildlife are depicted in the background, providing a natural setting for the scene.	95347672983.png	The image depicts a stylized, cartoonish laboratory setup. At the center is a large, orange, glass beaker with a spout and a handle, connected to a metal stand. The beaker is filled with a yellowish liquid and has a few drops of the same liquid spilling out onto the ground.  To the right of the beaker, there is a control panel with various buttons and dials, some of which are labeled with symbols. Above the control panel, there is a small, square monitor displaying a red cross, indicating a medical or first aid theme.  On the left side of the beaker, there are two smaller beakers, one orange and one white, with similar spouts and handles. These beakers also have yellowish liquids inside and are connected to the main beaker by tubes.  The ground around the beakers and the control panel is littered with spilled liquid, creating a messy appearance. The overall style of the image is reminiscent of a hand-drawn illustration with a limited color palette.	36156526850.png	The image shows a clear glass with a small amount of water inside. The glass has a thicker base that narrows as it rises, and there is a visible orange band at the top of the glass. The water is bubbly, suggesting it might be carbonated or freshly poured. The background is plain and white, emphasizing the glass. There is no visible text in the image.
modrá krv	Poznal tajomstvo jej plavých vlasov a modrých očí, vedel, že v nej prúdi modrá krv francúzskeho grófa.		36156526850.png	The image shows a clear glass with a small amount of water inside. The glass has a thicker base that narrows as it rises, and there is a visible orange band at the top of the glass. The water is bubbly, suggesting it might be carbonated or freshly poured. The background is plain and white, emphasizing the glass. There is no visible text in the image.	32836975520.png	The image depicts a stylized illustration of a man riding a horse. The man is dressed in a top hat and a bright orange coat with a white collar, and he has a beard. He is holding the reins of the horse and appears to be in motion. The horse is brown with a black mane and tail, and it is adorned with a red flower on its bridle. The horse is also wearing a saddle with a holster on the side.  The background features a forest with various flowers and butterflies in flight. The colors are soft and pastel, giving the image a serene and whimsical feel. There is no visible text in the image. The man and the horse are the central figures, with the horse and rider occupying the majority of the frame. The forest and wildlife are depicted in the background, providing a natural setting for the scene.	95037976392.png	The image depicts a stylized illustration of an orange crab with a glossy, wet appearance, sitting on a rock in a body of water. The crab has large, extended claws and is looking directly at the viewer. The water around the crab is rippled, suggesting movement, and there are small bubbles on the surface. The background is plain white, emphasizing the crab and the water. There is no visible text in the image. The style of the illustration is cartoonish and colorful, with a focus on the crab's vibrant orange color.	78338687863.png	The image features two animated characters, a tall man and a shorter boy, both dressed in vintage-style clothing. The man is wearing a large, brown top hat, a gray suit with a patterned vest, and a gold chain around his neck. He holds a cane in his right hand. The boy is wearing a smaller top hat with a feather, a brown suit with a patterned vest, and a gold chain around his neck. He has a mustache and is holding a cane in his left hand. Both characters have exaggerated facial features and are standing side by side against a plain background. There is no visible text in the image.	95347672983.png	The image depicts a stylized, cartoonish laboratory setup. At the center is a large, orange, glass beaker with a spout and a handle, connected to a metal stand. The beaker is filled with a yellowish liquid and has a few drops of the same liquid spilling out onto the ground.  To the right of the beaker, there is a control panel with various buttons and dials, some of which are labeled with symbols. Above the control panel, there is a small, square monitor displaying a red cross, indicating a medical or first aid theme.  On the left side of the beaker, there are two smaller beakers, one orange and one white, with similar spouts and handles. These beakers also have yellowish liquids inside and are connected to the main beaker by tubes.  The ground around the beakers and the control panel is littered with spilled liquid, creating a messy appearance. The overall style of the image is reminiscent of a hand-drawn illustration with a limited color palette.
modrá krv	A chobotnica má modrú krv vďaka prítomnosti hemokyanínu, v ktorom je železo nahradené meďou.		95037976392.png	The image depicts a stylized illustration of an orange crab with a glossy, wet appearance, sitting on a rock in a body of water. The crab has large, extended claws and is looking directly at the viewer. The water around the crab is rippled, suggesting movement, and there are small bubbles on the surface. The background is plain white, emphasizing the crab and the water. There is no visible text in the image. The style of the illustration is cartoonish and colorful, with a focus on the crab's vibrant orange color.	78338687863.png	The image features two animated characters, a tall man and a shorter boy, both dressed in vintage-style clothing. The man is wearing a large, brown top hat, a gray suit with a patterned vest, and a gold chain around his neck. He holds a cane in his right hand. The boy is wearing a smaller top hat with a feather, a brown suit with a patterned vest, and a gold chain around his neck. He has a mustache and is holding a cane in his left hand. Both characters have exaggerated facial features and are standing side by side against a plain background. There is no visible text in the image.	32836975520.png	The image depicts a stylized illustration of a man riding a horse. The man is dressed in a top hat and a bright orange coat with a white collar, and he has a beard. He is holding the reins of the horse and appears to be in motion. The horse is brown with a black mane and tail, and it is adorned with a red flower on its bridle. The horse is also wearing a saddle with a holster on the side.  The background features a forest with various flowers and butterflies in flight. The colors are soft and pastel, giving the image a serene and whimsical feel. There is no visible text in the image. The man and the horse are the central figures, with the horse and rider occupying the majority of the frame. The forest and wildlife are depicted in the background, providing a natural setting for the scene.	36156526850.png	The image shows a clear glass with a small amount of water inside. The glass has a thicker base that narrows as it rises, and there is a visible orange band at the top of the glass. The water is bubbly, suggesting it might be carbonated or freshly poured. The background is plain and white, emphasizing the glass. There is no visible text in the image.	95347672983.png	The image depicts a stylized, cartoonish laboratory setup. At the center is a large, orange, glass beaker with a spout and a handle, connected to a metal stand. The beaker is filled with a yellowish liquid and has a few drops of the same liquid spilling out onto the ground.  To the right of the beaker, there is a control panel with various buttons and dials, some of which are labeled with symbols. Above the control panel, there is a small, square monitor displaying a red cross, indicating a medical or first aid theme.  On the left side of the beaker, there are two smaller beakers, one orange and one white, with similar spouts and handles. These beakers also have yellowish liquids inside and are connected to the main beaker by tubes.  The ground around the beakers and the control panel is littered with spilled liquid, creating a messy appearance. The overall style of the image is reminiscent of a hand-drawn illustration with a limited color palette.
modrá krv	Zvláštnosťou je, že Sepia apama má tri srdcia a modrú krv obsahujúcu hemocyanín.		78338687863.png	The image features two animated characters, a tall man and a shorter boy, both dressed in vintage-style clothing. The man is wearing a large, brown top hat, a gray suit with a patterned vest, and a gold chain around his neck. He holds a cane in his right hand. The boy is wearing a smaller top hat with a feather, a brown suit with a patterned vest, and a gold chain around his neck. He has a mustache and is holding a cane in his left hand. Both characters have exaggerated facial features and are standing side by side against a plain background. There is no visible text in the image.	36156526850.png	The image shows a clear glass with a small amount of water inside. The glass has a thicker base that narrows as it rises, and there is a visible orange band at the top of the glass. The water is bubbly, suggesting it might be carbonated or freshly poured. The background is plain and white, emphasizing the glass. There is no visible text in the image.	95347672983.png	The image depicts a stylized, cartoonish laboratory setup. At the center is a large, orange, glass beaker with a spout and a handle, connected to a metal stand. The beaker is filled with a yellowish liquid and has a few drops of the same liquid spilling out onto the ground.  To the right of the beaker, there is a control panel with various buttons and dials, some of which are labeled with symbols. Above the control panel, there is a small, square monitor displaying a red cross, indicating a medical or first aid theme.  On the left side of the beaker, there are two smaller beakers, one orange and one white, with similar spouts and handles. These beakers also have yellowish liquids inside and are connected to the main beaker by tubes.  The ground around the beakers and the control panel is littered with spilled liquid, creating a messy appearance. The overall style of the image is reminiscent of a hand-drawn illustration with a limited color palette.	95037976392.png	The image depicts a stylized illustration of an orange crab with a glossy, wet appearance, sitting on a rock in a body of water. The crab has large, extended claws and is looking directly at the viewer. The water around the crab is rippled, suggesting movement, and there are small bubbles on the surface. The background is plain white, emphasizing the crab and the water. There is no visible text in the image. The style of the illustration is cartoonish and colorful, with a focus on the crab's vibrant orange color.	32836975520.png	The image depicts a stylized illustration of a man riding a horse. The man is dressed in a top hat and a bright orange coat with a white collar, and he has a beard. He is holding the reins of the horse and appears to be in motion. The horse is brown with a black mane and tail, and it is adorned with a red flower on its bridle. The horse is also wearing a saddle with a holster on the side.  The background features a forest with various flowers and butterflies in flight. The colors are soft and pastel, giving the image a serene and whimsical feel. There is no visible text in the image. The man and the horse are the central figures, with the horse and rider occupying the majority of the frame. The forest and wildlife are depicted in the background, providing a natural setting for the scene.
plán akcie	Narýchlo sme dali dokopy plán akcie a všetko, čo sme potrebovali vedieť, nám dodalo bezpilotné špionážne lietadlo Predator, lebo sme nechceli vzbudiť pozornosť mexických policajtov, ktorí boli na Navarrovej výplatnej listine.		61900480212.png	The image is a stylized illustration featuring a group of animated characters engaged in a chaotic scene. In the foreground, a character is depicted running with a backpack, holding a gun, and surrounded by money and coins. The character is wearing a black uniform with a badge and a cap.  In the background, there are three other characters, each holding a gun and wearing similar black uniforms with badges and caps. They are positioned at different points along a curved road, which is strewn with money and coins.  Above the scene, there is a helicopter with its rotors in motion, and it appears to be landing or taking off. The helicopter is also black with a star symbol on its side.  The overall style of the image is cartoonish, with exaggerated features and a limited color palette. There is no visible text in the image. The relationships between the characters suggest a narrative of action or conflict, possibly related to law enforcement or a similar theme.	61847127028.png	The image depicts a stylized, cartoon-like representation of a scientific or engineering setup. In the foreground, there is a wooden easel with a whiteboard that has mathematical equations written on it. The equations include variables such as \( x \), \( y \), and \( z \), with expressions involving these variables.  In front of the easel, there is a mechanical device with a cylindrical body and a crank handle, suggesting it might be a type of engine or machine. To the right of the easel, there is a small, orange-colored device with a dial and a lever, which could be a control or measurement device.  On the left side of the easel, there is a transparent cylindrical container with a yellow substance inside, possibly representing a chemical or a sample. Next to it, there is a small, orange-colored device with a dial and a lever, similar to the one on the right.  The background is a dark, solid color, which contrasts with the lighter colors of the objects in the foreground. The overall style of the image is illustrative and appears to be designed to convey a sense of scientific exploration or experimentation.	31423024594.png	The image shows a ruler with a rectangular shape and a yellow-orange color. The ruler has a series of markings along its length, indicating measurements in millimeters. There are also colored dots at various intervals along the ruler, which could be used to mark specific points or measurements. The ruler has a metallic screw at one end, suggesting it can be attached to a surface or device. The background is a solid dark color, which contrasts with the ruler, making it the central focus of the image.	64787164746.png	The image depicts three animated characters, each dressed in a suit and tie, standing side by side. The character on the left is wearing a hard hat and has a surprised expression, with his hand on his chin. The middle character is holding a rolled-up document and has a neutral expression. The character on the right has a beard and mustache, and is also holding a rolled-up document, with a slight smile. The characters appear to be engaged in a discussion or review of the document. There is no visible text in the image.	44324062552.png	"The image shows a stylized, orange smartphone with a curved design, standing upright on a black stand. The phone's screen displays a colorful map with a winding road, various icons, and a time indicator showing ""00:20"". The map includes red and orange pins, suggesting locations or points of interest. The phone has three buttons on the front: two circular ones and one rectangular one. The background is plain white, emphasizing the phone and its stand."
plán akcie	Štátna bezpečnosť vypracovala podrobný plán akcie, ktorý sa podobá smerniciam pri vojenskom prepadnutí, alebo útoku.		44324062552.png	"The image shows a stylized, orange smartphone with a curved design, standing upright on a black stand. The phone's screen displays a colorful map with a winding road, various icons, and a time indicator showing ""00:20"". The map includes red and orange pins, suggesting locations or points of interest. The phone has three buttons on the front: two circular ones and one rectangular one. The background is plain white, emphasizing the phone and its stand."	61847127028.png	The image depicts a stylized, cartoon-like representation of a scientific or engineering setup. In the foreground, there is a wooden easel with a whiteboard that has mathematical equations written on it. The equations include variables such as \( x \), \( y \), and \( z \), with expressions involving these variables.  In front of the easel, there is a mechanical device with a cylindrical body and a crank handle, suggesting it might be a type of engine or machine. To the right of the easel, there is a small, orange-colored device with a dial and a lever, which could be a control or measurement device.  On the left side of the easel, there is a transparent cylindrical container with a yellow substance inside, possibly representing a chemical or a sample. Next to it, there is a small, orange-colored device with a dial and a lever, similar to the one on the right.  The background is a dark, solid color, which contrasts with the lighter colors of the objects in the foreground. The overall style of the image is illustrative and appears to be designed to convey a sense of scientific exploration or experimentation.	64787164746.png	The image depicts three animated characters, each dressed in a suit and tie, standing side by side. The character on the left is wearing a hard hat and has a surprised expression, with his hand on his chin. The middle character is holding a rolled-up document and has a neutral expression. The character on the right has a beard and mustache, and is also holding a rolled-up document, with a slight smile. The characters appear to be engaged in a discussion or review of the document. There is no visible text in the image.	31423024594.png	The image shows a ruler with a rectangular shape and a yellow-orange color. The ruler has a series of markings along its length, indicating measurements in millimeters. There are also colored dots at various intervals along the ruler, which could be used to mark specific points or measurements. The ruler has a metallic screw at one end, suggesting it can be attached to a surface or device. The background is a solid dark color, which contrasts with the ruler, making it the central focus of the image.	61900480212.png	The image is a stylized illustration featuring a group of animated characters engaged in a chaotic scene. In the foreground, a character is depicted running with a backpack, holding a gun, and surrounded by money and coins. The character is wearing a black uniform with a badge and a cap.  In the background, there are three other characters, each holding a gun and wearing similar black uniforms with badges and caps. They are positioned at different points along a curved road, which is strewn with money and coins.  Above the scene, there is a helicopter with its rotors in motion, and it appears to be landing or taking off. The helicopter is also black with a star symbol on its side.  The overall style of the image is cartoonish, with exaggerated features and a limited color palette. There is no visible text in the image. The relationships between the characters suggest a narrative of action or conflict, possibly related to law enforcement or a similar theme.
odliv mozgov	Spôsobuj totiž veľké rozdiely medzi krajinami, ohrozuje budúcnosť menších krajín, a najčastejšie majú s odlivom mozgov problém post-sovietske krajiny.		40731319547.png	The image features a stylized depiction of a crescent moon with a dark background. The moon is rendered in a warm, orange-yellow color with a textured surface that suggests a cratered or pitted appearance. There are small, white specks scattered across the moon, giving it a speckled effect. The moon is not perfectly circular but rather has a jagged edge, creating a sense of irregularity. The overall style of the image is graphic and appears to be a digital illustration rather than a photograph.	23782928463.png	The image depicts two animated characters walking away from a dilapidated house. The characters are styled with exaggerated features, such as large heads and stylized clothing. The house has a gabled roof and appears to be in a state of disrepair, with peeling paint and missing shingles. The characters are dressed in formal attire, with one wearing a white coat and the other an orange jacket. They are walking on a path that leads away from the house, which is situated on a patch of grass with a few scattered rocks. The background is a plain, light color, providing a contrast to the characters and the house. There is no visible text in the image.	56052479107.png	The image features a clear glass jar with a brown lid. Inside the jar, there is a stylized illustration of a brain with a tree growing out of it. The brain is orange and has a rough, textured surface. Below the brain, there is a brown base that appears to be a platform or a base for the jar. Scattered around the base are small, orange, leaf-like shapes that resemble fish. The background of the image is plain white, which contrasts with the jar and its contents. There is no visible text in the image. The style of the image is illustrative and cartoonish.	15592458570.png	The image depicts a whimsical beach scene with a surreal twist. The beach is populated with various objects that resemble brains, scattered across the sand. These brains are in different sizes and orientations, some closer to the viewer and others further away. The beach itself is sandy with a few scattered rocks, and the ocean is visible in the background with small waves breaking on the shore.  In the distance, there is a large rock formation with a cliff face, and a small building or structure is visible at the base of the cliff. The sky is clear with a few clouds, and the overall color palette is soft and pastel, with a predominance of light blues, greens, and beiges. There is no visible text in the image. The style of the image is illustrative and appears to be a digital artwork rather than a photograph.	71348637775.png	The image features a stylized illustration of a man standing next to an orange classic car. The man is wearing glasses, a white lab coat, and a stethoscope around his neck, suggesting he is a doctor. He has a beard and is smiling. The car has a convertible top down and is depicted in a three-quarter view. The background is plain and does not provide any additional context. There is no visible text in the image.
odliv mozgov	Tvrdia, že je to aj v našom záujme, pretože v prípade voľného pohybu pracovných síl by nám hrozil odliv mozgov.		40731319547.png	The image features a stylized depiction of a crescent moon with a dark background. The moon is rendered in a warm, orange-yellow color with a textured surface that suggests a cratered or pitted appearance. There are small, white specks scattered across the moon, giving it a speckled effect. The moon is not perfectly circular but rather has a jagged edge, creating a sense of irregularity. The overall style of the image is graphic and appears to be a digital illustration rather than a photograph.	23782928463.png	The image depicts two animated characters walking away from a dilapidated house. The characters are styled with exaggerated features, such as large heads and stylized clothing. The house has a gabled roof and appears to be in a state of disrepair, with peeling paint and missing shingles. The characters are dressed in formal attire, with one wearing a white coat and the other an orange jacket. They are walking on a path that leads away from the house, which is situated on a patch of grass with a few scattered rocks. The background is a plain, light color, providing a contrast to the characters and the house. There is no visible text in the image.	56052479107.png	The image features a clear glass jar with a brown lid. Inside the jar, there is a stylized illustration of a brain with a tree growing out of it. The brain is orange and has a rough, textured surface. Below the brain, there is a brown base that appears to be a platform or a base for the jar. Scattered around the base are small, orange, leaf-like shapes that resemble fish. The background of the image is plain white, which contrasts with the jar and its contents. There is no visible text in the image. The style of the image is illustrative and cartoonish.	71348637775.png	The image features a stylized illustration of a man standing next to an orange classic car. The man is wearing glasses, a white lab coat, and a stethoscope around his neck, suggesting he is a doctor. He has a beard and is smiling. The car has a convertible top down and is depicted in a three-quarter view. The background is plain and does not provide any additional context. There is no visible text in the image.	15592458570.png	The image depicts a whimsical beach scene with a surreal twist. The beach is populated with various objects that resemble brains, scattered across the sand. These brains are in different sizes and orientations, some closer to the viewer and others further away. The beach itself is sandy with a few scattered rocks, and the ocean is visible in the background with small waves breaking on the shore.  In the distance, there is a large rock formation with a cliff face, and a small building or structure is visible at the base of the cliff. The sky is clear with a few clouds, and the overall color palette is soft and pastel, with a predominance of light blues, greens, and beiges. There is no visible text in the image. The style of the image is illustrative and appears to be a digital artwork rather than a photograph.
atómová fyzika	Keď doteraz vedel sedieť na zasadnutiach lídrov členských krajín Európskej únie, tak to bude vedieť, nie je to atómová fyzika.		79449949848.png	The image depicts an animated character, a man with a beard and glasses, sitting at a desk and looking down at a piece of paper with mathematical equations. The man is wearing a suit and tie, suggesting a professional setting. Above his head, there is a question mark, indicating confusion or a need for clarification. The background is white, and there are various mathematical symbols and equations floating around the man's head, emphasizing the theme of mathematics or problem-solving. The overall style of the image is cartoonish and whimsical.	94092299768.png	The image shows a wooden desk with a book and two pens on it. The book appears to be a notebook with a grid of squares, possibly for writing or calculations. One pen is black and the other is orange, both with gold-colored accents. In the background, there is a blurred image of a potted plant with green leaves and orange flowers. The focus is on the book and pens, with the plant serving as a soft, out-of-focus backdrop. There is no visible text in the image.	78089754033.png	The image depicts a stylized, cartoon-like illustration of an industrial complex. At the center is a large, orange, cylindrical structure with a black stripe running horizontally around its middle. This central structure has a large, gray smoke stack emitting a plume of smoke. To the left of the central structure, there is a smaller, orange structure with a similar black stripe. This smaller structure has a circular emblem with a star design on its side.  In front of the central structure, there is a smaller, blue structure with a dome roof. To the right of the central structure, there is a tall, orange tower with a black stripe and a circular emblem with a star design on its side. In front of this tower, there is a smaller, blue structure with a dome roof.  The complex is surrounded by a variety of industrial equipment, including pipes, tanks, and a crane. There are also trees and a small building with a green roof. The ground is covered with a gray, rocky texture. There is no visible text in the image.	58973121539.png	The image features a cartoon-style illustration of a large, orange, cloud-like structure with a smiling face, resembling an atom, floating above a tree. The tree has a brown trunk and a large, orange cloud at its base, with smaller orange clouds scattered around it. The background is a plain, light color.	63413082708.png	The image shows a white bowl containing four different flavored ice creams. Starting from the top left, there is a chocolate ice cream with a smooth, dark surface. Next to it, in the top right corner, is a scoop of orange ice cream with visible chocolate chips. Below these, in the bottom left corner, is a scoop of pink ice cream with a lighter, creamier appearance. Finally, in the bottom right corner, there is a scoop of white ice cream with a swirl of pink and a hint of brown, suggesting a combination of flavors. The bowl is placed on a flat surface, and the background is plain white, emphasizing the ice creams. There is no visible text in the image.
atómová fyzika	Nie je to žiadna atómová fyzika, stačí zrušiť zbytočné a nákladné regulácie, ktoré nikomu nepomáhajú.		78089754033.png	The image depicts a stylized, cartoon-like illustration of an industrial complex. At the center is a large, orange, cylindrical structure with a black stripe running horizontally around its middle. This central structure has a large, gray smoke stack emitting a plume of smoke. To the left of the central structure, there is a smaller, orange structure with a similar black stripe. This smaller structure has a circular emblem with a star design on its side.  In front of the central structure, there is a smaller, blue structure with a dome roof. To the right of the central structure, there is a tall, orange tower with a black stripe and a circular emblem with a star design on its side. In front of this tower, there is a smaller, blue structure with a dome roof.  The complex is surrounded by a variety of industrial equipment, including pipes, tanks, and a crane. There are also trees and a small building with a green roof. The ground is covered with a gray, rocky texture. There is no visible text in the image.	94092299768.png	The image shows a wooden desk with a book and two pens on it. The book appears to be a notebook with a grid of squares, possibly for writing or calculations. One pen is black and the other is orange, both with gold-colored accents. In the background, there is a blurred image of a potted plant with green leaves and orange flowers. The focus is on the book and pens, with the plant serving as a soft, out-of-focus backdrop. There is no visible text in the image.	58973121539.png	The image features a cartoon-style illustration of a large, orange, cloud-like structure with a smiling face, resembling an atom, floating above a tree. The tree has a brown trunk and a large, orange cloud at its base, with smaller orange clouds scattered around it. The background is a plain, light color.	79449949848.png	The image depicts an animated character, a man with a beard and glasses, sitting at a desk and looking down at a piece of paper with mathematical equations. The man is wearing a suit and tie, suggesting a professional setting. Above his head, there is a question mark, indicating confusion or a need for clarification. The background is white, and there are various mathematical symbols and equations floating around the man's head, emphasizing the theme of mathematics or problem-solving. The overall style of the image is cartoonish and whimsical.	63413082708.png	The image shows a white bowl containing four different flavored ice creams. Starting from the top left, there is a chocolate ice cream with a smooth, dark surface. Next to it, in the top right corner, is a scoop of orange ice cream with visible chocolate chips. Below these, in the bottom left corner, is a scoop of pink ice cream with a lighter, creamier appearance. Finally, in the bottom right corner, there is a scoop of white ice cream with a swirl of pink and a hint of brown, suggesting a combination of flavors. The bowl is placed on a flat surface, and the background is plain white, emphasizing the ice creams. There is no visible text in the image.
atómová fyzika	Fonológia nevyhnutne zohráva v sociálnych vedách rovnakú priekopnícku úlohu, akú zohrala napríklad atómová fyzika v súbore exaktných vied.		79449949848.png	The image depicts an animated character, a man with a beard and glasses, sitting at a desk and looking down at a piece of paper with mathematical equations. The man is wearing a suit and tie, suggesting a professional setting. Above his head, there is a question mark, indicating confusion or a need for clarification. The background is white, and there are various mathematical symbols and equations floating around the man's head, emphasizing the theme of mathematics or problem-solving. The overall style of the image is cartoonish and whimsical.	63413082708.png	The image shows a white bowl containing four different flavored ice creams. Starting from the top left, there is a chocolate ice cream with a smooth, dark surface. Next to it, in the top right corner, is a scoop of orange ice cream with visible chocolate chips. Below these, in the bottom left corner, is a scoop of pink ice cream with a lighter, creamier appearance. Finally, in the bottom right corner, there is a scoop of white ice cream with a swirl of pink and a hint of brown, suggesting a combination of flavors. The bowl is placed on a flat surface, and the background is plain white, emphasizing the ice creams. There is no visible text in the image.	78089754033.png	The image depicts a stylized, cartoon-like illustration of an industrial complex. At the center is a large, orange, cylindrical structure with a black stripe running horizontally around its middle. This central structure has a large, gray smoke stack emitting a plume of smoke. To the left of the central structure, there is a smaller, orange structure with a similar black stripe. This smaller structure has a circular emblem with a star design on its side.  In front of the central structure, there is a smaller, blue structure with a dome roof. To the right of the central structure, there is a tall, orange tower with a black stripe and a circular emblem with a star design on its side. In front of this tower, there is a smaller, blue structure with a dome roof.  The complex is surrounded by a variety of industrial equipment, including pipes, tanks, and a crane. There are also trees and a small building with a green roof. The ground is covered with a gray, rocky texture. There is no visible text in the image.	94092299768.png	The image shows a wooden desk with a book and two pens on it. The book appears to be a notebook with a grid of squares, possibly for writing or calculations. One pen is black and the other is orange, both with gold-colored accents. In the background, there is a blurred image of a potted plant with green leaves and orange flowers. The focus is on the book and pens, with the plant serving as a soft, out-of-focus backdrop. There is no visible text in the image.	58973121539.png	The image features a cartoon-style illustration of a large, orange, cloud-like structure with a smiling face, resembling an atom, floating above a tree. The tree has a brown trunk and a large, orange cloud at its base, with smaller orange clouds scattered around it. The background is a plain, light color.
atómová fyzika	Najčastejšie oceňovanou oblasťou je časticová fyzika, nasleduje atómová fyzika a fyzika kondenzovaného stavu.		63413082708.png	The image shows a white bowl containing four different flavored ice creams. Starting from the top left, there is a chocolate ice cream with a smooth, dark surface. Next to it, in the top right corner, is a scoop of orange ice cream with visible chocolate chips. Below these, in the bottom left corner, is a scoop of pink ice cream with a lighter, creamier appearance. Finally, in the bottom right corner, there is a scoop of white ice cream with a swirl of pink and a hint of brown, suggesting a combination of flavors. The bowl is placed on a flat surface, and the background is plain white, emphasizing the ice creams. There is no visible text in the image.	94092299768.png	The image shows a wooden desk with a book and two pens on it. The book appears to be a notebook with a grid of squares, possibly for writing or calculations. One pen is black and the other is orange, both with gold-colored accents. In the background, there is a blurred image of a potted plant with green leaves and orange flowers. The focus is on the book and pens, with the plant serving as a soft, out-of-focus backdrop. There is no visible text in the image.	58973121539.png	The image features a cartoon-style illustration of a large, orange, cloud-like structure with a smiling face, resembling an atom, floating above a tree. The tree has a brown trunk and a large, orange cloud at its base, with smaller orange clouds scattered around it. The background is a plain, light color.	79449949848.png	The image depicts an animated character, a man with a beard and glasses, sitting at a desk and looking down at a piece of paper with mathematical equations. The man is wearing a suit and tie, suggesting a professional setting. Above his head, there is a question mark, indicating confusion or a need for clarification. The background is white, and there are various mathematical symbols and equations floating around the man's head, emphasizing the theme of mathematics or problem-solving. The overall style of the image is cartoonish and whimsical.	78089754033.png	The image depicts a stylized, cartoon-like illustration of an industrial complex. At the center is a large, orange, cylindrical structure with a black stripe running horizontally around its middle. This central structure has a large, gray smoke stack emitting a plume of smoke. To the left of the central structure, there is a smaller, orange structure with a similar black stripe. This smaller structure has a circular emblem with a star design on its side.  In front of the central structure, there is a smaller, blue structure with a dome roof. To the right of the central structure, there is a tall, orange tower with a black stripe and a circular emblem with a star design on its side. In front of this tower, there is a smaller, blue structure with a dome roof.  The complex is surrounded by a variety of industrial equipment, including pipes, tanks, and a crane. There are also trees and a small building with a green roof. The ground is covered with a gray, rocky texture. There is no visible text in the image.
býči trh	Býčí trh nakoniec prevalcoval aj výpredaje zo stredu týždňa, keď ešte vo štvrtok sa akcie ocitli na hodnotách zo začiatku minulého týždňa.		15814303896.png	The image depicts an animated scene featuring a man and a cow. The man is standing to the right of the cow, with his left arm extended towards the cow. He is wearing a brown vest over a plaid shirt, brown pants, and brown boots. The cow is a large, white animal with black spots and a prominent pair of horns. It has a yellow tag on its ear and is standing on a patch of dirt with some scattered leaves. The background is a plain, light color, providing a neutral backdrop that highlights the subjects. There is no visible text in the image. The style of the image is illustrative, with a focus on realism in the depiction of the man and the cow.	34004824839.png	The image is a digital illustration of a cartoon male character. He has brown hair, a wide smile, and is holding a smartphone to his ear with his right hand. He is wearing a black suit with a white shirt and an orange tie. The character is standing in front of a large screen displaying a financial chart with various graphs and numbers. The chart includes a line graph with a green upward trend, a bar graph with bars in shades of green and red, and a pie chart with segments in different colors. The background is plain white, emphasizing the character and the screen. There is no visible text in the image.	45989646676.png	The image features a cartoon-style brown bear with a friendly expression. The bear is standing on its hind legs and appears to be pouring honey from a jar into a smaller jar. The honey is visible in the jar being filled, and the bear's paws are holding the jar. The background is plain white, emphasizing the bear and the jars. There is no visible text in the image.	34712252874.png	The image depicts a stylized illustration of a large, brown cow with prominent horns standing in a grassy field. The cow is the central figure and is surrounded by a variety of flowers in shades of orange and yellow. In the background, there is a tree with orange leaves to the left of the cow. Above the cow, there are several small, black silhouettes of birds in flight. The sky is white, and there are no visible texts in the image. The style of the illustration is cartoonish and colorful, with a focus on the cow and the floral field.	95804223317.png	The image shows a digital display with a multitude of numbers and symbols, likely representing financial data such as stock prices or indices. The numbers are arranged in rows and columns, with some areas highlighted in green and red, which could indicate positive or negative performance. The display is set against a dark background, which contrasts with the bright colors of the numbers and symbols. The image is a close-up, focusing on the details of the display. There is no visible text that provides context or labels for the numbers. The style of the image is realistic, with a clear and sharp representation of the digital display.
býči trh	Tieto korekcie nebudú ničím väčším než len korekciou v rámci veľkého býčieho trhu, ktorý bude sprevádzať komodity mnoho rokov.		45989646676.png	The image features a cartoon-style brown bear with a friendly expression. The bear is standing on its hind legs and appears to be pouring honey from a jar into a smaller jar. The honey is visible in the jar being filled, and the bear's paws are holding the jar. The background is plain white, emphasizing the bear and the jars. There is no visible text in the image.	15814303896.png	The image depicts an animated scene featuring a man and a cow. The man is standing to the right of the cow, with his left arm extended towards the cow. He is wearing a brown vest over a plaid shirt, brown pants, and brown boots. The cow is a large, white animal with black spots and a prominent pair of horns. It has a yellow tag on its ear and is standing on a patch of dirt with some scattered leaves. The background is a plain, light color, providing a neutral backdrop that highlights the subjects. There is no visible text in the image. The style of the image is illustrative, with a focus on realism in the depiction of the man and the cow.	34712252874.png	The image depicts a stylized illustration of a large, brown cow with prominent horns standing in a grassy field. The cow is the central figure and is surrounded by a variety of flowers in shades of orange and yellow. In the background, there is a tree with orange leaves to the left of the cow. Above the cow, there are several small, black silhouettes of birds in flight. The sky is white, and there are no visible texts in the image. The style of the illustration is cartoonish and colorful, with a focus on the cow and the floral field.	34004824839.png	The image is a digital illustration of a cartoon male character. He has brown hair, a wide smile, and is holding a smartphone to his ear with his right hand. He is wearing a black suit with a white shirt and an orange tie. The character is standing in front of a large screen displaying a financial chart with various graphs and numbers. The chart includes a line graph with a green upward trend, a bar graph with bars in shades of green and red, and a pie chart with segments in different colors. The background is plain white, emphasizing the character and the screen. There is no visible text in the image.	95804223317.png	The image shows a digital display with a multitude of numbers and symbols, likely representing financial data such as stock prices or indices. The numbers are arranged in rows and columns, with some areas highlighted in green and red, which could indicate positive or negative performance. The display is set against a dark background, which contrasts with the bright colors of the numbers and symbols. The image is a close-up, focusing on the details of the display. There is no visible text that provides context or labels for the numbers. The style of the image is realistic, with a clear and sharp representation of the digital display.
býči trh	Na býčom trhu sa dajú kúpiť aj kravy, ovce či iný dobytok.		34004824839.png	The image is a digital illustration of a cartoon male character. He has brown hair, a wide smile, and is holding a smartphone to his ear with his right hand. He is wearing a black suit with a white shirt and an orange tie. The character is standing in front of a large screen displaying a financial chart with various graphs and numbers. The chart includes a line graph with a green upward trend, a bar graph with bars in shades of green and red, and a pie chart with segments in different colors. The background is plain white, emphasizing the character and the screen. There is no visible text in the image.	45989646676.png	The image features a cartoon-style brown bear with a friendly expression. The bear is standing on its hind legs and appears to be pouring honey from a jar into a smaller jar. The honey is visible in the jar being filled, and the bear's paws are holding the jar. The background is plain white, emphasizing the bear and the jars. There is no visible text in the image.	34712252874.png	The image depicts a stylized illustration of a large, brown cow with prominent horns standing in a grassy field. The cow is the central figure and is surrounded by a variety of flowers in shades of orange and yellow. In the background, there is a tree with orange leaves to the left of the cow. Above the cow, there are several small, black silhouettes of birds in flight. The sky is white, and there are no visible texts in the image. The style of the illustration is cartoonish and colorful, with a focus on the cow and the floral field.	95804223317.png	The image shows a digital display with a multitude of numbers and symbols, likely representing financial data such as stock prices or indices. The numbers are arranged in rows and columns, with some areas highlighted in green and red, which could indicate positive or negative performance. The display is set against a dark background, which contrasts with the bright colors of the numbers and symbols. The image is a close-up, focusing on the details of the display. There is no visible text that provides context or labels for the numbers. The style of the image is realistic, with a clear and sharp representation of the digital display.	15814303896.png	The image depicts an animated scene featuring a man and a cow. The man is standing to the right of the cow, with his left arm extended towards the cow. He is wearing a brown vest over a plaid shirt, brown pants, and brown boots. The cow is a large, white animal with black spots and a prominent pair of horns. It has a yellow tag on its ear and is standing on a patch of dirt with some scattered leaves. The background is a plain, light color, providing a neutral backdrop that highlights the subjects. There is no visible text in the image. The style of the image is illustrative, with a focus on realism in the depiction of the man and the cow.
býči trh	Išiel na býčí trh pozrieť, či sa nebude dať kúť nejaký lacný dobytok.		34712252874.png	The image depicts a stylized illustration of a large, brown cow with prominent horns standing in a grassy field. The cow is the central figure and is surrounded by a variety of flowers in shades of orange and yellow. In the background, there is a tree with orange leaves to the left of the cow. Above the cow, there are several small, black silhouettes of birds in flight. The sky is white, and there are no visible texts in the image. The style of the illustration is cartoonish and colorful, with a focus on the cow and the floral field.	45989646676.png	The image features a cartoon-style brown bear with a friendly expression. The bear is standing on its hind legs and appears to be pouring honey from a jar into a smaller jar. The honey is visible in the jar being filled, and the bear's paws are holding the jar. The background is plain white, emphasizing the bear and the jars. There is no visible text in the image.	34004824839.png	The image is a digital illustration of a cartoon male character. He has brown hair, a wide smile, and is holding a smartphone to his ear with his right hand. He is wearing a black suit with a white shirt and an orange tie. The character is standing in front of a large screen displaying a financial chart with various graphs and numbers. The chart includes a line graph with a green upward trend, a bar graph with bars in shades of green and red, and a pie chart with segments in different colors. The background is plain white, emphasizing the character and the screen. There is no visible text in the image.	15814303896.png	The image depicts an animated scene featuring a man and a cow. The man is standing to the right of the cow, with his left arm extended towards the cow. He is wearing a brown vest over a plaid shirt, brown pants, and brown boots. The cow is a large, white animal with black spots and a prominent pair of horns. It has a yellow tag on its ear and is standing on a patch of dirt with some scattered leaves. The background is a plain, light color, providing a neutral backdrop that highlights the subjects. There is no visible text in the image. The style of the image is illustrative, with a focus on realism in the depiction of the man and the cow.	95804223317.png	The image shows a digital display with a multitude of numbers and symbols, likely representing financial data such as stock prices or indices. The numbers are arranged in rows and columns, with some areas highlighted in green and red, which could indicate positive or negative performance. The display is set against a dark background, which contrasts with the bright colors of the numbers and symbols. The image is a close-up, focusing on the details of the display. There is no visible text that provides context or labels for the numbers. The style of the image is realistic, with a clear and sharp representation of the digital display.
v druhom stave	Poznáte príbeh slobodnej dievčiny, čo išla na spoveď a priznala sa, že je v druhom stave?		74760136894.png	The image is a digital illustration of a pregnant woman. She has long dark hair, large expressive eyes, and is wearing a bright orange dress with a patterned design. The woman is smiling and has her hands gently placed on her belly. There is no visible text in the image.	56772398970.png	"The image shows a close-up of a mechanical device with a black and orange color scheme. There are two circular elements with numbers on them: one with the number ""1"" and the other with the number ""2."" The device has a series of screws and a metal rod that connects the two circular elements. The background is plain white, emphasizing the device."	68842079885.png	"The image features two stylized soccer balls on pedestals. The ball on the left pedestal is larger and has the number ""1"" on it. The ball on the right pedestal is smaller and has the number ""2"" on it. Both balls are orange with a pattern of black pentagons. The pedestals are brown and have a simple, flat design. The background is plain white."	23587605427.png	The image features two animated male characters. The character on the left is wearing a sleeveless tank top and shorts, with a muscular build and a confident expression. The character on the right is wearing a sleeveless tank top, shorts with a yellow stripe, and a black belt. He also has a muscular build and a confident expression. Both characters are smiling and appear to be in a good mood. There is no visible text in the image.	72950966330.png	The image is a digital illustration of a woman. She has long, dark hair and is wearing large, yellow earrings. The woman is dressed in an orange top with a textured pattern. Her expression is neutral with a slight smile. There are small specks scattered around the image, giving it a textured appearance.
v druhom stave	Môže byť žena v druhom stave a ešte mať jednu (alebo vraj až dve) menštruácie?		23587605427.png	The image features two animated male characters. The character on the left is wearing a sleeveless tank top and shorts, with a muscular build and a confident expression. The character on the right is wearing a sleeveless tank top, shorts with a yellow stripe, and a black belt. He also has a muscular build and a confident expression. Both characters are smiling and appear to be in a good mood. There is no visible text in the image.	72950966330.png	The image is a digital illustration of a woman. She has long, dark hair and is wearing large, yellow earrings. The woman is dressed in an orange top with a textured pattern. Her expression is neutral with a slight smile. There are small specks scattered around the image, giving it a textured appearance.	68842079885.png	"The image features two stylized soccer balls on pedestals. The ball on the left pedestal is larger and has the number ""1"" on it. The ball on the right pedestal is smaller and has the number ""2"" on it. Both balls are orange with a pattern of black pentagons. The pedestals are brown and have a simple, flat design. The background is plain white."	74760136894.png	The image is a digital illustration of a pregnant woman. She has long dark hair, large expressive eyes, and is wearing a bright orange dress with a patterned design. The woman is smiling and has her hands gently placed on her belly. There is no visible text in the image.	56772398970.png	"The image shows a close-up of a mechanical device with a black and orange color scheme. There are two circular elements with numbers on them: one with the number ""1"" and the other with the number ""2."" The device has a series of screws and a metal rod that connects the two circular elements. The background is plain white, emphasizing the device."
v druhom stave	Po zohriatí prejde látka fázovou premenou a v tomto druhom stave bude mať väčšiu tepelnú kapacitu.		68842079885.png	"The image features two stylized soccer balls on pedestals. The ball on the left pedestal is larger and has the number ""1"" on it. The ball on the right pedestal is smaller and has the number ""2"" on it. Both balls are orange with a pattern of black pentagons. The pedestals are brown and have a simple, flat design. The background is plain white."	72950966330.png	The image is a digital illustration of a woman. She has long, dark hair and is wearing large, yellow earrings. The woman is dressed in an orange top with a textured pattern. Her expression is neutral with a slight smile. There are small specks scattered around the image, giving it a textured appearance.	74760136894.png	The image is a digital illustration of a pregnant woman. She has long dark hair, large expressive eyes, and is wearing a bright orange dress with a patterned design. The woman is smiling and has her hands gently placed on her belly. There is no visible text in the image.	23587605427.png	The image features two animated male characters. The character on the left is wearing a sleeveless tank top and shorts, with a muscular build and a confident expression. The character on the right is wearing a sleeveless tank top, shorts with a yellow stripe, and a black belt. He also has a muscular build and a confident expression. Both characters are smiling and appear to be in a good mood. There is no visible text in the image.	56772398970.png	"The image shows a close-up of a mechanical device with a black and orange color scheme. There are two circular elements with numbers on them: one with the number ""1"" and the other with the number ""2."" The device has a series of screws and a metal rod that connects the two circular elements. The background is plain white, emphasizing the device."
v druhom stave	V Uhorsku nový zákon vyvolal pobúrenie hlavne v druhom stave, medzi šľachtou, prvý stav - kňazi - boli spokojní.		56772398970.png	"The image shows a close-up of a mechanical device with a black and orange color scheme. There are two circular elements with numbers on them: one with the number ""1"" and the other with the number ""2."" The device has a series of screws and a metal rod that connects the two circular elements. The background is plain white, emphasizing the device."	68842079885.png	"The image features two stylized soccer balls on pedestals. The ball on the left pedestal is larger and has the number ""1"" on it. The ball on the right pedestal is smaller and has the number ""2"" on it. Both balls are orange with a pattern of black pentagons. The pedestals are brown and have a simple, flat design. The background is plain white."	74760136894.png	The image is a digital illustration of a pregnant woman. She has long dark hair, large expressive eyes, and is wearing a bright orange dress with a patterned design. The woman is smiling and has her hands gently placed on her belly. There is no visible text in the image.	72950966330.png	The image is a digital illustration of a woman. She has long, dark hair and is wearing large, yellow earrings. The woman is dressed in an orange top with a textured pattern. Her expression is neutral with a slight smile. There are small specks scattered around the image, giving it a textured appearance.	23587605427.png	The image features two animated male characters. The character on the left is wearing a sleeveless tank top and shorts, with a muscular build and a confident expression. The character on the right is wearing a sleeveless tank top, shorts with a yellow stripe, and a black belt. He also has a muscular build and a confident expression. Both characters are smiling and appear to be in a good mood. There is no visible text in the image.
usilovná včelička	Po bleskurýchlo naservírovanom a skonzumovanom jedle kriminalisti vyskočia zo stoličiek a ako usilovné včeličky sa pustia do práce, ktorej cieľ visí v nedohľadne.		13999235464.png	The image features a stylized illustration of a bee. The bee is predominantly orange with black markings, including a black head and antennae. It has large, translucent wings that are spread out, and its body is segmented with visible stripes. The bee is depicted in a dynamic pose, as if it is in motion. There is a small, orange larva attached to the bee's leg, indicating a stage of development. The background is plain white, which contrasts with the bee's vivid colors. There is no visible text in the image.	81038725922.png	The image depicts an animated character, a man, engaged in work. He is wearing a hard hat, a high-visibility orange vest, and a pair of gloves. The man is holding a shovel and appears to be digging or working on a small mound of soil. The setting includes a small body of water to the left of the character, and there are plants growing around the area. The character has a beard and mustache, and his expression is neutral. There is no visible text in the image. The style of the image is cartoonish and colorful, with a focus on the character and his immediate surroundings.	74757566587.png	The image depicts an animated character, a man, sitting at a desk. He is wearing a hard hat and a high-visibility vest, suggesting he might be a construction worker or a similar profession. The man has a beard and is wearing glasses. He is holding a laptop in his hands and appears to be working or browsing on it.  On the desk, there are various items including a coffee cup, a potted plant, a desk lamp, and a small collection of what looks like office supplies. The desk is also adorned with a few potted plants, adding a touch of greenery to the scene.  The character is seated on a chair with wheels, which is positioned in front of the desk. The chair has a simple design, with a black seat and a backrest.  The background is minimalistic, with a plain white wall that provides a stark contrast to the character and the desk. The overall style of the image is cartoonish and colorful, with a focus on the character and his immediate surroundings.	15894262954.png	The image depicts a whimsical scene featuring a large, orange, honeycomb-like structure that resembles a beehive. The honeycomb is adorned with numerous bees of various sizes and colors, including black, yellow, and brown. Some bees are perched on the honeycomb, while others are flying around it.  At the base of the honeycomb, there is a small, dark archway with a stone-like texture. Inside the archway, there are several small, cartoonish creatures that appear to be a mix of animals and humans, with one character resembling a beekeeper. These characters are standing and sitting around a small, mushroom-like structure with a smiling face.  The background is a plain, light color, which contrasts with the vibrant colors of the honeycomb and the characters. There is no visible text in the image. The style of the image is illustrative and cartoonish, with a focus on bright colors and a playful, fantasy-like atmosphere.	39541794707.png	The image depicts a cartoon-style illustration of a large pile of dirt with various insects crawling on it. The insects are predominantly orange and black, with some yellow and brown. They appear to be ants or a similar type of insect. The pile of dirt is textured and has rocks and pebbles scattered throughout. The background is plain white, which contrasts with the colorful insects and dirt. There is no visible text in the image. The style of the image is whimsical and playful, with exaggerated features and bright colors.
usilovná včelička	Niekoľko usilovných včeličiek dokončilo nosníky, trámy a krov, pokrylo strechu šindľom a vybudovalo chodník od schodíka pred vchodom až dolu k prameňu.		13999235464.png	The image features a stylized illustration of a bee. The bee is predominantly orange with black markings, including a black head and antennae. It has large, translucent wings that are spread out, and its body is segmented with visible stripes. The bee is depicted in a dynamic pose, as if it is in motion. There is a small, orange larva attached to the bee's leg, indicating a stage of development. The background is plain white, which contrasts with the bee's vivid colors. There is no visible text in the image.	81038725922.png	The image depicts an animated character, a man, engaged in work. He is wearing a hard hat, a high-visibility orange vest, and a pair of gloves. The man is holding a shovel and appears to be digging or working on a small mound of soil. The setting includes a small body of water to the left of the character, and there are plants growing around the area. The character has a beard and mustache, and his expression is neutral. There is no visible text in the image. The style of the image is cartoonish and colorful, with a focus on the character and his immediate surroundings.	74757566587.png	The image depicts an animated character, a man, sitting at a desk. He is wearing a hard hat and a high-visibility vest, suggesting he might be a construction worker or a similar profession. The man has a beard and is wearing glasses. He is holding a laptop in his hands and appears to be working or browsing on it.  On the desk, there are various items including a coffee cup, a potted plant, a desk lamp, and a small collection of what looks like office supplies. The desk is also adorned with a few potted plants, adding a touch of greenery to the scene.  The character is seated on a chair with wheels, which is positioned in front of the desk. The chair has a simple design, with a black seat and a backrest.  The background is minimalistic, with a plain white wall that provides a stark contrast to the character and the desk. The overall style of the image is cartoonish and colorful, with a focus on the character and his immediate surroundings.	15894262954.png	The image depicts a whimsical scene featuring a large, orange, honeycomb-like structure that resembles a beehive. The honeycomb is adorned with numerous bees of various sizes and colors, including black, yellow, and brown. Some bees are perched on the honeycomb, while others are flying around it.  At the base of the honeycomb, there is a small, dark archway with a stone-like texture. Inside the archway, there are several small, cartoonish creatures that appear to be a mix of animals and humans, with one character resembling a beekeeper. These characters are standing and sitting around a small, mushroom-like structure with a smiling face.  The background is a plain, light color, which contrasts with the vibrant colors of the honeycomb and the characters. There is no visible text in the image. The style of the image is illustrative and cartoonish, with a focus on bright colors and a playful, fantasy-like atmosphere.	39541794707.png	The image depicts a cartoon-style illustration of a large pile of dirt with various insects crawling on it. The insects are predominantly orange and black, with some yellow and brown. They appear to be ants or a similar type of insect. The pile of dirt is textured and has rocks and pebbles scattered throughout. The background is plain white, which contrasts with the colorful insects and dirt. There is no visible text in the image. The style of the image is whimsical and playful, with exaggerated features and bright colors.
usilovná včelička	Jarabinôčka Kristínôčka bola celá bez seba, keď v jej korune bzučali usilovné včeličky a opeľovali kvietočky.		74757566587.png	The image depicts an animated character, a man, sitting at a desk. He is wearing a hard hat and a high-visibility vest, suggesting he might be a construction worker or a similar profession. The man has a beard and is wearing glasses. He is holding a laptop in his hands and appears to be working or browsing on it.  On the desk, there are various items including a coffee cup, a potted plant, a desk lamp, and a small collection of what looks like office supplies. The desk is also adorned with a few potted plants, adding a touch of greenery to the scene.  The character is seated on a chair with wheels, which is positioned in front of the desk. The chair has a simple design, with a black seat and a backrest.  The background is minimalistic, with a plain white wall that provides a stark contrast to the character and the desk. The overall style of the image is cartoonish and colorful, with a focus on the character and his immediate surroundings.	39541794707.png	The image depicts a cartoon-style illustration of a large pile of dirt with various insects crawling on it. The insects are predominantly orange and black, with some yellow and brown. They appear to be ants or a similar type of insect. The pile of dirt is textured and has rocks and pebbles scattered throughout. The background is plain white, which contrasts with the colorful insects and dirt. There is no visible text in the image. The style of the image is whimsical and playful, with exaggerated features and bright colors.	13999235464.png	The image features a stylized illustration of a bee. The bee is predominantly orange with black markings, including a black head and antennae. It has large, translucent wings that are spread out, and its body is segmented with visible stripes. The bee is depicted in a dynamic pose, as if it is in motion. There is a small, orange larva attached to the bee's leg, indicating a stage of development. The background is plain white, which contrasts with the bee's vivid colors. There is no visible text in the image.	81038725922.png	The image depicts an animated character, a man, engaged in work. He is wearing a hard hat, a high-visibility orange vest, and a pair of gloves. The man is holding a shovel and appears to be digging or working on a small mound of soil. The setting includes a small body of water to the left of the character, and there are plants growing around the area. The character has a beard and mustache, and his expression is neutral. There is no visible text in the image. The style of the image is cartoonish and colorful, with a focus on the character and his immediate surroundings.	15894262954.png	The image depicts a whimsical scene featuring a large, orange, honeycomb-like structure that resembles a beehive. The honeycomb is adorned with numerous bees of various sizes and colors, including black, yellow, and brown. Some bees are perched on the honeycomb, while others are flying around it.  At the base of the honeycomb, there is a small, dark archway with a stone-like texture. Inside the archway, there are several small, cartoonish creatures that appear to be a mix of animals and humans, with one character resembling a beekeeper. These characters are standing and sitting around a small, mushroom-like structure with a smiling face.  The background is a plain, light color, which contrasts with the vibrant colors of the honeycomb and the characters. There is no visible text in the image. The style of the image is illustrative and cartoonish, with a focus on bright colors and a playful, fantasy-like atmosphere.
usilovná včelička	ťavu odovzdám do úľa robotniciam, my voláme tak naše usilovné včeličky, ktoré z nej pripravia med.		74757566587.png	The image depicts an animated character, a man, sitting at a desk. He is wearing a hard hat and a high-visibility vest, suggesting he might be a construction worker or a similar profession. The man has a beard and is wearing glasses. He is holding a laptop in his hands and appears to be working or browsing on it.  On the desk, there are various items including a coffee cup, a potted plant, a desk lamp, and a small collection of what looks like office supplies. The desk is also adorned with a few potted plants, adding a touch of greenery to the scene.  The character is seated on a chair with wheels, which is positioned in front of the desk. The chair has a simple design, with a black seat and a backrest.  The background is minimalistic, with a plain white wall that provides a stark contrast to the character and the desk. The overall style of the image is cartoonish and colorful, with a focus on the character and his immediate surroundings.	13999235464.png	The image features a stylized illustration of a bee. The bee is predominantly orange with black markings, including a black head and antennae. It has large, translucent wings that are spread out, and its body is segmented with visible stripes. The bee is depicted in a dynamic pose, as if it is in motion. There is a small, orange larva attached to the bee's leg, indicating a stage of development. The background is plain white, which contrasts with the bee's vivid colors. There is no visible text in the image.	39541794707.png	The image depicts a cartoon-style illustration of a large pile of dirt with various insects crawling on it. The insects are predominantly orange and black, with some yellow and brown. They appear to be ants or a similar type of insect. The pile of dirt is textured and has rocks and pebbles scattered throughout. The background is plain white, which contrasts with the colorful insects and dirt. There is no visible text in the image. The style of the image is whimsical and playful, with exaggerated features and bright colors.	15894262954.png	The image depicts a whimsical scene featuring a large, orange, honeycomb-like structure that resembles a beehive. The honeycomb is adorned with numerous bees of various sizes and colors, including black, yellow, and brown. Some bees are perched on the honeycomb, while others are flying around it.  At the base of the honeycomb, there is a small, dark archway with a stone-like texture. Inside the archway, there are several small, cartoonish creatures that appear to be a mix of animals and humans, with one character resembling a beekeeper. These characters are standing and sitting around a small, mushroom-like structure with a smiling face.  The background is a plain, light color, which contrasts with the vibrant colors of the honeycomb and the characters. There is no visible text in the image. The style of the image is illustrative and cartoonish, with a focus on bright colors and a playful, fantasy-like atmosphere.	81038725922.png	The image depicts an animated character, a man, engaged in work. He is wearing a hard hat, a high-visibility orange vest, and a pair of gloves. The man is holding a shovel and appears to be digging or working on a small mound of soil. The setting includes a small body of water to the left of the character, and there are plants growing around the area. The character has a beard and mustache, and his expression is neutral. There is no visible text in the image. The style of the image is cartoonish and colorful, with a focus on the character and his immediate surroundings.
Pandorina skrinka	Napriek tomu je nesporné, že verdikt súdu v Štrasburgu otvoril Pandorinu skrinku, môže mať zásadný vplyv na slobodu slova v digitálnom svete a niet proti nemu odvolania.		32778096105.png	The image features a cartoon character, an older man with a beard and mustache, wearing glasses and a hard hat. He is holding a large, open laptop in one hand and a collection of electronic components in the other. The man is smiling and appears to be standing against a plain background.	70289712583.png	The image features a 3D rendering of a humanoid figure with a stylized, artistic design. The figure has a white, smooth surface with orange rust or weathering, giving it an aged appearance. It has a small head with a simple face, and the body is elongated with a narrow waist. The figure's arms are extended downwards, and the hands are not visible.  The most striking aspect of the figure is the growth of green foliage, resembling ivy or vines, that has overtaken the figure's body. The leaves are lush and vibrant, contrasting with the figure's pale skin. Some of the leaves are large and spread out, while others are smaller and more densely packed.  The figure is set against a dark gray background, which accentuates the figure and the greenery. There are no visible texts or distinguishing marks that provide additional context or information about the image. The overall style of the image is realistic with a focus on the interplay between the human form and nature.	46573190644.png	The image shows a laptop with a black exterior and a screen displaying a colorful interface with various icons. The laptop is open, and the screen is turned on, showing a vibrant orange background with a grid of squares in different colors and shapes. The keyboard is visible, with a dark color that contrasts with the lighter screen. There are no visible texts or brands on the laptop or screen. The style of the image is a digital illustration with a clean and simple design.	76252647147.png	The image shows a stylized, three-dimensional rendering of a wooden chair with a cushioned seat. The chair has a simple design with straight lines and a flat backrest. The seat cushion is a solid, rounded shape with a textured surface that resembles a woven or knitted pattern. The chair is set against a plain, light gray background. There is no visible text in the image.	33620389391.png	The image depicts a stylized animated character, a young girl, dressed in traditional Indian attire. She is wearing a vibrant orange saree with intricate gold and brown patterns, and a matching headpiece with a golden crown-like accessory. The girl is reaching out towards a brown cardboard box, which is placed on the ground. She has a cheerful expression on her face, with a smile and her eyes looking up at the box. The background is plain white, emphasizing the subject. There is no visible text in the image. The style of the image is cartoonish and colorful, with a focus on the character and her interaction with the box.
Pandorina skrinka	Akonáhle sa jadrová zbraň použije v 21. storočí, túto Pandorinu skrinku znova nezatvoríme.		76252647147.png	The image shows a stylized, three-dimensional rendering of a wooden chair with a cushioned seat. The chair has a simple design with straight lines and a flat backrest. The seat cushion is a solid, rounded shape with a textured surface that resembles a woven or knitted pattern. The chair is set against a plain, light gray background. There is no visible text in the image.	70289712583.png	The image features a 3D rendering of a humanoid figure with a stylized, artistic design. The figure has a white, smooth surface with orange rust or weathering, giving it an aged appearance. It has a small head with a simple face, and the body is elongated with a narrow waist. The figure's arms are extended downwards, and the hands are not visible.  The most striking aspect of the figure is the growth of green foliage, resembling ivy or vines, that has overtaken the figure's body. The leaves are lush and vibrant, contrasting with the figure's pale skin. Some of the leaves are large and spread out, while others are smaller and more densely packed.  The figure is set against a dark gray background, which accentuates the figure and the greenery. There are no visible texts or distinguishing marks that provide additional context or information about the image. The overall style of the image is realistic with a focus on the interplay between the human form and nature.	46573190644.png	The image shows a laptop with a black exterior and a screen displaying a colorful interface with various icons. The laptop is open, and the screen is turned on, showing a vibrant orange background with a grid of squares in different colors and shapes. The keyboard is visible, with a dark color that contrasts with the lighter screen. There are no visible texts or brands on the laptop or screen. The style of the image is a digital illustration with a clean and simple design.	32778096105.png	The image features a cartoon character, an older man with a beard and mustache, wearing glasses and a hard hat. He is holding a large, open laptop in one hand and a collection of electronic components in the other. The man is smiling and appears to be standing against a plain background.	33620389391.png	The image depicts a stylized animated character, a young girl, dressed in traditional Indian attire. She is wearing a vibrant orange saree with intricate gold and brown patterns, and a matching headpiece with a golden crown-like accessory. The girl is reaching out towards a brown cardboard box, which is placed on the ground. She has a cheerful expression on her face, with a smile and her eyes looking up at the box. The background is plain white, emphasizing the subject. There is no visible text in the image. The style of the image is cartoonish and colorful, with a focus on the character and her interaction with the box.
Pandorina skrinka	Ako dieťa som mal veľmi rád grécku mytológiu a príbeh o Pandorinej skrinke mi utkvel v pamäti.		32778096105.png	The image features a cartoon character, an older man with a beard and mustache, wearing glasses and a hard hat. He is holding a large, open laptop in one hand and a collection of electronic components in the other. The man is smiling and appears to be standing against a plain background.	33620389391.png	The image depicts a stylized animated character, a young girl, dressed in traditional Indian attire. She is wearing a vibrant orange saree with intricate gold and brown patterns, and a matching headpiece with a golden crown-like accessory. The girl is reaching out towards a brown cardboard box, which is placed on the ground. She has a cheerful expression on her face, with a smile and her eyes looking up at the box. The background is plain white, emphasizing the subject. There is no visible text in the image. The style of the image is cartoonish and colorful, with a focus on the character and her interaction with the box.	76252647147.png	The image shows a stylized, three-dimensional rendering of a wooden chair with a cushioned seat. The chair has a simple design with straight lines and a flat backrest. The seat cushion is a solid, rounded shape with a textured surface that resembles a woven or knitted pattern. The chair is set against a plain, light gray background. There is no visible text in the image.	70289712583.png	The image features a 3D rendering of a humanoid figure with a stylized, artistic design. The figure has a white, smooth surface with orange rust or weathering, giving it an aged appearance. It has a small head with a simple face, and the body is elongated with a narrow waist. The figure's arms are extended downwards, and the hands are not visible.  The most striking aspect of the figure is the growth of green foliage, resembling ivy or vines, that has overtaken the figure's body. The leaves are lush and vibrant, contrasting with the figure's pale skin. Some of the leaves are large and spread out, while others are smaller and more densely packed.  The figure is set against a dark gray background, which accentuates the figure and the greenery. There are no visible texts or distinguishing marks that provide additional context or information about the image. The overall style of the image is realistic with a focus on the interplay between the human form and nature.	46573190644.png	The image shows a laptop with a black exterior and a screen displaying a colorful interface with various icons. The laptop is open, and the screen is turned on, showing a vibrant orange background with a grid of squares in different colors and shapes. The keyboard is visible, with a dark color that contrasts with the lighter screen. There are no visible texts or brands on the laptop or screen. The style of the image is a digital illustration with a clean and simple design.
Pandorina skrinka	V gréckych bájach sa hovorí, že s Pandorinou skrinkou sa do sveta priniesla bolesť, smútok, strach a... nádej...		46573190644.png	The image shows a laptop with a black exterior and a screen displaying a colorful interface with various icons. The laptop is open, and the screen is turned on, showing a vibrant orange background with a grid of squares in different colors and shapes. The keyboard is visible, with a dark color that contrasts with the lighter screen. There are no visible texts or brands on the laptop or screen. The style of the image is a digital illustration with a clean and simple design.	76252647147.png	The image shows a stylized, three-dimensional rendering of a wooden chair with a cushioned seat. The chair has a simple design with straight lines and a flat backrest. The seat cushion is a solid, rounded shape with a textured surface that resembles a woven or knitted pattern. The chair is set against a plain, light gray background. There is no visible text in the image.	32778096105.png	The image features a cartoon character, an older man with a beard and mustache, wearing glasses and a hard hat. He is holding a large, open laptop in one hand and a collection of electronic components in the other. The man is smiling and appears to be standing against a plain background.	70289712583.png	The image features a 3D rendering of a humanoid figure with a stylized, artistic design. The figure has a white, smooth surface with orange rust or weathering, giving it an aged appearance. It has a small head with a simple face, and the body is elongated with a narrow waist. The figure's arms are extended downwards, and the hands are not visible.  The most striking aspect of the figure is the growth of green foliage, resembling ivy or vines, that has overtaken the figure's body. The leaves are lush and vibrant, contrasting with the figure's pale skin. Some of the leaves are large and spread out, while others are smaller and more densely packed.  The figure is set against a dark gray background, which accentuates the figure and the greenery. There are no visible texts or distinguishing marks that provide additional context or information about the image. The overall style of the image is realistic with a focus on the interplay between the human form and nature.	33620389391.png	The image depicts a stylized animated character, a young girl, dressed in traditional Indian attire. She is wearing a vibrant orange saree with intricate gold and brown patterns, and a matching headpiece with a golden crown-like accessory. The girl is reaching out towards a brown cardboard box, which is placed on the ground. She has a cheerful expression on her face, with a smile and her eyes looking up at the box. The background is plain white, emphasizing the subject. There is no visible text in the image. The style of the image is cartoonish and colorful, with a focus on the character and her interaction with the box.
dojná krava	Ako jeden z argumentov pre vstup do Európskej únie sa uvádza fakt, že únia bude pre Slovensko dojnou kravou.		76713125606.png	The image is a stylized illustration featuring a cartoon character standing in the foreground. The character is smiling and has brown hair. They are wearing a suit with a tie and are holding a large stack of money in their hands. Behind the character, there is a castle with multiple towers and a flag on top, which appears to be the Russian flag. The castle is situated on a hill with greenery around it. The background is a plain, light color. There is no visible text in the image.	63772022839.png	The image depicts a scene in a barn where two individuals are engaged in milking a cow. The cow is black and white, standing on a dirt floor. The person on the left is wearing a blue apron and is holding a bucket, presumably to collect the milk. The person on the right is wearing a white apron and is bending over to milk the cow. The cow is looking directly at the viewer. In the background, there is a shelf with various items, including a metal container and a bucket. The lighting in the scene is soft and appears to be coming from a light source above the cow. There is no visible text in the image. The style of the painting is realistic, with attention to detail in the depiction of the cow and the people.	55124834592.png	The image features a stylized, cartoon-like depiction of a sheep. The sheep has a fluffy white body with a prominent orange collar around its neck. Its face is white with orange markings around the eyes and a small orange nose. The sheep has four legs, each with a brown hoof. The background is plain white, emphasizing the sheep. There is no visible text in the image.	66901919243.png	The image depicts a stylized, cartoon-like illustration of a cow. The cow is predominantly white with orange spots and has a large, white face with a pink nose. It has two horns and is standing on a grassy area with orange flowers. The background is plain white, emphasizing the cow and the flowers. There is no visible text in the image.	15647735976.png	"The image depicts an illustration of an ATM machine with a digital display showing ""CURE INITIALS"" and ""DAT"" on a white background. The ATM is predominantly gray with orange accents. It is surrounded by a large number of US dollar bills, which are scattered around it, some flying in the air, creating a sense of abundance or a financial transaction in progress. The style of the image is cartoonish and appears to be a digital artwork."
dojná krava	Tento sektor však nie je pre štátny rozpočet len pozlátenou dojnou kravou.		55124834592.png	The image features a stylized, cartoon-like depiction of a sheep. The sheep has a fluffy white body with a prominent orange collar around its neck. Its face is white with orange markings around the eyes and a small orange nose. The sheep has four legs, each with a brown hoof. The background is plain white, emphasizing the sheep. There is no visible text in the image.	76713125606.png	The image is a stylized illustration featuring a cartoon character standing in the foreground. The character is smiling and has brown hair. They are wearing a suit with a tie and are holding a large stack of money in their hands. Behind the character, there is a castle with multiple towers and a flag on top, which appears to be the Russian flag. The castle is situated on a hill with greenery around it. The background is a plain, light color. There is no visible text in the image.	66901919243.png	The image depicts a stylized, cartoon-like illustration of a cow. The cow is predominantly white with orange spots and has a large, white face with a pink nose. It has two horns and is standing on a grassy area with orange flowers. The background is plain white, emphasizing the cow and the flowers. There is no visible text in the image.	63772022839.png	The image depicts a scene in a barn where two individuals are engaged in milking a cow. The cow is black and white, standing on a dirt floor. The person on the left is wearing a blue apron and is holding a bucket, presumably to collect the milk. The person on the right is wearing a white apron and is bending over to milk the cow. The cow is looking directly at the viewer. In the background, there is a shelf with various items, including a metal container and a bucket. The lighting in the scene is soft and appears to be coming from a light source above the cow. There is no visible text in the image. The style of the painting is realistic, with attention to detail in the depiction of the cow and the people.	15647735976.png	"The image depicts an illustration of an ATM machine with a digital display showing ""CURE INITIALS"" and ""DAT"" on a white background. The ATM is predominantly gray with orange accents. It is surrounded by a large number of US dollar bills, which are scattered around it, some flying in the air, creating a sense of abundance or a financial transaction in progress. The style of the image is cartoonish and appears to be a digital artwork."
dojná krava	Súčasné podmienky na chov dojných kráv znamenajú pre zvieratá značné utrpenie.		15647735976.png	"The image depicts an illustration of an ATM machine with a digital display showing ""CURE INITIALS"" and ""DAT"" on a white background. The ATM is predominantly gray with orange accents. It is surrounded by a large number of US dollar bills, which are scattered around it, some flying in the air, creating a sense of abundance or a financial transaction in progress. The style of the image is cartoonish and appears to be a digital artwork."	55124834592.png	The image features a stylized, cartoon-like depiction of a sheep. The sheep has a fluffy white body with a prominent orange collar around its neck. Its face is white with orange markings around the eyes and a small orange nose. The sheep has four legs, each with a brown hoof. The background is plain white, emphasizing the sheep. There is no visible text in the image.	63772022839.png	The image depicts a scene in a barn where two individuals are engaged in milking a cow. The cow is black and white, standing on a dirt floor. The person on the left is wearing a blue apron and is holding a bucket, presumably to collect the milk. The person on the right is wearing a white apron and is bending over to milk the cow. The cow is looking directly at the viewer. In the background, there is a shelf with various items, including a metal container and a bucket. The lighting in the scene is soft and appears to be coming from a light source above the cow. There is no visible text in the image. The style of the painting is realistic, with attention to detail in the depiction of the cow and the people.	76713125606.png	The image is a stylized illustration featuring a cartoon character standing in the foreground. The character is smiling and has brown hair. They are wearing a suit with a tie and are holding a large stack of money in their hands. Behind the character, there is a castle with multiple towers and a flag on top, which appears to be the Russian flag. The castle is situated on a hill with greenery around it. The background is a plain, light color. There is no visible text in the image.	66901919243.png	The image depicts a stylized, cartoon-like illustration of a cow. The cow is predominantly white with orange spots and has a large, white face with a pink nose. It has two horns and is standing on a grassy area with orange flowers. The background is plain white, emphasizing the cow and the flowers. There is no visible text in the image.
dojná krava	Na Slovensku v ostatných rokoch klesá počet dojných kráv, a tým aj množstvo vyprodukovaného mlieka.		55124834592.png	The image features a stylized, cartoon-like depiction of a sheep. The sheep has a fluffy white body with a prominent orange collar around its neck. Its face is white with orange markings around the eyes and a small orange nose. The sheep has four legs, each with a brown hoof. The background is plain white, emphasizing the sheep. There is no visible text in the image.	76713125606.png	The image is a stylized illustration featuring a cartoon character standing in the foreground. The character is smiling and has brown hair. They are wearing a suit with a tie and are holding a large stack of money in their hands. Behind the character, there is a castle with multiple towers and a flag on top, which appears to be the Russian flag. The castle is situated on a hill with greenery around it. The background is a plain, light color. There is no visible text in the image.	15647735976.png	"The image depicts an illustration of an ATM machine with a digital display showing ""CURE INITIALS"" and ""DAT"" on a white background. The ATM is predominantly gray with orange accents. It is surrounded by a large number of US dollar bills, which are scattered around it, some flying in the air, creating a sense of abundance or a financial transaction in progress. The style of the image is cartoonish and appears to be a digital artwork."	63772022839.png	The image depicts a scene in a barn where two individuals are engaged in milking a cow. The cow is black and white, standing on a dirt floor. The person on the left is wearing a blue apron and is holding a bucket, presumably to collect the milk. The person on the right is wearing a white apron and is bending over to milk the cow. The cow is looking directly at the viewer. In the background, there is a shelf with various items, including a metal container and a bucket. The lighting in the scene is soft and appears to be coming from a light source above the cow. There is no visible text in the image. The style of the painting is realistic, with attention to detail in the depiction of the cow and the people.	66901919243.png	The image depicts a stylized, cartoon-like illustration of a cow. The cow is predominantly white with orange spots and has a large, white face with a pink nose. It has two horns and is standing on a grassy area with orange flowers. The background is plain white, emphasizing the cow and the flowers. There is no visible text in the image.
reťazová reakcia	Antioxidanty prerušujúce reťazové reakcie sú malé molekuly, ktoré môžu radikálu buď odobrať alebo pridať elektrón a tým formovať stabilné vedľajšie produkty.		88300141221.png	The image depicts two stylized, cartoonish oranges with faces, each with a large black eye and a small black mouth. They are positioned in such a way that they appear to be colliding or merging, with the oranges' bodies becoming one and the oranges' faces being split apart. The oranges are surrounded by smaller orange spheres and black rocks, which are scattered around them, suggesting a dynamic, explosive scene. The background is plain white, which contrasts with the vibrant colors of the oranges and the rocks. There is no visible text in the image.	65948462328.png	The image depicts a stylized illustration of a campfire. The fire is bright orange with visible flames and sparks, suggesting it is burning intensely. The fire is contained within a circular arrangement of rocks, which form a ring around the fire. The rocks are gray and appear to be of various sizes, with some larger than others. The background is plain white, which contrasts with the vibrant colors of the fire and rocks. There is no visible text in the image. The style of the illustration is cartoonish and simplistic, with bold outlines and a limited color palette.	77026286497.png	The image shows a clear glass flask with a metal chain attached to its neck. The flask is filled with a yellow liquid, and there is a metal stopper at the top. The flask is suspended from a metal hook, which is connected to a chain. The background is plain white, emphasizing the flask and its contents. There is no visible text in the image.	45415604946.png	The image depicts a stylized, cartoonish explosion with a mushroom cloud. The explosion is centered and appears to be in the process of detonation, with bright orange and yellow hues emanating from the center. The cloud is dense and fluffy, with a lighter color at the top, suggesting it is rising. The background is a solid dark color, which contrasts with the bright colors of the explosion. There is no visible text in the image. The style of the image is graphic and appears to be a digital illustration rather than a photograph.	70176455444.png	The image features a dynamic scene with a fiery chain in motion. The chain is composed of bright orange flames, and it appears to be breaking apart, with the links flying off in different directions. The background is a muted gray, which contrasts with the vibrant orange of the flames. The image has a digital art style, with a focus on the fiery chain as the central element. There is no visible text in the image.
reťazová reakcia	Z prác, ktoré urobili v uplynulých štyroch mesiacoch Joliot vo Francúzsku a Fermi a Szilard v Spojených štátoch, vyplýva, že by bolo pravdepodobne možné vyvolať jadrovú reťazovú reakciu vo veľkom množstve uránu, pri ktorej sa uvoľní obrovská energia.		77026286497.png	The image shows a clear glass flask with a metal chain attached to its neck. The flask is filled with a yellow liquid, and there is a metal stopper at the top. The flask is suspended from a metal hook, which is connected to a chain. The background is plain white, emphasizing the flask and its contents. There is no visible text in the image.	65948462328.png	The image depicts a stylized illustration of a campfire. The fire is bright orange with visible flames and sparks, suggesting it is burning intensely. The fire is contained within a circular arrangement of rocks, which form a ring around the fire. The rocks are gray and appear to be of various sizes, with some larger than others. The background is plain white, which contrasts with the vibrant colors of the fire and rocks. There is no visible text in the image. The style of the illustration is cartoonish and simplistic, with bold outlines and a limited color palette.	45415604946.png	The image depicts a stylized, cartoonish explosion with a mushroom cloud. The explosion is centered and appears to be in the process of detonation, with bright orange and yellow hues emanating from the center. The cloud is dense and fluffy, with a lighter color at the top, suggesting it is rising. The background is a solid dark color, which contrasts with the bright colors of the explosion. There is no visible text in the image. The style of the image is graphic and appears to be a digital illustration rather than a photograph.	88300141221.png	The image depicts two stylized, cartoonish oranges with faces, each with a large black eye and a small black mouth. They are positioned in such a way that they appear to be colliding or merging, with the oranges' bodies becoming one and the oranges' faces being split apart. The oranges are surrounded by smaller orange spheres and black rocks, which are scattered around them, suggesting a dynamic, explosive scene. The background is plain white, which contrasts with the vibrant colors of the oranges and the rocks. There is no visible text in the image.	70176455444.png	The image features a dynamic scene with a fiery chain in motion. The chain is composed of bright orange flames, and it appears to be breaking apart, with the links flying off in different directions. The background is a muted gray, which contrasts with the vibrant orange of the flames. The image has a digital art style, with a focus on the fiery chain as the central element. There is no visible text in the image.
na dve veci	Môžete hovoriť, že vaše testy sú naozaj krásne, akurát ľuďom je to nakoniec na dve veci.		32546904729.png	The image shows two smartphones placed on a wooden stand. The stand has a natural wood finish and appears to be a simple, rectangular structure with two vertical supports. The smartphones have a reflective surface and are colored in shades of orange and black. There is no visible text on the image. The style of the image is a clean, studio-like photograph with a focus on the objects, which are centered and well-lit.	44318357914.png	The image features two anthropomorphic robots standing side by side. The robot on the left is predominantly orange with a black face and a camera lens for a head. It has a large, circular lens on its chest and a smaller lens on its right arm. The robot on the right is white with a black face and a camera lens for a head. It has a smaller lens on its left arm and a larger lens on its chest. Both robots have white sneakers with red laces. The robot on the right also has a small screen on its chest. There is no visible text in the image. The robots appear to be designed to resemble a camera and a lens, respectively.	87833631186.png	The image depicts a stylized illustration of a tent with a large, torn opening, revealing a dark interior. The tent is predominantly orange with a black interior. Above the tent, there is a large, gray cloud with raindrops falling from it. The background is white, and the overall style is cartoonish and simplistic. There is no visible text in the image.	53104601153.png	The image shows a single, modern office chair with a high back. The chair is predominantly orange with black accents, including the armrests and the base. It has a five-wheeled base with black casters. The chair is positioned against a plain, light background, which does not distract from the chair itself. There is no visible text in the image. The chair is designed with a sleek, ergonomic style, suggesting it is intended for comfort and support in an office setting.	63732678199.png	The image shows a lifebuoy with a circular shape and a handle on top. The lifebuoy is predominantly orange with black stripes running along its length. The background is plain and white, which contrasts with the lifebuoy's color. There is no visible text in the image. The lifebuoy is the central object in the image, and it is depicted in a three-dimensional perspective.
na dve veci	Ak máte malé dieťa, paušál s nekonečnými volaniami, či voľné minúty do bezvedomia, sú vám spravidla na dve veci.		44318357914.png	The image features two anthropomorphic robots standing side by side. The robot on the left is predominantly orange with a black face and a camera lens for a head. It has a large, circular lens on its chest and a smaller lens on its right arm. The robot on the right is white with a black face and a camera lens for a head. It has a smaller lens on its left arm and a larger lens on its chest. Both robots have white sneakers with red laces. The robot on the right also has a small screen on its chest. There is no visible text in the image. The robots appear to be designed to resemble a camera and a lens, respectively.	87833631186.png	The image depicts a stylized illustration of a tent with a large, torn opening, revealing a dark interior. The tent is predominantly orange with a black interior. Above the tent, there is a large, gray cloud with raindrops falling from it. The background is white, and the overall style is cartoonish and simplistic. There is no visible text in the image.	53104601153.png	The image shows a single, modern office chair with a high back. The chair is predominantly orange with black accents, including the armrests and the base. It has a five-wheeled base with black casters. The chair is positioned against a plain, light background, which does not distract from the chair itself. There is no visible text in the image. The chair is designed with a sleek, ergonomic style, suggesting it is intended for comfort and support in an office setting.	32546904729.png	The image shows two smartphones placed on a wooden stand. The stand has a natural wood finish and appears to be a simple, rectangular structure with two vertical supports. The smartphones have a reflective surface and are colored in shades of orange and black. There is no visible text on the image. The style of the image is a clean, studio-like photograph with a focus on the objects, which are centered and well-lit.	63732678199.png	The image shows a lifebuoy with a circular shape and a handle on top. The lifebuoy is predominantly orange with black stripes running along its length. The background is plain and white, which contrasts with the lifebuoy's color. There is no visible text in the image. The lifebuoy is the central object in the image, and it is depicted in a three-dimensional perspective.
na dve veci	Ja by som na Vašom mieste celú záležitosť rozdelil na dve veci.		53104601153.png	The image shows a single, modern office chair with a high back. The chair is predominantly orange with black accents, including the armrests and the base. It has a five-wheeled base with black casters. The chair is positioned against a plain, light background, which does not distract from the chair itself. There is no visible text in the image. The chair is designed with a sleek, ergonomic style, suggesting it is intended for comfort and support in an office setting.	44318357914.png	The image features two anthropomorphic robots standing side by side. The robot on the left is predominantly orange with a black face and a camera lens for a head. It has a large, circular lens on its chest and a smaller lens on its right arm. The robot on the right is white with a black face and a camera lens for a head. It has a smaller lens on its left arm and a larger lens on its chest. Both robots have white sneakers with red laces. The robot on the right also has a small screen on its chest. There is no visible text in the image. The robots appear to be designed to resemble a camera and a lens, respectively.	32546904729.png	The image shows two smartphones placed on a wooden stand. The stand has a natural wood finish and appears to be a simple, rectangular structure with two vertical supports. The smartphones have a reflective surface and are colored in shades of orange and black. There is no visible text on the image. The style of the image is a clean, studio-like photograph with a focus on the objects, which are centered and well-lit.	87833631186.png	The image depicts a stylized illustration of a tent with a large, torn opening, revealing a dark interior. The tent is predominantly orange with a black interior. Above the tent, there is a large, gray cloud with raindrops falling from it. The background is white, and the overall style is cartoonish and simplistic. There is no visible text in the image.	63732678199.png	The image shows a lifebuoy with a circular shape and a handle on top. The lifebuoy is predominantly orange with black stripes running along its length. The background is plain and white, which contrasts with the lifebuoy's color. There is no visible text in the image. The lifebuoy is the central object in the image, and it is depicted in a three-dimensional perspective.
na dve veci	Keďže odstraňovanie tapiet je mechanická práca, bez kvalitných špachtlí sa nezaobídete, myslite vopred na dve veci – budete mať mokré ruky a nebude sa vám chcieť stráviť pri škrabaní celú večnosť.		87833631186.png	The image depicts a stylized illustration of a tent with a large, torn opening, revealing a dark interior. The tent is predominantly orange with a black interior. Above the tent, there is a large, gray cloud with raindrops falling from it. The background is white, and the overall style is cartoonish and simplistic. There is no visible text in the image.	32546904729.png	The image shows two smartphones placed on a wooden stand. The stand has a natural wood finish and appears to be a simple, rectangular structure with two vertical supports. The smartphones have a reflective surface and are colored in shades of orange and black. There is no visible text on the image. The style of the image is a clean, studio-like photograph with a focus on the objects, which are centered and well-lit.	53104601153.png	The image shows a single, modern office chair with a high back. The chair is predominantly orange with black accents, including the armrests and the base. It has a five-wheeled base with black casters. The chair is positioned against a plain, light background, which does not distract from the chair itself. There is no visible text in the image. The chair is designed with a sleek, ergonomic style, suggesting it is intended for comfort and support in an office setting.	63732678199.png	The image shows a lifebuoy with a circular shape and a handle on top. The lifebuoy is predominantly orange with black stripes running along its length. The background is plain and white, which contrasts with the lifebuoy's color. There is no visible text in the image. The lifebuoy is the central object in the image, and it is depicted in a three-dimensional perspective.	44318357914.png	The image features two anthropomorphic robots standing side by side. The robot on the left is predominantly orange with a black face and a camera lens for a head. It has a large, circular lens on its chest and a smaller lens on its right arm. The robot on the right is white with a black face and a camera lens for a head. It has a smaller lens on its left arm and a larger lens on its chest. Both robots have white sneakers with red laces. The robot on the right also has a small screen on its chest. There is no visible text in the image. The robots appear to be designed to resemble a camera and a lens, respectively.
zatvorená kniha	Spojenec, ktorý predvída vaše závery a spôsob konania, je vždy nebezpečný, ale človek, ktorému je každý zvrat večným prekvapením a ktorému je budúcnosť vždy zatvorenou knihou, je naozaj ideálnym pomocníkom.		19415613388.png	The image is a digital illustration of a man with a surprised expression. He has dark hair and a beard, and his eyes are wide open. The man is wearing a black shirt and has a bandage wrapped around his head, covering his eyes and forehead. The bandage appears to be made of a yellowish material. The background is plain and light-colored, providing a stark contrast to the subject. There is no visible text in the image.	28373201831.png	The image shows a laptop with a black screen and a visible trackpad. The laptop has a glossy finish and is colored in shades of orange and black. The design is sleek and modern, with a slim profile. There are no visible texts or logos on the laptop. The background is plain white, emphasizing the laptop as the central object in the image.	86770206144.png	The image features a stylized, cartoon-like depiction of a man's head and upper torso. The man has a bald head with a single playing card placed on top. He has a prominent nose, a frown, and his eyes are closed. He is wearing a black suit with a white shirt and a black bow tie. There is a small, yellow-orange pin or badge pinned to his lapel. The background is a plain, light gray color. There is no visible text in the image.	65685551686.png	The image shows a stylized, cartoon-like illustration of a suitcase. The suitcase is predominantly orange with a brown leather strap across the top. It has a wooden texture on the front, suggesting a vintage or rustic design. There is a small, orange tag attached to the strap, and a brown leather handle is visible on the top. The suitcase is depicted with a three-dimensional perspective, giving it a sense of depth. There is no visible text in the image.	44308156881.png	The image shows a roll of newspaper with its pages partially unrolled. The newspaper is predominantly orange with various illustrations and text in different colors. The illustrations include cartoon-like characters and icons, possibly representing different sections or articles. The text is too small to read clearly, but it appears to be in a language that uses the Latin alphabet. The roll is lying on its side, and the pages are slightly fanned out, revealing the spiral binding at the center. The background is plain and does not provide any additional context. The style of the image is digital and appears to be a stylized or artistic representation rather than a photograph.
zatvorená kniha	akže už by mi tá cesta osamotená tak nevadila, ale tož, budúcnosť je aj pre mňa zatiaľ zatvorenou knihou.		65685551686.png	The image shows a stylized, cartoon-like illustration of a suitcase. The suitcase is predominantly orange with a brown leather strap across the top. It has a wooden texture on the front, suggesting a vintage or rustic design. There is a small, orange tag attached to the strap, and a brown leather handle is visible on the top. The suitcase is depicted with a three-dimensional perspective, giving it a sense of depth. There is no visible text in the image.	44308156881.png	The image shows a roll of newspaper with its pages partially unrolled. The newspaper is predominantly orange with various illustrations and text in different colors. The illustrations include cartoon-like characters and icons, possibly representing different sections or articles. The text is too small to read clearly, but it appears to be in a language that uses the Latin alphabet. The roll is lying on its side, and the pages are slightly fanned out, revealing the spiral binding at the center. The background is plain and does not provide any additional context. The style of the image is digital and appears to be a stylized or artistic representation rather than a photograph.	28373201831.png	The image shows a laptop with a black screen and a visible trackpad. The laptop has a glossy finish and is colored in shades of orange and black. The design is sleek and modern, with a slim profile. There are no visible texts or logos on the laptop. The background is plain white, emphasizing the laptop as the central object in the image.	86770206144.png	The image features a stylized, cartoon-like depiction of a man's head and upper torso. The man has a bald head with a single playing card placed on top. He has a prominent nose, a frown, and his eyes are closed. He is wearing a black suit with a white shirt and a black bow tie. There is a small, yellow-orange pin or badge pinned to his lapel. The background is a plain, light gray color. There is no visible text in the image.	19415613388.png	The image is a digital illustration of a man with a surprised expression. He has dark hair and a beard, and his eyes are wide open. The man is wearing a black shirt and has a bandage wrapped around his head, covering his eyes and forehead. The bandage appears to be made of a yellowish material. The background is plain and light-colored, providing a stark contrast to the subject. There is no visible text in the image.
zatvorená kniha	Viete, na jednej z kariet bola vyobrazená žena vo františkánskom habite, ktorá v ruke drží zatvorenú knihu.		19415613388.png	The image is a digital illustration of a man with a surprised expression. He has dark hair and a beard, and his eyes are wide open. The man is wearing a black shirt and has a bandage wrapped around his head, covering his eyes and forehead. The bandage appears to be made of a yellowish material. The background is plain and light-colored, providing a stark contrast to the subject. There is no visible text in the image.	86770206144.png	The image features a stylized, cartoon-like depiction of a man's head and upper torso. The man has a bald head with a single playing card placed on top. He has a prominent nose, a frown, and his eyes are closed. He is wearing a black suit with a white shirt and a black bow tie. There is a small, yellow-orange pin or badge pinned to his lapel. The background is a plain, light gray color. There is no visible text in the image.	44308156881.png	The image shows a roll of newspaper with its pages partially unrolled. The newspaper is predominantly orange with various illustrations and text in different colors. The illustrations include cartoon-like characters and icons, possibly representing different sections or articles. The text is too small to read clearly, but it appears to be in a language that uses the Latin alphabet. The roll is lying on its side, and the pages are slightly fanned out, revealing the spiral binding at the center. The background is plain and does not provide any additional context. The style of the image is digital and appears to be a stylized or artistic representation rather than a photograph.	28373201831.png	The image shows a laptop with a black screen and a visible trackpad. The laptop has a glossy finish and is colored in shades of orange and black. The design is sleek and modern, with a slim profile. There are no visible texts or logos on the laptop. The background is plain white, emphasizing the laptop as the central object in the image.	65685551686.png	The image shows a stylized, cartoon-like illustration of a suitcase. The suitcase is predominantly orange with a brown leather strap across the top. It has a wooden texture on the front, suggesting a vintage or rustic design. There is a small, orange tag attached to the strap, and a brown leather handle is visible on the top. The suitcase is depicted with a three-dimensional perspective, giving it a sense of depth. There is no visible text in the image.
zatvorená kniha	Druhý muž teraz už stál, neobdraté šaty vyzerali ešte vždy farársky, i keď už nie tak elegantne, v zatvorenej knihe držal vložený prst, aby vedel, kde prestal čítať.		86770206144.png	The image features a stylized, cartoon-like depiction of a man's head and upper torso. The man has a bald head with a single playing card placed on top. He has a prominent nose, a frown, and his eyes are closed. He is wearing a black suit with a white shirt and a black bow tie. There is a small, yellow-orange pin or badge pinned to his lapel. The background is a plain, light gray color. There is no visible text in the image.	28373201831.png	The image shows a laptop with a black screen and a visible trackpad. The laptop has a glossy finish and is colored in shades of orange and black. The design is sleek and modern, with a slim profile. There are no visible texts or logos on the laptop. The background is plain white, emphasizing the laptop as the central object in the image.	65685551686.png	The image shows a stylized, cartoon-like illustration of a suitcase. The suitcase is predominantly orange with a brown leather strap across the top. It has a wooden texture on the front, suggesting a vintage or rustic design. There is a small, orange tag attached to the strap, and a brown leather handle is visible on the top. The suitcase is depicted with a three-dimensional perspective, giving it a sense of depth. There is no visible text in the image.	19415613388.png	The image is a digital illustration of a man with a surprised expression. He has dark hair and a beard, and his eyes are wide open. The man is wearing a black shirt and has a bandage wrapped around his head, covering his eyes and forehead. The bandage appears to be made of a yellowish material. The background is plain and light-colored, providing a stark contrast to the subject. There is no visible text in the image.	44308156881.png	The image shows a roll of newspaper with its pages partially unrolled. The newspaper is predominantly orange with various illustrations and text in different colors. The illustrations include cartoon-like characters and icons, possibly representing different sections or articles. The text is too small to read clearly, but it appears to be in a language that uses the Latin alphabet. The roll is lying on its side, and the pages are slightly fanned out, revealing the spiral binding at the center. The background is plain and does not provide any additional context. The style of the image is digital and appears to be a stylized or artistic representation rather than a photograph.
siedme nebo	Tak sa aj po pár týždňoch stalo, a ja som sa naozaj citil ako v siedmom nebi.		86629924352.png	"The image is a stylized illustration featuring a group of cartoon-style angels. There are four angels in total, each with wings and a halo. They are depicted in a whimsical manner, with exaggerated facial features and expressions. The angels are seated on a large, fluffy cloud that occupies the majority of the image. The cloud is white with a soft, rounded texture.  In the center of the cloud, there is a large, bold number ""7"" with a golden hue. The number is significantly larger than the angels and is positioned vertically. The background of the image is a solid black, which contrasts with the white of the cloud and the golden color of the number.  The image has a playful and imaginative quality, likely intended to evoke a sense of wonder or fantasy. The use of bright colors and the exaggerated features of the angels contribute to this whimsical atmosphere. There is no visible text within the image."	59333897854.png	The image is a digital illustration featuring four animated female characters standing on a sandy beach. They are wearing swimsuits and hats, with one character in the foreground wearing a straw hat and sunglasses, and the other three in the background wearing similar hats and swimsuits. The characters have stylized features and are depicted with a friendly and relaxed demeanor. In the background, there is a palm tree to the left and a small shrub to the right. The overall style is cartoonish and colorful, with a focus on leisure and beach culture.	96483265138.png	The image features a stylized, cartoon-like depiction of a large, glowing orange sphere with a smiling face. The sphere is floating above a cloud-like formation that appears to be made of dark gray or black, with lighter gray or white highlights suggesting fluffy clouds. The clouds are positioned below the sphere, creating a sense of the sphere being suspended in the air. The background is plain white, which contrasts with the vibrant colors of the sphere and clouds. There is no visible text in the image. The style of the image is whimsical and playful, with a focus on bright colors and simple shapes.	57212949235.png	The image depicts an animated character, a man, seated at a table with a spread of food and drink. He is holding a glass of wine to his lips, suggesting he is about to take a sip. The man is wearing a white shirt with a green bow tie, brown pants, and brown shoes. He has a mustache and is balding.  On the table, there are various items including a bottle, a pitcher, a bowl of fruit, a plate with a sandwich, and a spoon. The tablecloth is orange with a checkered pattern. The man appears to be enjoying a meal in a relaxed setting. There is no visible text in the image.	16865880463.png	The image depicts three animated characters that appear to be angels, each with a halo and wings. They are sitting on a fluffy white cloud. The character on the left is wearing a brown hat and a white robe with a red scarf. The middle character is wearing a white robe with a white scarf. The character on the right is wearing a brown hat and a white robe with a red scarf. The characters are smiling and looking towards the viewer. There is no visible text in the image.
siedme nebo	Nikdy o časovaní nepočul a bol v siedmom nebi, že zrazu porozumel stavebným prostriedkom jazyka.		16865880463.png	The image depicts three animated characters that appear to be angels, each with a halo and wings. They are sitting on a fluffy white cloud. The character on the left is wearing a brown hat and a white robe with a red scarf. The middle character is wearing a white robe with a white scarf. The character on the right is wearing a brown hat and a white robe with a red scarf. The characters are smiling and looking towards the viewer. There is no visible text in the image.	96483265138.png	The image features a stylized, cartoon-like depiction of a large, glowing orange sphere with a smiling face. The sphere is floating above a cloud-like formation that appears to be made of dark gray or black, with lighter gray or white highlights suggesting fluffy clouds. The clouds are positioned below the sphere, creating a sense of the sphere being suspended in the air. The background is plain white, which contrasts with the vibrant colors of the sphere and clouds. There is no visible text in the image. The style of the image is whimsical and playful, with a focus on bright colors and simple shapes.	59333897854.png	The image is a digital illustration featuring four animated female characters standing on a sandy beach. They are wearing swimsuits and hats, with one character in the foreground wearing a straw hat and sunglasses, and the other three in the background wearing similar hats and swimsuits. The characters have stylized features and are depicted with a friendly and relaxed demeanor. In the background, there is a palm tree to the left and a small shrub to the right. The overall style is cartoonish and colorful, with a focus on leisure and beach culture.	86629924352.png	"The image is a stylized illustration featuring a group of cartoon-style angels. There are four angels in total, each with wings and a halo. They are depicted in a whimsical manner, with exaggerated facial features and expressions. The angels are seated on a large, fluffy cloud that occupies the majority of the image. The cloud is white with a soft, rounded texture.  In the center of the cloud, there is a large, bold number ""7"" with a golden hue. The number is significantly larger than the angels and is positioned vertically. The background of the image is a solid black, which contrasts with the white of the cloud and the golden color of the number.  The image has a playful and imaginative quality, likely intended to evoke a sense of wonder or fantasy. The use of bright colors and the exaggerated features of the angels contribute to this whimsical atmosphere. There is no visible text within the image."	57212949235.png	The image depicts an animated character, a man, seated at a table with a spread of food and drink. He is holding a glass of wine to his lips, suggesting he is about to take a sip. The man is wearing a white shirt with a green bow tie, brown pants, and brown shoes. He has a mustache and is balding.  On the table, there are various items including a bottle, a pitcher, a bowl of fruit, a plate with a sandwich, and a spoon. The tablecloth is orange with a checkered pattern. The man appears to be enjoying a meal in a relaxed setting. There is no visible text in the image.
siedme nebo	Teraz spolu vchádzajú do siedmeho neba, zasväteného Saturnovi, kde sú umiestení veľkí mnísi, ktorí žili len v pôstoch a v modlitbách.		57212949235.png	The image depicts an animated character, a man, seated at a table with a spread of food and drink. He is holding a glass of wine to his lips, suggesting he is about to take a sip. The man is wearing a white shirt with a green bow tie, brown pants, and brown shoes. He has a mustache and is balding.  On the table, there are various items including a bottle, a pitcher, a bowl of fruit, a plate with a sandwich, and a spoon. The tablecloth is orange with a checkered pattern. The man appears to be enjoying a meal in a relaxed setting. There is no visible text in the image.	96483265138.png	The image features a stylized, cartoon-like depiction of a large, glowing orange sphere with a smiling face. The sphere is floating above a cloud-like formation that appears to be made of dark gray or black, with lighter gray or white highlights suggesting fluffy clouds. The clouds are positioned below the sphere, creating a sense of the sphere being suspended in the air. The background is plain white, which contrasts with the vibrant colors of the sphere and clouds. There is no visible text in the image. The style of the image is whimsical and playful, with a focus on bright colors and simple shapes.	16865880463.png	The image depicts three animated characters that appear to be angels, each with a halo and wings. They are sitting on a fluffy white cloud. The character on the left is wearing a brown hat and a white robe with a red scarf. The middle character is wearing a white robe with a white scarf. The character on the right is wearing a brown hat and a white robe with a red scarf. The characters are smiling and looking towards the viewer. There is no visible text in the image.	59333897854.png	The image is a digital illustration featuring four animated female characters standing on a sandy beach. They are wearing swimsuits and hats, with one character in the foreground wearing a straw hat and sunglasses, and the other three in the background wearing similar hats and swimsuits. The characters have stylized features and are depicted with a friendly and relaxed demeanor. In the background, there is a palm tree to the left and a small shrub to the right. The overall style is cartoonish and colorful, with a focus on leisure and beach culture.	86629924352.png	"The image is a stylized illustration featuring a group of cartoon-style angels. There are four angels in total, each with wings and a halo. They are depicted in a whimsical manner, with exaggerated facial features and expressions. The angels are seated on a large, fluffy cloud that occupies the majority of the image. The cloud is white with a soft, rounded texture.  In the center of the cloud, there is a large, bold number ""7"" with a golden hue. The number is significantly larger than the angels and is positioned vertically. The background of the image is a solid black, which contrasts with the white of the cloud and the golden color of the number.  The image has a playful and imaginative quality, likely intended to evoke a sense of wonder or fantasy. The use of bright colors and the exaggerated features of the angels contribute to this whimsical atmosphere. There is no visible text within the image."
siedme nebo	ú protižidovskí, diabol je pre nich identický so Sabaothom, židovským bohom sídliacim v siedmom nebi.		96483265138.png	The image features a stylized, cartoon-like depiction of a large, glowing orange sphere with a smiling face. The sphere is floating above a cloud-like formation that appears to be made of dark gray or black, with lighter gray or white highlights suggesting fluffy clouds. The clouds are positioned below the sphere, creating a sense of the sphere being suspended in the air. The background is plain white, which contrasts with the vibrant colors of the sphere and clouds. There is no visible text in the image. The style of the image is whimsical and playful, with a focus on bright colors and simple shapes.	57212949235.png	The image depicts an animated character, a man, seated at a table with a spread of food and drink. He is holding a glass of wine to his lips, suggesting he is about to take a sip. The man is wearing a white shirt with a green bow tie, brown pants, and brown shoes. He has a mustache and is balding.  On the table, there are various items including a bottle, a pitcher, a bowl of fruit, a plate with a sandwich, and a spoon. The tablecloth is orange with a checkered pattern. The man appears to be enjoying a meal in a relaxed setting. There is no visible text in the image.	59333897854.png	The image is a digital illustration featuring four animated female characters standing on a sandy beach. They are wearing swimsuits and hats, with one character in the foreground wearing a straw hat and sunglasses, and the other three in the background wearing similar hats and swimsuits. The characters have stylized features and are depicted with a friendly and relaxed demeanor. In the background, there is a palm tree to the left and a small shrub to the right. The overall style is cartoonish and colorful, with a focus on leisure and beach culture.	86629924352.png	"The image is a stylized illustration featuring a group of cartoon-style angels. There are four angels in total, each with wings and a halo. They are depicted in a whimsical manner, with exaggerated facial features and expressions. The angels are seated on a large, fluffy cloud that occupies the majority of the image. The cloud is white with a soft, rounded texture.  In the center of the cloud, there is a large, bold number ""7"" with a golden hue. The number is significantly larger than the angels and is positioned vertically. The background of the image is a solid black, which contrasts with the white of the cloud and the golden color of the number.  The image has a playful and imaginative quality, likely intended to evoke a sense of wonder or fantasy. The use of bright colors and the exaggerated features of the angels contribute to this whimsical atmosphere. There is no visible text within the image."	16865880463.png	The image depicts three animated characters that appear to be angels, each with a halo and wings. They are sitting on a fluffy white cloud. The character on the left is wearing a brown hat and a white robe with a red scarf. The middle character is wearing a white robe with a white scarf. The character on the right is wearing a brown hat and a white robe with a red scarf. The characters are smiling and looking towards the viewer. There is no visible text in the image.
srdce v gatiach	Keď niektorí frajeri uvidia krv, hneď majú srdce v gatiach.		25404046091.png	The image shows a pair of orange pants with a darker orange belt. The pants have a wide leg and are cuffed at the bottom. The belt has a single, darker orange button. The pants are worn with white sneakers. The background is plain and light-colored, providing a high-contrast backdrop that emphasizes the clothing. There is no visible text in the image. The style of the image is a digital illustration with a clean and simple design.	84931581678.png	The image depicts a stylized cartoon of a man with a beard and mustache. He is wearing a bright orange shirt and has his hands covering his mouth. His eyes are wide and he appears surprised or shocked. The background is plain white.	14956973297.png	The image features a stylized, cartoonish depiction of a pair of plaid shorts with a heart-shaped patch on the left leg. The shorts are brown with a checkered pattern. On top of the shorts, there is a large, orange, heart-shaped balloon with a glossy surface and a few small dots representing eyes. The balloon is floating above the shorts, giving the impression that the shorts are wearing the balloon. The background is plain and white, which contrasts with the vibrant colors of the shorts and balloon. There is no visible text in the image.	31041182334.png	The image features a stylized, animated character with a furrowed brow and a wide-open mouth, displaying a fierce expression. The character has spiky hair and is wearing a white shirt with a black tie. The background is white with splatters of orange paint, giving the impression of a messy or chaotic environment. There is no visible text in the image.	66602744797.png	The image depicts a cartoon-style illustration of a young boy sitting at a desk. He has brown hair and is wearing a black jacket with an orange vest over it. The boy is holding a pencil in his right hand and appears to be looking down at a piece of paper on the desk. The desk is equipped with a lamp, a clock, and a stack of books. There are also several pencils and a pair of scissors on the desk. The boy is wearing white sneakers. The background is plain and does not contain any text or additional objects.
srdce v gatiach	Išli sme do toho s malou dušičkou, srdcom v gatiach, ale rozhodli sme sa správne.		84931581678.png	The image depicts a stylized cartoon of a man with a beard and mustache. He is wearing a bright orange shirt and has his hands covering his mouth. His eyes are wide and he appears surprised or shocked. The background is plain white.	14956973297.png	The image features a stylized, cartoonish depiction of a pair of plaid shorts with a heart-shaped patch on the left leg. The shorts are brown with a checkered pattern. On top of the shorts, there is a large, orange, heart-shaped balloon with a glossy surface and a few small dots representing eyes. The balloon is floating above the shorts, giving the impression that the shorts are wearing the balloon. The background is plain and white, which contrasts with the vibrant colors of the shorts and balloon. There is no visible text in the image.	66602744797.png	The image depicts a cartoon-style illustration of a young boy sitting at a desk. He has brown hair and is wearing a black jacket with an orange vest over it. The boy is holding a pencil in his right hand and appears to be looking down at a piece of paper on the desk. The desk is equipped with a lamp, a clock, and a stack of books. There are also several pencils and a pair of scissors on the desk. The boy is wearing white sneakers. The background is plain and does not contain any text or additional objects.	31041182334.png	The image features a stylized, animated character with a furrowed brow and a wide-open mouth, displaying a fierce expression. The character has spiky hair and is wearing a white shirt with a black tie. The background is white with splatters of orange paint, giving the impression of a messy or chaotic environment. There is no visible text in the image.	25404046091.png	The image shows a pair of orange pants with a darker orange belt. The pants have a wide leg and are cuffed at the bottom. The belt has a single, darker orange button. The pants are worn with white sneakers. The background is plain and light-colored, providing a high-contrast backdrop that emphasizes the clothing. There is no visible text in the image. The style of the image is a digital illustration with a clean and simple design.
chladné prijatie	Richard sa za tridsať rokov svojho života ešte nestretol s takým chladným prijatím.		86436705784.png	The image depicts an illustration of a man sitting at the head of a conference table. He is facing the viewer, wearing a dark suit and an orange chair. The table is set with a series of orange candles, and there are several other people seated around the table, all facing the man at the head. The setting suggests a formal meeting or conference. There is no visible text in the image.	37410620239.png	The image shows three animated characters, two men and a woman, standing side by side against a plain background. The man on the left has short brown hair, is wearing a dark suit with a light-colored shirt and a dark tie, and has his hands clasped together in front of him. The man in the middle has white hair, a white beard, and is dressed in a dark suit with a light-colored shirt and a dark tie, with his arms crossed. The woman on the right has short gray hair, is wearing glasses, a dark skirt, and a light-colored blazer over a white shirt, and has her arms crossed. All three characters are depicted with a simple, cartoon-like style. There is no visible text in the image.	72014127965.png	The image depicts a stylized landscape with a prominent mountain range in the background. The mountains have a rugged texture with varying shades of gray and brown, suggesting rocky surfaces. The peaks of the mountains are capped with snow, and the slopes are adorned with patches of orange and yellow vegetation, possibly indicating autumn foliage.  In the foreground, there are three trees with vibrant orange leaves, which stand out against the greenery and rocks. The trees are situated on a grassy area with patches of red and yellow flowers, adding to the autumnal theme. The ground is covered with rocks and patches of grass, and there are a few small plants scattered around.  The overall style of the image is illustrative, with a focus on color and texture to create a serene and picturesque scene. There is no visible text in the image.	44659326961.png	The image depicts an animated scene featuring a central character, a young girl with blonde hair, wearing a crown and seated on a throne. She is surrounded by a group of anthropomorphic snowmen, each with a unique expression and accessory. The snowmen are of varying sizes and are dressed in winter clothing, including hats, scarves, and coats. The girl and the snowmen are set against a simple, light background. There is no visible text in the image. The style of the image is cartoonish and whimsical, with a focus on a winter theme.	45523782624.png	The image depicts a stylized, fairy-tale-like castle with multiple towers and spires, set against a backdrop of snow-covered mountains. The castle is predominantly orange with white and gray accents, and it is surrounded by a snowy landscape with large rocks and patches of snow. There is no visible text in the image. The style of the image is reminiscent of a digital painting or illustration, with a focus on a fantasy or storybook aesthetic.
chladné prijatie	O jej kvalitách bol natoľko presvedčený, že mu neprekážalo ani chladnejšie prijatie na petrohradskej premiére.		37410620239.png	The image shows three animated characters, two men and a woman, standing side by side against a plain background. The man on the left has short brown hair, is wearing a dark suit with a light-colored shirt and a dark tie, and has his hands clasped together in front of him. The man in the middle has white hair, a white beard, and is dressed in a dark suit with a light-colored shirt and a dark tie, with his arms crossed. The woman on the right has short gray hair, is wearing glasses, a dark skirt, and a light-colored blazer over a white shirt, and has her arms crossed. All three characters are depicted with a simple, cartoon-like style. There is no visible text in the image.	45523782624.png	The image depicts a stylized, fairy-tale-like castle with multiple towers and spires, set against a backdrop of snow-covered mountains. The castle is predominantly orange with white and gray accents, and it is surrounded by a snowy landscape with large rocks and patches of snow. There is no visible text in the image. The style of the image is reminiscent of a digital painting or illustration, with a focus on a fantasy or storybook aesthetic.	44659326961.png	The image depicts an animated scene featuring a central character, a young girl with blonde hair, wearing a crown and seated on a throne. She is surrounded by a group of anthropomorphic snowmen, each with a unique expression and accessory. The snowmen are of varying sizes and are dressed in winter clothing, including hats, scarves, and coats. The girl and the snowmen are set against a simple, light background. There is no visible text in the image. The style of the image is cartoonish and whimsical, with a focus on a winter theme.	72014127965.png	The image depicts a stylized landscape with a prominent mountain range in the background. The mountains have a rugged texture with varying shades of gray and brown, suggesting rocky surfaces. The peaks of the mountains are capped with snow, and the slopes are adorned with patches of orange and yellow vegetation, possibly indicating autumn foliage.  In the foreground, there are three trees with vibrant orange leaves, which stand out against the greenery and rocks. The trees are situated on a grassy area with patches of red and yellow flowers, adding to the autumnal theme. The ground is covered with rocks and patches of grass, and there are a few small plants scattered around.  The overall style of the image is illustrative, with a focus on color and texture to create a serene and picturesque scene. There is no visible text in the image.	86436705784.png	The image depicts an illustration of a man sitting at the head of a conference table. He is facing the viewer, wearing a dark suit and an orange chair. The table is set with a series of orange candles, and there are several other people seated around the table, all facing the man at the head. The setting suggests a formal meeting or conference. There is no visible text in the image.
