compound	sentence	expected_order	image1_name	image1_caption	image2_name	image2_caption	image3_name	image3_caption	image4_name	image4_caption	image5_name	image5_caption
ცუდი ნაყოფი	კიდეც ფიქრობდნენ _ ამ მისმა (ნოინის) ზრუნვამ ცუდი ნაყოფი არ გამოიღოსო.		30328984881.png	The image depicts an animated character with spiky hair, wearing an orange shirt with a plaid pattern and black pants. The character is standing with their arms outstretched, as if in surprise or shock. Above the character, there is a splash of coffee, with droplets flying in the air, suggesting the coffee has been spilled or thrown. On the table in front of the character, there is a cup of coffee with a visible handle and a small amount of steam rising from it. The table is brown and appears to be made of wood. The background is plain white, emphasizing the action in the foreground. There is no visible text in the image. The style of the image is cartoonish and whimsical, with exaggerated features and a playful atmosphere.	49030358999.png	The image features a highly detailed and realistic depiction of a peach. The peach is cut in half, revealing its juicy interior with visible seeds. The outer skin of the peach is a vibrant orange color, and the inner flesh is a richer orange with hints of red. The peach is garnished with a single green leaf attached to its stem, which is visible on the top half of the peach. The background is a plain, light gray, which contrasts with the vivid colors of the peach. There is no visible text in the image. The style of the image is a close-up, high-resolution photograph with a focus on the textures and colors of the fruit.	87139807946.png	"The image depicts a stylized illustration of a brown woven basket filled with ripe, orange apples. The apples have a glossy texture and are adorned with green leaves. The basket is placed on a white surface, and there are additional apples and leaves scattered around it. The overall style is realistic with a touch of artistic flair, and there is a signature in the bottom right corner that reads ""A46."""	45789558651.png	The image shows a stylized illustration of an apple with a single leaf attached to its stem. The apple is depicted with a realistic texture, featuring shades of orange and brown, suggesting a ripe, possibly rotten, fruit. The apple is split open, revealing a hollow interior with visible seeds. The stem of the apple is intact and green, contrasting with the brown and orange hues of the fruit. The apple and its stem are set against a plain white background. There is no visible text in the image. The style of the image is graphic and appears to be a digital illustration.	51557411384.png	The image depicts three animated characters, two boys and a girl, standing in front of a gray brick wall. The boy on the left is holding a red spray paint can and appears to be spray painting the wall. The boy in the middle is holding a yellow spray paint can and is also spray painting the wall. The girl on the right is holding a green spray paint can and is also spray painting the wall. The characters are wearing white shirts and dark shorts, with the boy on the left wearing a backpack. The wall has orange graffiti on it, and the characters are looking at the graffiti. The style of the image is illustrative and cartoonish.
ცუდი ნაყოფი	არ არსებობს კარგი ხე, რომელმაც ცუდი ნაყოფი გამოიღოს		49030358999.png	The image features a highly detailed and realistic depiction of a peach. The peach is cut in half, revealing its juicy interior with visible seeds. The outer skin of the peach is a vibrant orange color, and the inner flesh is a richer orange with hints of red. The peach is garnished with a single green leaf attached to its stem, which is visible on the top half of the peach. The background is a plain, light gray, which contrasts with the vivid colors of the peach. There is no visible text in the image. The style of the image is a close-up, high-resolution photograph with a focus on the textures and colors of the fruit.	87139807946.png	"The image depicts a stylized illustration of a brown woven basket filled with ripe, orange apples. The apples have a glossy texture and are adorned with green leaves. The basket is placed on a white surface, and there are additional apples and leaves scattered around it. The overall style is realistic with a touch of artistic flair, and there is a signature in the bottom right corner that reads ""A46."""	30328984881.png	The image depicts an animated character with spiky hair, wearing an orange shirt with a plaid pattern and black pants. The character is standing with their arms outstretched, as if in surprise or shock. Above the character, there is a splash of coffee, with droplets flying in the air, suggesting the coffee has been spilled or thrown. On the table in front of the character, there is a cup of coffee with a visible handle and a small amount of steam rising from it. The table is brown and appears to be made of wood. The background is plain white, emphasizing the action in the foreground. There is no visible text in the image. The style of the image is cartoonish and whimsical, with exaggerated features and a playful atmosphere.	45789558651.png	The image shows a stylized illustration of an apple with a single leaf attached to its stem. The apple is depicted with a realistic texture, featuring shades of orange and brown, suggesting a ripe, possibly rotten, fruit. The apple is split open, revealing a hollow interior with visible seeds. The stem of the apple is intact and green, contrasting with the brown and orange hues of the fruit. The apple and its stem are set against a plain white background. There is no visible text in the image. The style of the image is graphic and appears to be a digital illustration.	51557411384.png	The image depicts three animated characters, two boys and a girl, standing in front of a gray brick wall. The boy on the left is holding a red spray paint can and appears to be spray painting the wall. The boy in the middle is holding a yellow spray paint can and is also spray painting the wall. The girl on the right is holding a green spray paint can and is also spray painting the wall. The characters are wearing white shirts and dark shorts, with the boy on the left wearing a backpack. The wall has orange graffiti on it, and the characters are looking at the graffiti. The style of the image is illustrative and cartoonish.
ცუდი ნაყოფი	ნაკლებობა: სუსტი ფესვთა სისტემა, ცუდი ნაყოფის ხარისხი, ნაყოფის მომწიფების შენელება.		49030358999.png	The image features a highly detailed and realistic depiction of a peach. The peach is cut in half, revealing its juicy interior with visible seeds. The outer skin of the peach is a vibrant orange color, and the inner flesh is a richer orange with hints of red. The peach is garnished with a single green leaf attached to its stem, which is visible on the top half of the peach. The background is a plain, light gray, which contrasts with the vivid colors of the peach. There is no visible text in the image. The style of the image is a close-up, high-resolution photograph with a focus on the textures and colors of the fruit.	45789558651.png	The image shows a stylized illustration of an apple with a single leaf attached to its stem. The apple is depicted with a realistic texture, featuring shades of orange and brown, suggesting a ripe, possibly rotten, fruit. The apple is split open, revealing a hollow interior with visible seeds. The stem of the apple is intact and green, contrasting with the brown and orange hues of the fruit. The apple and its stem are set against a plain white background. There is no visible text in the image. The style of the image is graphic and appears to be a digital illustration.	30328984881.png	The image depicts an animated character with spiky hair, wearing an orange shirt with a plaid pattern and black pants. The character is standing with their arms outstretched, as if in surprise or shock. Above the character, there is a splash of coffee, with droplets flying in the air, suggesting the coffee has been spilled or thrown. On the table in front of the character, there is a cup of coffee with a visible handle and a small amount of steam rising from it. The table is brown and appears to be made of wood. The background is plain white, emphasizing the action in the foreground. There is no visible text in the image. The style of the image is cartoonish and whimsical, with exaggerated features and a playful atmosphere.	87139807946.png	"The image depicts a stylized illustration of a brown woven basket filled with ripe, orange apples. The apples have a glossy texture and are adorned with green leaves. The basket is placed on a white surface, and there are additional apples and leaves scattered around it. The overall style is realistic with a touch of artistic flair, and there is a signature in the bottom right corner that reads ""A46."""	51557411384.png	The image depicts three animated characters, two boys and a girl, standing in front of a gray brick wall. The boy on the left is holding a red spray paint can and appears to be spray painting the wall. The boy in the middle is holding a yellow spray paint can and is also spray painting the wall. The girl on the right is holding a green spray paint can and is also spray painting the wall. The characters are wearing white shirts and dark shorts, with the boy on the left wearing a backpack. The wall has orange graffiti on it, and the characters are looking at the graffiti. The style of the image is illustrative and cartoonish.
ცუდი ნაყოფი	და აჰა, აქ არის ყველანაირი ცუდი ნაყოფი; და არ მოაქვს არანაირი სარგებელი, მთელი ჩვენი შრომის მიუხედავად.		51557411384.png	The image depicts three animated characters, two boys and a girl, standing in front of a gray brick wall. The boy on the left is holding a red spray paint can and appears to be spray painting the wall. The boy in the middle is holding a yellow spray paint can and is also spray painting the wall. The girl on the right is holding a green spray paint can and is also spray painting the wall. The characters are wearing white shirts and dark shorts, with the boy on the left wearing a backpack. The wall has orange graffiti on it, and the characters are looking at the graffiti. The style of the image is illustrative and cartoonish.	30328984881.png	The image depicts an animated character with spiky hair, wearing an orange shirt with a plaid pattern and black pants. The character is standing with their arms outstretched, as if in surprise or shock. Above the character, there is a splash of coffee, with droplets flying in the air, suggesting the coffee has been spilled or thrown. On the table in front of the character, there is a cup of coffee with a visible handle and a small amount of steam rising from it. The table is brown and appears to be made of wood. The background is plain white, emphasizing the action in the foreground. There is no visible text in the image. The style of the image is cartoonish and whimsical, with exaggerated features and a playful atmosphere.	87139807946.png	"The image depicts a stylized illustration of a brown woven basket filled with ripe, orange apples. The apples have a glossy texture and are adorned with green leaves. The basket is placed on a white surface, and there are additional apples and leaves scattered around it. The overall style is realistic with a touch of artistic flair, and there is a signature in the bottom right corner that reads ""A46."""	45789558651.png	The image shows a stylized illustration of an apple with a single leaf attached to its stem. The apple is depicted with a realistic texture, featuring shades of orange and brown, suggesting a ripe, possibly rotten, fruit. The apple is split open, revealing a hollow interior with visible seeds. The stem of the apple is intact and green, contrasting with the brown and orange hues of the fruit. The apple and its stem are set against a plain white background. There is no visible text in the image. The style of the image is graphic and appears to be a digital illustration.	49030358999.png	The image features a highly detailed and realistic depiction of a peach. The peach is cut in half, revealing its juicy interior with visible seeds. The outer skin of the peach is a vibrant orange color, and the inner flesh is a richer orange with hints of red. The peach is garnished with a single green leaf attached to its stem, which is visible on the top half of the peach. The background is a plain, light gray, which contrasts with the vivid colors of the peach. There is no visible text in the image. The style of the image is a close-up, high-resolution photograph with a focus on the textures and colors of the fruit.
ვინმესთვის თვალის ახელა	საჭირო იყო გამორკვევა, თვალების ახელა და დაკვირვებით სწორ გზაზე გავლა.		51884317144.png	The image depicts a stylized landscape scene. In the foreground, there is a silhouette of a person standing on a cliff or hilltop. The person appears to be facing away from the viewer, looking out over the landscape. The background features a dramatic sky with warm hues, suggesting either sunrise or sunset. The sky is filled with clouds and a large, bright sun is visible near the horizon. Below the sky, the landscape is depicted with rolling hills and mountains, with a mix of greenery and what appears to be a desert-like environment. The overall style of the image is illustrative, with a limited color palette that emphasizes the warm tones of the sky and the silhouette of the person. There is no visible text in the image.	22521627994.png	The image depicts two animated characters, a woman and a girl, standing in front of a large orange curtain. The woman is pointing to a map of the world on the curtain with her right hand. She is wearing glasses, a black dress, and has short hair. The girl is on the left, looking up at the woman with her mouth open as if she is listening or reacting to the woman's explanation. She has brown hair, is wearing a yellow dress with a floral pattern, and has her hands on her hips. The background is plain white, emphasizing the characters and the curtain. There is no visible text in the image.	80536706790.png	The image features a pair of eyes with a realistic appearance. The eyes are large and have a prominent yellow iris with a black pupil. The eyes are set against a plain white background, which creates a stark contrast. The eyes are positioned in the center of the image, and there is a subtle shadow beneath them, suggesting a light source from above. There is no visible text in the image. The style of the image is a 3D rendering with a high level of detail, giving it a lifelike appearance.	96676136108.png	The image is a close-up portrait of a person wearing sunglasses. The sunglasses have a reflective surface, and the reflection shows a blurred image of a building. The person's skin is fair, and they have a slight shadow on their face, suggesting a light source from the upper left. The person's lips are slightly parted, and their facial expression is neutral. The background is dark and out of focus, emphasizing the person's face and the sunglasses.	90428631697.png	The image features a close-up of a person's face, focusing on the eyes and nose. The person has a fair complexion and appears to be a young adult. The eyes are closed, and the person's lips are slightly parted, giving a sense of contemplation or introspection.  In front of the person's face, there is a shower of orange confetti or paper shapes, which are scattered across the image, creating a dynamic and somewhat chaotic effect. The confetti is in various sizes and orientations, suggesting movement or a sense of disarray.  The background is a neutral, dark gray, which contrasts with the bright orange of the confetti, making the subject stand out. The overall style of the image is artistic and could be described as a digital illustration or a photograph with digital manipulation.
ვინმესთვის თვალის ახელა	ერთადერთი მისია აქვს ასეთ კინოს - თვალის ახელა!		80536706790.png	The image features a pair of eyes with a realistic appearance. The eyes are large and have a prominent yellow iris with a black pupil. The eyes are set against a plain white background, which creates a stark contrast. The eyes are positioned in the center of the image, and there is a subtle shadow beneath them, suggesting a light source from above. There is no visible text in the image. The style of the image is a 3D rendering with a high level of detail, giving it a lifelike appearance.	22521627994.png	The image depicts two animated characters, a woman and a girl, standing in front of a large orange curtain. The woman is pointing to a map of the world on the curtain with her right hand. She is wearing glasses, a black dress, and has short hair. The girl is on the left, looking up at the woman with her mouth open as if she is listening or reacting to the woman's explanation. She has brown hair, is wearing a yellow dress with a floral pattern, and has her hands on her hips. The background is plain white, emphasizing the characters and the curtain. There is no visible text in the image.	96676136108.png	The image is a close-up portrait of a person wearing sunglasses. The sunglasses have a reflective surface, and the reflection shows a blurred image of a building. The person's skin is fair, and they have a slight shadow on their face, suggesting a light source from the upper left. The person's lips are slightly parted, and their facial expression is neutral. The background is dark and out of focus, emphasizing the person's face and the sunglasses.	51884317144.png	The image depicts a stylized landscape scene. In the foreground, there is a silhouette of a person standing on a cliff or hilltop. The person appears to be facing away from the viewer, looking out over the landscape. The background features a dramatic sky with warm hues, suggesting either sunrise or sunset. The sky is filled with clouds and a large, bright sun is visible near the horizon. Below the sky, the landscape is depicted with rolling hills and mountains, with a mix of greenery and what appears to be a desert-like environment. The overall style of the image is illustrative, with a limited color palette that emphasizes the warm tones of the sky and the silhouette of the person. There is no visible text in the image.	90428631697.png	The image features a close-up of a person's face, focusing on the eyes and nose. The person has a fair complexion and appears to be a young adult. The eyes are closed, and the person's lips are slightly parted, giving a sense of contemplation or introspection.  In front of the person's face, there is a shower of orange confetti or paper shapes, which are scattered across the image, creating a dynamic and somewhat chaotic effect. The confetti is in various sizes and orientations, suggesting movement or a sense of disarray.  The background is a neutral, dark gray, which contrasts with the bright orange of the confetti, making the subject stand out. The overall style of the image is artistic and could be described as a digital illustration or a photograph with digital manipulation.
ვინმესთვის თვალის ახელა	მგზავრები თვალის ახელას ვეღარ ახერხებდნენ, რადგანაც პირდაპირი ქარი იყო და თვალებში მტვერს აყრიდა.		80536706790.png	The image features a pair of eyes with a realistic appearance. The eyes are large and have a prominent yellow iris with a black pupil. The eyes are set against a plain white background, which creates a stark contrast. The eyes are positioned in the center of the image, and there is a subtle shadow beneath them, suggesting a light source from above. There is no visible text in the image. The style of the image is a 3D rendering with a high level of detail, giving it a lifelike appearance.	96676136108.png	The image is a close-up portrait of a person wearing sunglasses. The sunglasses have a reflective surface, and the reflection shows a blurred image of a building. The person's skin is fair, and they have a slight shadow on their face, suggesting a light source from the upper left. The person's lips are slightly parted, and their facial expression is neutral. The background is dark and out of focus, emphasizing the person's face and the sunglasses.	90428631697.png	The image features a close-up of a person's face, focusing on the eyes and nose. The person has a fair complexion and appears to be a young adult. The eyes are closed, and the person's lips are slightly parted, giving a sense of contemplation or introspection.  In front of the person's face, there is a shower of orange confetti or paper shapes, which are scattered across the image, creating a dynamic and somewhat chaotic effect. The confetti is in various sizes and orientations, suggesting movement or a sense of disarray.  The background is a neutral, dark gray, which contrasts with the bright orange of the confetti, making the subject stand out. The overall style of the image is artistic and could be described as a digital illustration or a photograph with digital manipulation.	51884317144.png	The image depicts a stylized landscape scene. In the foreground, there is a silhouette of a person standing on a cliff or hilltop. The person appears to be facing away from the viewer, looking out over the landscape. The background features a dramatic sky with warm hues, suggesting either sunrise or sunset. The sky is filled with clouds and a large, bright sun is visible near the horizon. Below the sky, the landscape is depicted with rolling hills and mountains, with a mix of greenery and what appears to be a desert-like environment. The overall style of the image is illustrative, with a limited color palette that emphasizes the warm tones of the sky and the silhouette of the person. There is no visible text in the image.	22521627994.png	The image depicts two animated characters, a woman and a girl, standing in front of a large orange curtain. The woman is pointing to a map of the world on the curtain with her right hand. She is wearing glasses, a black dress, and has short hair. The girl is on the left, looking up at the woman with her mouth open as if she is listening or reacting to the woman's explanation. She has brown hair, is wearing a yellow dress with a floral pattern, and has her hands on her hips. The background is plain white, emphasizing the characters and the curtain. There is no visible text in the image.
ვინმესთვის თვალის ახელა	წყალზე გავლა, ბრმებისთვის თვალის ახელა, წყლის ღვინოდ ქცევა.		51884317144.png	The image depicts a stylized landscape scene. In the foreground, there is a silhouette of a person standing on a cliff or hilltop. The person appears to be facing away from the viewer, looking out over the landscape. The background features a dramatic sky with warm hues, suggesting either sunrise or sunset. The sky is filled with clouds and a large, bright sun is visible near the horizon. Below the sky, the landscape is depicted with rolling hills and mountains, with a mix of greenery and what appears to be a desert-like environment. The overall style of the image is illustrative, with a limited color palette that emphasizes the warm tones of the sky and the silhouette of the person. There is no visible text in the image.	96676136108.png	The image is a close-up portrait of a person wearing sunglasses. The sunglasses have a reflective surface, and the reflection shows a blurred image of a building. The person's skin is fair, and they have a slight shadow on their face, suggesting a light source from the upper left. The person's lips are slightly parted, and their facial expression is neutral. The background is dark and out of focus, emphasizing the person's face and the sunglasses.	90428631697.png	The image features a close-up of a person's face, focusing on the eyes and nose. The person has a fair complexion and appears to be a young adult. The eyes are closed, and the person's lips are slightly parted, giving a sense of contemplation or introspection.  In front of the person's face, there is a shower of orange confetti or paper shapes, which are scattered across the image, creating a dynamic and somewhat chaotic effect. The confetti is in various sizes and orientations, suggesting movement or a sense of disarray.  The background is a neutral, dark gray, which contrasts with the bright orange of the confetti, making the subject stand out. The overall style of the image is artistic and could be described as a digital illustration or a photograph with digital manipulation.	22521627994.png	The image depicts two animated characters, a woman and a girl, standing in front of a large orange curtain. The woman is pointing to a map of the world on the curtain with her right hand. She is wearing glasses, a black dress, and has short hair. The girl is on the left, looking up at the woman with her mouth open as if she is listening or reacting to the woman's explanation. She has brown hair, is wearing a yellow dress with a floral pattern, and has her hands on her hips. The background is plain white, emphasizing the characters and the curtain. There is no visible text in the image.	80536706790.png	The image features a pair of eyes with a realistic appearance. The eyes are large and have a prominent yellow iris with a black pupil. The eyes are set against a plain white background, which creates a stark contrast. The eyes are positioned in the center of the image, and there is a subtle shadow beneath them, suggesting a light source from above. There is no visible text in the image. The style of the image is a 3D rendering with a high level of detail, giving it a lifelike appearance.
დიდი მოთამაშე	თუმცა, აღსანიშნავია, რომ ნავთობის ინდუსტრიის ყველაზე დიდი მოთამაშე ამერიკული კომპანია არ არის.		29095611374.png	The image features a stylized, animated character of a woman standing on a circular platform. She is dressed in a black suit with an orange shirt and tie, and she is holding a tablet with both hands. The character has brown hair, is smiling, and appears to be presenting or demonstrating something on the tablet. The background is plain white, emphasizing the character and the platform she is standing on. There is no visible text in the image.	74070817271.png	The image depicts a stylized illustration of a baby in a stroller. The baby has a rosy complexion, closed eyes, and a small, contented smile. The baby's hair is a light brown color, and the stroller has a modern design with a black frame and orange accents. The stroller's seat is visible, and the baby's hands are resting on the stroller's handle. There is no visible text in the image. The style of the illustration is cartoonish and appears to be designed for a child-friendly audience.	93154424147.png	The image features a stylized illustration of a large, muscular man in a football uniform, standing in the center with a football in his hands. He is flanked by a group of smaller, cartoon-style football players, each wearing a different uniform and helmet, suggesting they are part of a team. The man is wearing a black uniform with the number 11, and the players around him are wearing a variety of colors and numbers, indicating different team affiliations. The illustration is detailed and colorful, with a focus on the characters' athletic attire and the football theme. There is no visible text in the image.	76367116350.png	The image depicts an animated character, an older man with a mustache, wearing glasses and a hat, sitting at a small table. He is dressed in an orange suit and brown pants. The man is holding a deck of cards in his hands and appears to be examining them. On the table, there are various items including a teapot, a bowl, and a potted plant. The background is plain and does not provide any additional context. The style of the image is illustrative and cartoonish.	94074678561.png	The image features a 3D animated character of a man dressed in a military uniform. The uniform consists of a brown shirt, brown trousers, a brown cap with a badge on the front, and black shoes. The character has a stern expression with his mouth open, as if shouting or speaking loudly. The character is standing against a plain white background. There is no visible text in the image.
დიდი მოთამაშე	გახდება თუ არა სილკნეტი კომუნიკაციის ბაზრის ყველაზე დიდი მოთამაშე		29095611374.png	The image features a stylized, animated character of a woman standing on a circular platform. She is dressed in a black suit with an orange shirt and tie, and she is holding a tablet with both hands. The character has brown hair, is smiling, and appears to be presenting or demonstrating something on the tablet. The background is plain white, emphasizing the character and the platform she is standing on. There is no visible text in the image.	74070817271.png	The image depicts a stylized illustration of a baby in a stroller. The baby has a rosy complexion, closed eyes, and a small, contented smile. The baby's hair is a light brown color, and the stroller has a modern design with a black frame and orange accents. The stroller's seat is visible, and the baby's hands are resting on the stroller's handle. There is no visible text in the image. The style of the illustration is cartoonish and appears to be designed for a child-friendly audience.	76367116350.png	The image depicts an animated character, an older man with a mustache, wearing glasses and a hat, sitting at a small table. He is dressed in an orange suit and brown pants. The man is holding a deck of cards in his hands and appears to be examining them. On the table, there are various items including a teapot, a bowl, and a potted plant. The background is plain and does not provide any additional context. The style of the image is illustrative and cartoonish.	93154424147.png	The image features a stylized illustration of a large, muscular man in a football uniform, standing in the center with a football in his hands. He is flanked by a group of smaller, cartoon-style football players, each wearing a different uniform and helmet, suggesting they are part of a team. The man is wearing a black uniform with the number 11, and the players around him are wearing a variety of colors and numbers, indicating different team affiliations. The illustration is detailed and colorful, with a focus on the characters' athletic attire and the football theme. There is no visible text in the image.	94074678561.png	The image features a 3D animated character of a man dressed in a military uniform. The uniform consists of a brown shirt, brown trousers, a brown cap with a badge on the front, and black shoes. The character has a stern expression with his mouth open, as if shouting or speaking loudly. The character is standing against a plain white background. There is no visible text in the image.
დიდი მოთამაშე	NBA-ს კიდევ ორი დიდი მოთამაშე დაემშვიდობა.		76367116350.png	The image depicts an animated character, an older man with a mustache, wearing glasses and a hat, sitting at a small table. He is dressed in an orange suit and brown pants. The man is holding a deck of cards in his hands and appears to be examining them. On the table, there are various items including a teapot, a bowl, and a potted plant. The background is plain and does not provide any additional context. The style of the image is illustrative and cartoonish.	74070817271.png	The image depicts a stylized illustration of a baby in a stroller. The baby has a rosy complexion, closed eyes, and a small, contented smile. The baby's hair is a light brown color, and the stroller has a modern design with a black frame and orange accents. The stroller's seat is visible, and the baby's hands are resting on the stroller's handle. There is no visible text in the image. The style of the illustration is cartoonish and appears to be designed for a child-friendly audience.	29095611374.png	The image features a stylized, animated character of a woman standing on a circular platform. She is dressed in a black suit with an orange shirt and tie, and she is holding a tablet with both hands. The character has brown hair, is smiling, and appears to be presenting or demonstrating something on the tablet. The background is plain white, emphasizing the character and the platform she is standing on. There is no visible text in the image.	93154424147.png	The image features a stylized illustration of a large, muscular man in a football uniform, standing in the center with a football in his hands. He is flanked by a group of smaller, cartoon-style football players, each wearing a different uniform and helmet, suggesting they are part of a team. The man is wearing a black uniform with the number 11, and the players around him are wearing a variety of colors and numbers, indicating different team affiliations. The illustration is detailed and colorful, with a focus on the characters' athletic attire and the football theme. There is no visible text in the image.	94074678561.png	The image features a 3D animated character of a man dressed in a military uniform. The uniform consists of a brown shirt, brown trousers, a brown cap with a badge on the front, and black shoes. The character has a stern expression with his mouth open, as if shouting or speaking loudly. The character is standing against a plain white background. There is no visible text in the image.
დიდი მოთამაშე	რა ხდება „სამ ლომთან“? დიდი მოთამაშე ტოვებს ეროვნულ გუნდს.		29095611374.png	The image features a stylized, animated character of a woman standing on a circular platform. She is dressed in a black suit with an orange shirt and tie, and she is holding a tablet with both hands. The character has brown hair, is smiling, and appears to be presenting or demonstrating something on the tablet. The background is plain white, emphasizing the character and the platform she is standing on. There is no visible text in the image.	76367116350.png	The image depicts an animated character, an older man with a mustache, wearing glasses and a hat, sitting at a small table. He is dressed in an orange suit and brown pants. The man is holding a deck of cards in his hands and appears to be examining them. On the table, there are various items including a teapot, a bowl, and a potted plant. The background is plain and does not provide any additional context. The style of the image is illustrative and cartoonish.	94074678561.png	The image features a 3D animated character of a man dressed in a military uniform. The uniform consists of a brown shirt, brown trousers, a brown cap with a badge on the front, and black shoes. The character has a stern expression with his mouth open, as if shouting or speaking loudly. The character is standing against a plain white background. There is no visible text in the image.	74070817271.png	The image depicts a stylized illustration of a baby in a stroller. The baby has a rosy complexion, closed eyes, and a small, contented smile. The baby's hair is a light brown color, and the stroller has a modern design with a black frame and orange accents. The stroller's seat is visible, and the baby's hands are resting on the stroller's handle. There is no visible text in the image. The style of the illustration is cartoonish and appears to be designed for a child-friendly audience.	93154424147.png	The image features a stylized illustration of a large, muscular man in a football uniform, standing in the center with a football in his hands. He is flanked by a group of smaller, cartoon-style football players, each wearing a different uniform and helmet, suggesting they are part of a team. The man is wearing a black uniform with the number 11, and the players around him are wearing a variety of colors and numbers, indicating different team affiliations. The illustration is detailed and colorful, with a focus on the characters' athletic attire and the football theme. There is no visible text in the image.
შავი ყუთი	ჩვენი მეხსიერება ერთგვარი „შავი ყუთია“ და მისი წყალობით მთელი ცხოვრების მანძილზე დავატარებთ ინფორმაციას		68411112781.png	The image depicts a stylized computer setup on a white surface. There is a computer monitor with a dark brown frame and a black screen. Below the monitor, there is a keyboard with a dark gray color and a light gray backlight. To the right of the keyboard, there is a computer mouse with a dark gray color and a light gray backlight.  In front of the monitor, there is a collection of items. On the left, there is a brown mug with a handle. To the right of the mug, there is a brown pencil holder with various pencils and a pen. In front of the pencil holder, there is a small orange robot figurine. To the right of the robot, there is a small orange cup with a handle.  In the bottom left corner, there is a small orange book with a white cover. The objects are arranged in a casual manner, suggesting a personal workspace. There is no visible text in the image. The style of the image is illustrative and appears to be designed for a digital medium, possibly for a website or a graphic design project.	99771117167.png	The image shows a black rectangular box with a visible orange tag on the front, placed on a wooden table. The table has a simple, round shape and is set against a plain, light background. The box appears to be a gift box, and the tag might indicate a message or a price. The image is a clear, isolated product shot with a focus on the box and the table.	23303982168.png	The image shows a cardboard box with its flaps open, revealing the interior. The box appears to be empty and is set against a plain white background. The box is a standard rectangular shape with a visible barcode on the bottom right corner. The cardboard has a textured surface, and the color is a uniform light brown. There are no visible texts or brands on the box. The style of the image is a clear, isolated product shot with a focus on the box itself.	40808310905.png	The image depicts an animated scene of a man in an orange hard hat standing at a conveyor belt. The conveyor belt is carrying red apples. The man appears to be observing the apples as they pass by. In the background, there is a large machine with a control panel and a lever, suggesting an industrial setting. The machine has a cylindrical shape with a black and orange striped pattern on its side. The man is wearing a white shirt and dark pants. There is no visible text in the image. The style of the image is cartoonish and appears to be designed for illustrative purposes, possibly for a storyboard or an educational material.	16904968865.png	The image features a stylized, cartoon-like depiction of a small dog with a predominantly orange and white coat. The dog has large, round, black eyes and a small, black nose. It has a red collar around its neck and a curly tail. The dog is standing on all fours and appears to be smiling or panting with its mouth open. The background is plain and white, which contrasts with the dog's colorful fur. There is no visible text in the image.
შავი ყუთი	ლუქსემბურგის საინვესტიციო ფონდები ფინანსური „შავი ყუთია“, რომელიც ადამიანებს ფულის გათეთრებასა და გადასახადების თავიდან არიდებაში ეხმარება.		99771117167.png	The image shows a black rectangular box with a visible orange tag on the front, placed on a wooden table. The table has a simple, round shape and is set against a plain, light background. The box appears to be a gift box, and the tag might indicate a message or a price. The image is a clear, isolated product shot with a focus on the box and the table.	23303982168.png	The image shows a cardboard box with its flaps open, revealing the interior. The box appears to be empty and is set against a plain white background. The box is a standard rectangular shape with a visible barcode on the bottom right corner. The cardboard has a textured surface, and the color is a uniform light brown. There are no visible texts or brands on the box. The style of the image is a clear, isolated product shot with a focus on the box itself.	16904968865.png	The image features a stylized, cartoon-like depiction of a small dog with a predominantly orange and white coat. The dog has large, round, black eyes and a small, black nose. It has a red collar around its neck and a curly tail. The dog is standing on all fours and appears to be smiling or panting with its mouth open. The background is plain and white, which contrasts with the dog's colorful fur. There is no visible text in the image.	40808310905.png	The image depicts an animated scene of a man in an orange hard hat standing at a conveyor belt. The conveyor belt is carrying red apples. The man appears to be observing the apples as they pass by. In the background, there is a large machine with a control panel and a lever, suggesting an industrial setting. The machine has a cylindrical shape with a black and orange striped pattern on its side. The man is wearing a white shirt and dark pants. There is no visible text in the image. The style of the image is cartoonish and appears to be designed for illustrative purposes, possibly for a storyboard or an educational material.	68411112781.png	The image depicts a stylized computer setup on a white surface. There is a computer monitor with a dark brown frame and a black screen. Below the monitor, there is a keyboard with a dark gray color and a light gray backlight. To the right of the keyboard, there is a computer mouse with a dark gray color and a light gray backlight.  In front of the monitor, there is a collection of items. On the left, there is a brown mug with a handle. To the right of the mug, there is a brown pencil holder with various pencils and a pen. In front of the pencil holder, there is a small orange robot figurine. To the right of the robot, there is a small orange cup with a handle.  In the bottom left corner, there is a small orange book with a white cover. The objects are arranged in a casual manner, suggesting a personal workspace. There is no visible text in the image. The style of the image is illustrative and appears to be designed for a digital medium, possibly for a website or a graphic design project.
შავი ყუთი	შავი ყუთის სისტემა, როგორც წესი გამოისახება ინფორმაციული ნაკადების დიაგრამის სახით, შავი ყუთით ცენტრში.		99771117167.png	The image shows a black rectangular box with a visible orange tag on the front, placed on a wooden table. The table has a simple, round shape and is set against a plain, light background. The box appears to be a gift box, and the tag might indicate a message or a price. The image is a clear, isolated product shot with a focus on the box and the table.	40808310905.png	The image depicts an animated scene of a man in an orange hard hat standing at a conveyor belt. The conveyor belt is carrying red apples. The man appears to be observing the apples as they pass by. In the background, there is a large machine with a control panel and a lever, suggesting an industrial setting. The machine has a cylindrical shape with a black and orange striped pattern on its side. The man is wearing a white shirt and dark pants. There is no visible text in the image. The style of the image is cartoonish and appears to be designed for illustrative purposes, possibly for a storyboard or an educational material.	23303982168.png	The image shows a cardboard box with its flaps open, revealing the interior. The box appears to be empty and is set against a plain white background. The box is a standard rectangular shape with a visible barcode on the bottom right corner. The cardboard has a textured surface, and the color is a uniform light brown. There are no visible texts or brands on the box. The style of the image is a clear, isolated product shot with a focus on the box itself.	68411112781.png	The image depicts a stylized computer setup on a white surface. There is a computer monitor with a dark brown frame and a black screen. Below the monitor, there is a keyboard with a dark gray color and a light gray backlight. To the right of the keyboard, there is a computer mouse with a dark gray color and a light gray backlight.  In front of the monitor, there is a collection of items. On the left, there is a brown mug with a handle. To the right of the mug, there is a brown pencil holder with various pencils and a pen. In front of the pencil holder, there is a small orange robot figurine. To the right of the robot, there is a small orange cup with a handle.  In the bottom left corner, there is a small orange book with a white cover. The objects are arranged in a casual manner, suggesting a personal workspace. There is no visible text in the image. The style of the image is illustrative and appears to be designed for a digital medium, possibly for a website or a graphic design project.	16904968865.png	The image features a stylized, cartoon-like depiction of a small dog with a predominantly orange and white coat. The dog has large, round, black eyes and a small, black nose. It has a red collar around its neck and a curly tail. The dog is standing on all fours and appears to be smiling or panting with its mouth open. The background is plain and white, which contrasts with the dog's colorful fur. There is no visible text in the image.
შავი ყუთი	"ალბათ, მკითხველს დააინტერესებს როგორია სინამდვილეში ""შავი ყუთი""."		99771117167.png	The image shows a black rectangular box with a visible orange tag on the front, placed on a wooden table. The table has a simple, round shape and is set against a plain, light background. The box appears to be a gift box, and the tag might indicate a message or a price. The image is a clear, isolated product shot with a focus on the box and the table.	68411112781.png	The image depicts a stylized computer setup on a white surface. There is a computer monitor with a dark brown frame and a black screen. Below the monitor, there is a keyboard with a dark gray color and a light gray backlight. To the right of the keyboard, there is a computer mouse with a dark gray color and a light gray backlight.  In front of the monitor, there is a collection of items. On the left, there is a brown mug with a handle. To the right of the mug, there is a brown pencil holder with various pencils and a pen. In front of the pencil holder, there is a small orange robot figurine. To the right of the robot, there is a small orange cup with a handle.  In the bottom left corner, there is a small orange book with a white cover. The objects are arranged in a casual manner, suggesting a personal workspace. There is no visible text in the image. The style of the image is illustrative and appears to be designed for a digital medium, possibly for a website or a graphic design project.	40808310905.png	The image depicts an animated scene of a man in an orange hard hat standing at a conveyor belt. The conveyor belt is carrying red apples. The man appears to be observing the apples as they pass by. In the background, there is a large machine with a control panel and a lever, suggesting an industrial setting. The machine has a cylindrical shape with a black and orange striped pattern on its side. The man is wearing a white shirt and dark pants. There is no visible text in the image. The style of the image is cartoonish and appears to be designed for illustrative purposes, possibly for a storyboard or an educational material.	16904968865.png	The image features a stylized, cartoon-like depiction of a small dog with a predominantly orange and white coat. The dog has large, round, black eyes and a small, black nose. It has a red collar around its neck and a curly tail. The dog is standing on all fours and appears to be smiling or panting with its mouth open. The background is plain and white, which contrasts with the dog's colorful fur. There is no visible text in the image.	23303982168.png	The image shows a cardboard box with its flaps open, revealing the interior. The box appears to be empty and is set against a plain white background. The box is a standard rectangular shape with a visible barcode on the bottom right corner. The cardboard has a textured surface, and the color is a uniform light brown. There are no visible texts or brands on the box. The style of the image is a clear, isolated product shot with a focus on the box itself.
საყრდენი ქვა	ალჟირი ჩრდილოეთ აფრიკაში სტაბილურობის საყრდენი ქვაა.		43178842611.png	The image depicts a stylized illustration of a cornfield. The corn plants are tall and green, with golden-yellow ears of corn at the top. The field is bordered by a line of trees and bushes with green leaves and orange flowers. The sky is a pale blue with a few scattered clouds. There are no visible texts on the image. The style of the image is cartoonish with a limited color palette, emphasizing the contrast between the green of the plants and the orange of the flowers and leaves.	92043919701.png	The image is a digital illustration featuring two animated characters. On the left is a female character with short brown hair, wearing a black blazer over an orange top, black pants, and black high heels. She is smiling and holding a small trophy with a golden base and a golden trophy head. On the right is a male character wearing a hard hat, a black suit jacket, a yellow shirt, and black pants. He is also smiling and holding the same trophy with both hands. The background is plain white. There is no visible text in the image. The style of the illustration is cartoonish and friendly, with a focus on the characters' expressions and the trophy they are sharing.	25846663495.png	The image shows a stack of nine round, textured stones of varying shades of brown and black, with the topmost stone being the lightest in color. The stones are arranged in a pyramid-like structure on a flat surface. Below the stack, there is a pathway made of interlocking rectangular stones in shades of brown and black, with a small patch of green grass visible at the bottom of the image. The background is a plain, light color, providing a contrast to the darker tones of the stones. There is no visible text in the image.	77721134612.png	The image depicts a stylized, colorful scene with a rocky outcropping at the center. The outcropping is covered with a variety of plants and flowers, predominantly orange and yellow, with some green foliage. The rocks are textured and appear to be weathered.  In front of the outcropping, there is a sidewalk with a few orange cones placed on it. To the right of the outcropping, there is a utility pole with various wires and a transformer attached to it. The background is a plain, light color, providing a contrast to the vibrant colors of the foreground.  There is no visible text in the image. The objects are arranged in a way that suggests a blend of natural and urban environments, with the outcropping and plants serving as a focal point amidst the more man-made elements like the sidewalk and utility pole.	95561842239.png	The image shows two construction workers on a brick wall. They are wearing hard hats and safety vests, indicating a focus on safety. The worker on the left is standing on a scaffolding structure, which is made of metal bars and wooden planks. The worker on the right is holding onto the scaffolding and appears to be in the process of climbing up. Both workers are engaged in the construction process, as suggested by the tools and materials around them. The background is a clear sky, which contrasts with the brick wall and the industrial nature of the scene. There is no visible text in the image.
საყრდენი ქვა	ეს კრებული შეიცავს პლატონის კლასიკურ დიალოგებს, რომლებიც დასავლეთის ფილოსოფიის საყრდენი ქვაა.		25846663495.png	The image shows a stack of nine round, textured stones of varying shades of brown and black, with the topmost stone being the lightest in color. The stones are arranged in a pyramid-like structure on a flat surface. Below the stack, there is a pathway made of interlocking rectangular stones in shades of brown and black, with a small patch of green grass visible at the bottom of the image. The background is a plain, light color, providing a contrast to the darker tones of the stones. There is no visible text in the image.	92043919701.png	The image is a digital illustration featuring two animated characters. On the left is a female character with short brown hair, wearing a black blazer over an orange top, black pants, and black high heels. She is smiling and holding a small trophy with a golden base and a golden trophy head. On the right is a male character wearing a hard hat, a black suit jacket, a yellow shirt, and black pants. He is also smiling and holding the same trophy with both hands. The background is plain white. There is no visible text in the image. The style of the illustration is cartoonish and friendly, with a focus on the characters' expressions and the trophy they are sharing.	43178842611.png	The image depicts a stylized illustration of a cornfield. The corn plants are tall and green, with golden-yellow ears of corn at the top. The field is bordered by a line of trees and bushes with green leaves and orange flowers. The sky is a pale blue with a few scattered clouds. There are no visible texts on the image. The style of the image is cartoonish with a limited color palette, emphasizing the contrast between the green of the plants and the orange of the flowers and leaves.	77721134612.png	The image depicts a stylized, colorful scene with a rocky outcropping at the center. The outcropping is covered with a variety of plants and flowers, predominantly orange and yellow, with some green foliage. The rocks are textured and appear to be weathered.  In front of the outcropping, there is a sidewalk with a few orange cones placed on it. To the right of the outcropping, there is a utility pole with various wires and a transformer attached to it. The background is a plain, light color, providing a contrast to the vibrant colors of the foreground.  There is no visible text in the image. The objects are arranged in a way that suggests a blend of natural and urban environments, with the outcropping and plants serving as a focal point amidst the more man-made elements like the sidewalk and utility pole.	95561842239.png	The image shows two construction workers on a brick wall. They are wearing hard hats and safety vests, indicating a focus on safety. The worker on the left is standing on a scaffolding structure, which is made of metal bars and wooden planks. The worker on the right is holding onto the scaffolding and appears to be in the process of climbing up. Both workers are engaged in the construction process, as suggested by the tools and materials around them. The background is a clear sky, which contrasts with the brick wall and the industrial nature of the scene. There is no visible text in the image.
საყრდენი ქვა	საინტერესოა აღინიშნოს, რომ ორი საყრდენი ქვა, როგორც ჩანს, ცოტა მოკლე იყო და მათზე დაახლოებით თავის ზომის ლოდის დადებამ „დაეხმარა“.		92043919701.png	The image is a digital illustration featuring two animated characters. On the left is a female character with short brown hair, wearing a black blazer over an orange top, black pants, and black high heels. She is smiling and holding a small trophy with a golden base and a golden trophy head. On the right is a male character wearing a hard hat, a black suit jacket, a yellow shirt, and black pants. He is also smiling and holding the same trophy with both hands. The background is plain white. There is no visible text in the image. The style of the illustration is cartoonish and friendly, with a focus on the characters' expressions and the trophy they are sharing.	25846663495.png	The image shows a stack of nine round, textured stones of varying shades of brown and black, with the topmost stone being the lightest in color. The stones are arranged in a pyramid-like structure on a flat surface. Below the stack, there is a pathway made of interlocking rectangular stones in shades of brown and black, with a small patch of green grass visible at the bottom of the image. The background is a plain, light color, providing a contrast to the darker tones of the stones. There is no visible text in the image.	95561842239.png	The image shows two construction workers on a brick wall. They are wearing hard hats and safety vests, indicating a focus on safety. The worker on the left is standing on a scaffolding structure, which is made of metal bars and wooden planks. The worker on the right is holding onto the scaffolding and appears to be in the process of climbing up. Both workers are engaged in the construction process, as suggested by the tools and materials around them. The background is a clear sky, which contrasts with the brick wall and the industrial nature of the scene. There is no visible text in the image.	43178842611.png	The image depicts a stylized illustration of a cornfield. The corn plants are tall and green, with golden-yellow ears of corn at the top. The field is bordered by a line of trees and bushes with green leaves and orange flowers. The sky is a pale blue with a few scattered clouds. There are no visible texts on the image. The style of the image is cartoonish with a limited color palette, emphasizing the contrast between the green of the plants and the orange of the flowers and leaves.	77721134612.png	The image depicts a stylized, colorful scene with a rocky outcropping at the center. The outcropping is covered with a variety of plants and flowers, predominantly orange and yellow, with some green foliage. The rocks are textured and appear to be weathered.  In front of the outcropping, there is a sidewalk with a few orange cones placed on it. To the right of the outcropping, there is a utility pole with various wires and a transformer attached to it. The background is a plain, light color, providing a contrast to the vibrant colors of the foreground.  There is no visible text in the image. The objects are arranged in a way that suggests a blend of natural and urban environments, with the outcropping and plants serving as a focal point amidst the more man-made elements like the sidewalk and utility pole.
საყრდენი ქვა	ჩვენი საყრდენი ქვა ბუნებრივი და ფერადია.		77721134612.png	The image depicts a stylized, colorful scene with a rocky outcropping at the center. The outcropping is covered with a variety of plants and flowers, predominantly orange and yellow, with some green foliage. The rocks are textured and appear to be weathered.  In front of the outcropping, there is a sidewalk with a few orange cones placed on it. To the right of the outcropping, there is a utility pole with various wires and a transformer attached to it. The background is a plain, light color, providing a contrast to the vibrant colors of the foreground.  There is no visible text in the image. The objects are arranged in a way that suggests a blend of natural and urban environments, with the outcropping and plants serving as a focal point amidst the more man-made elements like the sidewalk and utility pole.	92043919701.png	The image is a digital illustration featuring two animated characters. On the left is a female character with short brown hair, wearing a black blazer over an orange top, black pants, and black high heels. She is smiling and holding a small trophy with a golden base and a golden trophy head. On the right is a male character wearing a hard hat, a black suit jacket, a yellow shirt, and black pants. He is also smiling and holding the same trophy with both hands. The background is plain white. There is no visible text in the image. The style of the illustration is cartoonish and friendly, with a focus on the characters' expressions and the trophy they are sharing.	95561842239.png	The image shows two construction workers on a brick wall. They are wearing hard hats and safety vests, indicating a focus on safety. The worker on the left is standing on a scaffolding structure, which is made of metal bars and wooden planks. The worker on the right is holding onto the scaffolding and appears to be in the process of climbing up. Both workers are engaged in the construction process, as suggested by the tools and materials around them. The background is a clear sky, which contrasts with the brick wall and the industrial nature of the scene. There is no visible text in the image.	25846663495.png	The image shows a stack of nine round, textured stones of varying shades of brown and black, with the topmost stone being the lightest in color. The stones are arranged in a pyramid-like structure on a flat surface. Below the stack, there is a pathway made of interlocking rectangular stones in shades of brown and black, with a small patch of green grass visible at the bottom of the image. The background is a plain, light color, providing a contrast to the darker tones of the stones. There is no visible text in the image.	43178842611.png	The image depicts a stylized illustration of a cornfield. The corn plants are tall and green, with golden-yellow ears of corn at the top. The field is bordered by a line of trees and bushes with green leaves and orange flowers. The sky is a pale blue with a few scattered clouds. There are no visible texts on the image. The style of the image is cartoonish with a limited color palette, emphasizing the contrast between the green of the plants and the orange of the flowers and leaves.
კაპიკად ღირებული	ყოველი მათგანი კაპიკად ღირებული სარგებლისათვის, ყელს გამოგღადრავს.		11446385219.png	"The image shows a hand holding a stack of Indian Rupee notes. The notes are predominantly orange and white, with the denomination ""200"" visible on the top note. The hand is wearing a black suit with a white shirt and a black tie. The background is plain white."	56092436953.png	The image shows a collection of coins scattered on a wooden surface. The coins are predominantly orange and black, with some yellow coins interspersed among them. The coins are of various sizes and appear to be of different denominations. The wooden surface has a weathered appearance with visible grain and a natural color gradient from light to dark. The background is a neutral, light gray color, providing a contrast that highlights the coins. There is no visible text in the image. The style of the image is a close-up photograph with a shallow depth of field, focusing on the coins while the background is blurred.	61916169574.png	"The image shows a single penny lying on its side on a gravel surface. The penny is a copper-colored coin with visible text and symbols, including the word ""PENNY"" and the year ""2016."" The penny is surrounded by small pebbles and gravel. The background is a plain, light-colored surface that appears to be a pavement or similar material. The image is taken from a slightly elevated angle, looking down at the penny."	33803460416.png	The image shows a human hand holding two coins. The coin in the palm of the hand is a dark-colored coin with a design that includes a star and some text, which is not fully legible. The coin in the fingers of the hand is a lighter-colored coin with a design that includes a bird and some text, which is also not fully legible. The background is plain and white, emphasizing the coins. The style of the image is a close-up photograph with a focus on the coins and the hand holding them.	26677614340.png	The image depicts a stylized illustration of a lizard perched on a rock. The lizard has a patterned body with shades of orange and black, and its tail is long and slender, ending in a spiky texture. The rock has a rough, textured surface and is situated on a plain background. There is a small green plant growing at the base of the rock. The style of the image is digital art with a realistic yet stylized aesthetic.
კაპიკად ღირებული	ამის საპირისპიროდ ჩნდებოდნენ ადამიანები, ვისაც არ აკმაყოფილებდა მინიმალური საცხოვრებელი პირობები და კაპიკად ღირებული შაქარი, ვინც მისტიროდნენ დახვრეტილ მწერლებს და ისინი, ვინც ზიზღით ახსენებდნენ სტალინის სახელს…		56092436953.png	The image shows a collection of coins scattered on a wooden surface. The coins are predominantly orange and black, with some yellow coins interspersed among them. The coins are of various sizes and appear to be of different denominations. The wooden surface has a weathered appearance with visible grain and a natural color gradient from light to dark. The background is a neutral, light gray color, providing a contrast that highlights the coins. There is no visible text in the image. The style of the image is a close-up photograph with a shallow depth of field, focusing on the coins while the background is blurred.	33803460416.png	The image shows a human hand holding two coins. The coin in the palm of the hand is a dark-colored coin with a design that includes a star and some text, which is not fully legible. The coin in the fingers of the hand is a lighter-colored coin with a design that includes a bird and some text, which is also not fully legible. The background is plain and white, emphasizing the coins. The style of the image is a close-up photograph with a focus on the coins and the hand holding them.	11446385219.png	"The image shows a hand holding a stack of Indian Rupee notes. The notes are predominantly orange and white, with the denomination ""200"" visible on the top note. The hand is wearing a black suit with a white shirt and a black tie. The background is plain white."	26677614340.png	The image depicts a stylized illustration of a lizard perched on a rock. The lizard has a patterned body with shades of orange and black, and its tail is long and slender, ending in a spiky texture. The rock has a rough, textured surface and is situated on a plain background. There is a small green plant growing at the base of the rock. The style of the image is digital art with a realistic yet stylized aesthetic.	61916169574.png	"The image shows a single penny lying on its side on a gravel surface. The penny is a copper-colored coin with visible text and symbols, including the word ""PENNY"" and the year ""2016."" The penny is surrounded by small pebbles and gravel. The background is a plain, light-colored surface that appears to be a pavement or similar material. The image is taken from a slightly elevated angle, looking down at the penny."
კაპიკად ღირებული	მოხუცმა ქალმა ააწონინა ნახევარი კილო ძეხვი „მოყვარულთა“, ორასი გრამი ყველი „რუსეთული“, გამოართვა ერთიც ორმოცდაორ კაპიკად ღირებული მდოგვი.		33803460416.png	The image shows a human hand holding two coins. The coin in the palm of the hand is a dark-colored coin with a design that includes a star and some text, which is not fully legible. The coin in the fingers of the hand is a lighter-colored coin with a design that includes a bird and some text, which is also not fully legible. The background is plain and white, emphasizing the coins. The style of the image is a close-up photograph with a focus on the coins and the hand holding them.	56092436953.png	The image shows a collection of coins scattered on a wooden surface. The coins are predominantly orange and black, with some yellow coins interspersed among them. The coins are of various sizes and appear to be of different denominations. The wooden surface has a weathered appearance with visible grain and a natural color gradient from light to dark. The background is a neutral, light gray color, providing a contrast that highlights the coins. There is no visible text in the image. The style of the image is a close-up photograph with a shallow depth of field, focusing on the coins while the background is blurred.	61916169574.png	"The image shows a single penny lying on its side on a gravel surface. The penny is a copper-colored coin with visible text and symbols, including the word ""PENNY"" and the year ""2016."" The penny is surrounded by small pebbles and gravel. The background is a plain, light-colored surface that appears to be a pavement or similar material. The image is taken from a slightly elevated angle, looking down at the penny."	11446385219.png	"The image shows a hand holding a stack of Indian Rupee notes. The notes are predominantly orange and white, with the denomination ""200"" visible on the top note. The hand is wearing a black suit with a white shirt and a black tie. The background is plain white."	26677614340.png	The image depicts a stylized illustration of a lizard perched on a rock. The lizard has a patterned body with shades of orange and black, and its tail is long and slender, ending in a spiky texture. The rock has a rough, textured surface and is situated on a plain background. There is a small green plant growing at the base of the rock. The style of the image is digital art with a realistic yet stylized aesthetic.
კაპიკად ღირებული	მედუქნეს თხოვა 30 კაპიკად ღირებული 4 შეკვრა თუთუნი, 9 კოლოფი ვაზნები, რომლის ფასი დათამ.		56092436953.png	The image shows a collection of coins scattered on a wooden surface. The coins are predominantly orange and black, with some yellow coins interspersed among them. The coins are of various sizes and appear to be of different denominations. The wooden surface has a weathered appearance with visible grain and a natural color gradient from light to dark. The background is a neutral, light gray color, providing a contrast that highlights the coins. There is no visible text in the image. The style of the image is a close-up photograph with a shallow depth of field, focusing on the coins while the background is blurred.	11446385219.png	"The image shows a hand holding a stack of Indian Rupee notes. The notes are predominantly orange and white, with the denomination ""200"" visible on the top note. The hand is wearing a black suit with a white shirt and a black tie. The background is plain white."	61916169574.png	"The image shows a single penny lying on its side on a gravel surface. The penny is a copper-colored coin with visible text and symbols, including the word ""PENNY"" and the year ""2016."" The penny is surrounded by small pebbles and gravel. The background is a plain, light-colored surface that appears to be a pavement or similar material. The image is taken from a slightly elevated angle, looking down at the penny."	33803460416.png	The image shows a human hand holding two coins. The coin in the palm of the hand is a dark-colored coin with a design that includes a star and some text, which is not fully legible. The coin in the fingers of the hand is a lighter-colored coin with a design that includes a bird and some text, which is also not fully legible. The background is plain and white, emphasizing the coins. The style of the image is a close-up photograph with a focus on the coins and the hand holding them.	26677614340.png	The image depicts a stylized illustration of a lizard perched on a rock. The lizard has a patterned body with shades of orange and black, and its tail is long and slender, ending in a spiky texture. The rock has a rough, textured surface and is situated on a plain background. There is a small green plant growing at the base of the rock. The style of the image is digital art with a realistic yet stylized aesthetic.
ბეწვზე გადარჩენა	ომში კი, ვიყავი, როგორ არა... ორიოლთან დავიჭერი, ბეწვზე გადავრჩი		21488806521.png	The image depicts a person in an orange jacket and shorts, running through a forest. The person is carrying a backpack and appears to be in motion, with their hair and clothing slightly blurred, suggesting speed. The forest is dense with trees and foliage, and the ground is covered with fallen leaves and small plants. The trees are tall and have a dark, textured bark. The sky is overcast, and the overall atmosphere is misty and serene. There is no visible text in the image. The style of the image is illustrative, with a focus on realism and attention to detail in the depiction of the forest and the person's attire.	13012088297.png	The image is a cartoon illustration. It features a young man with brown hair, wearing an orange shirt and dark pants, standing on a ledge. He is holding a smartphone in his right hand, which is raised to his face as if he is using it. Above the man, there is a large, black object that appears to be a television or monitor, which is falling towards him. The object is shattering into pieces as it falls, with fragments flying around it. The background is a simple, light-colored wall with a brick texture. There is no visible text in the image. The style of the image is playful and exaggerated, typical of cartoon illustrations.	75991172974.png	The image shows a transparent sphere with a textured surface, resembling a fluffy, orange-colored substance, possibly a representation of a cell or a similar microscopic structure. The sphere is suspended from a thin, brown string, which is attached to the top of the sphere. From the bottom of the sphere, a single droplet of a yellowish-orange liquid is hanging, suggesting a connection or interaction between the sphere and the liquid. The background is a uniform, dark gray, providing a stark contrast to the sphere and the droplet. There is no visible text in the image. The style of the image is realistic with a focus on the sphere and the droplet, using a shallow depth of field to keep the sphere in sharp focus while the background is blurred.	71011194913.png	The image depicts two stylized figures, likely representing women, dressed in traditional South Asian attire. The figure on the left is wearing a white saree with gold borders and a red and white floral headpiece. The figure on the right is dressed in an orange saree with gold borders and a matching orange headpiece adorned with gold jewelry. Both figures are wearing makeup, including eye makeup and lipstick, and are accessorized with jewelry such as earrings and a nose ring. They are holding each other's hands, and their faces are close together, suggesting a moment of affection or celebration. The background is plain white, emphasizing the subjects. There is no visible text in the image.	57467007683.png	The image depicts an animated character, a young girl with long dark hair, wearing an orange top and black shorts. She is in mid-air, swinging on a rope hammock. The hammock is made of a brown rope and has a net-like structure beneath it. The girl is smiling and appears to be enjoying the swing. Surrounding her are several orange butterflies. The background is a light blue sky with a few clouds. The overall style of the image is cartoonish and whimsical.
ბეწვზე გადარჩენა	სამზარეულოში ჭერი ჩამოინგრა, მე... რაღაც ბეწვზე გადავრჩი		71011194913.png	The image depicts two stylized figures, likely representing women, dressed in traditional South Asian attire. The figure on the left is wearing a white saree with gold borders and a red and white floral headpiece. The figure on the right is dressed in an orange saree with gold borders and a matching orange headpiece adorned with gold jewelry. Both figures are wearing makeup, including eye makeup and lipstick, and are accessorized with jewelry such as earrings and a nose ring. They are holding each other's hands, and their faces are close together, suggesting a moment of affection or celebration. The background is plain white, emphasizing the subjects. There is no visible text in the image.	75991172974.png	The image shows a transparent sphere with a textured surface, resembling a fluffy, orange-colored substance, possibly a representation of a cell or a similar microscopic structure. The sphere is suspended from a thin, brown string, which is attached to the top of the sphere. From the bottom of the sphere, a single droplet of a yellowish-orange liquid is hanging, suggesting a connection or interaction between the sphere and the liquid. The background is a uniform, dark gray, providing a stark contrast to the sphere and the droplet. There is no visible text in the image. The style of the image is realistic with a focus on the sphere and the droplet, using a shallow depth of field to keep the sphere in sharp focus while the background is blurred.	57467007683.png	The image depicts an animated character, a young girl with long dark hair, wearing an orange top and black shorts. She is in mid-air, swinging on a rope hammock. The hammock is made of a brown rope and has a net-like structure beneath it. The girl is smiling and appears to be enjoying the swing. Surrounding her are several orange butterflies. The background is a light blue sky with a few clouds. The overall style of the image is cartoonish and whimsical.	21488806521.png	The image depicts a person in an orange jacket and shorts, running through a forest. The person is carrying a backpack and appears to be in motion, with their hair and clothing slightly blurred, suggesting speed. The forest is dense with trees and foliage, and the ground is covered with fallen leaves and small plants. The trees are tall and have a dark, textured bark. The sky is overcast, and the overall atmosphere is misty and serene. There is no visible text in the image. The style of the image is illustrative, with a focus on realism and attention to detail in the depiction of the forest and the person's attire.	13012088297.png	The image is a cartoon illustration. It features a young man with brown hair, wearing an orange shirt and dark pants, standing on a ledge. He is holding a smartphone in his right hand, which is raised to his face as if he is using it. Above the man, there is a large, black object that appears to be a television or monitor, which is falling towards him. The object is shattering into pieces as it falls, with fragments flying around it. The background is a simple, light-colored wall with a brick texture. There is no visible text in the image. The style of the image is playful and exaggerated, typical of cartoon illustrations.
ბეწვზე გადარჩენა	ვაიმე რა გააკეთა, ბეწვზე გადარჩა  ქვეითებზე უნდა გამკაცრდეს კანონი		71011194913.png	The image depicts two stylized figures, likely representing women, dressed in traditional South Asian attire. The figure on the left is wearing a white saree with gold borders and a red and white floral headpiece. The figure on the right is dressed in an orange saree with gold borders and a matching orange headpiece adorned with gold jewelry. Both figures are wearing makeup, including eye makeup and lipstick, and are accessorized with jewelry such as earrings and a nose ring. They are holding each other's hands, and their faces are close together, suggesting a moment of affection or celebration. The background is plain white, emphasizing the subjects. There is no visible text in the image.	21488806521.png	The image depicts a person in an orange jacket and shorts, running through a forest. The person is carrying a backpack and appears to be in motion, with their hair and clothing slightly blurred, suggesting speed. The forest is dense with trees and foliage, and the ground is covered with fallen leaves and small plants. The trees are tall and have a dark, textured bark. The sky is overcast, and the overall atmosphere is misty and serene. There is no visible text in the image. The style of the image is illustrative, with a focus on realism and attention to detail in the depiction of the forest and the person's attire.	75991172974.png	The image shows a transparent sphere with a textured surface, resembling a fluffy, orange-colored substance, possibly a representation of a cell or a similar microscopic structure. The sphere is suspended from a thin, brown string, which is attached to the top of the sphere. From the bottom of the sphere, a single droplet of a yellowish-orange liquid is hanging, suggesting a connection or interaction between the sphere and the liquid. The background is a uniform, dark gray, providing a stark contrast to the sphere and the droplet. There is no visible text in the image. The style of the image is realistic with a focus on the sphere and the droplet, using a shallow depth of field to keep the sphere in sharp focus while the background is blurred.	13012088297.png	The image is a cartoon illustration. It features a young man with brown hair, wearing an orange shirt and dark pants, standing on a ledge. He is holding a smartphone in his right hand, which is raised to his face as if he is using it. Above the man, there is a large, black object that appears to be a television or monitor, which is falling towards him. The object is shattering into pieces as it falls, with fragments flying around it. The background is a simple, light-colored wall with a brick texture. There is no visible text in the image. The style of the image is playful and exaggerated, typical of cartoon illustrations.	57467007683.png	The image depicts an animated character, a young girl with long dark hair, wearing an orange top and black shorts. She is in mid-air, swinging on a rope hammock. The hammock is made of a brown rope and has a net-like structure beneath it. The girl is smiling and appears to be enjoying the swing. Surrounding her are several orange butterflies. The background is a light blue sky with a few clouds. The overall style of the image is cartoonish and whimsical.
ბეწვზე გადარჩენა	ადგილობრივის თქმით, ავტომობილის მძღოლი ბეწვზე გადარჩა.		13012088297.png	The image is a cartoon illustration. It features a young man with brown hair, wearing an orange shirt and dark pants, standing on a ledge. He is holding a smartphone in his right hand, which is raised to his face as if he is using it. Above the man, there is a large, black object that appears to be a television or monitor, which is falling towards him. The object is shattering into pieces as it falls, with fragments flying around it. The background is a simple, light-colored wall with a brick texture. There is no visible text in the image. The style of the image is playful and exaggerated, typical of cartoon illustrations.	21488806521.png	The image depicts a person in an orange jacket and shorts, running through a forest. The person is carrying a backpack and appears to be in motion, with their hair and clothing slightly blurred, suggesting speed. The forest is dense with trees and foliage, and the ground is covered with fallen leaves and small plants. The trees are tall and have a dark, textured bark. The sky is overcast, and the overall atmosphere is misty and serene. There is no visible text in the image. The style of the image is illustrative, with a focus on realism and attention to detail in the depiction of the forest and the person's attire.	57467007683.png	The image depicts an animated character, a young girl with long dark hair, wearing an orange top and black shorts. She is in mid-air, swinging on a rope hammock. The hammock is made of a brown rope and has a net-like structure beneath it. The girl is smiling and appears to be enjoying the swing. Surrounding her are several orange butterflies. The background is a light blue sky with a few clouds. The overall style of the image is cartoonish and whimsical.	75991172974.png	The image shows a transparent sphere with a textured surface, resembling a fluffy, orange-colored substance, possibly a representation of a cell or a similar microscopic structure. The sphere is suspended from a thin, brown string, which is attached to the top of the sphere. From the bottom of the sphere, a single droplet of a yellowish-orange liquid is hanging, suggesting a connection or interaction between the sphere and the liquid. The background is a uniform, dark gray, providing a stark contrast to the sphere and the droplet. There is no visible text in the image. The style of the image is realistic with a focus on the sphere and the droplet, using a shallow depth of field to keep the sphere in sharp focus while the background is blurred.	71011194913.png	The image depicts two stylized figures, likely representing women, dressed in traditional South Asian attire. The figure on the left is wearing a white saree with gold borders and a red and white floral headpiece. The figure on the right is dressed in an orange saree with gold borders and a matching orange headpiece adorned with gold jewelry. Both figures are wearing makeup, including eye makeup and lipstick, and are accessorized with jewelry such as earrings and a nose ring. They are holding each other's hands, and their faces are close together, suggesting a moment of affection or celebration. The background is plain white, emphasizing the subjects. There is no visible text in the image.
ეშმაკის ადვოკატი	"“ეშმაკის ადვოკატი პროკურორია""."		11385704984.png	The image is a stylized illustration featuring three animated characters. On the left, there is a male character with black hair, wearing a black and white striped shirt and black pants, standing with his right hand extended towards a female character. The female character, in the center, is seated at a desk with a laptop and a cup of coffee. She has black hair, is wearing a black dress, and is smiling. To her right, there is another female character seated on a chair, also smiling and looking towards the male character. The setting appears to be an office environment, with a desk and a chair visible. There is no visible text in the image.	87557359724.png	"The image depicts four animated female characters standing side by side. They are all wearing orange tops and black pants. The character on the far left is holding a brown cardboard sign with the word ""SALE"" written on it. The character in the center is also holding a similar sign. The character on the far right is holding a brown cardboard sign with the word ""OPEN"" written on it. The character in the middle is smiling and looking at the other two characters. The background is plain white."	11936211151.png	The image is a digital illustration featuring three animated characters in a professional setting. On the left, there is a red demon-like creature with horns, a tail, and a menacing expression. In the center, there is a blonde woman with a surprised or shocked expression, wearing a suit and sitting at a desk. On the right, there is a man with short dark hair, wearing a suit and tie, and gesturing with his hands. The characters are depicted in a cartoon style, and the background is minimal, with a plain white wall. There is no visible text in the image.	73039236238.png	The image features a stylized, animated character of a woman. She has short brown hair tied in a ponytail, with a side parting. The character is smiling and has rosy cheeks. She is wearing a white short-sleeved shirt with a black collar and a small orange logo on the left side of the chest. The shirt has black trim around the neckline and the sleeves. She is also wearing black pants with an orange stripe running down the side. The pants have a black belt with a silver buckle. The character is standing with her hands on her hips, and her feet are slightly apart. The background is plain white, emphasizing the character. There is no visible text in the image.	48107926872.png	The image is a digital illustration featuring two animated characters. On the left is a female character with brown hair, wearing a bright orange blazer over a white shirt, black pants, and black high heels. She is smiling and gesturing with her hands. On the right is a male character with brown hair, wearing a dark suit with a yellow tie, and black shoes. He is also smiling and holding a black microphone in his right hand. Both characters are seated on black chairs with wheels, and they appear to be engaged in a conversation or interview. The background is plain white, emphasizing the characters. There is no visible text in the image.
ეშმაკის ადვოკატი	ეშმაკის ადვოკატი ანუ პოლიტიკური ეგზორციზმი ქართულად.		11385704984.png	The image is a stylized illustration featuring three animated characters. On the left, there is a male character with black hair, wearing a black and white striped shirt and black pants, standing with his right hand extended towards a female character. The female character, in the center, is seated at a desk with a laptop and a cup of coffee. She has black hair, is wearing a black dress, and is smiling. To her right, there is another female character seated on a chair, also smiling and looking towards the male character. The setting appears to be an office environment, with a desk and a chair visible. There is no visible text in the image.	73039236238.png	The image features a stylized, animated character of a woman. She has short brown hair tied in a ponytail, with a side parting. The character is smiling and has rosy cheeks. She is wearing a white short-sleeved shirt with a black collar and a small orange logo on the left side of the chest. The shirt has black trim around the neckline and the sleeves. She is also wearing black pants with an orange stripe running down the side. The pants have a black belt with a silver buckle. The character is standing with her hands on her hips, and her feet are slightly apart. The background is plain white, emphasizing the character. There is no visible text in the image.	87557359724.png	"The image depicts four animated female characters standing side by side. They are all wearing orange tops and black pants. The character on the far left is holding a brown cardboard sign with the word ""SALE"" written on it. The character in the center is also holding a similar sign. The character on the far right is holding a brown cardboard sign with the word ""OPEN"" written on it. The character in the middle is smiling and looking at the other two characters. The background is plain white."	48107926872.png	The image is a digital illustration featuring two animated characters. On the left is a female character with brown hair, wearing a bright orange blazer over a white shirt, black pants, and black high heels. She is smiling and gesturing with her hands. On the right is a male character with brown hair, wearing a dark suit with a yellow tie, and black shoes. He is also smiling and holding a black microphone in his right hand. Both characters are seated on black chairs with wheels, and they appear to be engaged in a conversation or interview. The background is plain white, emphasizing the characters. There is no visible text in the image.	11936211151.png	The image is a digital illustration featuring three animated characters in a professional setting. On the left, there is a red demon-like creature with horns, a tail, and a menacing expression. In the center, there is a blonde woman with a surprised or shocked expression, wearing a suit and sitting at a desk. On the right, there is a man with short dark hair, wearing a suit and tie, and gesturing with his hands. The characters are depicted in a cartoon style, and the background is minimal, with a plain white wall. There is no visible text in the image.
ეშმაკის ადვოკატი	"არსებობდა თუ არა რეალურად პროფესია ""ეშმაკის ადვოკატი"""		87557359724.png	"The image depicts four animated female characters standing side by side. They are all wearing orange tops and black pants. The character on the far left is holding a brown cardboard sign with the word ""SALE"" written on it. The character in the center is also holding a similar sign. The character on the far right is holding a brown cardboard sign with the word ""OPEN"" written on it. The character in the middle is smiling and looking at the other two characters. The background is plain white."	48107926872.png	The image is a digital illustration featuring two animated characters. On the left is a female character with brown hair, wearing a bright orange blazer over a white shirt, black pants, and black high heels. She is smiling and gesturing with her hands. On the right is a male character with brown hair, wearing a dark suit with a yellow tie, and black shoes. He is also smiling and holding a black microphone in his right hand. Both characters are seated on black chairs with wheels, and they appear to be engaged in a conversation or interview. The background is plain white, emphasizing the characters. There is no visible text in the image.	11936211151.png	The image is a digital illustration featuring three animated characters in a professional setting. On the left, there is a red demon-like creature with horns, a tail, and a menacing expression. In the center, there is a blonde woman with a surprised or shocked expression, wearing a suit and sitting at a desk. On the right, there is a man with short dark hair, wearing a suit and tie, and gesturing with his hands. The characters are depicted in a cartoon style, and the background is minimal, with a plain white wall. There is no visible text in the image.	73039236238.png	The image features a stylized, animated character of a woman. She has short brown hair tied in a ponytail, with a side parting. The character is smiling and has rosy cheeks. She is wearing a white short-sleeved shirt with a black collar and a small orange logo on the left side of the chest. The shirt has black trim around the neckline and the sleeves. She is also wearing black pants with an orange stripe running down the side. The pants have a black belt with a silver buckle. The character is standing with her hands on her hips, and her feet are slightly apart. The background is plain white, emphasizing the character. There is no visible text in the image.	11385704984.png	The image is a stylized illustration featuring three animated characters. On the left, there is a male character with black hair, wearing a black and white striped shirt and black pants, standing with his right hand extended towards a female character. The female character, in the center, is seated at a desk with a laptop and a cup of coffee. She has black hair, is wearing a black dress, and is smiling. To her right, there is another female character seated on a chair, also smiling and looking towards the male character. The setting appears to be an office environment, with a desk and a chair visible. There is no visible text in the image.
ეშმაკის ადვოკატი	ასტროლოგები დარწმუნებულები არიან, რომ ზოდიაქოს მხოლოდ ერთი ნიშანი არსებობს, რომელსაც შეიძლება ეწოდოს ეშმაკის ადვოკატი.		11385704984.png	The image is a stylized illustration featuring three animated characters. On the left, there is a male character with black hair, wearing a black and white striped shirt and black pants, standing with his right hand extended towards a female character. The female character, in the center, is seated at a desk with a laptop and a cup of coffee. She has black hair, is wearing a black dress, and is smiling. To her right, there is another female character seated on a chair, also smiling and looking towards the male character. The setting appears to be an office environment, with a desk and a chair visible. There is no visible text in the image.	48107926872.png	The image is a digital illustration featuring two animated characters. On the left is a female character with brown hair, wearing a bright orange blazer over a white shirt, black pants, and black high heels. She is smiling and gesturing with her hands. On the right is a male character with brown hair, wearing a dark suit with a yellow tie, and black shoes. He is also smiling and holding a black microphone in his right hand. Both characters are seated on black chairs with wheels, and they appear to be engaged in a conversation or interview. The background is plain white, emphasizing the characters. There is no visible text in the image.	11936211151.png	The image is a digital illustration featuring three animated characters in a professional setting. On the left, there is a red demon-like creature with horns, a tail, and a menacing expression. In the center, there is a blonde woman with a surprised or shocked expression, wearing a suit and sitting at a desk. On the right, there is a man with short dark hair, wearing a suit and tie, and gesturing with his hands. The characters are depicted in a cartoon style, and the background is minimal, with a plain white wall. There is no visible text in the image.	87557359724.png	"The image depicts four animated female characters standing side by side. They are all wearing orange tops and black pants. The character on the far left is holding a brown cardboard sign with the word ""SALE"" written on it. The character in the center is also holding a similar sign. The character on the far right is holding a brown cardboard sign with the word ""OPEN"" written on it. The character in the middle is smiling and looking at the other two characters. The background is plain white."	73039236238.png	The image features a stylized, animated character of a woman. She has short brown hair tied in a ponytail, with a side parting. The character is smiling and has rosy cheeks. She is wearing a white short-sleeved shirt with a black collar and a small orange logo on the left side of the chest. The shirt has black trim around the neckline and the sleeves. She is also wearing black pants with an orange stripe running down the side. The pants have a black belt with a silver buckle. The character is standing with her hands on her hips, and her feet are slightly apart. The background is plain white, emphasizing the character. There is no visible text in the image.
ბინძური ფული	არსებობს ქართულ პოლიტიკაში ბინძური ფული.		73034787148.png	The image features a cartoon character of a man dressed in a suit and top hat, holding a cigar in his mouth. He is smiling and appears to be in a relaxed or joyful state. The man is also holding a stack of money in his right hand, which is raised as if he is presenting or offering it. The background is plain and does not provide any additional context or details. The image is stylized with a limited color palette and has a clean, graphic quality.	70155834561.png	The image shows a United States one-dollar bill with a portrait of George Washington on the front. The bill is partially obscured by a dark, brownish substance that appears to be a liquid or paste, which is splattered across the bill. The splatters are irregular in shape and size, and they are concentrated towards the bottom right corner of the bill. The bill itself is slightly curled at the edges, and the background is a plain, light color that contrasts with the dark substance. There is no visible text on the bill or in the image. The style of the image is realistic with a focus on the contrast between the bill and the dark substance.	79203419586.png	The image shows a spray bottle with a black trigger and an orange nozzle. The bottle has a transparent body with a yellowish tint, and it appears to be made of plastic. The background is plain white, emphasizing the bottle. There is no visible text in the image. The bottle is positioned upright, and the nozzle is extended upwards. The style of the image is a digital illustration with a three-dimensional appearance.	37326730909.png	The image shows a stack of folded bills, with the topmost bill being an orange 20-dollar bill. The bills are of various denominations, including 10-dollar bills, and are placed inside a brown leather wallet. The wallet has a visible stitch pattern and a metal button closure. The background is plain white, emphasizing the wallet and the money.	36680826796.png	The image features a cartoon character dressed in a striped prison uniform, complete with a mask and goggles. The character is holding a large brown bag with a dollar sign on it, and is also holding two stacks of money, one in each hand. The character is smiling and appears to be walking. The background is a plain, dark color.
ბინძური ფული	საქართველოში ბოლო წლებში მომხდარი არაერთი საბოტაჟის მცდელობის უკან, უცხოური ბინძური ფული იდგა.		70155834561.png	The image shows a United States one-dollar bill with a portrait of George Washington on the front. The bill is partially obscured by a dark, brownish substance that appears to be a liquid or paste, which is splattered across the bill. The splatters are irregular in shape and size, and they are concentrated towards the bottom right corner of the bill. The bill itself is slightly curled at the edges, and the background is a plain, light color that contrasts with the dark substance. There is no visible text on the bill or in the image. The style of the image is realistic with a focus on the contrast between the bill and the dark substance.	36680826796.png	The image features a cartoon character dressed in a striped prison uniform, complete with a mask and goggles. The character is holding a large brown bag with a dollar sign on it, and is also holding two stacks of money, one in each hand. The character is smiling and appears to be walking. The background is a plain, dark color.	79203419586.png	The image shows a spray bottle with a black trigger and an orange nozzle. The bottle has a transparent body with a yellowish tint, and it appears to be made of plastic. The background is plain white, emphasizing the bottle. There is no visible text in the image. The bottle is positioned upright, and the nozzle is extended upwards. The style of the image is a digital illustration with a three-dimensional appearance.	73034787148.png	The image features a cartoon character of a man dressed in a suit and top hat, holding a cigar in his mouth. He is smiling and appears to be in a relaxed or joyful state. The man is also holding a stack of money in his right hand, which is raised as if he is presenting or offering it. The background is plain and does not provide any additional context or details. The image is stylized with a limited color palette and has a clean, graphic quality.	37326730909.png	The image shows a stack of folded bills, with the topmost bill being an orange 20-dollar bill. The bills are of various denominations, including 10-dollar bills, and are placed inside a brown leather wallet. The wallet has a visible stitch pattern and a metal button closure. The background is plain white, emphasizing the wallet and the money.
ბინძური ფული	აღმოჩნდა, რომ მსოფლიოში ყველაზე ბინძური ფული ჩინური იუანია.		37326730909.png	The image shows a stack of folded bills, with the topmost bill being an orange 20-dollar bill. The bills are of various denominations, including 10-dollar bills, and are placed inside a brown leather wallet. The wallet has a visible stitch pattern and a metal button closure. The background is plain white, emphasizing the wallet and the money.	73034787148.png	The image features a cartoon character of a man dressed in a suit and top hat, holding a cigar in his mouth. He is smiling and appears to be in a relaxed or joyful state. The man is also holding a stack of money in his right hand, which is raised as if he is presenting or offering it. The background is plain and does not provide any additional context or details. The image is stylized with a limited color palette and has a clean, graphic quality.	70155834561.png	The image shows a United States one-dollar bill with a portrait of George Washington on the front. The bill is partially obscured by a dark, brownish substance that appears to be a liquid or paste, which is splattered across the bill. The splatters are irregular in shape and size, and they are concentrated towards the bottom right corner of the bill. The bill itself is slightly curled at the edges, and the background is a plain, light color that contrasts with the dark substance. There is no visible text on the bill or in the image. The style of the image is realistic with a focus on the contrast between the bill and the dark substance.	36680826796.png	The image features a cartoon character dressed in a striped prison uniform, complete with a mask and goggles. The character is holding a large brown bag with a dollar sign on it, and is also holding two stacks of money, one in each hand. The character is smiling and appears to be walking. The background is a plain, dark color.	79203419586.png	The image shows a spray bottle with a black trigger and an orange nozzle. The bottle has a transparent body with a yellowish tint, and it appears to be made of plastic. The background is plain white, emphasizing the bottle. There is no visible text in the image. The bottle is positioned upright, and the nozzle is extended upwards. The style of the image is a digital illustration with a three-dimensional appearance.
ბინძური ფული	დაჭმუჭნული და ხელში გაოფლიანებული ბინძური ფული.		70155834561.png	The image shows a United States one-dollar bill with a portrait of George Washington on the front. The bill is partially obscured by a dark, brownish substance that appears to be a liquid or paste, which is splattered across the bill. The splatters are irregular in shape and size, and they are concentrated towards the bottom right corner of the bill. The bill itself is slightly curled at the edges, and the background is a plain, light color that contrasts with the dark substance. There is no visible text on the bill or in the image. The style of the image is realistic with a focus on the contrast between the bill and the dark substance.	73034787148.png	The image features a cartoon character of a man dressed in a suit and top hat, holding a cigar in his mouth. He is smiling and appears to be in a relaxed or joyful state. The man is also holding a stack of money in his right hand, which is raised as if he is presenting or offering it. The background is plain and does not provide any additional context or details. The image is stylized with a limited color palette and has a clean, graphic quality.	37326730909.png	The image shows a stack of folded bills, with the topmost bill being an orange 20-dollar bill. The bills are of various denominations, including 10-dollar bills, and are placed inside a brown leather wallet. The wallet has a visible stitch pattern and a metal button closure. The background is plain white, emphasizing the wallet and the money.	36680826796.png	The image features a cartoon character dressed in a striped prison uniform, complete with a mask and goggles. The character is holding a large brown bag with a dollar sign on it, and is also holding two stacks of money, one in each hand. The character is smiling and appears to be walking. The background is a plain, dark color.	79203419586.png	The image shows a spray bottle with a black trigger and an orange nozzle. The bottle has a transparent body with a yellowish tint, and it appears to be made of plastic. The background is plain white, emphasizing the bottle. There is no visible text in the image. The bottle is positioned upright, and the nozzle is extended upwards. The style of the image is a digital illustration with a three-dimensional appearance.
ხარივით მუშა	მაგრამ ხარივით მუშა და გამძლეა.		57833599501.png	The image depicts an animated scene of a man working at a desk in an office at night. The man is wearing glasses, a suit, and a tie, and is seated in an orange chair. He is using a computer with a monitor and a keyboard. On the desk, there is a lamp, a coffee cup, and a potted plant. The office has a large window with a view of a city skyline at night, with stars visible in the sky. The overall style of the image is cartoonish and colorful.	74232779278.png	"The image depicts an animated scene featuring a man and a tractor. The man, wearing a hard hat and a tool belt, is standing to the left of the tractor, holding a shovel filled with dirt. He appears to be in the process of digging or moving the dirt. The tractor is a large, orange vehicle with a yellow roof and a black exhaust pipe. It has four large, black tires and a visible number ""M11"" on the side. The tractor's driver's seat is visible, but no driver is present. The background is plain white, emphasizing the subjects. There is no visible text in the image. The style of the image is cartoonish, with a focus on bright colors and simple shapes."	13235339634.png	The image depicts a group of four animated characters, likely children, sitting at a table with computer monitors in front of them. They are all wearing glasses and appear to be engaged in a task on their screens. The characters are dressed in casual attire with a mix of orange and black colors. The setting suggests a classroom or study environment. There is no visible text in the image.	75553501904.png	The image depicts a cartoon-style illustration of a man sitting on a couch. He is wearing a suit with a red tie, and his attire is complemented by a pair of black shoes. The man has short brown hair and is holding a glass of beer in his right hand. His facial expression is neutral, and he is looking directly at the viewer. The couch has a brown color with visible stitching, and the background is plain white. There is no visible text in the image.	26643305705.png	The image depicts a stylized, cartoon-like scene featuring a large, orange cow with white horns pulling a wooden plow. The cow is harnessed to the plow and is standing on a patch of grass with rocks scattered around. A small tree with green leaves is situated to the left of the cow. The background is a plain, light color, providing a contrast to the vibrant colors of the cow and the tree. There is no visible text in the image. The cow appears to be in motion, as suggested by the position of its legs and the direction of its gaze. The plow is empty, and there are no other objects or characters in the scene. The image is a digital illustration with a focus on the cow and the plow, using a limited color palette to create a sense of depth and texture.
აკადემიის ჯილდო	სალომე ჯაშს ბერლინის ხელოვნების აკადემიის ჯილდო გადაეცემა.		59016261066.png	The image features a stylized, ornate crown and a cushion. The crown is atop the cushion, which is placed on a dark background. The crown is intricately designed with multiple layers and ornaments, including what appear to be gemstones and a central, prominent sphere. The cushion has a textured surface and a fluffy, spherical element at the bottom. There is no visible text in the image. The style of the image is illustrative and appears to be a digital rendering rather than a photograph.	71161987570.png	The image features a three-dimensional rendering of an Oscar statuette. The Oscar is predominantly orange with a reflective surface, standing on a black pedestal. The statue is positioned with its arms crossed, and it is set against a plain white background. There is no visible text in the image.	79596910426.png	The image shows a simple, stylized illustration of a wooden bench with a trophy on top. The trophy is orange with a handle and a base, and it is placed on the left side of the bench. The bench has a natural wood finish and is depicted with a slight shadow on the ground, suggesting a light source from the upper right. There is no visible text in the image. The style of the illustration is flat with minimal shading, giving it a cartoon-like appearance.	14159069524.png	The image depicts a stylized stage scene with a man standing in the center, speaking or performing. He is dressed in a suit and tie, and appears to be gesturing with his hands. The stage is illuminated by spotlights, and there are yellow confetti-like shapes falling from the top of the stage. The background is dark, and the audience is shown in silhouette, with their hands raised as if clapping. The stage has a large, orange curtain with three circular lights at the top. There is no visible text in the image. The style of the image is cartoonish and appears to be a digital illustration.	91663863680.png	The image features a trophy with a black base and a yellow and white body, adorned with orange flowers. The trophy is placed on a green grass surface, and it is decorated with two orange ribbons tied around its handles. The trophy is positioned in the center of the image, and there is no visible text. The background is a plain white, which contrasts with the trophy and the grass. The trophy appears to be a symbol of achievement or victory.
აკადემიის ჯილდო	ქართველმა კინოდოკუმენტალისტმა ბერლინის ხელოვნების აკადემიის ჯილდო კატეგორიაში – კინო და მედიახელოვნება მოიპოვა.		91663863680.png	The image features a trophy with a black base and a yellow and white body, adorned with orange flowers. The trophy is placed on a green grass surface, and it is decorated with two orange ribbons tied around its handles. The trophy is positioned in the center of the image, and there is no visible text. The background is a plain white, which contrasts with the trophy and the grass. The trophy appears to be a symbol of achievement or victory.	14159069524.png	The image depicts a stylized stage scene with a man standing in the center, speaking or performing. He is dressed in a suit and tie, and appears to be gesturing with his hands. The stage is illuminated by spotlights, and there are yellow confetti-like shapes falling from the top of the stage. The background is dark, and the audience is shown in silhouette, with their hands raised as if clapping. The stage has a large, orange curtain with three circular lights at the top. There is no visible text in the image. The style of the image is cartoonish and appears to be a digital illustration.	79596910426.png	The image shows a simple, stylized illustration of a wooden bench with a trophy on top. The trophy is orange with a handle and a base, and it is placed on the left side of the bench. The bench has a natural wood finish and is depicted with a slight shadow on the ground, suggesting a light source from the upper right. There is no visible text in the image. The style of the illustration is flat with minimal shading, giving it a cartoon-like appearance.	59016261066.png	The image features a stylized, ornate crown and a cushion. The crown is atop the cushion, which is placed on a dark background. The crown is intricately designed with multiple layers and ornaments, including what appear to be gemstones and a central, prominent sphere. The cushion has a textured surface and a fluffy, spherical element at the bottom. There is no visible text in the image. The style of the image is illustrative and appears to be a digital rendering rather than a photograph.	71161987570.png	The image features a three-dimensional rendering of an Oscar statuette. The Oscar is predominantly orange with a reflective surface, standing on a black pedestal. The statue is positioned with its arms crossed, and it is set against a plain white background. There is no visible text in the image.
აკადემიის ჯილდო	შეგახსენებთ, რომ საუკეთესო მამაკაცის როლის შესრულებისთვის აკადემიის ჯილდო გადაეცა ხოაკინ ფენიქსს, ფილმ ჯოკერში შესრულებული მთავარი როლისთვის.		71161987570.png	The image features a three-dimensional rendering of an Oscar statuette. The Oscar is predominantly orange with a reflective surface, standing on a black pedestal. The statue is positioned with its arms crossed, and it is set against a plain white background. There is no visible text in the image.	91663863680.png	The image features a trophy with a black base and a yellow and white body, adorned with orange flowers. The trophy is placed on a green grass surface, and it is decorated with two orange ribbons tied around its handles. The trophy is positioned in the center of the image, and there is no visible text. The background is a plain white, which contrasts with the trophy and the grass. The trophy appears to be a symbol of achievement or victory.	59016261066.png	The image features a stylized, ornate crown and a cushion. The crown is atop the cushion, which is placed on a dark background. The crown is intricately designed with multiple layers and ornaments, including what appear to be gemstones and a central, prominent sphere. The cushion has a textured surface and a fluffy, spherical element at the bottom. There is no visible text in the image. The style of the image is illustrative and appears to be a digital rendering rather than a photograph.	14159069524.png	The image depicts a stylized stage scene with a man standing in the center, speaking or performing. He is dressed in a suit and tie, and appears to be gesturing with his hands. The stage is illuminated by spotlights, and there are yellow confetti-like shapes falling from the top of the stage. The background is dark, and the audience is shown in silhouette, with their hands raised as if clapping. The stage has a large, orange curtain with three circular lights at the top. There is no visible text in the image. The style of the image is cartoonish and appears to be a digital illustration.	79596910426.png	The image shows a simple, stylized illustration of a wooden bench with a trophy on top. The trophy is orange with a handle and a base, and it is placed on the left side of the bench. The bench has a natural wood finish and is depicted with a slight shadow on the ground, suggesting a light source from the upper right. There is no visible text in the image. The style of the illustration is flat with minimal shading, giving it a cartoon-like appearance.
აკადემიის ჯილდო	აკადემიის ჯილდო — ასევე ცნობილი, როგორც ოსკარი — კინოსამყაროში ყველაზე დიდ აღიარებად ითვლება.		14159069524.png	The image depicts a stylized stage scene with a man standing in the center, speaking or performing. He is dressed in a suit and tie, and appears to be gesturing with his hands. The stage is illuminated by spotlights, and there are yellow confetti-like shapes falling from the top of the stage. The background is dark, and the audience is shown in silhouette, with their hands raised as if clapping. The stage has a large, orange curtain with three circular lights at the top. There is no visible text in the image. The style of the image is cartoonish and appears to be a digital illustration.	71161987570.png	The image features a three-dimensional rendering of an Oscar statuette. The Oscar is predominantly orange with a reflective surface, standing on a black pedestal. The statue is positioned with its arms crossed, and it is set against a plain white background. There is no visible text in the image.	79596910426.png	The image shows a simple, stylized illustration of a wooden bench with a trophy on top. The trophy is orange with a handle and a base, and it is placed on the left side of the bench. The bench has a natural wood finish and is depicted with a slight shadow on the ground, suggesting a light source from the upper right. There is no visible text in the image. The style of the illustration is flat with minimal shading, giving it a cartoon-like appearance.	59016261066.png	The image features a stylized, ornate crown and a cushion. The crown is atop the cushion, which is placed on a dark background. The crown is intricately designed with multiple layers and ornaments, including what appear to be gemstones and a central, prominent sphere. The cushion has a textured surface and a fluffy, spherical element at the bottom. There is no visible text in the image. The style of the image is illustrative and appears to be a digital rendering rather than a photograph.	91663863680.png	The image features a trophy with a black base and a yellow and white body, adorned with orange flowers. The trophy is placed on a green grass surface, and it is decorated with two orange ribbons tied around its handles. The trophy is positioned in the center of the image, and there is no visible text. The background is a plain white, which contrasts with the trophy and the grass. The trophy appears to be a symbol of achievement or victory.
უძველესი ისტორია	უძველესი ისტორია, შესაძლოა, ყალბი იყოს.		34702854773.png	The image depicts a stylized, cartoon-like scene of a courtyard with classical architecture. There are two figures in orange robes standing on the left side of the image, one of whom is facing the viewer and the other is turned away. The figures appear to be engaged in a conversation or activity.  The courtyard is paved with large, irregularly shaped stones, and there are several potted plants with lush greenery scattered throughout the area. The architecture includes a building with a prominent arched doorway and a balcony on the second floor. The building has a terracotta-tiled roof and is adorned with vines and plants.  The overall style of the image is illustrative, with a focus on the textures and colors of the scene. There is no visible text in the image. The relationship between the figures and the environment suggests a peaceful, possibly historical or cultural setting.	48331231329.png	The image depicts a man standing in front of a framed picture. The picture within the frame shows a silhouette of a couple holding hands, with a tree and autumn leaves in the background. The man is facing the picture, and the background is plain white. The style of the image is illustrative, with a focus on the contrast between the man and the picture. There is no visible text in the image.	14094859445.png	The image shows a calendar with a spiral binding at the top, placed on a stand with two visible legs. The calendar has a grid of dates, with the numbers 1 through 16 visible. On the stand, there are two small plants with green leaves, and a small orange figure that appears to be a stylized animal or character. Above the calendar, there is a small, stylized cloud with a blue sky background. The overall style of the image is illustrative and cartoonish.	77590466041.png	The image depicts two animated characters sitting on a wooden bench. The character on the left is wearing a red shirt and blue jeans, while the character on the right is wearing a white shirt and black pants. Both characters have short hair and are facing each other. Behind them is a tree with orange leaves, and the ground is covered with fallen leaves. The background is a plain white, and there are small green plants near the bench. There is no visible text in the image. The style of the image is illustrative and appears to be designed for a digital medium.	35022612123.png	The image depicts a vintage car with a rusted exterior, parked on a grassy area. The car is predominantly orange with black and white accents. It has a classic design with a prominent front grille and round headlights. The hood is open, revealing the engine compartment. The car's body shows signs of rust and wear, with some parts missing, such as the front fender. There is a small amount of greenery growing on the car, suggesting it has been stationary for some time. The background is a simple, out-of-focus representation of a natural setting with trees and grass. There is no visible text in the image.
უძველესი ისტორია	აქ უძველესი ისტორია და ულამაზესი ბუნება იდეალურ ბალანსს პოულობს და მთავარ როლს ასრულებს.		35022612123.png	The image depicts a vintage car with a rusted exterior, parked on a grassy area. The car is predominantly orange with black and white accents. It has a classic design with a prominent front grille and round headlights. The hood is open, revealing the engine compartment. The car's body shows signs of rust and wear, with some parts missing, such as the front fender. There is a small amount of greenery growing on the car, suggesting it has been stationary for some time. The background is a simple, out-of-focus representation of a natural setting with trees and grass. There is no visible text in the image.	14094859445.png	The image shows a calendar with a spiral binding at the top, placed on a stand with two visible legs. The calendar has a grid of dates, with the numbers 1 through 16 visible. On the stand, there are two small plants with green leaves, and a small orange figure that appears to be a stylized animal or character. Above the calendar, there is a small, stylized cloud with a blue sky background. The overall style of the image is illustrative and cartoonish.	34702854773.png	The image depicts a stylized, cartoon-like scene of a courtyard with classical architecture. There are two figures in orange robes standing on the left side of the image, one of whom is facing the viewer and the other is turned away. The figures appear to be engaged in a conversation or activity.  The courtyard is paved with large, irregularly shaped stones, and there are several potted plants with lush greenery scattered throughout the area. The architecture includes a building with a prominent arched doorway and a balcony on the second floor. The building has a terracotta-tiled roof and is adorned with vines and plants.  The overall style of the image is illustrative, with a focus on the textures and colors of the scene. There is no visible text in the image. The relationship between the figures and the environment suggests a peaceful, possibly historical or cultural setting.	77590466041.png	The image depicts two animated characters sitting on a wooden bench. The character on the left is wearing a red shirt and blue jeans, while the character on the right is wearing a white shirt and black pants. Both characters have short hair and are facing each other. Behind them is a tree with orange leaves, and the ground is covered with fallen leaves. The background is a plain white, and there are small green plants near the bench. There is no visible text in the image. The style of the image is illustrative and appears to be designed for a digital medium.	48331231329.png	The image depicts a man standing in front of a framed picture. The picture within the frame shows a silhouette of a couple holding hands, with a tree and autumn leaves in the background. The man is facing the picture, and the background is plain white. The style of the image is illustrative, with a focus on the contrast between the man and the picture. There is no visible text in the image.
უძველესი ისტორია	არადა, ამ ჯიშის ძაღლს უძველესი ისტორია აქვს.		35022612123.png	The image depicts a vintage car with a rusted exterior, parked on a grassy area. The car is predominantly orange with black and white accents. It has a classic design with a prominent front grille and round headlights. The hood is open, revealing the engine compartment. The car's body shows signs of rust and wear, with some parts missing, such as the front fender. There is a small amount of greenery growing on the car, suggesting it has been stationary for some time. The background is a simple, out-of-focus representation of a natural setting with trees and grass. There is no visible text in the image.	48331231329.png	The image depicts a man standing in front of a framed picture. The picture within the frame shows a silhouette of a couple holding hands, with a tree and autumn leaves in the background. The man is facing the picture, and the background is plain white. The style of the image is illustrative, with a focus on the contrast between the man and the picture. There is no visible text in the image.	14094859445.png	The image shows a calendar with a spiral binding at the top, placed on a stand with two visible legs. The calendar has a grid of dates, with the numbers 1 through 16 visible. On the stand, there are two small plants with green leaves, and a small orange figure that appears to be a stylized animal or character. Above the calendar, there is a small, stylized cloud with a blue sky background. The overall style of the image is illustrative and cartoonish.	34702854773.png	The image depicts a stylized, cartoon-like scene of a courtyard with classical architecture. There are two figures in orange robes standing on the left side of the image, one of whom is facing the viewer and the other is turned away. The figures appear to be engaged in a conversation or activity.  The courtyard is paved with large, irregularly shaped stones, and there are several potted plants with lush greenery scattered throughout the area. The architecture includes a building with a prominent arched doorway and a balcony on the second floor. The building has a terracotta-tiled roof and is adorned with vines and plants.  The overall style of the image is illustrative, with a focus on the textures and colors of the scene. There is no visible text in the image. The relationship between the figures and the environment suggests a peaceful, possibly historical or cultural setting.	77590466041.png	The image depicts two animated characters sitting on a wooden bench. The character on the left is wearing a red shirt and blue jeans, while the character on the right is wearing a white shirt and black pants. Both characters have short hair and are facing each other. Behind them is a tree with orange leaves, and the ground is covered with fallen leaves. The background is a plain white, and there are small green plants near the bench. There is no visible text in the image. The style of the image is illustrative and appears to be designed for a digital medium.
უძველესი ისტორია	მონასტრის უძველესი ისტორია ერთობ ბუნდოვანია.		77590466041.png	The image depicts two animated characters sitting on a wooden bench. The character on the left is wearing a red shirt and blue jeans, while the character on the right is wearing a white shirt and black pants. Both characters have short hair and are facing each other. Behind them is a tree with orange leaves, and the ground is covered with fallen leaves. The background is a plain white, and there are small green plants near the bench. There is no visible text in the image. The style of the image is illustrative and appears to be designed for a digital medium.	35022612123.png	The image depicts a vintage car with a rusted exterior, parked on a grassy area. The car is predominantly orange with black and white accents. It has a classic design with a prominent front grille and round headlights. The hood is open, revealing the engine compartment. The car's body shows signs of rust and wear, with some parts missing, such as the front fender. There is a small amount of greenery growing on the car, suggesting it has been stationary for some time. The background is a simple, out-of-focus representation of a natural setting with trees and grass. There is no visible text in the image.	14094859445.png	The image shows a calendar with a spiral binding at the top, placed on a stand with two visible legs. The calendar has a grid of dates, with the numbers 1 through 16 visible. On the stand, there are two small plants with green leaves, and a small orange figure that appears to be a stylized animal or character. Above the calendar, there is a small, stylized cloud with a blue sky background. The overall style of the image is illustrative and cartoonish.	34702854773.png	The image depicts a stylized, cartoon-like scene of a courtyard with classical architecture. There are two figures in orange robes standing on the left side of the image, one of whom is facing the viewer and the other is turned away. The figures appear to be engaged in a conversation or activity.  The courtyard is paved with large, irregularly shaped stones, and there are several potted plants with lush greenery scattered throughout the area. The architecture includes a building with a prominent arched doorway and a balcony on the second floor. The building has a terracotta-tiled roof and is adorned with vines and plants.  The overall style of the image is illustrative, with a focus on the textures and colors of the scene. There is no visible text in the image. The relationship between the figures and the environment suggests a peaceful, possibly historical or cultural setting.	48331231329.png	The image depicts a man standing in front of a framed picture. The picture within the frame shows a silhouette of a couple holding hands, with a tree and autumn leaves in the background. The man is facing the picture, and the background is plain white. The style of the image is illustrative, with a focus on the contrast between the man and the picture. There is no visible text in the image.
ყველაფრის ექსპერტი	„ყველაფრის ექსპერტი”, „ვითომექსპერტი”, „გვეშველება რამე?” – აი, მასთან დაკავშირებული პირველი ასოციაციები.		36621236383.png	The image depicts an animated scene of a classroom setting. In the foreground, there are three students sitting in desks, attentively facing a teacher who is standing in front of a chalkboard. The teacher is a man with a beard, wearing glasses and a white lab coat over an orange shirt. He is pointing at the chalkboard, which displays mathematical equations. The students appear to be listening and observing the teacher's explanation. The chalkboard is mounted on a wooden frame, and there is a book on the teacher's desk. The style of the image is cartoonish, with a limited color palette and simple line work.	22851393226.png	The image is a digital illustration featuring two animated characters in a stylized setting. On the left, there is a character with short brown hair, wearing a white shirt with a black tie, black pants, and brown shoes. This character is seated at a small round table with a brown tablecloth, holding a book and looking down with a concerned expression. On the right, there is another character with short brown hair, wearing a black suit with a white shirt and a black tie, and black shoes. This character is standing and leaning over the table, holding a pen and looking at the first character with a serious expression. The background is a beige wall with a pattern of brown lines and dots. There is no visible text in the image.	97989166380.png	The image is a digital illustration depicting a social scene in a bar or pub. There are three animated characters engaged in conversation. The character on the left is a woman with brown hair, wearing a white top and black pants, with her arms crossed. She is looking towards the man in the center, who is gesturing with his hands while speaking. The man in the center has short brown hair, is wearing a brown leather jacket over a white shirt, and has a slight smile. To his right is another man with short dark hair, wearing a white shirt and dark pants, who is also smiling and appears to be listening to the conversation.  In the background, there is a bar counter with a few items on it, including a glass of beer and a bottle. Above the counter, there are two hanging light fixtures. On the wall behind the counter, there is a television screen displaying what appears to be a sports event. The overall atmosphere suggests a casual, friendly gathering. There is no visible text in the image.	93926519452.png	The image depicts an animated character, an elderly man with a white beard and mustache, wearing a cowboy hat and a brown outfit. He is seated on a wooden chair with a backrest, which is positioned on a wooden floor. The man is engaged in a crafting activity, using a hammer to work on a piece of wood on a wooden table. Scattered around the table are various tools and materials, including nails, a saw, and a piece of wood. The character is also wearing brown boots. In the foreground, there is a pile of sawdust on the floor, and a wooden stool is visible to the left of the chair. The background is plain white, emphasizing the character and his surroundings. There is no visible text in the image.	67321905224.png	The image depicts a stylized, animated character of a man. He is wearing a white lab coat with a variety of colorful buttons and badges attached to it, suggesting a theme of science or technology. The man has brown hair, glasses, and is holding a tablet in his right hand. He is dressed in a suit with a tie and is wearing brown shoes. The background is plain white, emphasizing the character. There is no visible text in the image.
ყველაფრის ექსპერტი	ყველაფრის ექსპერტი კი დისკრიმინაციაზე ალაპარაკდა.		22851393226.png	The image is a digital illustration featuring two animated characters in a stylized setting. On the left, there is a character with short brown hair, wearing a white shirt with a black tie, black pants, and brown shoes. This character is seated at a small round table with a brown tablecloth, holding a book and looking down with a concerned expression. On the right, there is another character with short brown hair, wearing a black suit with a white shirt and a black tie, and black shoes. This character is standing and leaning over the table, holding a pen and looking at the first character with a serious expression. The background is a beige wall with a pattern of brown lines and dots. There is no visible text in the image.	36621236383.png	The image depicts an animated scene of a classroom setting. In the foreground, there are three students sitting in desks, attentively facing a teacher who is standing in front of a chalkboard. The teacher is a man with a beard, wearing glasses and a white lab coat over an orange shirt. He is pointing at the chalkboard, which displays mathematical equations. The students appear to be listening and observing the teacher's explanation. The chalkboard is mounted on a wooden frame, and there is a book on the teacher's desk. The style of the image is cartoonish, with a limited color palette and simple line work.	97989166380.png	The image is a digital illustration depicting a social scene in a bar or pub. There are three animated characters engaged in conversation. The character on the left is a woman with brown hair, wearing a white top and black pants, with her arms crossed. She is looking towards the man in the center, who is gesturing with his hands while speaking. The man in the center has short brown hair, is wearing a brown leather jacket over a white shirt, and has a slight smile. To his right is another man with short dark hair, wearing a white shirt and dark pants, who is also smiling and appears to be listening to the conversation.  In the background, there is a bar counter with a few items on it, including a glass of beer and a bottle. Above the counter, there are two hanging light fixtures. On the wall behind the counter, there is a television screen displaying what appears to be a sports event. The overall atmosphere suggests a casual, friendly gathering. There is no visible text in the image.	93926519452.png	The image depicts an animated character, an elderly man with a white beard and mustache, wearing a cowboy hat and a brown outfit. He is seated on a wooden chair with a backrest, which is positioned on a wooden floor. The man is engaged in a crafting activity, using a hammer to work on a piece of wood on a wooden table. Scattered around the table are various tools and materials, including nails, a saw, and a piece of wood. The character is also wearing brown boots. In the foreground, there is a pile of sawdust on the floor, and a wooden stool is visible to the left of the chair. The background is plain white, emphasizing the character and his surroundings. There is no visible text in the image.	67321905224.png	The image depicts a stylized, animated character of a man. He is wearing a white lab coat with a variety of colorful buttons and badges attached to it, suggesting a theme of science or technology. The man has brown hair, glasses, and is holding a tablet in his right hand. He is dressed in a suit with a tie and is wearing brown shoes. The background is plain white, emphasizing the character. There is no visible text in the image.
ყველაფრის ექსპერტი	რა თქმა უნდა, შეუძლებელია, გახდე ყველაფრის ექსპერტი, მაგრამ შესაძლებელია, ამოირჩიო კონკრეტული სფერო, რომელიც კარგად გეცოდინება.		22851393226.png	The image is a digital illustration featuring two animated characters in a stylized setting. On the left, there is a character with short brown hair, wearing a white shirt with a black tie, black pants, and brown shoes. This character is seated at a small round table with a brown tablecloth, holding a book and looking down with a concerned expression. On the right, there is another character with short brown hair, wearing a black suit with a white shirt and a black tie, and black shoes. This character is standing and leaning over the table, holding a pen and looking at the first character with a serious expression. The background is a beige wall with a pattern of brown lines and dots. There is no visible text in the image.	36621236383.png	The image depicts an animated scene of a classroom setting. In the foreground, there are three students sitting in desks, attentively facing a teacher who is standing in front of a chalkboard. The teacher is a man with a beard, wearing glasses and a white lab coat over an orange shirt. He is pointing at the chalkboard, which displays mathematical equations. The students appear to be listening and observing the teacher's explanation. The chalkboard is mounted on a wooden frame, and there is a book on the teacher's desk. The style of the image is cartoonish, with a limited color palette and simple line work.	93926519452.png	The image depicts an animated character, an elderly man with a white beard and mustache, wearing a cowboy hat and a brown outfit. He is seated on a wooden chair with a backrest, which is positioned on a wooden floor. The man is engaged in a crafting activity, using a hammer to work on a piece of wood on a wooden table. Scattered around the table are various tools and materials, including nails, a saw, and a piece of wood. The character is also wearing brown boots. In the foreground, there is a pile of sawdust on the floor, and a wooden stool is visible to the left of the chair. The background is plain white, emphasizing the character and his surroundings. There is no visible text in the image.	67321905224.png	The image depicts a stylized, animated character of a man. He is wearing a white lab coat with a variety of colorful buttons and badges attached to it, suggesting a theme of science or technology. The man has brown hair, glasses, and is holding a tablet in his right hand. He is dressed in a suit with a tie and is wearing brown shoes. The background is plain white, emphasizing the character. There is no visible text in the image.	97989166380.png	The image is a digital illustration depicting a social scene in a bar or pub. There are three animated characters engaged in conversation. The character on the left is a woman with brown hair, wearing a white top and black pants, with her arms crossed. She is looking towards the man in the center, who is gesturing with his hands while speaking. The man in the center has short brown hair, is wearing a brown leather jacket over a white shirt, and has a slight smile. To his right is another man with short dark hair, wearing a white shirt and dark pants, who is also smiling and appears to be listening to the conversation.  In the background, there is a bar counter with a few items on it, including a glass of beer and a bottle. Above the counter, there are two hanging light fixtures. On the wall behind the counter, there is a television screen displaying what appears to be a sports event. The overall atmosphere suggests a casual, friendly gathering. There is no visible text in the image.
ყველაფრის ექსპერტი	ორ ათწლეულზე მეტია, რაც მექანიკური დამუშავების ინდუსტრიაში ვარ ჩართული და, მიუხედავად იმისა, რომ ყველაფრის ექსპერტი ვერ ვიქნები, ყოველ შემთხვევაში, ყველანაირი პროცესის შესახებ მაინც უნდა მსმენოდა.		22851393226.png	The image is a digital illustration featuring two animated characters in a stylized setting. On the left, there is a character with short brown hair, wearing a white shirt with a black tie, black pants, and brown shoes. This character is seated at a small round table with a brown tablecloth, holding a book and looking down with a concerned expression. On the right, there is another character with short brown hair, wearing a black suit with a white shirt and a black tie, and black shoes. This character is standing and leaning over the table, holding a pen and looking at the first character with a serious expression. The background is a beige wall with a pattern of brown lines and dots. There is no visible text in the image.	97989166380.png	The image is a digital illustration depicting a social scene in a bar or pub. There are three animated characters engaged in conversation. The character on the left is a woman with brown hair, wearing a white top and black pants, with her arms crossed. She is looking towards the man in the center, who is gesturing with his hands while speaking. The man in the center has short brown hair, is wearing a brown leather jacket over a white shirt, and has a slight smile. To his right is another man with short dark hair, wearing a white shirt and dark pants, who is also smiling and appears to be listening to the conversation.  In the background, there is a bar counter with a few items on it, including a glass of beer and a bottle. Above the counter, there are two hanging light fixtures. On the wall behind the counter, there is a television screen displaying what appears to be a sports event. The overall atmosphere suggests a casual, friendly gathering. There is no visible text in the image.	93926519452.png	The image depicts an animated character, an elderly man with a white beard and mustache, wearing a cowboy hat and a brown outfit. He is seated on a wooden chair with a backrest, which is positioned on a wooden floor. The man is engaged in a crafting activity, using a hammer to work on a piece of wood on a wooden table. Scattered around the table are various tools and materials, including nails, a saw, and a piece of wood. The character is also wearing brown boots. In the foreground, there is a pile of sawdust on the floor, and a wooden stool is visible to the left of the chair. The background is plain white, emphasizing the character and his surroundings. There is no visible text in the image.	36621236383.png	The image depicts an animated scene of a classroom setting. In the foreground, there are three students sitting in desks, attentively facing a teacher who is standing in front of a chalkboard. The teacher is a man with a beard, wearing glasses and a white lab coat over an orange shirt. He is pointing at the chalkboard, which displays mathematical equations. The students appear to be listening and observing the teacher's explanation. The chalkboard is mounted on a wooden frame, and there is a book on the teacher's desk. The style of the image is cartoonish, with a limited color palette and simple line work.	67321905224.png	The image depicts a stylized, animated character of a man. He is wearing a white lab coat with a variety of colorful buttons and badges attached to it, suggesting a theme of science or technology. The man has brown hair, glasses, and is holding a tablet in his right hand. He is dressed in a suit with a tie and is wearing brown shoes. The background is plain white, emphasizing the character. There is no visible text in the image.
ბანანის რესპუბლიკა	პომპეოს თქმით, ეს „ცილისწამება“ აჩვენებს, რომ არასწორად ესმით ბანანის რესპუბლიკა და დემოკრატია აშშ-ში.		31888867116.png	The image features a stylized illustration of a dessert dish. At the center is a large scoop of vanilla ice cream with a chocolate sauce drizzled on top. Surrounding the ice cream are several cherries with stems, and interspersed among the cherries are slices of banana. The dish is presented on a plate with a scalloped edge, and the background is plain white. There is no visible text in the image. The style of the illustration is cartoonish and colorful, with a focus on the dessert's visual appeal.	54819737234.png	The image depicts a cartoon of a man standing at a podium. He is dressed in a suit with a tie and appears to be speaking or gesturing. The man has short hair and is wearing a microphone. Behind him is a circular platform with a dark base and a lighter top. On the podium, there is a circular emblem with a design that includes a shield and a star. The background is plain white. There is no visible text in the image.	65122562258.png	The image features a 3D animated character that resembles a squash with human-like features. The character has a large, round body with a yellowish skin texture, and it is wearing glasses with a black frame and a mustache. It has a large, brown stem on top of its head, which is also adorned with a small, green leaf. The character is dressed in a white shirt with a collar and a brown belt, and it is holding a rolled-up piece of paper in its right hand. The paper appears to have some text on it, but the text is not legible in the image. The character is also wearing a cape that is draped over its left shoulder. The background of the image is plain and white, which contrasts with the character and highlights its details.	75403234042.png	The image features two animated characters, both dressed in business attire. The character on the left is wearing a gray suit, a red tie, and sunglasses, and is holding a card with a green logo. The character on the right is wearing a black suit with a red and yellow emblem on the chest, a red tie, and sunglasses. Both characters are smiling and appear to be engaged in a friendly exchange, with the character on the right holding out a card with a green logo that matches the one the other character is holding. The background is plain white.	34500845702.png	The image depicts a stylized, cartoon-like illustration of a three-story house with a fire truck parked in front. The house has a gray roof and is painted in shades of orange and brown. There are three windows visible on the second floor, and the third floor has a balcony with a railing. On the balcony, there are two firefighters in orange and yellow uniforms, one of whom is holding a hose. The fire truck is orange and white, with a ladder on the side and a hose reel on the front. In front of the house, there is a fire hydrant and a small tree. The firefighters are standing on the ground, and one of them is pointing upwards. There is no visible text in the image.
ბანანის რესპუბლიკა	ჩვენ არ ვართ ბანანის რესპუბლიკა და არც არასდროს ვყოფილვართ.		31888867116.png	The image features a stylized illustration of a dessert dish. At the center is a large scoop of vanilla ice cream with a chocolate sauce drizzled on top. Surrounding the ice cream are several cherries with stems, and interspersed among the cherries are slices of banana. The dish is presented on a plate with a scalloped edge, and the background is plain white. There is no visible text in the image. The style of the illustration is cartoonish and colorful, with a focus on the dessert's visual appeal.	54819737234.png	The image depicts a cartoon of a man standing at a podium. He is dressed in a suit with a tie and appears to be speaking or gesturing. The man has short hair and is wearing a microphone. Behind him is a circular platform with a dark base and a lighter top. On the podium, there is a circular emblem with a design that includes a shield and a star. The background is plain white. There is no visible text in the image.	75403234042.png	The image features two animated characters, both dressed in business attire. The character on the left is wearing a gray suit, a red tie, and sunglasses, and is holding a card with a green logo. The character on the right is wearing a black suit with a red and yellow emblem on the chest, a red tie, and sunglasses. Both characters are smiling and appear to be engaged in a friendly exchange, with the character on the right holding out a card with a green logo that matches the one the other character is holding. The background is plain white.	65122562258.png	The image features a 3D animated character that resembles a squash with human-like features. The character has a large, round body with a yellowish skin texture, and it is wearing glasses with a black frame and a mustache. It has a large, brown stem on top of its head, which is also adorned with a small, green leaf. The character is dressed in a white shirt with a collar and a brown belt, and it is holding a rolled-up piece of paper in its right hand. The paper appears to have some text on it, but the text is not legible in the image. The character is also wearing a cape that is draped over its left shoulder. The background of the image is plain and white, which contrasts with the character and highlights its details.	34500845702.png	The image depicts a stylized, cartoon-like illustration of a three-story house with a fire truck parked in front. The house has a gray roof and is painted in shades of orange and brown. There are three windows visible on the second floor, and the third floor has a balcony with a railing. On the balcony, there are two firefighters in orange and yellow uniforms, one of whom is holding a hose. The fire truck is orange and white, with a ladder on the side and a hose reel on the front. In front of the house, there is a fire hydrant and a small tree. The firefighters are standing on the ground, and one of them is pointing upwards. There is no visible text in the image.
ბაზრის ვარდნა	ბაზრის ვარდნა, შესაძლოა, ყიდვის ფანტასტიკური შესაძლებლობა იყოს, მაგრამ, იმავდროულად, ეს პერიოდი ინვესტიციების გაყიდვისთვის ერთ-ერთი ყველაზე ცუდია.		38458075946.png	The image depicts an animated character, a man with a beard and mustache, wearing a wide-brimmed hat and a backpack. He is crouched in a hole in the ground, with dirt and grass around him. The character has a surprised or shocked expression on his face. The style of the image is cartoonish and appears to be a digital illustration.	27594974678.png	The image shows a stylized representation of a computer monitor with a graph on its screen. The graph is a line chart with a downward trend, indicating a decrease in value over time. The line is colored in shades of orange and red, suggesting a negative trend. Below the graph, there is a depiction of a city skyline with buildings and a body of water, possibly a river or a lake. Scattered around the base of the monitor are small icons that resemble coins, suggesting a theme of money or finance. The overall style of the image is illustrative and appears to be a conceptual or metaphorical representation rather than a realistic one.	60918711497.png	The image shows a computer monitor displaying a stock market ticker with various financial figures and percentages. The numbers are in green and red, indicating positive and negative changes in the market. The ticker includes columns with numerical values and percentages, likely representing stock prices and their changes. The monitor is turned on and is displaying a real-time financial update.	78133571021.png	The image depicts a lively outdoor market scene. At the center, there's a large tree with a full canopy, providing shade to the market below. The market is bustling with people, some of whom are standing around tables laden with various fruits and vegetables, including oranges and apples. There are also stands selling items like potted plants and baskets.  The market is adorned with orange and white striped awnings, and there are hanging lanterns that add to the festive atmosphere. The ground is paved with stones, and the overall setting suggests a warm, sunny day. The image is stylized with a cartoon-like quality, using flat colors and simple lines to create a cheerful and inviting scene.	37312769957.png	The image is a digital illustration of a cartoon-style male character with brown hair and glasses. He is wearing a white shirt and a black tie, and appears to be in a state of distress or concern. The character is holding a smartphone to his ear, suggesting he is on a call. Behind him is a large screen displaying various financial charts and graphs, including stock prices and graphs, with red and green arrows indicating fluctuations. The overall setting suggests a financial or stock market environment. There is no visible text in the image.
ბაზრის ვარდნა	ბაზრის ვარდნა პრაქტიკულად ფასდაკლებას ჰგავს, რაც ინვესტორებს საშუალებას აძლევს, შეიძინონ აქტივები უფრო დაბალ ფასად.		60918711497.png	The image shows a computer monitor displaying a stock market ticker with various financial figures and percentages. The numbers are in green and red, indicating positive and negative changes in the market. The ticker includes columns with numerical values and percentages, likely representing stock prices and their changes. The monitor is turned on and is displaying a real-time financial update.	78133571021.png	The image depicts a lively outdoor market scene. At the center, there's a large tree with a full canopy, providing shade to the market below. The market is bustling with people, some of whom are standing around tables laden with various fruits and vegetables, including oranges and apples. There are also stands selling items like potted plants and baskets.  The market is adorned with orange and white striped awnings, and there are hanging lanterns that add to the festive atmosphere. The ground is paved with stones, and the overall setting suggests a warm, sunny day. The image is stylized with a cartoon-like quality, using flat colors and simple lines to create a cheerful and inviting scene.	38458075946.png	The image depicts an animated character, a man with a beard and mustache, wearing a wide-brimmed hat and a backpack. He is crouched in a hole in the ground, with dirt and grass around him. The character has a surprised or shocked expression on his face. The style of the image is cartoonish and appears to be a digital illustration.	37312769957.png	The image is a digital illustration of a cartoon-style male character with brown hair and glasses. He is wearing a white shirt and a black tie, and appears to be in a state of distress or concern. The character is holding a smartphone to his ear, suggesting he is on a call. Behind him is a large screen displaying various financial charts and graphs, including stock prices and graphs, with red and green arrows indicating fluctuations. The overall setting suggests a financial or stock market environment. There is no visible text in the image.	27594974678.png	The image shows a stylized representation of a computer monitor with a graph on its screen. The graph is a line chart with a downward trend, indicating a decrease in value over time. The line is colored in shades of orange and red, suggesting a negative trend. Below the graph, there is a depiction of a city skyline with buildings and a body of water, possibly a river or a lake. Scattered around the base of the monitor are small icons that resemble coins, suggesting a theme of money or finance. The overall style of the image is illustrative and appears to be a conceptual or metaphorical representation rather than a realistic one.
მთლიანი სურათი	ხანდახან ისე ვართ ჩართულები დღევანდელი დღის გეგმების მოსწრების ფერხულში, რომ შეიძლება გვავიწყდება კიდეც მთლიანი სურათი როგორი გვინდა იყოს.		21822328448.png	The image is a stylized, colorful illustration of a map-like structure with a three-dimensional appearance. It features a central island with a variety of buildings, including a castle-like structure, and a village with huts. The island is surrounded by smaller islands or land masses, each with its own unique features such as trees, animals, and various structures. The map is set against a backdrop of a clear sky with clouds and a few birds flying. The overall style is cartoonish and playful, with a limited color palette that includes shades of orange, brown, and green. There is no visible text on the image.	14477855901.png	The image shows a three-dimensional rendering of a single orange puzzle piece. The piece has a glossy finish and is set against a plain white background. The puzzle piece is slightly tilted to the right, giving it a dynamic appearance. There is no visible text or other objects in the image. The style of the image is simple and clean, with a focus on the puzzle piece itself.	13009917286.png	The image is a stylized, cartoon-like illustration of a family of six standing in front of a white wall. From left to right, there is a young boy with brown hair, a man with a beard and glasses, a woman with gray hair and glasses, a young girl with brown hair, a man with a mustache and glasses, and a young girl with brown hair and a yellow dress. They are all smiling and appear to be in a good mood. In the foreground, there is a brown couch with a blue pillow on it, and a small potted plant on a wooden table. The family members are dressed in casual clothing, and the overall atmosphere of the image is warm and friendly.	62970449998.png	The image is a cartoon illustration featuring five animated characters. On the left, there is a woman with dark hair, wearing a light-colored coat and holding a small box. Next to her is a man with gray hair, wearing a dark suit and holding a magnifying glass. In the center, a woman with dark hair is holding a string with several photos attached to it, and she is looking at a man on the right. This man is wearing a brown suit, a hat, and is holding a string with a magnifying glass attached to it. The background shows a large brown board with various photos and strings connecting them. The characters appear to be engaged in a discussion or investigation, as suggested by the magnifying glasses and the string with photos. There is no visible text in the image.	88094344608.png	The image is a stylized, artistic representation of a city skyline at sunset. The skyline features a variety of skyscrapers with different designs and heights, reflecting off a body of water that is visible in the foreground. The colors are warm, with a gradient of orange and pink hues dominating the sky and the reflections on the water. The buildings are depicted with a mix of realistic and abstract elements, giving the image a modern and dynamic feel. There is no visible text in the image.
მთლიანი სურათი	აღნიშნული მოდელი კი სახელწმიფოს საშუალებას მისცემს, შეაფასოს მთლიანი სურათი, თუ როგორ ვითარდება ესა თუ ის კონკრეტული დარგი.		13009917286.png	The image is a stylized, cartoon-like illustration of a family of six standing in front of a white wall. From left to right, there is a young boy with brown hair, a man with a beard and glasses, a woman with gray hair and glasses, a young girl with brown hair, a man with a mustache and glasses, and a young girl with brown hair and a yellow dress. They are all smiling and appear to be in a good mood. In the foreground, there is a brown couch with a blue pillow on it, and a small potted plant on a wooden table. The family members are dressed in casual clothing, and the overall atmosphere of the image is warm and friendly.	88094344608.png	The image is a stylized, artistic representation of a city skyline at sunset. The skyline features a variety of skyscrapers with different designs and heights, reflecting off a body of water that is visible in the foreground. The colors are warm, with a gradient of orange and pink hues dominating the sky and the reflections on the water. The buildings are depicted with a mix of realistic and abstract elements, giving the image a modern and dynamic feel. There is no visible text in the image.	14477855901.png	The image shows a three-dimensional rendering of a single orange puzzle piece. The piece has a glossy finish and is set against a plain white background. The puzzle piece is slightly tilted to the right, giving it a dynamic appearance. There is no visible text or other objects in the image. The style of the image is simple and clean, with a focus on the puzzle piece itself.	62970449998.png	The image is a cartoon illustration featuring five animated characters. On the left, there is a woman with dark hair, wearing a light-colored coat and holding a small box. Next to her is a man with gray hair, wearing a dark suit and holding a magnifying glass. In the center, a woman with dark hair is holding a string with several photos attached to it, and she is looking at a man on the right. This man is wearing a brown suit, a hat, and is holding a string with a magnifying glass attached to it. The background shows a large brown board with various photos and strings connecting them. The characters appear to be engaged in a discussion or investigation, as suggested by the magnifying glasses and the string with photos. There is no visible text in the image.	21822328448.png	The image is a stylized, colorful illustration of a map-like structure with a three-dimensional appearance. It features a central island with a variety of buildings, including a castle-like structure, and a village with huts. The island is surrounded by smaller islands or land masses, each with its own unique features such as trees, animals, and various structures. The map is set against a backdrop of a clear sky with clouds and a few birds flying. The overall style is cartoonish and playful, with a limited color palette that includes shades of orange, brown, and green. There is no visible text on the image.
მთლიანი სურათი	7 7 7 – ვიღაც დუხჭირისა და მახინჯის სახის კაცმა თავისი მთლიანი სურათი გადააღებინა.		14477855901.png	The image shows a three-dimensional rendering of a single orange puzzle piece. The piece has a glossy finish and is set against a plain white background. The puzzle piece is slightly tilted to the right, giving it a dynamic appearance. There is no visible text or other objects in the image. The style of the image is simple and clean, with a focus on the puzzle piece itself.	21822328448.png	The image is a stylized, colorful illustration of a map-like structure with a three-dimensional appearance. It features a central island with a variety of buildings, including a castle-like structure, and a village with huts. The island is surrounded by smaller islands or land masses, each with its own unique features such as trees, animals, and various structures. The map is set against a backdrop of a clear sky with clouds and a few birds flying. The overall style is cartoonish and playful, with a limited color palette that includes shades of orange, brown, and green. There is no visible text on the image.	13009917286.png	The image is a stylized, cartoon-like illustration of a family of six standing in front of a white wall. From left to right, there is a young boy with brown hair, a man with a beard and glasses, a woman with gray hair and glasses, a young girl with brown hair, a man with a mustache and glasses, and a young girl with brown hair and a yellow dress. They are all smiling and appear to be in a good mood. In the foreground, there is a brown couch with a blue pillow on it, and a small potted plant on a wooden table. The family members are dressed in casual clothing, and the overall atmosphere of the image is warm and friendly.	62970449998.png	The image is a cartoon illustration featuring five animated characters. On the left, there is a woman with dark hair, wearing a light-colored coat and holding a small box. Next to her is a man with gray hair, wearing a dark suit and holding a magnifying glass. In the center, a woman with dark hair is holding a string with several photos attached to it, and she is looking at a man on the right. This man is wearing a brown suit, a hat, and is holding a string with a magnifying glass attached to it. The background shows a large brown board with various photos and strings connecting them. The characters appear to be engaged in a discussion or investigation, as suggested by the magnifying glasses and the string with photos. There is no visible text in the image.	88094344608.png	The image is a stylized, artistic representation of a city skyline at sunset. The skyline features a variety of skyscrapers with different designs and heights, reflecting off a body of water that is visible in the foreground. The colors are warm, with a gradient of orange and pink hues dominating the sky and the reflections on the water. The buildings are depicted with a mix of realistic and abstract elements, giving the image a modern and dynamic feel. There is no visible text in the image.
მთლიანი სურათი	საბჭოეთის აბსურდის მთლიანი სურათი იხატება, იმიტომ რომ აქ არ არის აღწერილი მხოლოდ დანაშაულებები.		88094344608.png	The image is a stylized, artistic representation of a city skyline at sunset. The skyline features a variety of skyscrapers with different designs and heights, reflecting off a body of water that is visible in the foreground. The colors are warm, with a gradient of orange and pink hues dominating the sky and the reflections on the water. The buildings are depicted with a mix of realistic and abstract elements, giving the image a modern and dynamic feel. There is no visible text in the image.	14477855901.png	The image shows a three-dimensional rendering of a single orange puzzle piece. The piece has a glossy finish and is set against a plain white background. The puzzle piece is slightly tilted to the right, giving it a dynamic appearance. There is no visible text or other objects in the image. The style of the image is simple and clean, with a focus on the puzzle piece itself.	13009917286.png	The image is a stylized, cartoon-like illustration of a family of six standing in front of a white wall. From left to right, there is a young boy with brown hair, a man with a beard and glasses, a woman with gray hair and glasses, a young girl with brown hair, a man with a mustache and glasses, and a young girl with brown hair and a yellow dress. They are all smiling and appear to be in a good mood. In the foreground, there is a brown couch with a blue pillow on it, and a small potted plant on a wooden table. The family members are dressed in casual clothing, and the overall atmosphere of the image is warm and friendly.	62970449998.png	The image is a cartoon illustration featuring five animated characters. On the left, there is a woman with dark hair, wearing a light-colored coat and holding a small box. Next to her is a man with gray hair, wearing a dark suit and holding a magnifying glass. In the center, a woman with dark hair is holding a string with several photos attached to it, and she is looking at a man on the right. This man is wearing a brown suit, a hat, and is holding a string with a magnifying glass attached to it. The background shows a large brown board with various photos and strings connecting them. The characters appear to be engaged in a discussion or investigation, as suggested by the magnifying glasses and the string with photos. There is no visible text in the image.	21822328448.png	The image is a stylized, colorful illustration of a map-like structure with a three-dimensional appearance. It features a central island with a variety of buildings, including a castle-like structure, and a village with huts. The island is surrounded by smaller islands or land masses, each with its own unique features such as trees, animals, and various structures. The map is set against a backdrop of a clear sky with clouds and a few birds flying. The overall style is cartoonish and playful, with a limited color palette that includes shades of orange, brown, and green. There is no visible text on the image.
ბიოლოგიური საათი	მერე, არ შეიძლება ეს “ბიოლოგიური საათი” უკან შევატრიალოთ?!		64120829959.png	The image features a stylized, cartoon-like depiction of a large alarm clock with a black body and orange hands and numbers. The clock is standing upright on a wooden surface, leaning slightly to the left. It has a large, round face with a white background and orange dots representing the hours. The clock's arms and body are black, and it has a small, black handle on top.  In the background, there is a simple, minimalist bedroom setting. To the left, there is a small, green potted plant on a wooden stand. To the right, there is a wooden bed with a gray blanket and a single pillow. The bed has a wooden headboard and footboard. The overall style of the image is clean and modern, with a limited color palette. There are no visible texts in the image.	39157871623.png	The image depicts a stylized, cartoon-like illustration of a sand hourglass. The hourglass has a large, transparent upper chamber filled with orange sand, and a smaller, transparent lower chamber filled with the same orange sand. The sand is depicted with a smooth, glossy texture. The hourglass is placed on a sandy surface with a few scattered rocks and a small green plant. The hourglass is supported by a wooden stand with a curved top, and there is a small orange rock on the stand. The background is a plain, light color, providing a high-contrast backdrop to the hourglass and its surroundings. There is no visible text in the image.	58154352581.png	"The image depicts a tranquil scene with a woman sitting on a wooden bench. She is wearing glasses and an orange dress with a polka dot pattern. The bench is situated in a park-like setting with trees and flowers around it. Above the bench, there is a large clock with a brown face and black numbers and hands. The clock reads ""12:00"". In the background, there are birds flying in the sky, and the overall atmosphere of the image is serene and peaceful."	76598181126.png	"The image depicts a classroom setting. At the front of the room, there is a large chalkboard with a wooden frame. Above the chalkboard, there is a digital clock displaying the time ""00:00"" in orange and white text. To the right of the chalkboard, there is a small whiteboard with a blue border. On the wall to the right of the chalkboard, there is a whiteboard eraser.  In front of the chalkboard, there is a row of orange chairs with metal legs. The chairs are arranged in a straight line, facing the chalkboard. The floor is a dark color, and the walls are a light color. There are no visible texts or other objects that provide additional context about the classroom. The style of the image is illustrative, with a focus on simplicity and clarity."	81871215097.png	The image shows a round, black clock with a clear face. The clock has a unique design, with the numbers replaced by various small stones of different colors and shapes. The hands of the clock are also made of metal, with the hour hand pointing to the number 11 and the minute hand pointing to the number 12. At the bottom of the clock face, there are three footprints, each filled with a different type of stone. The clock is placed on a stand with orange accents. The background is a plain, light color, providing a contrast to the clock. There is no visible text on the clock or in the image.
ბიოლოგიური საათი	ბიოლოგიური საათი უნდა შეეგუოს ახალ გარემოს.		39157871623.png	The image depicts a stylized, cartoon-like illustration of a sand hourglass. The hourglass has a large, transparent upper chamber filled with orange sand, and a smaller, transparent lower chamber filled with the same orange sand. The sand is depicted with a smooth, glossy texture. The hourglass is placed on a sandy surface with a few scattered rocks and a small green plant. The hourglass is supported by a wooden stand with a curved top, and there is a small orange rock on the stand. The background is a plain, light color, providing a high-contrast backdrop to the hourglass and its surroundings. There is no visible text in the image.	58154352581.png	"The image depicts a tranquil scene with a woman sitting on a wooden bench. She is wearing glasses and an orange dress with a polka dot pattern. The bench is situated in a park-like setting with trees and flowers around it. Above the bench, there is a large clock with a brown face and black numbers and hands. The clock reads ""12:00"". In the background, there are birds flying in the sky, and the overall atmosphere of the image is serene and peaceful."	76598181126.png	"The image depicts a classroom setting. At the front of the room, there is a large chalkboard with a wooden frame. Above the chalkboard, there is a digital clock displaying the time ""00:00"" in orange and white text. To the right of the chalkboard, there is a small whiteboard with a blue border. On the wall to the right of the chalkboard, there is a whiteboard eraser.  In front of the chalkboard, there is a row of orange chairs with metal legs. The chairs are arranged in a straight line, facing the chalkboard. The floor is a dark color, and the walls are a light color. There are no visible texts or other objects that provide additional context about the classroom. The style of the image is illustrative, with a focus on simplicity and clarity."	64120829959.png	The image features a stylized, cartoon-like depiction of a large alarm clock with a black body and orange hands and numbers. The clock is standing upright on a wooden surface, leaning slightly to the left. It has a large, round face with a white background and orange dots representing the hours. The clock's arms and body are black, and it has a small, black handle on top.  In the background, there is a simple, minimalist bedroom setting. To the left, there is a small, green potted plant on a wooden stand. To the right, there is a wooden bed with a gray blanket and a single pillow. The bed has a wooden headboard and footboard. The overall style of the image is clean and modern, with a limited color palette. There are no visible texts in the image.	81871215097.png	The image shows a round, black clock with a clear face. The clock has a unique design, with the numbers replaced by various small stones of different colors and shapes. The hands of the clock are also made of metal, with the hour hand pointing to the number 11 and the minute hand pointing to the number 12. At the bottom of the clock face, there are three footprints, each filled with a different type of stone. The clock is placed on a stand with orange accents. The background is a plain, light color, providing a contrast to the clock. There is no visible text on the clock or in the image.
ბიოლოგიური საათი	ეს არის ადამიანის შინაგანი ბიოლოგიური საათი.		39157871623.png	The image depicts a stylized, cartoon-like illustration of a sand hourglass. The hourglass has a large, transparent upper chamber filled with orange sand, and a smaller, transparent lower chamber filled with the same orange sand. The sand is depicted with a smooth, glossy texture. The hourglass is placed on a sandy surface with a few scattered rocks and a small green plant. The hourglass is supported by a wooden stand with a curved top, and there is a small orange rock on the stand. The background is a plain, light color, providing a high-contrast backdrop to the hourglass and its surroundings. There is no visible text in the image.	58154352581.png	"The image depicts a tranquil scene with a woman sitting on a wooden bench. She is wearing glasses and an orange dress with a polka dot pattern. The bench is situated in a park-like setting with trees and flowers around it. Above the bench, there is a large clock with a brown face and black numbers and hands. The clock reads ""12:00"". In the background, there are birds flying in the sky, and the overall atmosphere of the image is serene and peaceful."	76598181126.png	"The image depicts a classroom setting. At the front of the room, there is a large chalkboard with a wooden frame. Above the chalkboard, there is a digital clock displaying the time ""00:00"" in orange and white text. To the right of the chalkboard, there is a small whiteboard with a blue border. On the wall to the right of the chalkboard, there is a whiteboard eraser.  In front of the chalkboard, there is a row of orange chairs with metal legs. The chairs are arranged in a straight line, facing the chalkboard. The floor is a dark color, and the walls are a light color. There are no visible texts or other objects that provide additional context about the classroom. The style of the image is illustrative, with a focus on simplicity and clarity."	81871215097.png	The image shows a round, black clock with a clear face. The clock has a unique design, with the numbers replaced by various small stones of different colors and shapes. The hands of the clock are also made of metal, with the hour hand pointing to the number 11 and the minute hand pointing to the number 12. At the bottom of the clock face, there are three footprints, each filled with a different type of stone. The clock is placed on a stand with orange accents. The background is a plain, light color, providing a contrast to the clock. There is no visible text on the clock or in the image.	64120829959.png	The image features a stylized, cartoon-like depiction of a large alarm clock with a black body and orange hands and numbers. The clock is standing upright on a wooden surface, leaning slightly to the left. It has a large, round face with a white background and orange dots representing the hours. The clock's arms and body are black, and it has a small, black handle on top.  In the background, there is a simple, minimalist bedroom setting. To the left, there is a small, green potted plant on a wooden stand. To the right, there is a wooden bed with a gray blanket and a single pillow. The bed has a wooden headboard and footboard. The overall style of the image is clean and modern, with a limited color palette. There are no visible texts in the image.
ბიოლოგიური საათი	ყოველ შემთხვევაში, ჩვენი ბიოლოგიური საათი ჯერ მძიმე სამუშაო დღის დასრულებასაც ვერ გრძნობს.		39157871623.png	The image depicts a stylized, cartoon-like illustration of a sand hourglass. The hourglass has a large, transparent upper chamber filled with orange sand, and a smaller, transparent lower chamber filled with the same orange sand. The sand is depicted with a smooth, glossy texture. The hourglass is placed on a sandy surface with a few scattered rocks and a small green plant. The hourglass is supported by a wooden stand with a curved top, and there is a small orange rock on the stand. The background is a plain, light color, providing a high-contrast backdrop to the hourglass and its surroundings. There is no visible text in the image.	81871215097.png	The image shows a round, black clock with a clear face. The clock has a unique design, with the numbers replaced by various small stones of different colors and shapes. The hands of the clock are also made of metal, with the hour hand pointing to the number 11 and the minute hand pointing to the number 12. At the bottom of the clock face, there are three footprints, each filled with a different type of stone. The clock is placed on a stand with orange accents. The background is a plain, light color, providing a contrast to the clock. There is no visible text on the clock or in the image.	58154352581.png	"The image depicts a tranquil scene with a woman sitting on a wooden bench. She is wearing glasses and an orange dress with a polka dot pattern. The bench is situated in a park-like setting with trees and flowers around it. Above the bench, there is a large clock with a brown face and black numbers and hands. The clock reads ""12:00"". In the background, there are birds flying in the sky, and the overall atmosphere of the image is serene and peaceful."	64120829959.png	The image features a stylized, cartoon-like depiction of a large alarm clock with a black body and orange hands and numbers. The clock is standing upright on a wooden surface, leaning slightly to the left. It has a large, round face with a white background and orange dots representing the hours. The clock's arms and body are black, and it has a small, black handle on top.  In the background, there is a simple, minimalist bedroom setting. To the left, there is a small, green potted plant on a wooden stand. To the right, there is a wooden bed with a gray blanket and a single pillow. The bed has a wooden headboard and footboard. The overall style of the image is clean and modern, with a limited color palette. There are no visible texts in the image.	76598181126.png	"The image depicts a classroom setting. At the front of the room, there is a large chalkboard with a wooden frame. Above the chalkboard, there is a digital clock displaying the time ""00:00"" in orange and white text. To the right of the chalkboard, there is a small whiteboard with a blue border. On the wall to the right of the chalkboard, there is a whiteboard eraser.  In front of the chalkboard, there is a row of orange chairs with metal legs. The chairs are arranged in a straight line, facing the chalkboard. The floor is a dark color, and the walls are a light color. There are no visible texts or other objects that provide additional context about the classroom. The style of the image is illustrative, with a focus on simplicity and clarity."
შავი ბაზარი	აშშ-ში მარიხუანის „შავი ბაზარი” ასეულ მილიარდ დოლარად არის შეფასებული.		36712564191.png	The image depicts a stylized, colorful illustration of a bustling village scene. The architecture is reminiscent of traditional Mediterranean or Middle Eastern styles, with white-washed buildings, arched doorways, and terracotta roofs. The village is densely populated with people, some of whom are carrying goods or walking around. The streets are lined with orange awnings, and there are palm trees scattered throughout the scene. The village is situated on a hillside, with a prominent tower or bell tower visible in the background. The overall atmosphere is vibrant and lively, suggesting a lively community. There is no visible text in the image.	36015226343.png	The image depicts an interior view of a grocery store aisle. The aisle is illuminated by hanging orange lights. On the left side of the aisle, there are shelves stocked with various products, including what appears to be fruits and possibly other food items. The right side of the aisle is lined with additional shelves, also filled with products. The floor is a light color, and the ceiling is dark with exposed beams. There are no visible texts or distinctive brands in the image. The style of the image is a digital illustration with a pixelated effect, giving it a retro or stylized appearance.	58044471671.png	The image is a stylized illustration depicting a scene on a city street. On the left side, there is a man leaning against a brick wall, wearing a suit and glasses, with a dollar sign hanging above him. To his right, a line of people is waiting, with the first person holding a handbag and the last person holding a bag of money. The people are dressed in various styles, suggesting a diverse group. The street appears to be in an urban setting, with buildings on either side. The overall style of the image is reminiscent of a watercolor painting with a limited color palette.	18597956527.png	"The image depicts an animated scene of two characters standing in front of a dilapidated storefront. The storefront has a large, orange awning that is slightly damaged, with visible rust and peeling paint. The storefront has two closed metal shutters, one on each side, and a glass door in the center. The door has a sign that reads ""NT"" in white letters. To the right of the door, there is a red fire extinguisher mounted on the wall.  The character on the left is a woman wearing a bright yellow dress and black shoes. She is looking to the right with a slight frown on her face. The character on the right is a man wearing a brown coat and a white shirt. He is looking down at the ground with a serious expression.  In front of the storefront, there are two orange and white traffic cones. The ground appears to be a concrete sidewalk, and there are some small plants growing in the cracks. The overall style of the image is reminiscent of a hand-drawn illustration with a limited color palette."	27378871870.png	The image depicts a bustling night market scene. There are several people, some standing and others sitting, engaged in various activities. The market is illuminated by numerous lights, creating a warm and inviting atmosphere. The stalls are adorned with a variety of items, including bottles, bowls, and other goods, suggesting a diverse range of products available. The architecture of the market stalls is simple and functional, with corrugated metal roofs and walls. The overall ambiance of the image is vibrant and lively, capturing the essence of a busy night market.
შავი ბაზარი	შავი ბაზარი წარმოადგენს ეკონომიკურ საქმიანობას, რომელიც ლეგალური არ არის.		36712564191.png	The image depicts a stylized, colorful illustration of a bustling village scene. The architecture is reminiscent of traditional Mediterranean or Middle Eastern styles, with white-washed buildings, arched doorways, and terracotta roofs. The village is densely populated with people, some of whom are carrying goods or walking around. The streets are lined with orange awnings, and there are palm trees scattered throughout the scene. The village is situated on a hillside, with a prominent tower or bell tower visible in the background. The overall atmosphere is vibrant and lively, suggesting a lively community. There is no visible text in the image.	18597956527.png	"The image depicts an animated scene of two characters standing in front of a dilapidated storefront. The storefront has a large, orange awning that is slightly damaged, with visible rust and peeling paint. The storefront has two closed metal shutters, one on each side, and a glass door in the center. The door has a sign that reads ""NT"" in white letters. To the right of the door, there is a red fire extinguisher mounted on the wall.  The character on the left is a woman wearing a bright yellow dress and black shoes. She is looking to the right with a slight frown on her face. The character on the right is a man wearing a brown coat and a white shirt. He is looking down at the ground with a serious expression.  In front of the storefront, there are two orange and white traffic cones. The ground appears to be a concrete sidewalk, and there are some small plants growing in the cracks. The overall style of the image is reminiscent of a hand-drawn illustration with a limited color palette."	27378871870.png	The image depicts a bustling night market scene. There are several people, some standing and others sitting, engaged in various activities. The market is illuminated by numerous lights, creating a warm and inviting atmosphere. The stalls are adorned with a variety of items, including bottles, bowls, and other goods, suggesting a diverse range of products available. The architecture of the market stalls is simple and functional, with corrugated metal roofs and walls. The overall ambiance of the image is vibrant and lively, capturing the essence of a busy night market.	58044471671.png	The image is a stylized illustration depicting a scene on a city street. On the left side, there is a man leaning against a brick wall, wearing a suit and glasses, with a dollar sign hanging above him. To his right, a line of people is waiting, with the first person holding a handbag and the last person holding a bag of money. The people are dressed in various styles, suggesting a diverse group. The street appears to be in an urban setting, with buildings on either side. The overall style of the image is reminiscent of a watercolor painting with a limited color palette.	36015226343.png	The image depicts an interior view of a grocery store aisle. The aisle is illuminated by hanging orange lights. On the left side of the aisle, there are shelves stocked with various products, including what appears to be fruits and possibly other food items. The right side of the aisle is lined with additional shelves, also filled with products. The floor is a light color, and the ceiling is dark with exposed beams. There are no visible texts or distinctive brands in the image. The style of the image is a digital illustration with a pixelated effect, giving it a retro or stylized appearance.
საიდუმლო ოპერაცია	"საიდუმლო ოპერაცია ""პროექტი ალფა"", ანუ როგორ მოიპარეს ამერიკელებმა თბილისური ""იაკი"" - კვირის პალიტრა."		33148234057.png	The image depicts two animated characters, both wearing camouflage uniforms and orange boots, standing in front of a door. The character on the left is waving with its right hand, while the character on the right is holding the door open with its left hand. Both characters have orange helmets and are looking towards the door. The background features a dark building with a window on the left side. There is no visible text in the image. The style of the image is illustrative and appears to be designed in a flat, graphic style.	88340722536.png	The image depicts a group of five animated characters, likely men, gathered around a wooden table in what appears to be a dimly lit room with a stone archway. The characters are dressed in suits and ties, suggesting a formal or professional setting. They are engaged in a discussion, with one character prominently displaying a map on the table. The room has a vintage or retro aesthetic, with a lamp hanging from the ceiling and a shelf with various items in the background. The overall style of the image is illustrative and cartoonish.	43787198645.png	The image depicts a group of cartoon characters dressed in construction worker outfits, including hard hats and high-visibility vests. They are standing and sitting around a large, orange construction vehicle, which appears to be a bulldozer or a similar type of heavy machinery. The characters are smiling and seem to be in a cheerful mood. In the background, there are tall buildings, suggesting an urban setting. The ground is covered with a layer of dirt, and there are construction cones and a shovel visible, reinforcing the construction theme. The image is stylized with a limited color palette, primarily using shades of orange, gray, and black. There is no visible text in the image.	42684009231.png	The image depicts two stylized, cartoon-like characters shaking hands over a vintage orange suitcase with a handle and a lock. The suitcase is placed on a wooden bench. The characters are wearing business attire, with one wearing a suit and the other a jacket and tie. The background is a simple, nondescript gray, suggesting an indoor setting. There is no visible text in the image. The style of the image is reminiscent of a comic or an animated film.	42387924792.png	The image depicts a group of individuals walking through a dense forest. They are wearing backpacks and appear to be hikers or explorers. The forest is lush with tall trees, and the ground is covered with a mix of dirt and vegetation. The lighting suggests either dawn or dusk, with a soft, diffused light that casts a misty effect on the trees and the ground. There is no visible text in the image. The style of the image is illustrative, with a focus on realism in the depiction of the environment and the people.
საიდუმლო ოპერაცია	ეს ერთი და მეორე, გაუგებარია გამუდმებით მითითება, თითქოს მიმდინარეობს რაღაც საიდუმლო ოპერაცია, რომელიც საქართველოზე რუსეთის თავდასხმით დასრულდება.		33148234057.png	The image depicts two animated characters, both wearing camouflage uniforms and orange boots, standing in front of a door. The character on the left is waving with its right hand, while the character on the right is holding the door open with its left hand. Both characters have orange helmets and are looking towards the door. The background features a dark building with a window on the left side. There is no visible text in the image. The style of the image is illustrative and appears to be designed in a flat, graphic style.	42684009231.png	The image depicts two stylized, cartoon-like characters shaking hands over a vintage orange suitcase with a handle and a lock. The suitcase is placed on a wooden bench. The characters are wearing business attire, with one wearing a suit and the other a jacket and tie. The background is a simple, nondescript gray, suggesting an indoor setting. There is no visible text in the image. The style of the image is reminiscent of a comic or an animated film.	42387924792.png	The image depicts a group of individuals walking through a dense forest. They are wearing backpacks and appear to be hikers or explorers. The forest is lush with tall trees, and the ground is covered with a mix of dirt and vegetation. The lighting suggests either dawn or dusk, with a soft, diffused light that casts a misty effect on the trees and the ground. There is no visible text in the image. The style of the image is illustrative, with a focus on realism in the depiction of the environment and the people.	43787198645.png	The image depicts a group of cartoon characters dressed in construction worker outfits, including hard hats and high-visibility vests. They are standing and sitting around a large, orange construction vehicle, which appears to be a bulldozer or a similar type of heavy machinery. The characters are smiling and seem to be in a cheerful mood. In the background, there are tall buildings, suggesting an urban setting. The ground is covered with a layer of dirt, and there are construction cones and a shovel visible, reinforcing the construction theme. The image is stylized with a limited color palette, primarily using shades of orange, gray, and black. There is no visible text in the image.	88340722536.png	The image depicts a group of five animated characters, likely men, gathered around a wooden table in what appears to be a dimly lit room with a stone archway. The characters are dressed in suits and ties, suggesting a formal or professional setting. They are engaged in a discussion, with one character prominently displaying a map on the table. The room has a vintage or retro aesthetic, with a lamp hanging from the ceiling and a shelf with various items in the background. The overall style of the image is illustrative and cartoonish.
საიდუმლო ოპერაცია	საიდუმლო ოპერაცია ეწოდება ისეთ სამხედრო ოპერაციას ან დაზვერვას, რომელიც ისეა შესრულებული, რომ ოპერაციის ჩატარების ფაქტი, საზოგადოებისთვის უცნობი რჩება.		42684009231.png	The image depicts two stylized, cartoon-like characters shaking hands over a vintage orange suitcase with a handle and a lock. The suitcase is placed on a wooden bench. The characters are wearing business attire, with one wearing a suit and the other a jacket and tie. The background is a simple, nondescript gray, suggesting an indoor setting. There is no visible text in the image. The style of the image is reminiscent of a comic or an animated film.	42387924792.png	The image depicts a group of individuals walking through a dense forest. They are wearing backpacks and appear to be hikers or explorers. The forest is lush with tall trees, and the ground is covered with a mix of dirt and vegetation. The lighting suggests either dawn or dusk, with a soft, diffused light that casts a misty effect on the trees and the ground. There is no visible text in the image. The style of the image is illustrative, with a focus on realism in the depiction of the environment and the people.	33148234057.png	The image depicts two animated characters, both wearing camouflage uniforms and orange boots, standing in front of a door. The character on the left is waving with its right hand, while the character on the right is holding the door open with its left hand. Both characters have orange helmets and are looking towards the door. The background features a dark building with a window on the left side. There is no visible text in the image. The style of the image is illustrative and appears to be designed in a flat, graphic style.	88340722536.png	The image depicts a group of five animated characters, likely men, gathered around a wooden table in what appears to be a dimly lit room with a stone archway. The characters are dressed in suits and ties, suggesting a formal or professional setting. They are engaged in a discussion, with one character prominently displaying a map on the table. The room has a vintage or retro aesthetic, with a lamp hanging from the ceiling and a shelf with various items in the background. The overall style of the image is illustrative and cartoonish.	43787198645.png	The image depicts a group of cartoon characters dressed in construction worker outfits, including hard hats and high-visibility vests. They are standing and sitting around a large, orange construction vehicle, which appears to be a bulldozer or a similar type of heavy machinery. The characters are smiling and seem to be in a cheerful mood. In the background, there are tall buildings, suggesting an urban setting. The ground is covered with a layer of dirt, and there are construction cones and a shovel visible, reinforcing the construction theme. The image is stylized with a limited color palette, primarily using shades of orange, gray, and black. There is no visible text in the image.
საიდუმლო ოპერაცია	ისრაელის დაზვერვამ ბრწყინვალედ ჩაატარა სამი საიდუმლო ოპერაცია, იუწყება ჟურნალისტი ამიტ სეგალი უსაფრთხოების სამსახურის წყაროზე დაყრდნობით.		42387924792.png	The image depicts a group of individuals walking through a dense forest. They are wearing backpacks and appear to be hikers or explorers. The forest is lush with tall trees, and the ground is covered with a mix of dirt and vegetation. The lighting suggests either dawn or dusk, with a soft, diffused light that casts a misty effect on the trees and the ground. There is no visible text in the image. The style of the image is illustrative, with a focus on realism in the depiction of the environment and the people.	43787198645.png	The image depicts a group of cartoon characters dressed in construction worker outfits, including hard hats and high-visibility vests. They are standing and sitting around a large, orange construction vehicle, which appears to be a bulldozer or a similar type of heavy machinery. The characters are smiling and seem to be in a cheerful mood. In the background, there are tall buildings, suggesting an urban setting. The ground is covered with a layer of dirt, and there are construction cones and a shovel visible, reinforcing the construction theme. The image is stylized with a limited color palette, primarily using shades of orange, gray, and black. There is no visible text in the image.	42684009231.png	The image depicts two stylized, cartoon-like characters shaking hands over a vintage orange suitcase with a handle and a lock. The suitcase is placed on a wooden bench. The characters are wearing business attire, with one wearing a suit and the other a jacket and tie. The background is a simple, nondescript gray, suggesting an indoor setting. There is no visible text in the image. The style of the image is reminiscent of a comic or an animated film.	88340722536.png	The image depicts a group of five animated characters, likely men, gathered around a wooden table in what appears to be a dimly lit room with a stone archway. The characters are dressed in suits and ties, suggesting a formal or professional setting. They are engaged in a discussion, with one character prominently displaying a map on the table. The room has a vintage or retro aesthetic, with a lamp hanging from the ceiling and a shelf with various items in the background. The overall style of the image is illustrative and cartoonish.	33148234057.png	The image depicts two animated characters, both wearing camouflage uniforms and orange boots, standing in front of a door. The character on the left is waving with its right hand, while the character on the right is holding the door open with its left hand. Both characters have orange helmets and are looking towards the door. The background features a dark building with a window on the left side. There is no visible text in the image. The style of the image is illustrative and appears to be designed in a flat, graphic style.
თეთრი ყვავი	მოკლედ რომ ვთქვათ, თეთრი ყვავი იყო ამ საზოგადოებაში და ამან გამოიწვია მისი გარიყვა.		49802839666.png	The image depicts a flock of black birds with orange feet and orange eyes, flying in a coordinated formation against a white background. The birds are illustrated in a stylized manner with detailed feather patterns. In the background, there is a silhouette of a mountain range with a peak that appears to be dusted with snow. The style of the image is illustrative and appears to be designed for a specific purpose, possibly educational or decorative.	49842946762.png	The image shows a group of five birds perched on a branch. The bird in the foreground is white with a black beak and tail, while the other four birds are black with a similar beak and tail. The birds are arranged in a line, with the white bird in the center. The background is blurred but suggests a natural setting with trees and foliage. There is no visible text in the image.	86496946075.png	The image is a digital illustration featuring two animated female characters. On the left is a character with short blonde hair, wearing a black tank top with a floral tattoo on her left arm. She has a neutral expression with a slight frown. On the right is a character with dark hair tied in a ponytail, wearing a black long-sleeved top. She has a more expressive face with wide eyes and a frown, and her mouth is slightly open. Both characters appear to be in a conversation or interaction, as suggested by their body language and facial expressions. There is no visible text in the image.	61461338987.png	The image depicts a stylized illustration of a tree with a few bare branches. At the base of the tree, there is a nest made of straw, containing five white eggs. Perched on the edge of the nest is a small, orange bird with a brown tail. Above the nest, there are two orange leaves floating in the air. The background is a plain, light color, providing a stark contrast to the tree and the nest. There is no visible text in the image. The style of the image is digital art with a focus on simplicity and a limited color palette.	80464917694.png	The image is a digital illustration featuring three animated characters. On the left is a woman with brown hair, wearing glasses, a white blouse, and black pants. She is smiling and holding a man's hand. The man in the center is wearing glasses, a brown suit with a tie, and black shoes. He is also smiling and has his arm around the woman's waist. On the right is a younger male character with brown hair, wearing sunglasses, a black t-shirt, and blue jeans. He is also smiling and is seated on an orange motorcycle. The motorcycle has a black seat and handlebars, and the wheels are visible. The background is plain white, emphasizing the characters. There is no visible text in the image.
თეთრი ყვავი	გვარამია საზოგადოებაში აღქმული იქნება როგორც „თეთრი ყვავი”.		61461338987.png	The image depicts a stylized illustration of a tree with a few bare branches. At the base of the tree, there is a nest made of straw, containing five white eggs. Perched on the edge of the nest is a small, orange bird with a brown tail. Above the nest, there are two orange leaves floating in the air. The background is a plain, light color, providing a stark contrast to the tree and the nest. There is no visible text in the image. The style of the image is digital art with a focus on simplicity and a limited color palette.	86496946075.png	The image is a digital illustration featuring two animated female characters. On the left is a character with short blonde hair, wearing a black tank top with a floral tattoo on her left arm. She has a neutral expression with a slight frown. On the right is a character with dark hair tied in a ponytail, wearing a black long-sleeved top. She has a more expressive face with wide eyes and a frown, and her mouth is slightly open. Both characters appear to be in a conversation or interaction, as suggested by their body language and facial expressions. There is no visible text in the image.	49842946762.png	The image shows a group of five birds perched on a branch. The bird in the foreground is white with a black beak and tail, while the other four birds are black with a similar beak and tail. The birds are arranged in a line, with the white bird in the center. The background is blurred but suggests a natural setting with trees and foliage. There is no visible text in the image.	80464917694.png	The image is a digital illustration featuring three animated characters. On the left is a woman with brown hair, wearing glasses, a white blouse, and black pants. She is smiling and holding a man's hand. The man in the center is wearing glasses, a brown suit with a tie, and black shoes. He is also smiling and has his arm around the woman's waist. On the right is a younger male character with brown hair, wearing sunglasses, a black t-shirt, and blue jeans. He is also smiling and is seated on an orange motorcycle. The motorcycle has a black seat and handlebars, and the wheels are visible. The background is plain white, emphasizing the characters. There is no visible text in the image.	49802839666.png	The image depicts a flock of black birds with orange feet and orange eyes, flying in a coordinated formation against a white background. The birds are illustrated in a stylized manner with detailed feather patterns. In the background, there is a silhouette of a mountain range with a peak that appears to be dusted with snow. The style of the image is illustrative and appears to be designed for a specific purpose, possibly educational or decorative.
თეთრი ყვავი	მარმარილოს ის თეთრი ყვავი წლების მანძილზე პორტალის თავზე იდგა.		61461338987.png	The image depicts a stylized illustration of a tree with a few bare branches. At the base of the tree, there is a nest made of straw, containing five white eggs. Perched on the edge of the nest is a small, orange bird with a brown tail. Above the nest, there are two orange leaves floating in the air. The background is a plain, light color, providing a stark contrast to the tree and the nest. There is no visible text in the image. The style of the image is digital art with a focus on simplicity and a limited color palette.	49842946762.png	The image shows a group of five birds perched on a branch. The bird in the foreground is white with a black beak and tail, while the other four birds are black with a similar beak and tail. The birds are arranged in a line, with the white bird in the center. The background is blurred but suggests a natural setting with trees and foliage. There is no visible text in the image.	80464917694.png	The image is a digital illustration featuring three animated characters. On the left is a woman with brown hair, wearing glasses, a white blouse, and black pants. She is smiling and holding a man's hand. The man in the center is wearing glasses, a brown suit with a tie, and black shoes. He is also smiling and has his arm around the woman's waist. On the right is a younger male character with brown hair, wearing sunglasses, a black t-shirt, and blue jeans. He is also smiling and is seated on an orange motorcycle. The motorcycle has a black seat and handlebars, and the wheels are visible. The background is plain white, emphasizing the characters. There is no visible text in the image.	86496946075.png	The image is a digital illustration featuring two animated female characters. On the left is a character with short blonde hair, wearing a black tank top with a floral tattoo on her left arm. She has a neutral expression with a slight frown. On the right is a character with dark hair tied in a ponytail, wearing a black long-sleeved top. She has a more expressive face with wide eyes and a frown, and her mouth is slightly open. Both characters appear to be in a conversation or interaction, as suggested by their body language and facial expressions. There is no visible text in the image.	49802839666.png	The image depicts a flock of black birds with orange feet and orange eyes, flying in a coordinated formation against a white background. The birds are illustrated in a stylized manner with detailed feather patterns. In the background, there is a silhouette of a mountain range with a peak that appears to be dusted with snow. The style of the image is illustrative and appears to be designed for a specific purpose, possibly educational or decorative.
თეთრი ყვავი	ეს არის თეთრი ყვავი, იშვიათია მარა მაინც არსებობს.		49802839666.png	The image depicts a flock of black birds with orange feet and orange eyes, flying in a coordinated formation against a white background. The birds are illustrated in a stylized manner with detailed feather patterns. In the background, there is a silhouette of a mountain range with a peak that appears to be dusted with snow. The style of the image is illustrative and appears to be designed for a specific purpose, possibly educational or decorative.	86496946075.png	The image is a digital illustration featuring two animated female characters. On the left is a character with short blonde hair, wearing a black tank top with a floral tattoo on her left arm. She has a neutral expression with a slight frown. On the right is a character with dark hair tied in a ponytail, wearing a black long-sleeved top. She has a more expressive face with wide eyes and a frown, and her mouth is slightly open. Both characters appear to be in a conversation or interaction, as suggested by their body language and facial expressions. There is no visible text in the image.	80464917694.png	The image is a digital illustration featuring three animated characters. On the left is a woman with brown hair, wearing glasses, a white blouse, and black pants. She is smiling and holding a man's hand. The man in the center is wearing glasses, a brown suit with a tie, and black shoes. He is also smiling and has his arm around the woman's waist. On the right is a younger male character with brown hair, wearing sunglasses, a black t-shirt, and blue jeans. He is also smiling and is seated on an orange motorcycle. The motorcycle has a black seat and handlebars, and the wheels are visible. The background is plain white, emphasizing the characters. There is no visible text in the image.	61461338987.png	The image depicts a stylized illustration of a tree with a few bare branches. At the base of the tree, there is a nest made of straw, containing five white eggs. Perched on the edge of the nest is a small, orange bird with a brown tail. Above the nest, there are two orange leaves floating in the air. The background is a plain, light color, providing a stark contrast to the tree and the nest. There is no visible text in the image. The style of the image is digital art with a focus on simplicity and a limited color palette.	49842946762.png	The image shows a group of five birds perched on a branch. The bird in the foreground is white with a black beak and tail, while the other four birds are black with a similar beak and tail. The birds are arranged in a line, with the white bird in the center. The background is blurred but suggests a natural setting with trees and foliage. There is no visible text in the image.
ცისფერი სისხლი	"ყველას მოგვისმენია გამოთქმა “ცისფერი სისხლი"", რომელიც მაღალი ფენის საზოგადოებას აღნიშნავს."		49843288824.png	The image depicts a stylized illustration of a man riding a black ox that is pulling a plow. The plow is sowing seeds, and the man is wearing a straw hat. The scene is set against a large, orange, celestial body that resembles a moon or a sun, with craters and a curved horizon. Below the celestial body, there is a circular patch of earth with a variety of plants, including pumpkins and flowers. The plants are in full bloom, and the overall atmosphere of the image is serene and pastoral. There is no visible text in the image.	12905788824.png	The image depicts a stylized illustration of a knight and a princess. The knight, on the right, is kneeling with a sword in his hand, wearing a suit of armor with a red cloak. The princess, on the left, is standing with her hands clasped together in a prayerful pose, wearing a dress with a floral pattern and a crown on her head. There is no visible text in the image. The knight and princess are facing each other, suggesting a moment of interaction or dialogue.	18771595273.png	The image depicts a stylized illustration of three animated characters, likely representing a royal family, standing on a balcony. The character on the left appears to be an older man with gray hair, wearing a brown robe with a red sash and a matching red cape. He is waving with his right hand. In the center is a woman with brown hair, wearing a yellow dress with a white collar and a red sash, and a crown on her head. She is smiling and waving with her left hand. To the right is a younger girl with brown hair, dressed in a beige dress with a white collar and a red sash, and a crown on her head. She is also smiling and waving with her right hand. The characters are set against a backdrop of a stone balcony with arches and a railing. There is no visible text in the image.	41935236268.png	The image features a stylized, abstract representation of a flower. The flower has a large, spherical body with a gradient of blue and orange hues, giving it a glossy, almost glassy appearance. The center of the flower is a darker blue, with a bright orange core that resembles a pollen or seed. Surrounding the core is a network of thin, orange lines that mimic the appearance of veins or petals. The stem of the flower is thin and black, with a few droplets of orange liquid dripping from it, suggesting a freshly cut or blooming state. The background is a plain, light gray, which contrasts with the vibrant colors of the flower. There is no visible text in the image.	64636405826.png	"The image features a 3D rendering of a person wearing a white lab coat, a white face mask, and glasses. The individual is holding a test tube with an orange substance and a clear cap. On the lab coat, there is a name tag with the name ""John Doe"" and a badge with a green and white design. The background is a plain black color."
ცისფერი სისხლი	ჩამოთვლილთაგან ყველას აქვს ცისფერი სისხლი, რადგან მათ სისხლში განსხვავებული რესპირატორული პიგმენტია.		18771595273.png	The image depicts a stylized illustration of three animated characters, likely representing a royal family, standing on a balcony. The character on the left appears to be an older man with gray hair, wearing a brown robe with a red sash and a matching red cape. He is waving with his right hand. In the center is a woman with brown hair, wearing a yellow dress with a white collar and a red sash, and a crown on her head. She is smiling and waving with her left hand. To the right is a younger girl with brown hair, dressed in a beige dress with a white collar and a red sash, and a crown on her head. She is also smiling and waving with her right hand. The characters are set against a backdrop of a stone balcony with arches and a railing. There is no visible text in the image.	12905788824.png	The image depicts a stylized illustration of a knight and a princess. The knight, on the right, is kneeling with a sword in his hand, wearing a suit of armor with a red cloak. The princess, on the left, is standing with her hands clasped together in a prayerful pose, wearing a dress with a floral pattern and a crown on her head. There is no visible text in the image. The knight and princess are facing each other, suggesting a moment of interaction or dialogue.	64636405826.png	"The image features a 3D rendering of a person wearing a white lab coat, a white face mask, and glasses. The individual is holding a test tube with an orange substance and a clear cap. On the lab coat, there is a name tag with the name ""John Doe"" and a badge with a green and white design. The background is a plain black color."	41935236268.png	The image features a stylized, abstract representation of a flower. The flower has a large, spherical body with a gradient of blue and orange hues, giving it a glossy, almost glassy appearance. The center of the flower is a darker blue, with a bright orange core that resembles a pollen or seed. Surrounding the core is a network of thin, orange lines that mimic the appearance of veins or petals. The stem of the flower is thin and black, with a few droplets of orange liquid dripping from it, suggesting a freshly cut or blooming state. The background is a plain, light gray, which contrasts with the vibrant colors of the flower. There is no visible text in the image.	49843288824.png	The image depicts a stylized illustration of a man riding a black ox that is pulling a plow. The plow is sowing seeds, and the man is wearing a straw hat. The scene is set against a large, orange, celestial body that resembles a moon or a sun, with craters and a curved horizon. Below the celestial body, there is a circular patch of earth with a variety of plants, including pumpkins and flowers. The plants are in full bloom, and the overall atmosphere of the image is serene and pastoral. There is no visible text in the image.
ცისფერი სისხლი	მაგალითისათვის, რვაფეხას აქვს ცისფერი სისხლი და არა მარტო მას.		64636405826.png	"The image features a 3D rendering of a person wearing a white lab coat, a white face mask, and glasses. The individual is holding a test tube with an orange substance and a clear cap. On the lab coat, there is a name tag with the name ""John Doe"" and a badge with a green and white design. The background is a plain black color."	41935236268.png	The image features a stylized, abstract representation of a flower. The flower has a large, spherical body with a gradient of blue and orange hues, giving it a glossy, almost glassy appearance. The center of the flower is a darker blue, with a bright orange core that resembles a pollen or seed. Surrounding the core is a network of thin, orange lines that mimic the appearance of veins or petals. The stem of the flower is thin and black, with a few droplets of orange liquid dripping from it, suggesting a freshly cut or blooming state. The background is a plain, light gray, which contrasts with the vibrant colors of the flower. There is no visible text in the image.	18771595273.png	The image depicts a stylized illustration of three animated characters, likely representing a royal family, standing on a balcony. The character on the left appears to be an older man with gray hair, wearing a brown robe with a red sash and a matching red cape. He is waving with his right hand. In the center is a woman with brown hair, wearing a yellow dress with a white collar and a red sash, and a crown on her head. She is smiling and waving with her left hand. To the right is a younger girl with brown hair, dressed in a beige dress with a white collar and a red sash, and a crown on her head. She is also smiling and waving with her right hand. The characters are set against a backdrop of a stone balcony with arches and a railing. There is no visible text in the image.	12905788824.png	The image depicts a stylized illustration of a knight and a princess. The knight, on the right, is kneeling with a sword in his hand, wearing a suit of armor with a red cloak. The princess, on the left, is standing with her hands clasped together in a prayerful pose, wearing a dress with a floral pattern and a crown on her head. There is no visible text in the image. The knight and princess are facing each other, suggesting a moment of interaction or dialogue.	49843288824.png	The image depicts a stylized illustration of a man riding a black ox that is pulling a plow. The plow is sowing seeds, and the man is wearing a straw hat. The scene is set against a large, orange, celestial body that resembles a moon or a sun, with craters and a curved horizon. Below the celestial body, there is a circular patch of earth with a variety of plants, including pumpkins and flowers. The plants are in full bloom, and the overall atmosphere of the image is serene and pastoral. There is no visible text in the image.
ცისფერი სისხლი	მაგალითად, გიგანტურ ანტარქტიკულ რვაფეხას ცისფერი სისხლი აქვს, რომელიც ძალიან დაბალი ტემპერატურის პირობებში ბიოლოგიური ქსოვილების ჟანგბადით მომარაგებაში ეხმარებათ. სხვა არსებებში ყინვის საწინააღმდეგო ცილებიც გვხვდება.		41935236268.png	The image features a stylized, abstract representation of a flower. The flower has a large, spherical body with a gradient of blue and orange hues, giving it a glossy, almost glassy appearance. The center of the flower is a darker blue, with a bright orange core that resembles a pollen or seed. Surrounding the core is a network of thin, orange lines that mimic the appearance of veins or petals. The stem of the flower is thin and black, with a few droplets of orange liquid dripping from it, suggesting a freshly cut or blooming state. The background is a plain, light gray, which contrasts with the vibrant colors of the flower. There is no visible text in the image.	18771595273.png	The image depicts a stylized illustration of three animated characters, likely representing a royal family, standing on a balcony. The character on the left appears to be an older man with gray hair, wearing a brown robe with a red sash and a matching red cape. He is waving with his right hand. In the center is a woman with brown hair, wearing a yellow dress with a white collar and a red sash, and a crown on her head. She is smiling and waving with her left hand. To the right is a younger girl with brown hair, dressed in a beige dress with a white collar and a red sash, and a crown on her head. She is also smiling and waving with her right hand. The characters are set against a backdrop of a stone balcony with arches and a railing. There is no visible text in the image.	49843288824.png	The image depicts a stylized illustration of a man riding a black ox that is pulling a plow. The plow is sowing seeds, and the man is wearing a straw hat. The scene is set against a large, orange, celestial body that resembles a moon or a sun, with craters and a curved horizon. Below the celestial body, there is a circular patch of earth with a variety of plants, including pumpkins and flowers. The plants are in full bloom, and the overall atmosphere of the image is serene and pastoral. There is no visible text in the image.	64636405826.png	"The image features a 3D rendering of a person wearing a white lab coat, a white face mask, and glasses. The individual is holding a test tube with an orange substance and a clear cap. On the lab coat, there is a name tag with the name ""John Doe"" and a badge with a green and white design. The background is a plain black color."	12905788824.png	The image depicts a stylized illustration of a knight and a princess. The knight, on the right, is kneeling with a sword in his hand, wearing a suit of armor with a red cloak. The princess, on the left, is standing with her hands clasped together in a prayerful pose, wearing a dress with a floral pattern and a crown on her head. There is no visible text in the image. The knight and princess are facing each other, suggesting a moment of interaction or dialogue.
ტვინების გადინება	პოტენციური ტვინების გადინება უნდა გვაღელვებდეს.		18359344021.png	The image depicts a group of people in an airport terminal. There are several individuals, each with a distinct hairstyle and attire, suggesting a diverse group. Some are standing, while others are seated on benches. They are holding various items such as backpacks, handbags, and suitcases, indicating they are either arriving or departing.  In the background, there is a large window with a view of an airplane on the tarmac, reinforcing the airport setting. The overall style of the image is illustrative, with a flat design and a limited color palette. There is no visible text in the image.	58321804717.png	The image depicts a vibrant outdoor market scene. In the foreground, there are several people standing and walking around, dressed in colorful traditional clothing. The market is bustling with activity, with a variety of fresh fruits and vegetables on display, including oranges, bananas, and other produce. The market stalls are made of simple materials, and the ground appears to be a dirt path. The background is filled with lush green trees, suggesting a tropical or subtropical location. The sky is overcast, casting a soft light over the scene. There is no visible text in the image. The overall atmosphere is one of a lively, community-oriented marketplace.	22521770295.png	The image depicts an open book with pages that are falling out, creating a sense of disarray. The pages are brown and appear to be made of paper. The book is set against a white background.  In the air above the book, there are several orange birds with yellow wings and tails. The birds are in various stages of flight, with some appearing to be in mid-air and others just taking off or landing. The birds are illustrated in a cartoon-like style, with exaggerated features and bright colors.  The birds are not interacting with the book, but their presence adds a dynamic and whimsical element to the scene. The image does not contain any visible text. The overall style of the image is illustrative and playful, with a clear focus on the book and the birds.	65730071676.png	The image depicts a group of graduates walking in a line down a path. Each graduate is wearing a black cap and gown with orange tassels. The graduates are depicted in a stylized manner with a limited color palette. In the background, there is a small town with houses and a smokestack, and a mountain range under a partly cloudy sky. The overall style of the image is illustrative and appears to be a digital artwork.	32168068112.png	The image features a cartoon character with a surprised expression, wearing glasses and a suit. The character has brown hair and is holding an open book. Above the character's head, there is a large, orange, fluffy mass that appears to be a cloud of cotton candy or a similar substance. The background is plain white.
ტვინების გადინება	ამ პროცესმა წარმოშვა ტერმინი „ტვინების გადინება“ – როდესაც ქვეყნის ყველაზე განათლებული და ნიჭიერი მოქალაქეები ემიგრაციაში მიდიან და უკან აღარ ბრუნდებიან.		22521770295.png	The image depicts an open book with pages that are falling out, creating a sense of disarray. The pages are brown and appear to be made of paper. The book is set against a white background.  In the air above the book, there are several orange birds with yellow wings and tails. The birds are in various stages of flight, with some appearing to be in mid-air and others just taking off or landing. The birds are illustrated in a cartoon-like style, with exaggerated features and bright colors.  The birds are not interacting with the book, but their presence adds a dynamic and whimsical element to the scene. The image does not contain any visible text. The overall style of the image is illustrative and playful, with a clear focus on the book and the birds.	32168068112.png	The image features a cartoon character with a surprised expression, wearing glasses and a suit. The character has brown hair and is holding an open book. Above the character's head, there is a large, orange, fluffy mass that appears to be a cloud of cotton candy or a similar substance. The background is plain white.	58321804717.png	The image depicts a vibrant outdoor market scene. In the foreground, there are several people standing and walking around, dressed in colorful traditional clothing. The market is bustling with activity, with a variety of fresh fruits and vegetables on display, including oranges, bananas, and other produce. The market stalls are made of simple materials, and the ground appears to be a dirt path. The background is filled with lush green trees, suggesting a tropical or subtropical location. The sky is overcast, casting a soft light over the scene. There is no visible text in the image. The overall atmosphere is one of a lively, community-oriented marketplace.	18359344021.png	The image depicts a group of people in an airport terminal. There are several individuals, each with a distinct hairstyle and attire, suggesting a diverse group. Some are standing, while others are seated on benches. They are holding various items such as backpacks, handbags, and suitcases, indicating they are either arriving or departing.  In the background, there is a large window with a view of an airplane on the tarmac, reinforcing the airport setting. The overall style of the image is illustrative, with a flat design and a limited color palette. There is no visible text in the image.	65730071676.png	The image depicts a group of graduates walking in a line down a path. Each graduate is wearing a black cap and gown with orange tassels. The graduates are depicted in a stylized manner with a limited color palette. In the background, there is a small town with houses and a smokestack, and a mountain range under a partly cloudy sky. The overall style of the image is illustrative and appears to be a digital artwork.
ტვინის თავსატეხი	Cross Math არის საბოლოო ტვინის თავსატეხი, რომელიც შექმნილია თქვენი გონების გამოსაწვევად და თქვენი მათემატიკური შესაძლებლობების გასამკვეთად!		77535076193.png	The image depicts an animated character, a man with a beard and glasses, sitting at a desk and looking down at a piece of paper with mathematical equations. The man is wearing a suit and tie, suggesting a professional setting. Above his head, there is a question mark, indicating confusion or a need for clarification. The background is white, and there are various mathematical symbols and equations floating around the man's head, emphasizing the theme of mathematics or problem-solving. The overall style of the image is cartoonish and whimsical.	69686180742.png	The image shows a white bowl containing four different flavored ice creams. Starting from the top left, there is a chocolate ice cream with a smooth, dark surface. Next to it, in the top right corner, is a scoop of orange ice cream with visible chocolate chips. Below these, in the bottom left corner, is a scoop of pink ice cream with a lighter, creamier appearance. Finally, in the bottom right corner, there is a scoop of white ice cream with a swirl of pink and a hint of brown, suggesting a combination of flavors. The bowl is placed on a flat surface, and the background is plain white, emphasizing the ice creams. There is no visible text in the image.	14475658295.png	The image shows a wooden desk with a book and two pens on it. The book appears to be a notebook with a grid of squares, possibly for writing or calculations. One pen is black and the other is orange, both with gold-colored accents. In the background, there is a blurred image of a potted plant with green leaves and orange flowers. The focus is on the book and pens, with the plant serving as a soft, out-of-focus backdrop. There is no visible text in the image.	18902756369.png	The image shows a wooden table with a variety of puzzle pieces scattered across its surface. The puzzle pieces are in shades of orange, yellow, and black, and they appear to be of different shapes and sizes. The table is set against a plain, light-colored background. The style of the image is a straightforward, clear photograph with a focus on the table and the puzzle pieces.	23596413602.png	The image depicts a stylized, three-dimensional rendering of a human brain with a cracked and shattered appearance. The brain is predominantly white with orange and yellow shards flying outward, suggesting a violent or traumatic event. The brain is anthropomorphized with a pair of brown shoes at the bottom, giving it a human-like posture. The background is a plain, light gray, which contrasts with the vivid colors of the brain and its fragments. There is no visible text in the image. The style of the image is graphic and artistic, with a focus on the dramatic and surreal.
ტვინის თავსატეხი	სახალისო და საგანმანათლებლო ტვინის თავსატეხი ყველა ასაკისთვის.		18902756369.png	The image shows a wooden table with a variety of puzzle pieces scattered across its surface. The puzzle pieces are in shades of orange, yellow, and black, and they appear to be of different shapes and sizes. The table is set against a plain, light-colored background. The style of the image is a straightforward, clear photograph with a focus on the table and the puzzle pieces.	69686180742.png	The image shows a white bowl containing four different flavored ice creams. Starting from the top left, there is a chocolate ice cream with a smooth, dark surface. Next to it, in the top right corner, is a scoop of orange ice cream with visible chocolate chips. Below these, in the bottom left corner, is a scoop of pink ice cream with a lighter, creamier appearance. Finally, in the bottom right corner, there is a scoop of white ice cream with a swirl of pink and a hint of brown, suggesting a combination of flavors. The bowl is placed on a flat surface, and the background is plain white, emphasizing the ice creams. There is no visible text in the image.	23596413602.png	The image depicts a stylized, three-dimensional rendering of a human brain with a cracked and shattered appearance. The brain is predominantly white with orange and yellow shards flying outward, suggesting a violent or traumatic event. The brain is anthropomorphized with a pair of brown shoes at the bottom, giving it a human-like posture. The background is a plain, light gray, which contrasts with the vivid colors of the brain and its fragments. There is no visible text in the image. The style of the image is graphic and artistic, with a focus on the dramatic and surreal.	77535076193.png	The image depicts an animated character, a man with a beard and glasses, sitting at a desk and looking down at a piece of paper with mathematical equations. The man is wearing a suit and tie, suggesting a professional setting. Above his head, there is a question mark, indicating confusion or a need for clarification. The background is white, and there are various mathematical symbols and equations floating around the man's head, emphasizing the theme of mathematics or problem-solving. The overall style of the image is cartoonish and whimsical.	14475658295.png	The image shows a wooden desk with a book and two pens on it. The book appears to be a notebook with a grid of squares, possibly for writing or calculations. One pen is black and the other is orange, both with gold-colored accents. In the background, there is a blurred image of a potted plant with green leaves and orange flowers. The focus is on the book and pens, with the plant serving as a soft, out-of-focus backdrop. There is no visible text in the image.
აგურის კედელი	რაც რომ ვთარგმნოთ, ნიშნავს, აგურის კედელს ეჯახებითო, ყრუ კედელს ეჯახებითო.		80027291049.png	The image depicts an animated character, a stylized orange figure with a helmet and a white shirt, running towards a red and white striped hurdle. The character is in mid-air, suggesting motion, and is positioned to the left of the hurdle. The background is plain white, emphasizing the subject. There is no visible text in the image. The style of the image is cartoonish and appears to be a digital illustration.	65501674356.png	The image depicts a pair of ornate, black metal gates with pointed tops, set against a backdrop of a clear sky. The gates are flanked by stone pillars and are surrounded by a pathway strewn with fallen orange leaves, suggesting an autumnal setting. The leaves are scattered across the ground, creating a sense of a seasonal change. The style of the image is illustrative, with a focus on detail and texture, particularly in the depiction of the leaves and the stonework. There is no visible text in the image.	91000530465.png	The image is a digital illustration featuring two animated characters, both wearing glasses and sitting at a table. The character on the left has a beard and is wearing a white shirt with an orange tie. He is gesturing with his right hand, which is open and facing the other character. The character on the right has a surprised expression and is wearing a dark vest over a light-colored shirt. He is holding a laptop with his left hand. Above the character on the right, there is a thought bubble with a question mark inside. The background is plain white, emphasizing the characters and their interaction.	42062397530.png	The image displays four illustrations of stacks of bricks, each with a different arrangement. The bricks are uniformly orange with a rough texture, and some are depicted with a dusting on their surfaces. The stacks are set against a plain white background.  In the top left, there is a pyramid-like structure with the bricks decreasing in size from the base to the top. The top right illustration shows a stack of bricks with a flat top, resembling a traditional brick wall. The bottom left illustration depicts a stack of bricks with a slightly uneven top, and the bottom right illustration features a stack of bricks with a more irregular shape, giving the impression of a less structured wall.  There is no visible text in the image. The style of the image is illustrative, with a focus on simplicity and clarity to represent the concept of brick stacks.	12457309843.png	The image depicts an animated character in mid-run, wearing a sleeveless orange top and white shorts, with a headband. The character is shown from the side, with one arm extended forward and the other bent at the elbow. The character's hair is styled in a short, curly afro. The background is a plain white, and there is a large, orange, striped barrier with a black base in front of the character. The barrier appears to be in motion, as suggested by the dust and debris flying around the character's feet. There is no visible text in the image. The style of the image is cartoonish and appears to be designed for illustrative purposes, possibly for a game or a similar form of media.
აგურის კედელი	„ეს იგივეა, თავს აგურის კედელს ურტყამდე“ - ასე აღწერეთ ეს ყველაფერი.		80027291049.png	The image depicts an animated character, a stylized orange figure with a helmet and a white shirt, running towards a red and white striped hurdle. The character is in mid-air, suggesting motion, and is positioned to the left of the hurdle. The background is plain white, emphasizing the subject. There is no visible text in the image. The style of the image is cartoonish and appears to be a digital illustration.	42062397530.png	The image displays four illustrations of stacks of bricks, each with a different arrangement. The bricks are uniformly orange with a rough texture, and some are depicted with a dusting on their surfaces. The stacks are set against a plain white background.  In the top left, there is a pyramid-like structure with the bricks decreasing in size from the base to the top. The top right illustration shows a stack of bricks with a flat top, resembling a traditional brick wall. The bottom left illustration depicts a stack of bricks with a slightly uneven top, and the bottom right illustration features a stack of bricks with a more irregular shape, giving the impression of a less structured wall.  There is no visible text in the image. The style of the image is illustrative, with a focus on simplicity and clarity to represent the concept of brick stacks.	91000530465.png	The image is a digital illustration featuring two animated characters, both wearing glasses and sitting at a table. The character on the left has a beard and is wearing a white shirt with an orange tie. He is gesturing with his right hand, which is open and facing the other character. The character on the right has a surprised expression and is wearing a dark vest over a light-colored shirt. He is holding a laptop with his left hand. Above the character on the right, there is a thought bubble with a question mark inside. The background is plain white, emphasizing the characters and their interaction.	12457309843.png	The image depicts an animated character in mid-run, wearing a sleeveless orange top and white shorts, with a headband. The character is shown from the side, with one arm extended forward and the other bent at the elbow. The character's hair is styled in a short, curly afro. The background is a plain white, and there is a large, orange, striped barrier with a black base in front of the character. The barrier appears to be in motion, as suggested by the dust and debris flying around the character's feet. There is no visible text in the image. The style of the image is cartoonish and appears to be designed for illustrative purposes, possibly for a game or a similar form of media.	65501674356.png	The image depicts a pair of ornate, black metal gates with pointed tops, set against a backdrop of a clear sky. The gates are flanked by stone pillars and are surrounded by a pathway strewn with fallen orange leaves, suggesting an autumnal setting. The leaves are scattered across the ground, creating a sense of a seasonal change. The style of the image is illustrative, with a focus on detail and texture, particularly in the depiction of the leaves and the stonework. There is no visible text in the image.
აგურის კედელი	აგურის კედელი ლამაზად გამოიყურება თითქმის ყველა ოთახში – მისაღებში, სამზარეულოში, საძინებელ ოთახში და სააბაზანოშიც კი.		91000530465.png	The image is a digital illustration featuring two animated characters, both wearing glasses and sitting at a table. The character on the left has a beard and is wearing a white shirt with an orange tie. He is gesturing with his right hand, which is open and facing the other character. The character on the right has a surprised expression and is wearing a dark vest over a light-colored shirt. He is holding a laptop with his left hand. Above the character on the right, there is a thought bubble with a question mark inside. The background is plain white, emphasizing the characters and their interaction.	12457309843.png	The image depicts an animated character in mid-run, wearing a sleeveless orange top and white shorts, with a headband. The character is shown from the side, with one arm extended forward and the other bent at the elbow. The character's hair is styled in a short, curly afro. The background is a plain white, and there is a large, orange, striped barrier with a black base in front of the character. The barrier appears to be in motion, as suggested by the dust and debris flying around the character's feet. There is no visible text in the image. The style of the image is cartoonish and appears to be designed for illustrative purposes, possibly for a game or a similar form of media.	80027291049.png	The image depicts an animated character, a stylized orange figure with a helmet and a white shirt, running towards a red and white striped hurdle. The character is in mid-air, suggesting motion, and is positioned to the left of the hurdle. The background is plain white, emphasizing the subject. There is no visible text in the image. The style of the image is cartoonish and appears to be a digital illustration.	65501674356.png	The image depicts a pair of ornate, black metal gates with pointed tops, set against a backdrop of a clear sky. The gates are flanked by stone pillars and are surrounded by a pathway strewn with fallen orange leaves, suggesting an autumnal setting. The leaves are scattered across the ground, creating a sense of a seasonal change. The style of the image is illustrative, with a focus on detail and texture, particularly in the depiction of the leaves and the stonework. There is no visible text in the image.	42062397530.png	The image displays four illustrations of stacks of bricks, each with a different arrangement. The bricks are uniformly orange with a rough texture, and some are depicted with a dusting on their surfaces. The stacks are set against a plain white background.  In the top left, there is a pyramid-like structure with the bricks decreasing in size from the base to the top. The top right illustration shows a stack of bricks with a flat top, resembling a traditional brick wall. The bottom left illustration depicts a stack of bricks with a slightly uneven top, and the bottom right illustration features a stack of bricks with a more irregular shape, giving the impression of a less structured wall.  There is no visible text in the image. The style of the image is illustrative, with a focus on simplicity and clarity to represent the concept of brick stacks.
აგურის კედელი	ინტერიერის დიზაინის რომელ სტილში „ჯდება“ ყველაზე კარგად აგურის კედელი?		91000530465.png	The image is a digital illustration featuring two animated characters, both wearing glasses and sitting at a table. The character on the left has a beard and is wearing a white shirt with an orange tie. He is gesturing with his right hand, which is open and facing the other character. The character on the right has a surprised expression and is wearing a dark vest over a light-colored shirt. He is holding a laptop with his left hand. Above the character on the right, there is a thought bubble with a question mark inside. The background is plain white, emphasizing the characters and their interaction.	12457309843.png	The image depicts an animated character in mid-run, wearing a sleeveless orange top and white shorts, with a headband. The character is shown from the side, with one arm extended forward and the other bent at the elbow. The character's hair is styled in a short, curly afro. The background is a plain white, and there is a large, orange, striped barrier with a black base in front of the character. The barrier appears to be in motion, as suggested by the dust and debris flying around the character's feet. There is no visible text in the image. The style of the image is cartoonish and appears to be designed for illustrative purposes, possibly for a game or a similar form of media.	65501674356.png	The image depicts a pair of ornate, black metal gates with pointed tops, set against a backdrop of a clear sky. The gates are flanked by stone pillars and are surrounded by a pathway strewn with fallen orange leaves, suggesting an autumnal setting. The leaves are scattered across the ground, creating a sense of a seasonal change. The style of the image is illustrative, with a focus on detail and texture, particularly in the depiction of the leaves and the stonework. There is no visible text in the image.	42062397530.png	The image displays four illustrations of stacks of bricks, each with a different arrangement. The bricks are uniformly orange with a rough texture, and some are depicted with a dusting on their surfaces. The stacks are set against a plain white background.  In the top left, there is a pyramid-like structure with the bricks decreasing in size from the base to the top. The top right illustration shows a stack of bricks with a flat top, resembling a traditional brick wall. The bottom left illustration depicts a stack of bricks with a slightly uneven top, and the bottom right illustration features a stack of bricks with a more irregular shape, giving the impression of a less structured wall.  There is no visible text in the image. The style of the image is illustrative, with a focus on simplicity and clarity to represent the concept of brick stacks.	80027291049.png	The image depicts an animated character, a stylized orange figure with a helmet and a white shirt, running towards a red and white striped hurdle. The character is in mid-air, suggesting motion, and is positioned to the left of the hurdle. The background is plain white, emphasizing the subject. There is no visible text in the image. The style of the image is cartoonish and appears to be a digital illustration.
ქულების დაგროვება	ფაქტია, რომ MIT მეთოდოლოგიის ყველა საზომში უმაღლეს ქულებს აგროვებს.		19165502738.png	The image is a digital illustration featuring two animated characters. On the left, there is a character with brown hair, wearing a dark jacket and a light-colored shirt, sitting at a desk with a book open in front of him. He is waving his right hand. On the right, there is another character with dark hair, wearing an orange jacket and a dark shirt, also sitting at the same desk. Both characters are smiling and appear to be engaged in a friendly or educational interaction. The background is plain white, emphasizing the characters and the desk. There is no visible text in the image.	19744036760.png	The image depicts a stylized illustration of a hand holding a coin over a black surface with a series of orange circles. The hand appears to be in the process of placing the coin onto one of the circles. The surface has a grid-like pattern with the circles arranged in rows. There are no visible texts or additional context provided in the image. The style is simplistic and cartoonish, with flat colors and minimal shading.	88204773205.png	The image is an illustration depicting a scene from a soccer match. In the foreground, a referee in an orange uniform is standing with his back to the viewer, holding a red flag in his right hand. He is wearing black shorts and black shoes. Behind him, two soccer players are in motion; one is wearing an orange uniform and the other is wearing a black uniform with white accents. The player in black is kicking a soccer ball, which is visible on the ground. The background shows a blurred crowd of spectators, suggesting the setting is a stadium. The style of the illustration is cartoonish with a limited color palette.	60482504016.png	The image shows a large, illuminated scoreboard with a grid of orange squares, each containing a number. The numbers are arranged in rows and columns, with the top row displaying the numbers 199, 199, and 199, and the bottom row showing 36, 36, and 36. The scoreboard is mounted on a structure with two wooden poles and a metal railing. Above the scoreboard, there are two circular lights, one on each side, and a smaller, blue, camera-like object in the center. The background is plain and light-colored, providing a stark contrast to the scoreboard.	21249002746.png	The image is a stylized illustration of four animated characters in a meeting setting. On the left, a woman with dark hair is seated at a table, holding a coffee cup and looking down with a slight frown. Next to her, a man with a beard and glasses is also seated, wearing a suit and tie, and appears to be looking at the woman with a neutral expression. Behind them, another man with a surprised or shocked expression is standing with his hands raised, wearing a white shirt and a tie. To the right, a younger man with a beard and glasses is seated, looking at the standing man with a concerned or puzzled expression. The characters are depicted in a cartoon style with exaggerated facial expressions. There is no visible text in the image.
ქულების დაგროვება	ის ქულებს აგროვებს ვან გოგის მკვლელობაზე, 11 სექტემბერზე, პიმ ფორტოინის მკვლელობაზე - ფორტოინი პირველი პოლიტიკოსი იყო, რომელმაც ეს საკითხი წამოჭრა.		60482504016.png	The image shows a large, illuminated scoreboard with a grid of orange squares, each containing a number. The numbers are arranged in rows and columns, with the top row displaying the numbers 199, 199, and 199, and the bottom row showing 36, 36, and 36. The scoreboard is mounted on a structure with two wooden poles and a metal railing. Above the scoreboard, there are two circular lights, one on each side, and a smaller, blue, camera-like object in the center. The background is plain and light-colored, providing a stark contrast to the scoreboard.	21249002746.png	The image is a stylized illustration of four animated characters in a meeting setting. On the left, a woman with dark hair is seated at a table, holding a coffee cup and looking down with a slight frown. Next to her, a man with a beard and glasses is also seated, wearing a suit and tie, and appears to be looking at the woman with a neutral expression. Behind them, another man with a surprised or shocked expression is standing with his hands raised, wearing a white shirt and a tie. To the right, a younger man with a beard and glasses is seated, looking at the standing man with a concerned or puzzled expression. The characters are depicted in a cartoon style with exaggerated facial expressions. There is no visible text in the image.	88204773205.png	The image is an illustration depicting a scene from a soccer match. In the foreground, a referee in an orange uniform is standing with his back to the viewer, holding a red flag in his right hand. He is wearing black shorts and black shoes. Behind him, two soccer players are in motion; one is wearing an orange uniform and the other is wearing a black uniform with white accents. The player in black is kicking a soccer ball, which is visible on the ground. The background shows a blurred crowd of spectators, suggesting the setting is a stadium. The style of the illustration is cartoonish with a limited color palette.	19744036760.png	The image depicts a stylized illustration of a hand holding a coin over a black surface with a series of orange circles. The hand appears to be in the process of placing the coin onto one of the circles. The surface has a grid-like pattern with the circles arranged in rows. There are no visible texts or additional context provided in the image. The style is simplistic and cartoonish, with flat colors and minimal shading.	19165502738.png	The image is a digital illustration featuring two animated characters. On the left, there is a character with brown hair, wearing a dark jacket and a light-colored shirt, sitting at a desk with a book open in front of him. He is waving his right hand. On the right, there is another character with dark hair, wearing an orange jacket and a dark shirt, also sitting at the same desk. Both characters are smiling and appear to be engaged in a friendly or educational interaction. The background is plain white, emphasizing the characters and the desk. There is no visible text in the image.
ქულების დაგროვება	გაიმარტივე ქულების დაგროვება ონლაინ შოპინგისას.		19165502738.png	The image is a digital illustration featuring two animated characters. On the left, there is a character with brown hair, wearing a dark jacket and a light-colored shirt, sitting at a desk with a book open in front of him. He is waving his right hand. On the right, there is another character with dark hair, wearing an orange jacket and a dark shirt, also sitting at the same desk. Both characters are smiling and appear to be engaged in a friendly or educational interaction. The background is plain white, emphasizing the characters and the desk. There is no visible text in the image.	21249002746.png	The image is a stylized illustration of four animated characters in a meeting setting. On the left, a woman with dark hair is seated at a table, holding a coffee cup and looking down with a slight frown. Next to her, a man with a beard and glasses is also seated, wearing a suit and tie, and appears to be looking at the woman with a neutral expression. Behind them, another man with a surprised or shocked expression is standing with his hands raised, wearing a white shirt and a tie. To the right, a younger man with a beard and glasses is seated, looking at the standing man with a concerned or puzzled expression. The characters are depicted in a cartoon style with exaggerated facial expressions. There is no visible text in the image.	88204773205.png	The image is an illustration depicting a scene from a soccer match. In the foreground, a referee in an orange uniform is standing with his back to the viewer, holding a red flag in his right hand. He is wearing black shorts and black shoes. Behind him, two soccer players are in motion; one is wearing an orange uniform and the other is wearing a black uniform with white accents. The player in black is kicking a soccer ball, which is visible on the ground. The background shows a blurred crowd of spectators, suggesting the setting is a stadium. The style of the illustration is cartoonish with a limited color palette.	19744036760.png	The image depicts a stylized illustration of a hand holding a coin over a black surface with a series of orange circles. The hand appears to be in the process of placing the coin onto one of the circles. The surface has a grid-like pattern with the circles arranged in rows. There are no visible texts or additional context provided in the image. The style is simplistic and cartoonish, with flat colors and minimal shading.	60482504016.png	The image shows a large, illuminated scoreboard with a grid of orange squares, each containing a number. The numbers are arranged in rows and columns, with the top row displaying the numbers 199, 199, and 199, and the bottom row showing 36, 36, and 36. The scoreboard is mounted on a structure with two wooden poles and a metal railing. Above the scoreboard, there are two circular lights, one on each side, and a smaller, blue, camera-like object in the center. The background is plain and light-colored, providing a stark contrast to the scoreboard.
ქულების დაგროვება	ქულების დაგროვება მარტივია — უბრალოდ გამოიყენე შენი საქართველოს ბანკის ბარათი.		60482504016.png	The image shows a large, illuminated scoreboard with a grid of orange squares, each containing a number. The numbers are arranged in rows and columns, with the top row displaying the numbers 199, 199, and 199, and the bottom row showing 36, 36, and 36. The scoreboard is mounted on a structure with two wooden poles and a metal railing. Above the scoreboard, there are two circular lights, one on each side, and a smaller, blue, camera-like object in the center. The background is plain and light-colored, providing a stark contrast to the scoreboard.	19165502738.png	The image is a digital illustration featuring two animated characters. On the left, there is a character with brown hair, wearing a dark jacket and a light-colored shirt, sitting at a desk with a book open in front of him. He is waving his right hand. On the right, there is another character with dark hair, wearing an orange jacket and a dark shirt, also sitting at the same desk. Both characters are smiling and appear to be engaged in a friendly or educational interaction. The background is plain white, emphasizing the characters and the desk. There is no visible text in the image.	88204773205.png	The image is an illustration depicting a scene from a soccer match. In the foreground, a referee in an orange uniform is standing with his back to the viewer, holding a red flag in his right hand. He is wearing black shorts and black shoes. Behind him, two soccer players are in motion; one is wearing an orange uniform and the other is wearing a black uniform with white accents. The player in black is kicking a soccer ball, which is visible on the ground. The background shows a blurred crowd of spectators, suggesting the setting is a stadium. The style of the illustration is cartoonish with a limited color palette.	19744036760.png	The image depicts a stylized illustration of a hand holding a coin over a black surface with a series of orange circles. The hand appears to be in the process of placing the coin onto one of the circles. The surface has a grid-like pattern with the circles arranged in rows. There are no visible texts or additional context provided in the image. The style is simplistic and cartoonish, with flat colors and minimal shading.	21249002746.png	The image is a stylized illustration of four animated characters in a meeting setting. On the left, a woman with dark hair is seated at a table, holding a coffee cup and looking down with a slight frown. Next to her, a man with a beard and glasses is also seated, wearing a suit and tie, and appears to be looking at the woman with a neutral expression. Behind them, another man with a surprised or shocked expression is standing with his hands raised, wearing a white shirt and a tie. To the right, a younger man with a beard and glasses is seated, looking at the standing man with a concerned or puzzled expression. The characters are depicted in a cartoon style with exaggerated facial expressions. There is no visible text in the image.
ბაზრის ზრდა	ბაზრის ზრდა ძლიერი იყო როგორც თბილისში ისე რეგიონში.		73267614519.png	The image depicts a lively scene at a marketplace. There are several stalls with orange canopies, each adorned with various items such as pots, baskets, and fruits. People are engaged in various activities; some are shopping, while others are tending to the stalls. The marketplace is bustling with a diverse crowd of individuals, each with their own unique attire and accessories. The overall atmosphere is vibrant and colorful, capturing the essence of a traditional marketplace.	15711661947.png	The image is a digital illustration of a cartoon male character. He has brown hair, a wide smile, and is holding a smartphone to his ear with his right hand. He is wearing a black suit with a white shirt and an orange tie. The character is standing in front of a large screen displaying a financial chart with various graphs and numbers. The chart includes a line graph with a green upward trend, a bar graph with bars in shades of green and red, and a pie chart with segments in different colors. The background is plain white, emphasizing the character and the screen. There is no visible text in the image.	21587456592.png	The image features a cartoon-style brown bear with a friendly expression. The bear is standing on its hind legs and appears to be pouring honey from a jar into a smaller jar. The honey is visible in the jar being filled, and the bear's paws are holding the jar. The background is plain white, emphasizing the bear and the jars. There is no visible text in the image.	90636650798.png	The image shows a stylized illustration of a computer monitor with a graph displayed on its screen. The graph is a simplified representation of a growth trend, with a series of green bars increasing in height from left to right, suggesting an upward trend. The monitor is depicted with a black bezel and a stand, and there are three icons at the top left corner, which appear to be for power, volume, and possibly a menu or settings. The background is plain white, emphasizing the monitor and the graph. There is no visible text in the image.	33523158633.png	The image shows a digital display with a multitude of numbers and symbols, likely representing financial data such as stock prices or indices. The numbers are arranged in rows and columns, with some areas highlighted in green and red, which could indicate positive or negative performance. The display is set against a dark background, which contrasts with the bright colors of the numbers and symbols. The image is a close-up, focusing on the details of the display. There is no visible text that provides context or labels for the numbers. The style of the image is realistic, with a clear and sharp representation of the digital display.
ბაზრის ზრდა	ბაზრის ზრდა, ანუ დროთა განმავლობაში მოთხოვნის ზრდა ასევე მნიშვნელოვანი ფაქტორია.		15711661947.png	The image is a digital illustration of a cartoon male character. He has brown hair, a wide smile, and is holding a smartphone to his ear with his right hand. He is wearing a black suit with a white shirt and an orange tie. The character is standing in front of a large screen displaying a financial chart with various graphs and numbers. The chart includes a line graph with a green upward trend, a bar graph with bars in shades of green and red, and a pie chart with segments in different colors. The background is plain white, emphasizing the character and the screen. There is no visible text in the image.	90636650798.png	The image shows a stylized illustration of a computer monitor with a graph displayed on its screen. The graph is a simplified representation of a growth trend, with a series of green bars increasing in height from left to right, suggesting an upward trend. The monitor is depicted with a black bezel and a stand, and there are three icons at the top left corner, which appear to be for power, volume, and possibly a menu or settings. The background is plain white, emphasizing the monitor and the graph. There is no visible text in the image.	73267614519.png	The image depicts a lively scene at a marketplace. There are several stalls with orange canopies, each adorned with various items such as pots, baskets, and fruits. People are engaged in various activities; some are shopping, while others are tending to the stalls. The marketplace is bustling with a diverse crowd of individuals, each with their own unique attire and accessories. The overall atmosphere is vibrant and colorful, capturing the essence of a traditional marketplace.	21587456592.png	The image features a cartoon-style brown bear with a friendly expression. The bear is standing on its hind legs and appears to be pouring honey from a jar into a smaller jar. The honey is visible in the jar being filled, and the bear's paws are holding the jar. The background is plain white, emphasizing the bear and the jars. There is no visible text in the image.	33523158633.png	The image shows a digital display with a multitude of numbers and symbols, likely representing financial data such as stock prices or indices. The numbers are arranged in rows and columns, with some areas highlighted in green and red, which could indicate positive or negative performance. The display is set against a dark background, which contrasts with the bright colors of the numbers and symbols. The image is a close-up, focusing on the details of the display. There is no visible text that provides context or labels for the numbers. The style of the image is realistic, with a clear and sharp representation of the digital display.
მეწველი ძროხა	ხალხი ჰგონიათ მეწველი ძროხა, რომელიც არჩევნების დროს ახსენდებათ, მერე გაშრა ეს ძროხა თუ მოკვდა, არავინ კითხულობს” – გორდელაძე.		30548963845.png	The image depicts an animated scene featuring a man and a cow. The man is seated on a wooden stool, wearing a plaid shirt, overalls, and boots. He has a beard and is smiling. He is pouring a yellow liquid from a metal bucket into a larger metal bucket. The cow, which is standing next to the man, is looking at the liquid being poured. The cow has a brown coat with white spots and a black nose. The background is plain white, emphasizing the subjects. There is no visible text in the image. The style of the image is cartoonish and colorful.	10420676866.png	The image features a horse standing in a field of grass and flowers. The horse is brown with a black mane and tail. It is grazing on the grass, with its head lowered towards the ground. The background is blurred, but it appears to be a natural setting with trees and foliage. There is no visible text in the image. The horse is the central focus of the image, and its position in the field suggests a peaceful, rural environment.	38676842703.png	The image is a stylized illustration featuring a cartoon character standing in front of an industrial factory. The character is wearing glasses, a suit, and has a confident expression. The factory is depicted with smoke stacks and various pipes and structures, and there are coins floating around the character, suggesting a theme of wealth or financial success. The background is plain white, which contrasts with the detailed, colorful depiction of the character and the factory. There is no visible text in the image.	56667961563.png	The image depicts a cartoon-style illustration of a cow. The cow is predominantly white with orange spots and has a pink nose and ears. It is standing on a grassy area with a few small flowers. In front of the cow, there are two brown baskets filled with what appears to be white feed or hay. The cow is looking directly at the viewer. There is no visible text in the image.	54053954184.png	"The image depicts a group of animated characters standing in line at a ticket booth. The characters are stylized with exaggerated features, such as large eyes and expressive facial expressions. They are dressed in various styles of clothing, including coats, dresses, and casual attire. The ticket booth is black with an orange display screen showing the word ""BAT"" in white letters. Scattered around the booth are orange tickets, suggesting that the characters are purchasing tickets. The background is plain white, emphasizing the characters and the booth. There is no visible text other than the word ""BAT"" on the screen. The characters appear to be waiting patiently for their turn to purchase tickets."
მეწველი ძროხა	სახელმწიფო არ არის მეწველი ძროხა.		30548963845.png	The image depicts an animated scene featuring a man and a cow. The man is seated on a wooden stool, wearing a plaid shirt, overalls, and boots. He has a beard and is smiling. He is pouring a yellow liquid from a metal bucket into a larger metal bucket. The cow, which is standing next to the man, is looking at the liquid being poured. The cow has a brown coat with white spots and a black nose. The background is plain white, emphasizing the subjects. There is no visible text in the image. The style of the image is cartoonish and colorful.	38676842703.png	The image is a stylized illustration featuring a cartoon character standing in front of an industrial factory. The character is wearing glasses, a suit, and has a confident expression. The factory is depicted with smoke stacks and various pipes and structures, and there are coins floating around the character, suggesting a theme of wealth or financial success. The background is plain white, which contrasts with the detailed, colorful depiction of the character and the factory. There is no visible text in the image.	10420676866.png	The image features a horse standing in a field of grass and flowers. The horse is brown with a black mane and tail. It is grazing on the grass, with its head lowered towards the ground. The background is blurred, but it appears to be a natural setting with trees and foliage. There is no visible text in the image. The horse is the central focus of the image, and its position in the field suggests a peaceful, rural environment.	56667961563.png	The image depicts a cartoon-style illustration of a cow. The cow is predominantly white with orange spots and has a pink nose and ears. It is standing on a grassy area with a few small flowers. In front of the cow, there are two brown baskets filled with what appears to be white feed or hay. The cow is looking directly at the viewer. There is no visible text in the image.	54053954184.png	"The image depicts a group of animated characters standing in line at a ticket booth. The characters are stylized with exaggerated features, such as large eyes and expressive facial expressions. They are dressed in various styles of clothing, including coats, dresses, and casual attire. The ticket booth is black with an orange display screen showing the word ""BAT"" in white letters. Scattered around the booth are orange tickets, suggesting that the characters are purchasing tickets. The background is plain white, emphasizing the characters and the booth. There is no visible text other than the word ""BAT"" on the screen. The characters appear to be waiting patiently for their turn to purchase tickets."
მეწველი ძროხა	რადგან გაჭირვებული უნდა ყოფილიყო ჩვენი ჩვენებური კაცი, ორი თუ არა მეტი, ერთი მეწველი ძროხა მაინც დაუდიოდა ეზოში.		38676842703.png	The image is a stylized illustration featuring a cartoon character standing in front of an industrial factory. The character is wearing glasses, a suit, and has a confident expression. The factory is depicted with smoke stacks and various pipes and structures, and there are coins floating around the character, suggesting a theme of wealth or financial success. The background is plain white, which contrasts with the detailed, colorful depiction of the character and the factory. There is no visible text in the image.	30548963845.png	The image depicts an animated scene featuring a man and a cow. The man is seated on a wooden stool, wearing a plaid shirt, overalls, and boots. He has a beard and is smiling. He is pouring a yellow liquid from a metal bucket into a larger metal bucket. The cow, which is standing next to the man, is looking at the liquid being poured. The cow has a brown coat with white spots and a black nose. The background is plain white, emphasizing the subjects. There is no visible text in the image. The style of the image is cartoonish and colorful.	10420676866.png	The image features a horse standing in a field of grass and flowers. The horse is brown with a black mane and tail. It is grazing on the grass, with its head lowered towards the ground. The background is blurred, but it appears to be a natural setting with trees and foliage. There is no visible text in the image. The horse is the central focus of the image, and its position in the field suggests a peaceful, rural environment.	54053954184.png	"The image depicts a group of animated characters standing in line at a ticket booth. The characters are stylized with exaggerated features, such as large eyes and expressive facial expressions. They are dressed in various styles of clothing, including coats, dresses, and casual attire. The ticket booth is black with an orange display screen showing the word ""BAT"" in white letters. Scattered around the booth are orange tickets, suggesting that the characters are purchasing tickets. The background is plain white, emphasizing the characters and the booth. There is no visible text other than the word ""BAT"" on the screen. The characters appear to be waiting patiently for their turn to purchase tickets."	56667961563.png	The image depicts a cartoon-style illustration of a cow. The cow is predominantly white with orange spots and has a pink nose and ears. It is standing on a grassy area with a few small flowers. In front of the cow, there are two brown baskets filled with what appears to be white feed or hay. The cow is looking directly at the viewer. There is no visible text in the image.
მეწველი ძროხა	მან ერთ დღეში სამი მეწველი ძროხა დაკარგა.		38676842703.png	The image is a stylized illustration featuring a cartoon character standing in front of an industrial factory. The character is wearing glasses, a suit, and has a confident expression. The factory is depicted with smoke stacks and various pipes and structures, and there are coins floating around the character, suggesting a theme of wealth or financial success. The background is plain white, which contrasts with the detailed, colorful depiction of the character and the factory. There is no visible text in the image.	56667961563.png	The image depicts a cartoon-style illustration of a cow. The cow is predominantly white with orange spots and has a pink nose and ears. It is standing on a grassy area with a few small flowers. In front of the cow, there are two brown baskets filled with what appears to be white feed or hay. The cow is looking directly at the viewer. There is no visible text in the image.	54053954184.png	"The image depicts a group of animated characters standing in line at a ticket booth. The characters are stylized with exaggerated features, such as large eyes and expressive facial expressions. They are dressed in various styles of clothing, including coats, dresses, and casual attire. The ticket booth is black with an orange display screen showing the word ""BAT"" in white letters. Scattered around the booth are orange tickets, suggesting that the characters are purchasing tickets. The background is plain white, emphasizing the characters and the booth. There is no visible text other than the word ""BAT"" on the screen. The characters appear to be waiting patiently for their turn to purchase tickets."	10420676866.png	The image features a horse standing in a field of grass and flowers. The horse is brown with a black mane and tail. It is grazing on the grass, with its head lowered towards the ground. The background is blurred, but it appears to be a natural setting with trees and foliage. There is no visible text in the image. The horse is the central focus of the image, and its position in the field suggests a peaceful, rural environment.	30548963845.png	The image depicts an animated scene featuring a man and a cow. The man is seated on a wooden stool, wearing a plaid shirt, overalls, and boots. He has a beard and is smiling. He is pouring a yellow liquid from a metal bucket into a larger metal bucket. The cow, which is standing next to the man, is looking at the liquid being poured. The cow has a brown coat with white spots and a black nose. The background is plain white, emphasizing the subjects. There is no visible text in the image. The style of the image is cartoonish and colorful.
ჯაჭვური რეაქცია	– რაც ხდება, ამ ყველაფერს ჯაჭვური რეაქცია ეწოდება.		82944598487.png	The image depicts a cartoon-style illustration of a laboratory setup. There is a black metal rack with six test tubes, each containing a different colored liquid with visible bubbles, suggesting a chemical reaction or experiment. The test tubes are arranged in two rows of three, with the top row slightly offset to the right. Above the test tubes, there are several orange droplets floating in the air, which could represent a chemical reaction or a substance being dispersed. The background is plain white, emphasizing the colorful test tubes and droplets. There is no visible text in the image.	56791737129.png	The image depicts a dynamic scene with a large explosion at the center, emitting a bright orange smoke or fire. The explosion is surrounded by a halo of smaller orange particles, suggesting a fiery or explosive atmosphere. Below the explosion, there is a cluster of tall, dry grass that appears to be on fire, with flames visible at the base. The grass is golden and stands out against the dark background. The overall style of the image is realistic with a focus on dramatic lighting and motion effects. There is no visible text in the image.	45651648874.png	The image shows a large, irregularly shaped rock prominently positioned in the center of a sandy area with sparse vegetation. The rock has a rough, textured surface with patches of moss or lichen growth. Surrounding the rock are small rocks and patches of grass with orange flowers. The background is a plain, light color, providing a stark contrast to the rock and the ground. There is no visible text in the image. The style of the image is a realistic digital rendering.	26899740009.png	The image shows a stylized, three-dimensional rendering of a chain with a metallic sheen. The chain is composed of interlocking links, and there are droplets of a liquid, possibly water or oil, splashing from the links, creating a dynamic and somewhat splashy effect. The background is a solid dark color, which contrasts with the bright, glossy appearance of the chain and the droplets. There is no visible text in the image. The style of the image is graphic and appears to be a digital illustration rather than a photograph.	64779865205.png	The image features a cartoon-style illustration of a man in a suit standing next to a line of dominoes. The dominoes are white with orange dots and are arranged in a straight line. The man is smiling and appears to be in a playful or celebratory mood. The background is plain white, emphasizing the subject. There is no visible text in the image.
ჯაჭვური რეაქცია	“გომურთან დაკავშირებით სისტემა თავს იცავს, ჯაჭვური რეაქცია რომ არ დაიწყოს”- გია ხუხაშვილი.		64779865205.png	The image features a cartoon-style illustration of a man in a suit standing next to a line of dominoes. The dominoes are white with orange dots and are arranged in a straight line. The man is smiling and appears to be in a playful or celebratory mood. The background is plain white, emphasizing the subject. There is no visible text in the image.	82944598487.png	The image depicts a cartoon-style illustration of a laboratory setup. There is a black metal rack with six test tubes, each containing a different colored liquid with visible bubbles, suggesting a chemical reaction or experiment. The test tubes are arranged in two rows of three, with the top row slightly offset to the right. Above the test tubes, there are several orange droplets floating in the air, which could represent a chemical reaction or a substance being dispersed. The background is plain white, emphasizing the colorful test tubes and droplets. There is no visible text in the image.	26899740009.png	The image shows a stylized, three-dimensional rendering of a chain with a metallic sheen. The chain is composed of interlocking links, and there are droplets of a liquid, possibly water or oil, splashing from the links, creating a dynamic and somewhat splashy effect. The background is a solid dark color, which contrasts with the bright, glossy appearance of the chain and the droplets. There is no visible text in the image. The style of the image is graphic and appears to be a digital illustration rather than a photograph.	45651648874.png	The image shows a large, irregularly shaped rock prominently positioned in the center of a sandy area with sparse vegetation. The rock has a rough, textured surface with patches of moss or lichen growth. Surrounding the rock are small rocks and patches of grass with orange flowers. The background is a plain, light color, providing a stark contrast to the rock and the ground. There is no visible text in the image. The style of the image is a realistic digital rendering.	56791737129.png	The image depicts a dynamic scene with a large explosion at the center, emitting a bright orange smoke or fire. The explosion is surrounded by a halo of smaller orange particles, suggesting a fiery or explosive atmosphere. Below the explosion, there is a cluster of tall, dry grass that appears to be on fire, with flames visible at the base. The grass is golden and stands out against the dark background. The overall style of the image is realistic with a focus on dramatic lighting and motion effects. There is no visible text in the image.
ჯაჭვური რეაქცია	პოლიმერაზული ჯაჭვური რეაქცია (PCR) არის ბიოქიმიური ტექნოლოგია მოლეკულლურ ბიოლოგიაში, ის ახდენს დნმ-ის ფრაგმენტების ერთი ან რამდენიმე ასლის ამფლიკაციას მრავალი ჯერადობით, და ქმნის დნმ-ის თანმიმდევრობების მილიონამდე ასლს.		45651648874.png	The image shows a large, irregularly shaped rock prominently positioned in the center of a sandy area with sparse vegetation. The rock has a rough, textured surface with patches of moss or lichen growth. Surrounding the rock are small rocks and patches of grass with orange flowers. The background is a plain, light color, providing a stark contrast to the rock and the ground. There is no visible text in the image. The style of the image is a realistic digital rendering.	26899740009.png	The image shows a stylized, three-dimensional rendering of a chain with a metallic sheen. The chain is composed of interlocking links, and there are droplets of a liquid, possibly water or oil, splashing from the links, creating a dynamic and somewhat splashy effect. The background is a solid dark color, which contrasts with the bright, glossy appearance of the chain and the droplets. There is no visible text in the image. The style of the image is graphic and appears to be a digital illustration rather than a photograph.	64779865205.png	The image features a cartoon-style illustration of a man in a suit standing next to a line of dominoes. The dominoes are white with orange dots and are arranged in a straight line. The man is smiling and appears to be in a playful or celebratory mood. The background is plain white, emphasizing the subject. There is no visible text in the image.	82944598487.png	The image depicts a cartoon-style illustration of a laboratory setup. There is a black metal rack with six test tubes, each containing a different colored liquid with visible bubbles, suggesting a chemical reaction or experiment. The test tubes are arranged in two rows of three, with the top row slightly offset to the right. Above the test tubes, there are several orange droplets floating in the air, which could represent a chemical reaction or a substance being dispersed. The background is plain white, emphasizing the colorful test tubes and droplets. There is no visible text in the image.	56791737129.png	The image depicts a dynamic scene with a large explosion at the center, emitting a bright orange smoke or fire. The explosion is surrounded by a halo of smaller orange particles, suggesting a fiery or explosive atmosphere. Below the explosion, there is a cluster of tall, dry grass that appears to be on fire, with flames visible at the base. The grass is golden and stands out against the dark background. The overall style of the image is realistic with a focus on dramatic lighting and motion effects. There is no visible text in the image.
ჯაჭვური რეაქცია	მისი თქმით, ჩინეთი, როგორც ჩანს იყენებს „ნულოვანი სიმძლავრის“ მეთოდებს, რომელთა დროსაც არ ხდება რეალური ატომური აფეთქება - ჯაჭვური რეაქცია.		56791737129.png	The image depicts a dynamic scene with a large explosion at the center, emitting a bright orange smoke or fire. The explosion is surrounded by a halo of smaller orange particles, suggesting a fiery or explosive atmosphere. Below the explosion, there is a cluster of tall, dry grass that appears to be on fire, with flames visible at the base. The grass is golden and stands out against the dark background. The overall style of the image is realistic with a focus on dramatic lighting and motion effects. There is no visible text in the image.	26899740009.png	The image shows a stylized, three-dimensional rendering of a chain with a metallic sheen. The chain is composed of interlocking links, and there are droplets of a liquid, possibly water or oil, splashing from the links, creating a dynamic and somewhat splashy effect. The background is a solid dark color, which contrasts with the bright, glossy appearance of the chain and the droplets. There is no visible text in the image. The style of the image is graphic and appears to be a digital illustration rather than a photograph.	82944598487.png	The image depicts a cartoon-style illustration of a laboratory setup. There is a black metal rack with six test tubes, each containing a different colored liquid with visible bubbles, suggesting a chemical reaction or experiment. The test tubes are arranged in two rows of three, with the top row slightly offset to the right. Above the test tubes, there are several orange droplets floating in the air, which could represent a chemical reaction or a substance being dispersed. The background is plain white, emphasizing the colorful test tubes and droplets. There is no visible text in the image.	64779865205.png	The image features a cartoon-style illustration of a man in a suit standing next to a line of dominoes. The dominoes are white with orange dots and are arranged in a straight line. The man is smiling and appears to be in a playful or celebratory mood. The background is plain white, emphasizing the subject. There is no visible text in the image.	45651648874.png	The image shows a large, irregularly shaped rock prominently positioned in the center of a sandy area with sparse vegetation. The rock has a rough, textured surface with patches of moss or lichen growth. Surrounding the rock are small rocks and patches of grass with orange flowers. The background is a plain, light color, providing a stark contrast to the rock and the ground. There is no visible text in the image. The style of the image is a realistic digital rendering.
დახურული წიგნი	მამაჩემისთვის მე დახურული წიგნი ვარ და რამდენიც არ უნდა ეცადოს მის წაკითხვას ის ვერასდროს შეძლებს.		93059255336.png	The image depicts a whimsical scene with a large open book as the central focus. The book is open, revealing a vibrant scene within its pages. On the left page, there are three cartoon-style children with exaggerated features, each engaged in a different activity. The child on the left is holding a carrot, the middle child is holding a book, and the child on the right is holding a flower. Above them, there are small, colorful creatures that resemble bees or butterflies.  The right page of the book shows a tree with a small house at its base, where a child is peeking out. The tree is surrounded by various plants and flowers, and there are more of the small creatures flying around. The book's spine is visible and is colored orange, contrasting with the white background of the image. The overall style of the image is illustrative and playful, with a clear emphasis on fantasy and imagination.	26354443757.png	The image shows a book with a textured cover that appears to be a combination of orange and black, resting on a wooden surface. The book is open, revealing a page with visible text, although the text is not legible in the image. The wooden surface has a natural grain pattern and is slightly worn, indicating it might be an old or well-used piece of furniture. The background is plain and white, which contrasts with the book and the wooden surface, making them the focal point of the image. The style of the image is illustrative, with a realistic yet stylized appearance.	25425668720.png	The image is a digital illustration depicting a group of four people in a classroom setting. On the left, there is a woman sitting in an orange chair, wearing a black dress and black shoes. She has dark hair and is looking to the right with a neutral expression. Above her head are three speech bubbles, each containing a different color: orange, yellow, and blue.  In front of her, there are three men seated in orange chairs. The man on the left is wearing a brown shirt and black shoes, looking to the right with a slight frown. The man in the middle is wearing a gray shirt and black shoes, looking straight ahead with a neutral expression. The man on the right is wearing a white shirt and black shoes, looking to the left with a neutral expression.  The background is plain white, emphasizing the subjects. There is no visible text in the image. The style of the illustration is cartoonish with a limited color palette, and it appears to be designed to convey a sense of a group discussion or meeting.	55455287290.png	The image shows a large, ornate book with a textured orange cover. The book is secured with a metal lock and a matching metal buckle. The lock is positioned on the left side of the book, and the buckle is on the right. The book appears to be a hardcover edition, and the cover has a distressed look with visible stitching. There is no visible text on the book or in the image. The style of the image is a realistic 3D rendering with a focus on the book and its details.	87862811605.png	The image depicts an animated scene of a classroom setting. At the front of the room, there is a teacher standing behind a chalkboard filled with mathematical equations. The teacher is wearing glasses, a white lab coat, and has a beard. He is pointing to the chalkboard with a white chalk in his hand.  In the foreground, there are four students sitting in rows of desks. The students are all wearing white lab coats and have brown hair. The students are attentively looking towards the teacher and the chalkboard.  The style of the image is cartoonish, with a limited color palette that includes shades of brown, white, and black. There is no visible text in the image. The image is designed to convey a sense of a science or mathematics lesson in progress.
დახურული წიგნი	"შენ ბევრისთვის დახურული წიგნი ხარ, მაგრამ ყველაფერი იცი ყველას შესახებ, - წერდნენ ისინი და ეპშტეინს აღწერდნენ, როგორც ""ადამიანთა კოლექციონერს""."		87862811605.png	The image depicts an animated scene of a classroom setting. At the front of the room, there is a teacher standing behind a chalkboard filled with mathematical equations. The teacher is wearing glasses, a white lab coat, and has a beard. He is pointing to the chalkboard with a white chalk in his hand.  In the foreground, there are four students sitting in rows of desks. The students are all wearing white lab coats and have brown hair. The students are attentively looking towards the teacher and the chalkboard.  The style of the image is cartoonish, with a limited color palette that includes shades of brown, white, and black. There is no visible text in the image. The image is designed to convey a sense of a science or mathematics lesson in progress.	26354443757.png	The image shows a book with a textured cover that appears to be a combination of orange and black, resting on a wooden surface. The book is open, revealing a page with visible text, although the text is not legible in the image. The wooden surface has a natural grain pattern and is slightly worn, indicating it might be an old or well-used piece of furniture. The background is plain and white, which contrasts with the book and the wooden surface, making them the focal point of the image. The style of the image is illustrative, with a realistic yet stylized appearance.	55455287290.png	The image shows a large, ornate book with a textured orange cover. The book is secured with a metal lock and a matching metal buckle. The lock is positioned on the left side of the book, and the buckle is on the right. The book appears to be a hardcover edition, and the cover has a distressed look with visible stitching. There is no visible text on the book or in the image. The style of the image is a realistic 3D rendering with a focus on the book and its details.	93059255336.png	The image depicts a whimsical scene with a large open book as the central focus. The book is open, revealing a vibrant scene within its pages. On the left page, there are three cartoon-style children with exaggerated features, each engaged in a different activity. The child on the left is holding a carrot, the middle child is holding a book, and the child on the right is holding a flower. Above them, there are small, colorful creatures that resemble bees or butterflies.  The right page of the book shows a tree with a small house at its base, where a child is peeking out. The tree is surrounded by various plants and flowers, and there are more of the small creatures flying around. The book's spine is visible and is colored orange, contrasting with the white background of the image. The overall style of the image is illustrative and playful, with a clear emphasis on fantasy and imagination.	25425668720.png	The image is a digital illustration depicting a group of four people in a classroom setting. On the left, there is a woman sitting in an orange chair, wearing a black dress and black shoes. She has dark hair and is looking to the right with a neutral expression. Above her head are three speech bubbles, each containing a different color: orange, yellow, and blue.  In front of her, there are three men seated in orange chairs. The man on the left is wearing a brown shirt and black shoes, looking to the right with a slight frown. The man in the middle is wearing a gray shirt and black shoes, looking straight ahead with a neutral expression. The man on the right is wearing a white shirt and black shoes, looking to the left with a neutral expression.  The background is plain white, emphasizing the subjects. There is no visible text in the image. The style of the illustration is cartoonish with a limited color palette, and it appears to be designed to convey a sense of a group discussion or meeting.
დახურული წიგნი	რადიაციული ტექნიკით შეიძლება, დახურული წიგნი წაიკითხოთ.		87862811605.png	The image depicts an animated scene of a classroom setting. At the front of the room, there is a teacher standing behind a chalkboard filled with mathematical equations. The teacher is wearing glasses, a white lab coat, and has a beard. He is pointing to the chalkboard with a white chalk in his hand.  In the foreground, there are four students sitting in rows of desks. The students are all wearing white lab coats and have brown hair. The students are attentively looking towards the teacher and the chalkboard.  The style of the image is cartoonish, with a limited color palette that includes shades of brown, white, and black. There is no visible text in the image. The image is designed to convey a sense of a science or mathematics lesson in progress.	93059255336.png	The image depicts a whimsical scene with a large open book as the central focus. The book is open, revealing a vibrant scene within its pages. On the left page, there are three cartoon-style children with exaggerated features, each engaged in a different activity. The child on the left is holding a carrot, the middle child is holding a book, and the child on the right is holding a flower. Above them, there are small, colorful creatures that resemble bees or butterflies.  The right page of the book shows a tree with a small house at its base, where a child is peeking out. The tree is surrounded by various plants and flowers, and there are more of the small creatures flying around. The book's spine is visible and is colored orange, contrasting with the white background of the image. The overall style of the image is illustrative and playful, with a clear emphasis on fantasy and imagination.	26354443757.png	The image shows a book with a textured cover that appears to be a combination of orange and black, resting on a wooden surface. The book is open, revealing a page with visible text, although the text is not legible in the image. The wooden surface has a natural grain pattern and is slightly worn, indicating it might be an old or well-used piece of furniture. The background is plain and white, which contrasts with the book and the wooden surface, making them the focal point of the image. The style of the image is illustrative, with a realistic yet stylized appearance.	55455287290.png	The image shows a large, ornate book with a textured orange cover. The book is secured with a metal lock and a matching metal buckle. The lock is positioned on the left side of the book, and the buckle is on the right. The book appears to be a hardcover edition, and the cover has a distressed look with visible stitching. There is no visible text on the book or in the image. The style of the image is a realistic 3D rendering with a focus on the book and its details.	25425668720.png	The image is a digital illustration depicting a group of four people in a classroom setting. On the left, there is a woman sitting in an orange chair, wearing a black dress and black shoes. She has dark hair and is looking to the right with a neutral expression. Above her head are three speech bubbles, each containing a different color: orange, yellow, and blue.  In front of her, there are three men seated in orange chairs. The man on the left is wearing a brown shirt and black shoes, looking to the right with a slight frown. The man in the middle is wearing a gray shirt and black shoes, looking straight ahead with a neutral expression. The man on the right is wearing a white shirt and black shoes, looking to the left with a neutral expression.  The background is plain white, emphasizing the subjects. There is no visible text in the image. The style of the illustration is cartoonish with a limited color palette, and it appears to be designed to convey a sense of a group discussion or meeting.
დახურული წიგნი	ყოველი გენიალური წიგნი, ფილმი, რომელშიც ჩვენი პიროვნების წილი არაფერია, დახურული წიგნი და შეწყვეტილი ფილმია.		93059255336.png	The image depicts a whimsical scene with a large open book as the central focus. The book is open, revealing a vibrant scene within its pages. On the left page, there are three cartoon-style children with exaggerated features, each engaged in a different activity. The child on the left is holding a carrot, the middle child is holding a book, and the child on the right is holding a flower. Above them, there are small, colorful creatures that resemble bees or butterflies.  The right page of the book shows a tree with a small house at its base, where a child is peeking out. The tree is surrounded by various plants and flowers, and there are more of the small creatures flying around. The book's spine is visible and is colored orange, contrasting with the white background of the image. The overall style of the image is illustrative and playful, with a clear emphasis on fantasy and imagination.	25425668720.png	The image is a digital illustration depicting a group of four people in a classroom setting. On the left, there is a woman sitting in an orange chair, wearing a black dress and black shoes. She has dark hair and is looking to the right with a neutral expression. Above her head are three speech bubbles, each containing a different color: orange, yellow, and blue.  In front of her, there are three men seated in orange chairs. The man on the left is wearing a brown shirt and black shoes, looking to the right with a slight frown. The man in the middle is wearing a gray shirt and black shoes, looking straight ahead with a neutral expression. The man on the right is wearing a white shirt and black shoes, looking to the left with a neutral expression.  The background is plain white, emphasizing the subjects. There is no visible text in the image. The style of the illustration is cartoonish with a limited color palette, and it appears to be designed to convey a sense of a group discussion or meeting.	26354443757.png	The image shows a book with a textured cover that appears to be a combination of orange and black, resting on a wooden surface. The book is open, revealing a page with visible text, although the text is not legible in the image. The wooden surface has a natural grain pattern and is slightly worn, indicating it might be an old or well-used piece of furniture. The background is plain and white, which contrasts with the book and the wooden surface, making them the focal point of the image. The style of the image is illustrative, with a realistic yet stylized appearance.	55455287290.png	The image shows a large, ornate book with a textured orange cover. The book is secured with a metal lock and a matching metal buckle. The lock is positioned on the left side of the book, and the buckle is on the right. The book appears to be a hardcover edition, and the cover has a distressed look with visible stitching. There is no visible text on the book or in the image. The style of the image is a realistic 3D rendering with a focus on the book and its details.	87862811605.png	The image depicts an animated scene of a classroom setting. At the front of the room, there is a teacher standing behind a chalkboard filled with mathematical equations. The teacher is wearing glasses, a white lab coat, and has a beard. He is pointing to the chalkboard with a white chalk in his hand.  In the foreground, there are four students sitting in rows of desks. The students are all wearing white lab coats and have brown hair. The students are attentively looking towards the teacher and the chalkboard.  The style of the image is cartoonish, with a limited color palette that includes shades of brown, white, and black. There is no visible text in the image. The image is designed to convey a sense of a science or mathematics lesson in progress.
მეცხრე ცა	შემიძლია ვთქვა, რომ სწორედ აქ გარდაიხსნა ჩემში პირადი მეცხრე ცა და ათვლა დაიწყო ცხოვრების სრულიად ახალმა ეტაპმა.		97694030865.png	The image depicts a dramatic and dynamic scene of a stormy sky. The sky is filled with large, dark clouds that are illuminated from within by bright orange and yellow lightning bolts. The clouds are dense and appear to be in motion, with some parts of the clouds appearing to be breaking apart or dissipating. The lightning bolts are depicted with a sense of motion, suggesting they are striking downward. The overall color palette of the image is dark, with the bright lightning bolts standing out against the darker clouds and sky. There is no visible text in the image. The style of the image is illustrative, with a focus on dramatic lighting and a sense of movement.	65809615279.png	The image features a cartoon illustration of a young boy with brown hair and a wide smile. He is holding a large black gift box with a bright orange ribbon. The boy is wearing a brown jacket with a hood and a patterned shirt. The background is plain white.	18822569341.png	The image is a digital illustration depicting a bride and groom at a wedding. The bride is wearing a white wedding dress with a veil and a floral headpiece. She is smiling and appears to be in mid-motion, possibly dancing or walking. The groom is dressed in a dark suit with a white shirt and a black tie. He is also smiling and is holding the bride's hand.  The background is blurred, emphasizing the couple in the foreground. There are small, orange heart shapes scattered throughout the image, which could be interpreted as confetti or decorative elements. The overall style of the image is romantic and celebratory, capturing a moment of joy and celebration.	70979168758.png	The image depicts a person lying on a cloud, with their head resting on their hands. The person is wearing an orange outfit. The background features a large, glowing moon with stars around it, suggesting a nighttime setting. The clouds are fluffy and white, and the overall style of the image is illustrative with a soft, pastel color palette.	92728389060.png	The image depicts a stylized, colorful sky with a gradient of colors from dark to light, suggesting either dawn or dusk. The sky is composed of various cloud formations in shades of white, gray, orange, and yellow, with some clouds appearing fluffy and others more wispy. The clouds are layered and overlap each other, creating a sense of depth. In the center of the image, there is a large, bright orange sun or moon, which is the focal point of the composition. The overall style of the image is illustrative and appears to be digitally rendered. There is no visible text in the image.
მეცხრე ცა	აქ ჩამერთო მეექვსე გრძნობა ,თუ “მეცხრე ცა “ და ელვისსისწრაფით ამოვყავი თავი გლდანში.		97694030865.png	The image depicts a dramatic and dynamic scene of a stormy sky. The sky is filled with large, dark clouds that are illuminated from within by bright orange and yellow lightning bolts. The clouds are dense and appear to be in motion, with some parts of the clouds appearing to be breaking apart or dissipating. The lightning bolts are depicted with a sense of motion, suggesting they are striking downward. The overall color palette of the image is dark, with the bright lightning bolts standing out against the darker clouds and sky. There is no visible text in the image. The style of the image is illustrative, with a focus on dramatic lighting and a sense of movement.	65809615279.png	The image features a cartoon illustration of a young boy with brown hair and a wide smile. He is holding a large black gift box with a bright orange ribbon. The boy is wearing a brown jacket with a hood and a patterned shirt. The background is plain white.	18822569341.png	The image is a digital illustration depicting a bride and groom at a wedding. The bride is wearing a white wedding dress with a veil and a floral headpiece. She is smiling and appears to be in mid-motion, possibly dancing or walking. The groom is dressed in a dark suit with a white shirt and a black tie. He is also smiling and is holding the bride's hand.  The background is blurred, emphasizing the couple in the foreground. There are small, orange heart shapes scattered throughout the image, which could be interpreted as confetti or decorative elements. The overall style of the image is romantic and celebratory, capturing a moment of joy and celebration.	70979168758.png	The image depicts a person lying on a cloud, with their head resting on their hands. The person is wearing an orange outfit. The background features a large, glowing moon with stars around it, suggesting a nighttime setting. The clouds are fluffy and white, and the overall style of the image is illustrative with a soft, pastel color palette.	92728389060.png	The image depicts a stylized, colorful sky with a gradient of colors from dark to light, suggesting either dawn or dusk. The sky is composed of various cloud formations in shades of white, gray, orange, and yellow, with some clouds appearing fluffy and others more wispy. The clouds are layered and overlap each other, creating a sense of depth. In the center of the image, there is a large, bright orange sun or moon, which is the focal point of the composition. The overall style of the image is illustrative and appears to be digitally rendered. There is no visible text in the image.
მეცხრე ცა	გამოთქმული, რომ, შესაძლებელია, აქ იგულისხმებოდეს არა მეცხრე ცა, არამედ ცხრა ცა.		70979168758.png	The image depicts a person lying on a cloud, with their head resting on their hands. The person is wearing an orange outfit. The background features a large, glowing moon with stars around it, suggesting a nighttime setting. The clouds are fluffy and white, and the overall style of the image is illustrative with a soft, pastel color palette.	65809615279.png	The image features a cartoon illustration of a young boy with brown hair and a wide smile. He is holding a large black gift box with a bright orange ribbon. The boy is wearing a brown jacket with a hood and a patterned shirt. The background is plain white.	18822569341.png	The image is a digital illustration depicting a bride and groom at a wedding. The bride is wearing a white wedding dress with a veil and a floral headpiece. She is smiling and appears to be in mid-motion, possibly dancing or walking. The groom is dressed in a dark suit with a white shirt and a black tie. He is also smiling and is holding the bride's hand.  The background is blurred, emphasizing the couple in the foreground. There are small, orange heart shapes scattered throughout the image, which could be interpreted as confetti or decorative elements. The overall style of the image is romantic and celebratory, capturing a moment of joy and celebration.	92728389060.png	The image depicts a stylized, colorful sky with a gradient of colors from dark to light, suggesting either dawn or dusk. The sky is composed of various cloud formations in shades of white, gray, orange, and yellow, with some clouds appearing fluffy and others more wispy. The clouds are layered and overlap each other, creating a sense of depth. In the center of the image, there is a large, bright orange sun or moon, which is the focal point of the composition. The overall style of the image is illustrative and appears to be digitally rendered. There is no visible text in the image.	97694030865.png	The image depicts a dramatic and dynamic scene of a stormy sky. The sky is filled with large, dark clouds that are illuminated from within by bright orange and yellow lightning bolts. The clouds are dense and appear to be in motion, with some parts of the clouds appearing to be breaking apart or dissipating. The lightning bolts are depicted with a sense of motion, suggesting they are striking downward. The overall color palette of the image is dark, with the bright lightning bolts standing out against the darker clouds and sky. There is no visible text in the image. The style of the image is illustrative, with a focus on dramatic lighting and a sense of movement.
მეცხრე ცა	გაბრწყინდა მეცხრე ცა, განათდა იკანკლედი, ზოდიაქოები ერთმანეთში აირივნენ და ამ ქაოსიდან მისი სახე გამოინაკვთა, ლამაზი პროფილით, გრძელი, სწორი თმით, თმაში შროშანებით, ხელში ცისკრის ვარსკვლავი ეჭირა და შიშველ ტერფებთან თეთრი კურდღლები დაუხტოდნენ.		97694030865.png	The image depicts a dramatic and dynamic scene of a stormy sky. The sky is filled with large, dark clouds that are illuminated from within by bright orange and yellow lightning bolts. The clouds are dense and appear to be in motion, with some parts of the clouds appearing to be breaking apart or dissipating. The lightning bolts are depicted with a sense of motion, suggesting they are striking downward. The overall color palette of the image is dark, with the bright lightning bolts standing out against the darker clouds and sky. There is no visible text in the image. The style of the image is illustrative, with a focus on dramatic lighting and a sense of movement.	92728389060.png	The image depicts a stylized, colorful sky with a gradient of colors from dark to light, suggesting either dawn or dusk. The sky is composed of various cloud formations in shades of white, gray, orange, and yellow, with some clouds appearing fluffy and others more wispy. The clouds are layered and overlap each other, creating a sense of depth. In the center of the image, there is a large, bright orange sun or moon, which is the focal point of the composition. The overall style of the image is illustrative and appears to be digitally rendered. There is no visible text in the image.	70979168758.png	The image depicts a person lying on a cloud, with their head resting on their hands. The person is wearing an orange outfit. The background features a large, glowing moon with stars around it, suggesting a nighttime setting. The clouds are fluffy and white, and the overall style of the image is illustrative with a soft, pastel color palette.	65809615279.png	The image features a cartoon illustration of a young boy with brown hair and a wide smile. He is holding a large black gift box with a bright orange ribbon. The boy is wearing a brown jacket with a hood and a patterned shirt. The background is plain white.	18822569341.png	The image is a digital illustration depicting a bride and groom at a wedding. The bride is wearing a white wedding dress with a veil and a floral headpiece. She is smiling and appears to be in mid-motion, possibly dancing or walking. The groom is dressed in a dark suit with a white shirt and a black tie. He is also smiling and is holding the bride's hand.  The background is blurred, emphasizing the couple in the foreground. There are small, orange heart shapes scattered throughout the image, which could be interpreted as confetti or decorative elements. The overall style of the image is romantic and celebratory, capturing a moment of joy and celebration.
ცივი ნუგეში	მაგრამ გულს ისრად ესობოდა ცივი ნუგეში და იკუმშებოდა დალახვრული.		13230523377.png	The image shows a glass mug filled with a golden-orange liquid, presumably tea, with a handle on the right side. The mug is placed on a surface that appears to be covered with a layer of white powder, which could be sugar or a similar substance. Snowflakes are falling onto the mug and the powder, creating a whimsical or wintry scene. The background is a plain, light color, providing a neutral backdrop that contrasts with the warm tones of the mug and the snowflakes. There is no visible text in the image. The style of the image is illustrative, with a focus on a realistic depiction of the objects and their interaction with the snowflakes.	88914022828.png	The image depicts an animated scene with a young boy lying on a hospital bed. He appears to be in a state of distress or discomfort, with a worried expression on his face. The boy is covered with an orange blanket, and there is a small amount of blood visible on the blanket. A hand is reaching towards the boy, holding a small vial with a yellow liquid, which could be interpreted as a medication or a medical treatment. The setting suggests a medical environment, and the overall tone of the image is one of concern or care.	88343564263.png	The image depicts two animated characters, a boy and a girl, in a warm embrace. The boy is on the left, wearing an orange dress with a black backpack, and the girl is on the right, dressed in a yellow top and a brown skirt. Both characters have brown hair and are smiling. The background is plain white.	94158667147.png	The image is a digital illustration depicting two animated female characters sitting on a couch. The character on the left has dark hair tied in a bun, is wearing an orange top, and is holding a glass of water. She appears to be crying or upset. The character on the right has brown hair in a bun, is wearing a green top, and is holding a tissue to her nose, suggesting she is crying or has been crying. Both characters are looking at each other with expressions of concern or sadness.  The couch they are sitting on is adorned with a variety of decorative items, including a yellow cushion, a vase with orange flowers, and a small potted plant. There is a watering can on the floor next to the couch. In the background, there is a small table with a vase of flowers and a small plant.  There is no visible text in the image. The style of the illustration is cartoonish and appears to be designed for a casual, empathetic audience, possibly for a story or a social media post.	89964963721.png	The image depicts a cartoon of an elderly man with a beard and mustache, wearing a black beanie with a yellow button, a brown coat, and brown boots. He is sitting on the ground with his legs crossed, holding a yellow coin in his hand. Next to him is a black bag. The man appears to be looking down at the coin. There is no visible text in the image.
ცივი ნუგეში	მაგრამ გულს ისრად ესობოდა ცივი ნუგეში და იკუმშებოდა დალახვრული.		94158667147.png	The image is a digital illustration depicting two animated female characters sitting on a couch. The character on the left has dark hair tied in a bun, is wearing an orange top, and is holding a glass of water. She appears to be crying or upset. The character on the right has brown hair in a bun, is wearing a green top, and is holding a tissue to her nose, suggesting she is crying or has been crying. Both characters are looking at each other with expressions of concern or sadness.  The couch they are sitting on is adorned with a variety of decorative items, including a yellow cushion, a vase with orange flowers, and a small potted plant. There is a watering can on the floor next to the couch. In the background, there is a small table with a vase of flowers and a small plant.  There is no visible text in the image. The style of the illustration is cartoonish and appears to be designed for a casual, empathetic audience, possibly for a story or a social media post.	88914022828.png	The image depicts an animated scene with a young boy lying on a hospital bed. He appears to be in a state of distress or discomfort, with a worried expression on his face. The boy is covered with an orange blanket, and there is a small amount of blood visible on the blanket. A hand is reaching towards the boy, holding a small vial with a yellow liquid, which could be interpreted as a medication or a medical treatment. The setting suggests a medical environment, and the overall tone of the image is one of concern or care.	13230523377.png	The image shows a glass mug filled with a golden-orange liquid, presumably tea, with a handle on the right side. The mug is placed on a surface that appears to be covered with a layer of white powder, which could be sugar or a similar substance. Snowflakes are falling onto the mug and the powder, creating a whimsical or wintry scene. The background is a plain, light color, providing a neutral backdrop that contrasts with the warm tones of the mug and the snowflakes. There is no visible text in the image. The style of the image is illustrative, with a focus on a realistic depiction of the objects and their interaction with the snowflakes.	88343564263.png	The image depicts two animated characters, a boy and a girl, in a warm embrace. The boy is on the left, wearing an orange dress with a black backpack, and the girl is on the right, dressed in a yellow top and a brown skirt. Both characters have brown hair and are smiling. The background is plain white.	89964963721.png	The image depicts a cartoon of an elderly man with a beard and mustache, wearing a black beanie with a yellow button, a brown coat, and brown boots. He is sitting on the ground with his legs crossed, holding a yellow coin in his hand. Next to him is a black bag. The man appears to be looking down at the coin. There is no visible text in the image.
ცივი ნუგეში	ცივი ნუგეში იყო, როდესაც რამდენიმე თვის შემდეგ, მასშტაბური კვლევა დაადასტურა ჩემმა ჩვენებამ და სამთავრობო უწყებებმა სტეროიდები COVID-19 პაციენტების მკურნალობის სტანდარტულ პროგრამებს დაამატეს.		94158667147.png	The image is a digital illustration depicting two animated female characters sitting on a couch. The character on the left has dark hair tied in a bun, is wearing an orange top, and is holding a glass of water. She appears to be crying or upset. The character on the right has brown hair in a bun, is wearing a green top, and is holding a tissue to her nose, suggesting she is crying or has been crying. Both characters are looking at each other with expressions of concern or sadness.  The couch they are sitting on is adorned with a variety of decorative items, including a yellow cushion, a vase with orange flowers, and a small potted plant. There is a watering can on the floor next to the couch. In the background, there is a small table with a vase of flowers and a small plant.  There is no visible text in the image. The style of the illustration is cartoonish and appears to be designed for a casual, empathetic audience, possibly for a story or a social media post.	13230523377.png	The image shows a glass mug filled with a golden-orange liquid, presumably tea, with a handle on the right side. The mug is placed on a surface that appears to be covered with a layer of white powder, which could be sugar or a similar substance. Snowflakes are falling onto the mug and the powder, creating a whimsical or wintry scene. The background is a plain, light color, providing a neutral backdrop that contrasts with the warm tones of the mug and the snowflakes. There is no visible text in the image. The style of the image is illustrative, with a focus on a realistic depiction of the objects and their interaction with the snowflakes.	89964963721.png	The image depicts a cartoon of an elderly man with a beard and mustache, wearing a black beanie with a yellow button, a brown coat, and brown boots. He is sitting on the ground with his legs crossed, holding a yellow coin in his hand. Next to him is a black bag. The man appears to be looking down at the coin. There is no visible text in the image.	88914022828.png	The image depicts an animated scene with a young boy lying on a hospital bed. He appears to be in a state of distress or discomfort, with a worried expression on his face. The boy is covered with an orange blanket, and there is a small amount of blood visible on the blanket. A hand is reaching towards the boy, holding a small vial with a yellow liquid, which could be interpreted as a medication or a medical treatment. The setting suggests a medical environment, and the overall tone of the image is one of concern or care.	88343564263.png	The image depicts two animated characters, a boy and a girl, in a warm embrace. The boy is on the left, wearing an orange dress with a black backpack, and the girl is on the right, dressed in a yellow top and a brown skirt. Both characters have brown hair and are smiling. The background is plain white.
ცივი ნუგეში	ცივი ნუგეშივით იყო ნაპოვნი გასაღები.		88343564263.png	The image depicts two animated characters, a boy and a girl, in a warm embrace. The boy is on the left, wearing an orange dress with a black backpack, and the girl is on the right, dressed in a yellow top and a brown skirt. Both characters have brown hair and are smiling. The background is plain white.	88914022828.png	The image depicts an animated scene with a young boy lying on a hospital bed. He appears to be in a state of distress or discomfort, with a worried expression on his face. The boy is covered with an orange blanket, and there is a small amount of blood visible on the blanket. A hand is reaching towards the boy, holding a small vial with a yellow liquid, which could be interpreted as a medication or a medical treatment. The setting suggests a medical environment, and the overall tone of the image is one of concern or care.	94158667147.png	The image is a digital illustration depicting two animated female characters sitting on a couch. The character on the left has dark hair tied in a bun, is wearing an orange top, and is holding a glass of water. She appears to be crying or upset. The character on the right has brown hair in a bun, is wearing a green top, and is holding a tissue to her nose, suggesting she is crying or has been crying. Both characters are looking at each other with expressions of concern or sadness.  The couch they are sitting on is adorned with a variety of decorative items, including a yellow cushion, a vase with orange flowers, and a small potted plant. There is a watering can on the floor next to the couch. In the background, there is a small table with a vase of flowers and a small plant.  There is no visible text in the image. The style of the illustration is cartoonish and appears to be designed for a casual, empathetic audience, possibly for a story or a social media post.	13230523377.png	The image shows a glass mug filled with a golden-orange liquid, presumably tea, with a handle on the right side. The mug is placed on a surface that appears to be covered with a layer of white powder, which could be sugar or a similar substance. Snowflakes are falling onto the mug and the powder, creating a whimsical or wintry scene. The background is a plain, light color, providing a neutral backdrop that contrasts with the warm tones of the mug and the snowflakes. There is no visible text in the image. The style of the image is illustrative, with a focus on a realistic depiction of the objects and their interaction with the snowflakes.	89964963721.png	The image depicts a cartoon of an elderly man with a beard and mustache, wearing a black beanie with a yellow button, a brown coat, and brown boots. He is sitting on the ground with his legs crossed, holding a yellow coin in his hand. Next to him is a black bag. The man appears to be looking down at the coin. There is no visible text in the image.
ცივი შხაპი	“ძალიან ცივი შხაპი მიიღეს” გერმანიის ელჩზე “ორკესტრირებული თავდასხმის” გამო.		31918505110.png	The image depicts a hand reaching towards a brown cardboard box. Above the box, there is a gift box with a ribbon tied in a bow. The ribbon has a pattern of white flowers on it. The background is plain and light-colored, providing a clear contrast to the objects. The style of the image is illustrative, with a flat design that suggests a digital or graphic medium.	19529494615.png	The image depicts an animated scene of a person lying in a bathtub filled with orange bubbles. The person has dark hair and is looking upwards with a relaxed expression. The bathtub is placed on a tiled floor, and there is a wooden stool with a soap dispenser and a glass of water next to it. The style of the image is cartoonish with a limited color palette.	66722941132.png	The image depicts an illustration of a shower head with water droplets falling from it. The shower head is orange with a black base and a gray handle. It is connected to a pipe with a valve and a faucet. The pipe is topped with a white towel hanging from a hook. The shower head is situated above a puddle of water on the ground, and there is a small green plant growing in the puddle. The background is a plain, light gray color. There is no visible text in the image.	99827147823.png	The image depicts a stylized, animated character resembling a middle-aged man with gray hair and a mustache. He is wearing glasses, a light-colored shirt, and dark pants. The character is standing next to a black film camera with orange film rolls. The camera is mounted on a tripod and has a viewfinder on the side. The character is looking directly at the camera with a neutral expression. There is no visible text in the image. The style of the image is cartoonish with a focus on clean lines and a limited color palette.	64162426781.png	The image is a digital illustration featuring two animated characters. On the left, there is a young boy with curly hair, wearing a yellow sweatshirt, black pants, and orange sneakers. He is carrying a black backpack with a yellow strap. The boy is holding an orange folder with a white label and a black strap.  On the right, there is an adult male with curly hair, wearing a black turtleneck sweater, black pants, and black shoes. He is sitting at a desk with a computer monitor and a stack of books. The man is wearing a face mask and has a concerned expression.  The characters appear to be engaged in a conversation, with the boy presenting the folder to the man, who is listening attentively. The setting suggests an indoor environment, possibly an office or a school. There is no visible text in the image.
ცივი შხაპი	როგორც მან თქვა, თამაშის ბოლოს ცივი შხაპი მიიღეს, მაგრამ გამარჯვებაში დარწმუნებული იყვნენ.		19529494615.png	The image depicts an animated scene of a person lying in a bathtub filled with orange bubbles. The person has dark hair and is looking upwards with a relaxed expression. The bathtub is placed on a tiled floor, and there is a wooden stool with a soap dispenser and a glass of water next to it. The style of the image is cartoonish with a limited color palette.	99827147823.png	The image depicts a stylized, animated character resembling a middle-aged man with gray hair and a mustache. He is wearing glasses, a light-colored shirt, and dark pants. The character is standing next to a black film camera with orange film rolls. The camera is mounted on a tripod and has a viewfinder on the side. The character is looking directly at the camera with a neutral expression. There is no visible text in the image. The style of the image is cartoonish with a focus on clean lines and a limited color palette.	64162426781.png	The image is a digital illustration featuring two animated characters. On the left, there is a young boy with curly hair, wearing a yellow sweatshirt, black pants, and orange sneakers. He is carrying a black backpack with a yellow strap. The boy is holding an orange folder with a white label and a black strap.  On the right, there is an adult male with curly hair, wearing a black turtleneck sweater, black pants, and black shoes. He is sitting at a desk with a computer monitor and a stack of books. The man is wearing a face mask and has a concerned expression.  The characters appear to be engaged in a conversation, with the boy presenting the folder to the man, who is listening attentively. The setting suggests an indoor environment, possibly an office or a school. There is no visible text in the image.	66722941132.png	The image depicts an illustration of a shower head with water droplets falling from it. The shower head is orange with a black base and a gray handle. It is connected to a pipe with a valve and a faucet. The pipe is topped with a white towel hanging from a hook. The shower head is situated above a puddle of water on the ground, and there is a small green plant growing in the puddle. The background is a plain, light gray color. There is no visible text in the image.	31918505110.png	The image depicts a hand reaching towards a brown cardboard box. Above the box, there is a gift box with a ribbon tied in a bow. The ribbon has a pattern of white flowers on it. The background is plain and light-colored, providing a clear contrast to the objects. The style of the image is illustrative, with a flat design that suggests a digital or graphic medium.
ცივი შხაპი	ერთი ბოლოდროინდელი კვლევა, რომელშიც რამდენიმე ფიტნეს ენთუზიასტი მონაწილეობდა, ცივი შხაპის გავლენის შესწავლას მიეძღვნა.		66722941132.png	The image depicts an illustration of a shower head with water droplets falling from it. The shower head is orange with a black base and a gray handle. It is connected to a pipe with a valve and a faucet. The pipe is topped with a white towel hanging from a hook. The shower head is situated above a puddle of water on the ground, and there is a small green plant growing in the puddle. The background is a plain, light gray color. There is no visible text in the image.	64162426781.png	The image is a digital illustration featuring two animated characters. On the left, there is a young boy with curly hair, wearing a yellow sweatshirt, black pants, and orange sneakers. He is carrying a black backpack with a yellow strap. The boy is holding an orange folder with a white label and a black strap.  On the right, there is an adult male with curly hair, wearing a black turtleneck sweater, black pants, and black shoes. He is sitting at a desk with a computer monitor and a stack of books. The man is wearing a face mask and has a concerned expression.  The characters appear to be engaged in a conversation, with the boy presenting the folder to the man, who is listening attentively. The setting suggests an indoor environment, possibly an office or a school. There is no visible text in the image.	99827147823.png	The image depicts a stylized, animated character resembling a middle-aged man with gray hair and a mustache. He is wearing glasses, a light-colored shirt, and dark pants. The character is standing next to a black film camera with orange film rolls. The camera is mounted on a tripod and has a viewfinder on the side. The character is looking directly at the camera with a neutral expression. There is no visible text in the image. The style of the image is cartoonish with a focus on clean lines and a limited color palette.	31918505110.png	The image depicts a hand reaching towards a brown cardboard box. Above the box, there is a gift box with a ribbon tied in a bow. The ribbon has a pattern of white flowers on it. The background is plain and light-colored, providing a clear contrast to the objects. The style of the image is illustrative, with a flat design that suggests a digital or graphic medium.	19529494615.png	The image depicts an animated scene of a person lying in a bathtub filled with orange bubbles. The person has dark hair and is looking upwards with a relaxed expression. The bathtub is placed on a tiled floor, and there is a wooden stool with a soap dispenser and a glass of water next to it. The style of the image is cartoonish with a limited color palette.
ცივი შხაპი	ცივი შხაპი შესაძლოა არ იყოს კარგი იდეა, თუკი სხეული გადაცივებულია.		31918505110.png	The image depicts a hand reaching towards a brown cardboard box. Above the box, there is a gift box with a ribbon tied in a bow. The ribbon has a pattern of white flowers on it. The background is plain and light-colored, providing a clear contrast to the objects. The style of the image is illustrative, with a flat design that suggests a digital or graphic medium.	19529494615.png	The image depicts an animated scene of a person lying in a bathtub filled with orange bubbles. The person has dark hair and is looking upwards with a relaxed expression. The bathtub is placed on a tiled floor, and there is a wooden stool with a soap dispenser and a glass of water next to it. The style of the image is cartoonish with a limited color palette.	64162426781.png	The image is a digital illustration featuring two animated characters. On the left, there is a young boy with curly hair, wearing a yellow sweatshirt, black pants, and orange sneakers. He is carrying a black backpack with a yellow strap. The boy is holding an orange folder with a white label and a black strap.  On the right, there is an adult male with curly hair, wearing a black turtleneck sweater, black pants, and black shoes. He is sitting at a desk with a computer monitor and a stack of books. The man is wearing a face mask and has a concerned expression.  The characters appear to be engaged in a conversation, with the boy presenting the folder to the man, who is listening attentively. The setting suggests an indoor environment, possibly an office or a school. There is no visible text in the image.	66722941132.png	The image depicts an illustration of a shower head with water droplets falling from it. The shower head is orange with a black base and a gray handle. It is connected to a pipe with a valve and a faucet. The pipe is topped with a white towel hanging from a hook. The shower head is situated above a puddle of water on the ground, and there is a small green plant growing in the puddle. The background is a plain, light gray color. There is no visible text in the image.	99827147823.png	The image depicts a stylized, animated character resembling a middle-aged man with gray hair and a mustache. He is wearing glasses, a light-colored shirt, and dark pants. The character is standing next to a black film camera with orange film rolls. The camera is mounted on a tripod and has a viewfinder on the side. The character is looking directly at the camera with a neutral expression. There is no visible text in the image. The style of the image is cartoonish with a focus on clean lines and a limited color palette.
