compound	sentence	expected_order	image1_name	image1_caption	image2_name	image2_caption	image3_name	image3_caption	image4_name	image4_caption	image5_name	image5_caption
manzana podrida	"Feijóo convoca una concentración contra Sánchez: ""Es la manzana podrida"""		58496175528.png	The image depicts an animated character, a young boy with curly hair, wearing an orange shirt with a black collar. He is holding a bowl of ice cream with a spoon in his mouth, suggesting he is eating the ice cream. The boy has a surprised or excited expression on his face. The ice cream appears to be a vanilla base with chocolate chips. The background is plain white, emphasizing the character and the ice cream. There is no visible text in the image.	67122883359.png	The image is a cartoon illustration featuring four animated characters. On the left, there is a woman with her mouth open, wearing a dress with a polka dot pattern. Next to her, a man with a beard and glasses is also with his mouth open, dressed in a suit. To the right of the man, there is another woman with her mouth open, wearing a black dress. The fourth character, a man with curly hair, is also with his mouth open, wearing an orange shirt. The characters appear to be in a state of surprise or shock. There is no visible text in the image.	70958151741.png	The image features a stylized, cartoon-like depiction of a sheep. The sheep has a large, fluffy body with black wool, and its face is orange with white markings around the eyes and a small, black nose. It has two ears, and its eyes are wide and appear to be looking directly at the viewer. The sheep's legs are not visible, and it is standing on a plain, light-colored background. There is no visible text in the image.	16280222952.png	The image features a stylized illustration of a sheep standing amidst a field of orange flowers. The sheep has a fluffy, black wool coat and is depicted with a friendly expression. The flowers are vibrant and appear to be poppies, with green stems and leaves. The background is a plain, light color, which contrasts with the sheep and flowers, making them the focal point of the image. There is no visible text in the image.	91488925796.png	The image is a digital illustration of a stylized male character with a surprised expression. He has dark skin, curly hair, and a beard. The character is wearing a black t-shirt with orange sleeves and a black watch on his left wrist. He is seated at a table with a wooden surface, and there are two orange cups with straws on the table. The background is white, and there are small orange stars scattered around the character. The style of the illustration is cartoonish with bold outlines and a limited color palette.
manzana podrida	El exjugador del Emelec, quien estuvo en el 2022 con el DT Ismael Rescalvo, se mandó una descarga sin anestesia: “Creo que al cuerpo técnico le faltó detectar la manzana podrida. Si estaba en mi decisión, sacaba medio camerino”. Y cuando dijo “manzana podrida” no hablaba de frutas o alimentos, quería decir que había uno o varias jugadores “malcriaditos”.		58496175528.png	The image depicts an animated character, a young boy with curly hair, wearing an orange shirt with a black collar. He is holding a bowl of ice cream with a spoon in his mouth, suggesting he is eating the ice cream. The boy has a surprised or excited expression on his face. The ice cream appears to be a vanilla base with chocolate chips. The background is plain white, emphasizing the character and the ice cream. There is no visible text in the image.	16280222952.png	The image features a stylized illustration of a sheep standing amidst a field of orange flowers. The sheep has a fluffy, black wool coat and is depicted with a friendly expression. The flowers are vibrant and appear to be poppies, with green stems and leaves. The background is a plain, light color, which contrasts with the sheep and flowers, making them the focal point of the image. There is no visible text in the image.	67122883359.png	The image is a cartoon illustration featuring four animated characters. On the left, there is a woman with her mouth open, wearing a dress with a polka dot pattern. Next to her, a man with a beard and glasses is also with his mouth open, dressed in a suit. To the right of the man, there is another woman with her mouth open, wearing a black dress. The fourth character, a man with curly hair, is also with his mouth open, wearing an orange shirt. The characters appear to be in a state of surprise or shock. There is no visible text in the image.	91488925796.png	The image is a digital illustration of a stylized male character with a surprised expression. He has dark skin, curly hair, and a beard. The character is wearing a black t-shirt with orange sleeves and a black watch on his left wrist. He is seated at a table with a wooden surface, and there are two orange cups with straws on the table. The background is white, and there are small orange stars scattered around the character. The style of the illustration is cartoonish with bold outlines and a limited color palette.	70958151741.png	The image features a stylized, cartoon-like depiction of a sheep. The sheep has a large, fluffy body with black wool, and its face is orange with white markings around the eyes and a small, black nose. It has two ears, and its eyes are wide and appear to be looking directly at the viewer. The sheep's legs are not visible, and it is standing on a plain, light-colored background. There is no visible text in the image.
manzana podrida	Si un vino joven tiene contacto excesivo con el oxígeno durante el trasvaso de un barril a otro o durante el embotellado, es muy posible que genere olor a manzana podrida o rancio, o incluso olor a manzanilla.		70958151741.png	The image features a stylized, cartoon-like depiction of a sheep. The sheep has a large, fluffy body with black wool, and its face is orange with white markings around the eyes and a small, black nose. It has two ears, and its eyes are wide and appear to be looking directly at the viewer. The sheep's legs are not visible, and it is standing on a plain, light-colored background. There is no visible text in the image.	67122883359.png	The image is a cartoon illustration featuring four animated characters. On the left, there is a woman with her mouth open, wearing a dress with a polka dot pattern. Next to her, a man with a beard and glasses is also with his mouth open, dressed in a suit. To the right of the man, there is another woman with her mouth open, wearing a black dress. The fourth character, a man with curly hair, is also with his mouth open, wearing an orange shirt. The characters appear to be in a state of surprise or shock. There is no visible text in the image.	16280222952.png	The image features a stylized illustration of a sheep standing amidst a field of orange flowers. The sheep has a fluffy, black wool coat and is depicted with a friendly expression. The flowers are vibrant and appear to be poppies, with green stems and leaves. The background is a plain, light color, which contrasts with the sheep and flowers, making them the focal point of the image. There is no visible text in the image.	58496175528.png	The image depicts an animated character, a young boy with curly hair, wearing an orange shirt with a black collar. He is holding a bowl of ice cream with a spoon in his mouth, suggesting he is eating the ice cream. The boy has a surprised or excited expression on his face. The ice cream appears to be a vanilla base with chocolate chips. The background is plain white, emphasizing the character and the ice cream. There is no visible text in the image.	91488925796.png	The image is a digital illustration of a stylized male character with a surprised expression. He has dark skin, curly hair, and a beard. The character is wearing a black t-shirt with orange sleeves and a black watch on his left wrist. He is seated at a table with a wooden surface, and there are two orange cups with straws on the table. The background is white, and there are small orange stars scattered around the character. The style of the illustration is cartoonish with bold outlines and a limited color palette.
manzana podrida	Manzana podrida: ¿Cómo identificarla a tiempo?		16280222952.png	The image features a stylized illustration of a sheep standing amidst a field of orange flowers. The sheep has a fluffy, black wool coat and is depicted with a friendly expression. The flowers are vibrant and appear to be poppies, with green stems and leaves. The background is a plain, light color, which contrasts with the sheep and flowers, making them the focal point of the image. There is no visible text in the image.	67122883359.png	The image is a cartoon illustration featuring four animated characters. On the left, there is a woman with her mouth open, wearing a dress with a polka dot pattern. Next to her, a man with a beard and glasses is also with his mouth open, dressed in a suit. To the right of the man, there is another woman with her mouth open, wearing a black dress. The fourth character, a man with curly hair, is also with his mouth open, wearing an orange shirt. The characters appear to be in a state of surprise or shock. There is no visible text in the image.	58496175528.png	The image depicts an animated character, a young boy with curly hair, wearing an orange shirt with a black collar. He is holding a bowl of ice cream with a spoon in his mouth, suggesting he is eating the ice cream. The boy has a surprised or excited expression on his face. The ice cream appears to be a vanilla base with chocolate chips. The background is plain white, emphasizing the character and the ice cream. There is no visible text in the image.	70958151741.png	The image features a stylized, cartoon-like depiction of a sheep. The sheep has a large, fluffy body with black wool, and its face is orange with white markings around the eyes and a small, black nose. It has two ears, and its eyes are wide and appear to be looking directly at the viewer. The sheep's legs are not visible, and it is standing on a plain, light-colored background. There is no visible text in the image.	91488925796.png	The image is a digital illustration of a stylized male character with a surprised expression. He has dark skin, curly hair, and a beard. The character is wearing a black t-shirt with orange sleeves and a black watch on his left wrist. He is seated at a table with a wooden surface, and there are two orange cups with straws on the table. The background is white, and there are small orange stars scattered around the character. The style of the illustration is cartoonish with bold outlines and a limited color palette.
pez gordo	Cuando llegó el nuevo director financiero, todos se dieron cuenta de que era un pez gordo: su opinión cambiaba el rumbo de toda la empresa.		17097553379.png	The image depicts an animated character, a young woman with brown hair styled in a bun, wearing an orange kimono. She is smiling and appears to be enjoying a meal. In her hands, she holds a pair of chopsticks with a piece of sushi on them. She is seated at a table with a black tray in front of her. On the tray, there are three sushi rolls, each with different toppings, and a small glass of orange juice. The background is plain white, emphasizing the subject. The style of the image is cartoonish and colorful, with a focus on the character and the food.	13714438734.png	The image depicts a stylized, cartoonish illustration of a large, orange fish with a spotted pattern, swimming above a bed of green plants and rocks. The fish has a prominent mouth and eyes, and its fins are visible. The plants and rocks are detailed, with some leaves and flowers visible. There are no texts present in the image. The style of the image is illustrative and appears to be designed for a digital medium, possibly for a game or an educational resource.	74294201265.png	The image features a cartoon of a young boy with brown hair, wearing a black jacket with an orange shirt underneath. He is holding a microphone and appears to be singing or speaking into it. The boy is smiling and has his hands on his hips. The background is plain white.	53236903118.png	The image depicts a cartoon illustration of a business meeting. At the center stands a man in a suit, gesturing with his hands, who appears to be leading the discussion. He is flanked by three other men, seated in chairs and attentively facing him. The setting is a conference table with a black surface, and the floor beneath is a warm orange color. The overall style is simplistic and colorful, with a focus on the characters and their interaction.	31737080046.png	The image depicts a stylized, cartoonish orange fish with a pattern of yellow spots, swimming in an aquarium. The fish is surrounded by green plants and rocks, suggesting a naturalistic underwater environment. The aquarium has a clear glass front and is placed on a wooden stand. There is no visible text in the image. The style of the image is illustrative and appears to be designed for a child-friendly audience.
pez gordo	Dicen que para conseguir ese contrato necesitas hablar con los peces gordos del municipio, porque solo ellos pueden aprobarlo.		74294201265.png	The image features a cartoon of a young boy with brown hair, wearing a black jacket with an orange shirt underneath. He is holding a microphone and appears to be singing or speaking into it. The boy is smiling and has his hands on his hips. The background is plain white.	17097553379.png	The image depicts an animated character, a young woman with brown hair styled in a bun, wearing an orange kimono. She is smiling and appears to be enjoying a meal. In her hands, she holds a pair of chopsticks with a piece of sushi on them. She is seated at a table with a black tray in front of her. On the tray, there are three sushi rolls, each with different toppings, and a small glass of orange juice. The background is plain white, emphasizing the subject. The style of the image is cartoonish and colorful, with a focus on the character and the food.	53236903118.png	The image depicts a cartoon illustration of a business meeting. At the center stands a man in a suit, gesturing with his hands, who appears to be leading the discussion. He is flanked by three other men, seated in chairs and attentively facing him. The setting is a conference table with a black surface, and the floor beneath is a warm orange color. The overall style is simplistic and colorful, with a focus on the characters and their interaction.	13714438734.png	The image depicts a stylized, cartoonish illustration of a large, orange fish with a spotted pattern, swimming above a bed of green plants and rocks. The fish has a prominent mouth and eyes, and its fins are visible. The plants and rocks are detailed, with some leaves and flowers visible. There are no texts present in the image. The style of the image is illustrative and appears to be designed for a digital medium, possibly for a game or an educational resource.	31737080046.png	The image depicts a stylized, cartoonish orange fish with a pattern of yellow spots, swimming in an aquarium. The fish is surrounded by green plants and rocks, suggesting a naturalistic underwater environment. The aquarium has a clear glass front and is placed on a wooden stand. There is no visible text in the image. The style of the image is illustrative and appears to be designed for a child-friendly audience.
pez gordo	El pescador mostró orgulloso un pez gordo que había sacado del río al amanecer.		17097553379.png	The image depicts an animated character, a young woman with brown hair styled in a bun, wearing an orange kimono. She is smiling and appears to be enjoying a meal. In her hands, she holds a pair of chopsticks with a piece of sushi on them. She is seated at a table with a black tray in front of her. On the tray, there are three sushi rolls, each with different toppings, and a small glass of orange juice. The background is plain white, emphasizing the subject. The style of the image is cartoonish and colorful, with a focus on the character and the food.	74294201265.png	The image features a cartoon of a young boy with brown hair, wearing a black jacket with an orange shirt underneath. He is holding a microphone and appears to be singing or speaking into it. The boy is smiling and has his hands on his hips. The background is plain white.	31737080046.png	The image depicts a stylized, cartoonish orange fish with a pattern of yellow spots, swimming in an aquarium. The fish is surrounded by green plants and rocks, suggesting a naturalistic underwater environment. The aquarium has a clear glass front and is placed on a wooden stand. There is no visible text in the image. The style of the image is illustrative and appears to be designed for a child-friendly audience.	13714438734.png	The image depicts a stylized, cartoonish illustration of a large, orange fish with a spotted pattern, swimming above a bed of green plants and rocks. The fish has a prominent mouth and eyes, and its fins are visible. The plants and rocks are detailed, with some leaves and flowers visible. There are no texts present in the image. The style of the image is illustrative and appears to be designed for a digital medium, possibly for a game or an educational resource.	53236903118.png	The image depicts a cartoon illustration of a business meeting. At the center stands a man in a suit, gesturing with his hands, who appears to be leading the discussion. He is flanked by three other men, seated in chairs and attentively facing him. The setting is a conference table with a black surface, and the floor beneath is a warm orange color. The overall style is simplistic and colorful, with a focus on the characters and their interaction.
pez gordo	En el acuario había un pez gordo que destacaba entre todos por su tamaño y colores brillantes.		17097553379.png	The image depicts an animated character, a young woman with brown hair styled in a bun, wearing an orange kimono. She is smiling and appears to be enjoying a meal. In her hands, she holds a pair of chopsticks with a piece of sushi on them. She is seated at a table with a black tray in front of her. On the tray, there are three sushi rolls, each with different toppings, and a small glass of orange juice. The background is plain white, emphasizing the subject. The style of the image is cartoonish and colorful, with a focus on the character and the food.	31737080046.png	The image depicts a stylized, cartoonish orange fish with a pattern of yellow spots, swimming in an aquarium. The fish is surrounded by green plants and rocks, suggesting a naturalistic underwater environment. The aquarium has a clear glass front and is placed on a wooden stand. There is no visible text in the image. The style of the image is illustrative and appears to be designed for a child-friendly audience.	13714438734.png	The image depicts a stylized, cartoonish illustration of a large, orange fish with a spotted pattern, swimming above a bed of green plants and rocks. The fish has a prominent mouth and eyes, and its fins are visible. The plants and rocks are detailed, with some leaves and flowers visible. There are no texts present in the image. The style of the image is illustrative and appears to be designed for a digital medium, possibly for a game or an educational resource.	74294201265.png	The image features a cartoon of a young boy with brown hair, wearing a black jacket with an orange shirt underneath. He is holding a microphone and appears to be singing or speaking into it. The boy is smiling and has his hands on his hips. The background is plain white.	53236903118.png	The image depicts a cartoon illustration of a business meeting. At the center stands a man in a suit, gesturing with his hands, who appears to be leading the discussion. He is flanked by three other men, seated in chairs and attentively facing him. The setting is a conference table with a black surface, and the floor beneath is a warm orange color. The overall style is simplistic and colorful, with a focus on the characters and their interaction.
caja negra	La caja negra de la Inteligencia Artificial se ha convertido en uno de los aspectos más controvertidos y comentados de este tipo de tecnología.		46201486120.png	The image shows a stylized illustration of a rectangular gift box with a prominent bow on top. The box is predominantly orange with a black ribbon tied around it. There are several small white dots scattered across the box's surface. The style of the illustration is cartoonish and appears to be digitally rendered. There is no visible text in the image.	15670151264.png	The image shows a three-dimensional illustration of a black and orange plastic container with a lid. The container has a rectangular shape with rounded corners and a flat bottom. The lid is open, revealing the interior of the container, which is also black and orange. The container appears to be designed for storage or organization purposes, with a simple, functional design. There is no visible text in the image.	36647846736.png	The image features a stylized, cartoon-like representation of a retro-futuristic electronic device. It has a predominantly black body with orange accents and a gray base. The device has a variety of buttons, knobs, and switches, some of which are labeled with symbols or text. There are two prominent eyes on the front, giving the device a friendly appearance. The design suggests a blend of vintage and modern technology, possibly inspired by early video game consoles or electronic equipment from the 1980s.	98539542083.png	The image depicts an illustration of an orange airplane with a large black suitcase strapped to its back. The suitcase has a brown leather handle and is adorned with gold stars. The airplane is flying against a white background with a few clouds scattered around. The airplane's wheels are down, indicating it is either taking off or landing. There is no visible text in the image. The style of the illustration is cartoonish and colorful.	22644849497.png	The image shows a stylized, cartoon-like representation of a black electronic device with a red switch on top. The device has a series of ports and connectors on its side, including a green and a yellow one. The background is plain white, emphasizing the device. There is no visible text in the image.
caja negra	Para muchos usuarios, el algoritmo es una caja negra: saben qué resultados da, pero no cómo funciona por dentro.		46201486120.png	The image shows a stylized illustration of a rectangular gift box with a prominent bow on top. The box is predominantly orange with a black ribbon tied around it. There are several small white dots scattered across the box's surface. The style of the illustration is cartoonish and appears to be digitally rendered. There is no visible text in the image.	98539542083.png	The image depicts an illustration of an orange airplane with a large black suitcase strapped to its back. The suitcase has a brown leather handle and is adorned with gold stars. The airplane is flying against a white background with a few clouds scattered around. The airplane's wheels are down, indicating it is either taking off or landing. There is no visible text in the image. The style of the illustration is cartoonish and colorful.	22644849497.png	The image shows a stylized, cartoon-like representation of a black electronic device with a red switch on top. The device has a series of ports and connectors on its side, including a green and a yellow one. The background is plain white, emphasizing the device. There is no visible text in the image.	36647846736.png	The image features a stylized, cartoon-like representation of a retro-futuristic electronic device. It has a predominantly black body with orange accents and a gray base. The device has a variety of buttons, knobs, and switches, some of which are labeled with symbols or text. There are two prominent eyes on the front, giving the device a friendly appearance. The design suggests a blend of vintage and modern technology, possibly inspired by early video game consoles or electronic equipment from the 1980s.	15670151264.png	The image shows a three-dimensional illustration of a black and orange plastic container with a lid. The container has a rectangular shape with rounded corners and a flat bottom. The lid is open, revealing the interior of the container, which is also black and orange. The container appears to be designed for storage or organization purposes, with a simple, functional design. There is no visible text in the image.
caja negra	Caja negra para regalo personalizada		22644849497.png	The image shows a stylized, cartoon-like representation of a black electronic device with a red switch on top. The device has a series of ports and connectors on its side, including a green and a yellow one. The background is plain white, emphasizing the device. There is no visible text in the image.	15670151264.png	The image shows a three-dimensional illustration of a black and orange plastic container with a lid. The container has a rectangular shape with rounded corners and a flat bottom. The lid is open, revealing the interior of the container, which is also black and orange. The container appears to be designed for storage or organization purposes, with a simple, functional design. There is no visible text in the image.	98539542083.png	The image depicts an illustration of an orange airplane with a large black suitcase strapped to its back. The suitcase has a brown leather handle and is adorned with gold stars. The airplane is flying against a white background with a few clouds scattered around. The airplane's wheels are down, indicating it is either taking off or landing. There is no visible text in the image. The style of the illustration is cartoonish and colorful.	46201486120.png	The image shows a stylized illustration of a rectangular gift box with a prominent bow on top. The box is predominantly orange with a black ribbon tied around it. There are several small white dots scattered across the box's surface. The style of the illustration is cartoonish and appears to be digitally rendered. There is no visible text in the image.	36647846736.png	The image features a stylized, cartoon-like representation of a retro-futuristic electronic device. It has a predominantly black body with orange accents and a gray base. The device has a variety of buttons, knobs, and switches, some of which are labeled with symbols or text. There are two prominent eyes on the front, giving the device a friendly appearance. The design suggests a blend of vintage and modern technology, possibly inspired by early video game consoles or electronic equipment from the 1980s.
caja negra	Caja negra con embalaje de regalo blanco de 8,5 x 8,5		22644849497.png	The image shows a stylized, cartoon-like representation of a black electronic device with a red switch on top. The device has a series of ports and connectors on its side, including a green and a yellow one. The background is plain white, emphasizing the device. There is no visible text in the image.	36647846736.png	The image features a stylized, cartoon-like representation of a retro-futuristic electronic device. It has a predominantly black body with orange accents and a gray base. The device has a variety of buttons, knobs, and switches, some of which are labeled with symbols or text. There are two prominent eyes on the front, giving the device a friendly appearance. The design suggests a blend of vintage and modern technology, possibly inspired by early video game consoles or electronic equipment from the 1980s.	98539542083.png	The image depicts an illustration of an orange airplane with a large black suitcase strapped to its back. The suitcase has a brown leather handle and is adorned with gold stars. The airplane is flying against a white background with a few clouds scattered around. The airplane's wheels are down, indicating it is either taking off or landing. There is no visible text in the image. The style of the illustration is cartoonish and colorful.	15670151264.png	The image shows a three-dimensional illustration of a black and orange plastic container with a lid. The container has a rectangular shape with rounded corners and a flat bottom. The lid is open, revealing the interior of the container, which is also black and orange. The container appears to be designed for storage or organization purposes, with a simple, functional design. There is no visible text in the image.	46201486120.png	The image shows a stylized illustration of a rectangular gift box with a prominent bow on top. The box is predominantly orange with a black ribbon tied around it. There are several small white dots scattered across the box's surface. The style of the illustration is cartoonish and appears to be digitally rendered. There is no visible text in the image.
ojo de gato	Diseño ojo de gato clásico, elegante y económico.		11254839968.png	The image features a stylized illustration of a bird's head. The bird has a prominent beak with a bright orange color, and its eyes are large and round, with a black iris and a yellow pupil. The bird's feathers appear soft and fluffy, with a mix of gray and white tones. The background is plain white, which contrasts with the bird's colors. There is no visible text in the image. The style of the illustration is cartoonish and appears to be designed for a friendly or whimsical appearance.	47127541955.png	The image features a stylized, cartoon-like depiction of an eye. The eye is predominantly orange with a reflective sheen, suggesting a glossy surface. The iris is a darker shade of brown, and the pupil is black. The eye is set against a transparent, white background that has a subtle checkered pattern, which is commonly used in graphic design to indicate transparency. There is no visible text in the image. The eye is the central object, and its position and size suggest it is the main focus of the image.	19060414910.png	The image shows a stylized illustration of a traffic light. The traffic light is predominantly orange with a reflective surface, suggesting a glass or plastic casing. It is mounted on a gray base with two orange cones on either side, indicating caution or a temporary setup. The background is plain white, emphasizing the traffic light as the central subject. There is no visible text in the image. The style of the illustration is cartoonish and simplistic, with smooth lines and flat colors.	86031627706.png	The image features a close-up of a cat's eye. The eye is large and has a striking orange and black coloration, with a black pupil and a reflective surface that suggests a glossy texture. The cat's fur is visible around the eye, with a pattern of brown and black spots. The background is plain white, which contrasts with the vivid colors of the cat's eye and fur. There is no visible text in the image.	86400212934.png	The image shows a close-up of an eye with a stylized, artistic representation. The eye has a prominent orange iris with a black pupil in the center. The iris is detailed with a textured pattern that resembles a sunset or a glittery surface. The pupil is surrounded by a black area that represents the black sclera. The eyelashes are depicted as thin, dark lines at the bottom of the image. There is no visible text in the image. The style of the image is illustrative and appears to be digitally created.
ojo de gato	Reductores de velocidad, como demarcadores (tachas u ojo de gato, bordillos montables, encauzadores), y otros.		11254839968.png	The image features a stylized illustration of a bird's head. The bird has a prominent beak with a bright orange color, and its eyes are large and round, with a black iris and a yellow pupil. The bird's feathers appear soft and fluffy, with a mix of gray and white tones. The background is plain white, which contrasts with the bird's colors. There is no visible text in the image. The style of the illustration is cartoonish and appears to be designed for a friendly or whimsical appearance.	47127541955.png	The image features a stylized, cartoon-like depiction of an eye. The eye is predominantly orange with a reflective sheen, suggesting a glossy surface. The iris is a darker shade of brown, and the pupil is black. The eye is set against a transparent, white background that has a subtle checkered pattern, which is commonly used in graphic design to indicate transparency. There is no visible text in the image. The eye is the central object, and its position and size suggest it is the main focus of the image.	19060414910.png	The image shows a stylized illustration of a traffic light. The traffic light is predominantly orange with a reflective surface, suggesting a glass or plastic casing. It is mounted on a gray base with two orange cones on either side, indicating caution or a temporary setup. The background is plain white, emphasizing the traffic light as the central subject. There is no visible text in the image. The style of the illustration is cartoonish and simplistic, with smooth lines and flat colors.	86400212934.png	The image shows a close-up of an eye with a stylized, artistic representation. The eye has a prominent orange iris with a black pupil in the center. The iris is detailed with a textured pattern that resembles a sunset or a glittery surface. The pupil is surrounded by a black area that represents the black sclera. The eyelashes are depicted as thin, dark lines at the bottom of the image. There is no visible text in the image. The style of the image is illustrative and appears to be digitally created.	86031627706.png	The image features a close-up of a cat's eye. The eye is large and has a striking orange and black coloration, with a black pupil and a reflective surface that suggests a glossy texture. The cat's fur is visible around the eye, with a pattern of brown and black spots. The background is plain white, which contrasts with the vivid colors of the cat's eye and fur. There is no visible text in the image.
ojo de gato	La anatomía del ojo del gato es una maravilla evolutiva, fundamental para su supervivencia y comportamiento. Una de sus características más interesantes es la forma rasgada de su pupila, una hendidura vertical que les permite tener un mayor control sobre la cantidad de luz que le entra al ojo.		47127541955.png	The image features a stylized, cartoon-like depiction of an eye. The eye is predominantly orange with a reflective sheen, suggesting a glossy surface. The iris is a darker shade of brown, and the pupil is black. The eye is set against a transparent, white background that has a subtle checkered pattern, which is commonly used in graphic design to indicate transparency. There is no visible text in the image. The eye is the central object, and its position and size suggest it is the main focus of the image.	86031627706.png	The image features a close-up of a cat's eye. The eye is large and has a striking orange and black coloration, with a black pupil and a reflective surface that suggests a glossy texture. The cat's fur is visible around the eye, with a pattern of brown and black spots. The background is plain white, which contrasts with the vivid colors of the cat's eye and fur. There is no visible text in the image.	11254839968.png	The image features a stylized illustration of a bird's head. The bird has a prominent beak with a bright orange color, and its eyes are large and round, with a black iris and a yellow pupil. The bird's feathers appear soft and fluffy, with a mix of gray and white tones. The background is plain white, which contrasts with the bird's colors. There is no visible text in the image. The style of the illustration is cartoonish and appears to be designed for a friendly or whimsical appearance.	86400212934.png	The image shows a close-up of an eye with a stylized, artistic representation. The eye has a prominent orange iris with a black pupil in the center. The iris is detailed with a textured pattern that resembles a sunset or a glittery surface. The pupil is surrounded by a black area that represents the black sclera. The eyelashes are depicted as thin, dark lines at the bottom of the image. There is no visible text in the image. The style of the image is illustrative and appears to be digitally created.	19060414910.png	The image shows a stylized illustration of a traffic light. The traffic light is predominantly orange with a reflective surface, suggesting a glass or plastic casing. It is mounted on a gray base with two orange cones on either side, indicating caution or a temporary setup. The background is plain white, emphasizing the traffic light as the central subject. There is no visible text in the image. The style of the illustration is cartoonish and simplistic, with smooth lines and flat colors.
ojo de gato	Enfermedades del ojo de gato: ¿primarias o secundarias? Las enfermedades oculares del gato pueden ser primarias, es decir, que afectan directamente al ojo, o secundarias, es decir, que se producen como consecuencia de otra enfermedad, como por ejemplo		86031627706.png	The image features a close-up of a cat's eye. The eye is large and has a striking orange and black coloration, with a black pupil and a reflective surface that suggests a glossy texture. The cat's fur is visible around the eye, with a pattern of brown and black spots. The background is plain white, which contrasts with the vivid colors of the cat's eye and fur. There is no visible text in the image.	47127541955.png	The image features a stylized, cartoon-like depiction of an eye. The eye is predominantly orange with a reflective sheen, suggesting a glossy surface. The iris is a darker shade of brown, and the pupil is black. The eye is set against a transparent, white background that has a subtle checkered pattern, which is commonly used in graphic design to indicate transparency. There is no visible text in the image. The eye is the central object, and its position and size suggest it is the main focus of the image.	19060414910.png	The image shows a stylized illustration of a traffic light. The traffic light is predominantly orange with a reflective surface, suggesting a glass or plastic casing. It is mounted on a gray base with two orange cones on either side, indicating caution or a temporary setup. The background is plain white, emphasizing the traffic light as the central subject. There is no visible text in the image. The style of the illustration is cartoonish and simplistic, with smooth lines and flat colors.	11254839968.png	The image features a stylized illustration of a bird's head. The bird has a prominent beak with a bright orange color, and its eyes are large and round, with a black iris and a yellow pupil. The bird's feathers appear soft and fluffy, with a mix of gray and white tones. The background is plain white, which contrasts with the bird's colors. There is no visible text in the image. The style of the illustration is cartoonish and appears to be designed for a friendly or whimsical appearance.	86400212934.png	The image shows a close-up of an eye with a stylized, artistic representation. The eye has a prominent orange iris with a black pupil in the center. The iris is detailed with a textured pattern that resembles a sunset or a glittery surface. The pupil is surrounded by a black area that represents the black sclera. The eyelashes are depicted as thin, dark lines at the bottom of the image. There is no visible text in the image. The style of the image is illustrative and appears to be digitally created.
por los pelos	Ganaron el partido por los pelos, con un gol en el último minuto.		75153531718.png	The image depicts an animated character, a young boy with brown hair and glasses, in mid-jump over a rock garden. He is wearing a bright orange jacket and black pants with brown boots. The character is smiling and appears to be enjoying the activity. The rock garden is lush with green plants and orange flowers. The background is plain white, emphasizing the subject. There is no visible text in the image.	17690092767.png	"The image shows a stylized illustration of a book with a unique design. The book has a prominent orange strap with a buckle, suggesting it might be a travel or reading bag. The strap is attached to the book with a metal loop, and there is a lock mechanism visible on the spine, indicating that the book is securely closed. The book itself appears to be a hardcover with a textured cover, and the spine is visible with the title ""THE GREAT GATSBY"" printed in a serif font. The illustration is detailed and colorful, with a focus on the book's design elements."	78682405686.png	The image depicts two hands holding a long, orange braid. The hands are positioned as if they are pulling the braid apart, with the fingers gripping the ends of the braid. The background is plain and white, which contrasts with the vibrant orange color of the braid. There is no visible text in the image. The style of the image is illustrative, with a clear and simple line drawing.	69207875966.png	The image depicts a stylized illustration of an orange car in mid-air, seemingly having just launched off a cracked road surface. The car is tilted to the left, with its front wheels off the ground and its rear wheels just touching the ground. The car's body is angled upwards, and there is a sense of motion conveyed by the dynamic positioning and the dust particles flying around the car. The background is plain white, which contrasts with the car and the road, making the subject stand out. There is no visible text in the image. The style of the illustration is cartoonish and exaggerated, with a focus on color and form.	51804138783.png	The image features a stylized, animated character of a young man with brown hair and a friendly expression. He is wearing a bright orange work shirt, dark pants, and brown work boots. The character is holding a pair of pliers and appears to be engaged in some sort of work or repair activity. He is standing on a rope that is tied to a hook, suggesting he is suspended in the air. The background is plain white, emphasizing the character and his activity. There is no visible text in the image.
por los pelos	Aunque se nos dice que tanto las elecciones como el despliegue de EUFOR fueron grandes éxitos, creo que la Unión Europea y el Congo se han escapado del desastre por los pelos.		69207875966.png	The image depicts a stylized illustration of an orange car in mid-air, seemingly having just launched off a cracked road surface. The car is tilted to the left, with its front wheels off the ground and its rear wheels just touching the ground. The car's body is angled upwards, and there is a sense of motion conveyed by the dynamic positioning and the dust particles flying around the car. The background is plain white, which contrasts with the car and the road, making the subject stand out. There is no visible text in the image. The style of the illustration is cartoonish and exaggerated, with a focus on color and form.	51804138783.png	The image features a stylized, animated character of a young man with brown hair and a friendly expression. He is wearing a bright orange work shirt, dark pants, and brown work boots. The character is holding a pair of pliers and appears to be engaged in some sort of work or repair activity. He is standing on a rope that is tied to a hook, suggesting he is suspended in the air. The background is plain white, emphasizing the character and his activity. There is no visible text in the image.	17690092767.png	"The image shows a stylized illustration of a book with a unique design. The book has a prominent orange strap with a buckle, suggesting it might be a travel or reading bag. The strap is attached to the book with a metal loop, and there is a lock mechanism visible on the spine, indicating that the book is securely closed. The book itself appears to be a hardcover with a textured cover, and the spine is visible with the title ""THE GREAT GATSBY"" printed in a serif font. The illustration is detailed and colorful, with a focus on the book's design elements."	78682405686.png	The image depicts two hands holding a long, orange braid. The hands are positioned as if they are pulling the braid apart, with the fingers gripping the ends of the braid. The background is plain and white, which contrasts with the vibrant orange color of the braid. There is no visible text in the image. The style of the image is illustrative, with a clear and simple line drawing.	75153531718.png	The image depicts an animated character, a young boy with brown hair and glasses, in mid-jump over a rock garden. He is wearing a bright orange jacket and black pants with brown boots. The character is smiling and appears to be enjoying the activity. The rock garden is lush with green plants and orange flowers. The background is plain white, emphasizing the subject. There is no visible text in the image.
por los pelos	Una mujer será juzgada por agarrar por los pelos y arrastrar a su suegra		17690092767.png	"The image shows a stylized illustration of a book with a unique design. The book has a prominent orange strap with a buckle, suggesting it might be a travel or reading bag. The strap is attached to the book with a metal loop, and there is a lock mechanism visible on the spine, indicating that the book is securely closed. The book itself appears to be a hardcover with a textured cover, and the spine is visible with the title ""THE GREAT GATSBY"" printed in a serif font. The illustration is detailed and colorful, with a focus on the book's design elements."	51804138783.png	The image features a stylized, animated character of a young man with brown hair and a friendly expression. He is wearing a bright orange work shirt, dark pants, and brown work boots. The character is holding a pair of pliers and appears to be engaged in some sort of work or repair activity. He is standing on a rope that is tied to a hook, suggesting he is suspended in the air. The background is plain white, emphasizing the character and his activity. There is no visible text in the image.	75153531718.png	The image depicts an animated character, a young boy with brown hair and glasses, in mid-jump over a rock garden. He is wearing a bright orange jacket and black pants with brown boots. The character is smiling and appears to be enjoying the activity. The rock garden is lush with green plants and orange flowers. The background is plain white, emphasizing the subject. There is no visible text in the image.	78682405686.png	The image depicts two hands holding a long, orange braid. The hands are positioned as if they are pulling the braid apart, with the fingers gripping the ends of the braid. The background is plain and white, which contrasts with the vibrant orange color of the braid. There is no visible text in the image. The style of the image is illustrative, with a clear and simple line drawing.	69207875966.png	The image depicts a stylized illustration of an orange car in mid-air, seemingly having just launched off a cracked road surface. The car is tilted to the left, with its front wheels off the ground and its rear wheels just touching the ground. The car's body is angled upwards, and there is a sense of motion conveyed by the dynamic positioning and the dust particles flying around the car. The background is plain white, which contrasts with the car and the road, making the subject stand out. There is no visible text in the image. The style of the illustration is cartoonish and exaggerated, with a focus on color and form.
por los pelos	Detenido en Vigo tras abofetear, agarrar por los pelos y arrastrar por el suelo a su pareja		78682405686.png	The image depicts two hands holding a long, orange braid. The hands are positioned as if they are pulling the braid apart, with the fingers gripping the ends of the braid. The background is plain and white, which contrasts with the vibrant orange color of the braid. There is no visible text in the image. The style of the image is illustrative, with a clear and simple line drawing.	75153531718.png	The image depicts an animated character, a young boy with brown hair and glasses, in mid-jump over a rock garden. He is wearing a bright orange jacket and black pants with brown boots. The character is smiling and appears to be enjoying the activity. The rock garden is lush with green plants and orange flowers. The background is plain white, emphasizing the subject. There is no visible text in the image.	51804138783.png	The image features a stylized, animated character of a young man with brown hair and a friendly expression. He is wearing a bright orange work shirt, dark pants, and brown work boots. The character is holding a pair of pliers and appears to be engaged in some sort of work or repair activity. He is standing on a rope that is tied to a hook, suggesting he is suspended in the air. The background is plain white, emphasizing the character and his activity. There is no visible text in the image.	69207875966.png	The image depicts a stylized illustration of an orange car in mid-air, seemingly having just launched off a cracked road surface. The car is tilted to the left, with its front wheels off the ground and its rear wheels just touching the ground. The car's body is angled upwards, and there is a sense of motion conveyed by the dynamic positioning and the dust particles flying around the car. The background is plain white, which contrasts with the car and the road, making the subject stand out. There is no visible text in the image. The style of the illustration is cartoonish and exaggerated, with a focus on color and form.	17690092767.png	"The image shows a stylized illustration of a book with a unique design. The book has a prominent orange strap with a buckle, suggesting it might be a travel or reading bag. The strap is attached to the book with a metal loop, and there is a lock mechanism visible on the spine, indicating that the book is securely closed. The book itself appears to be a hardcover with a textured cover, and the spine is visible with the title ""THE GREAT GATSBY"" printed in a serif font. The illustration is detailed and colorful, with a focus on the book's design elements."
abogado del diablo	Los Innovadores son los abogados del diablo por excelencia, que prosperan en el proceso de desmenuzar argumentos y creencias y dejar que las cintas floten al viento para que todos las vean.		46060898892.png	The image is a digital illustration of a stylized cartoon character. The character has a round head with short, curly hair, and a surprised or confused expression. The character's skin tone is a light orange, and they are wearing a dark orange jacket with a black collar and buttons. The character's hands are open and raised, as if gesturing or expressing confusion.  In the background, there is a black clock with a white face and orange hands, indicating the time as 8:00. To the left of the clock, there are two small black circles, possibly representing eyes or other objects. The overall style of the image is simple and cartoonish, with a limited color palette and a hand-drawn quality to the lines and shading.	11292102635.png	The image is a digital illustration of a cartoon character. The character has curly hair, wears glasses, and is dressed in an orange shirt with a black sleeve. The character's arms are outstretched with palms facing upwards, and there are question marks floating around the character's head. The background is plain white.	79815343904.png	The image features two animated characters, a male and a female, standing side by side. The female character is on the left and is wearing a black dress and black shoes. She has dark hair tied up in a bun and is smiling. The male character is on the right and is wearing a brown sweater, blue pants, and black shoes. He has short dark hair and is also smiling. Between them is a large orange speech bubble. The characters appear to be engaged in a conversation, as indicated by the speech bubble. There is no visible text in the image. The style of the image is cartoonish and colorful.	63873545448.png	The image is a digital illustration of a young male character with brown hair and a surprised expression. He is wearing a white shirt with a collar and an orange shirt underneath. The character is holding a fork with a strawberry on it, and there is a bowl of strawberries in front of him on a table. The strawberries are red with green leaves. The background is plain white.	43075612534.png	The image features a stylized, cartoon-like depiction of an orange tabby cat. The cat has large, round eyes and a small, triangular nose. It has a white patch on its chest and a white muzzle. The cat's ears are pointed upwards, and it has a small, brown tail. The cat's arms are raised, and it appears to be smiling. The background is plain and white, which contrasts with the cat's orange fur. There is no visible text in the image.
abogado del diablo	Sé que no estoy en contra, pero déjame hacer de abogado del diablo un momento.		46060898892.png	The image is a digital illustration of a stylized cartoon character. The character has a round head with short, curly hair, and a surprised or confused expression. The character's skin tone is a light orange, and they are wearing a dark orange jacket with a black collar and buttons. The character's hands are open and raised, as if gesturing or expressing confusion.  In the background, there is a black clock with a white face and orange hands, indicating the time as 8:00. To the left of the clock, there are two small black circles, possibly representing eyes or other objects. The overall style of the image is simple and cartoonish, with a limited color palette and a hand-drawn quality to the lines and shading.	63873545448.png	The image is a digital illustration of a young male character with brown hair and a surprised expression. He is wearing a white shirt with a collar and an orange shirt underneath. The character is holding a fork with a strawberry on it, and there is a bowl of strawberries in front of him on a table. The strawberries are red with green leaves. The background is plain white.	11292102635.png	The image is a digital illustration of a cartoon character. The character has curly hair, wears glasses, and is dressed in an orange shirt with a black sleeve. The character's arms are outstretched with palms facing upwards, and there are question marks floating around the character's head. The background is plain white.	79815343904.png	The image features two animated characters, a male and a female, standing side by side. The female character is on the left and is wearing a black dress and black shoes. She has dark hair tied up in a bun and is smiling. The male character is on the right and is wearing a brown sweater, blue pants, and black shoes. He has short dark hair and is also smiling. Between them is a large orange speech bubble. The characters appear to be engaged in a conversation, as indicated by the speech bubble. There is no visible text in the image. The style of the image is cartoonish and colorful.	43075612534.png	The image features a stylized, cartoon-like depiction of an orange tabby cat. The cat has large, round eyes and a small, triangular nose. It has a white patch on its chest and a white muzzle. The cat's ears are pointed upwards, and it has a small, brown tail. The cat's arms are raised, and it appears to be smiling. The background is plain and white, which contrasts with the cat's orange fur. There is no visible text in the image.
abogado del diablo	En los procesos de canonización antiguos, el abogado del diablo era responsable de buscar pruebas en contra de la santidad del candidato.		46060898892.png	The image is a digital illustration of a stylized cartoon character. The character has a round head with short, curly hair, and a surprised or confused expression. The character's skin tone is a light orange, and they are wearing a dark orange jacket with a black collar and buttons. The character's hands are open and raised, as if gesturing or expressing confusion.  In the background, there is a black clock with a white face and orange hands, indicating the time as 8:00. To the left of the clock, there are two small black circles, possibly representing eyes or other objects. The overall style of the image is simple and cartoonish, with a limited color palette and a hand-drawn quality to the lines and shading.	11292102635.png	The image is a digital illustration of a cartoon character. The character has curly hair, wears glasses, and is dressed in an orange shirt with a black sleeve. The character's arms are outstretched with palms facing upwards, and there are question marks floating around the character's head. The background is plain white.	79815343904.png	The image features two animated characters, a male and a female, standing side by side. The female character is on the left and is wearing a black dress and black shoes. She has dark hair tied up in a bun and is smiling. The male character is on the right and is wearing a brown sweater, blue pants, and black shoes. He has short dark hair and is also smiling. Between them is a large orange speech bubble. The characters appear to be engaged in a conversation, as indicated by the speech bubble. There is no visible text in the image. The style of the image is cartoonish and colorful.	63873545448.png	The image is a digital illustration of a young male character with brown hair and a surprised expression. He is wearing a white shirt with a collar and an orange shirt underneath. The character is holding a fork with a strawberry on it, and there is a bowl of strawberries in front of him on a table. The strawberries are red with green leaves. The background is plain white.	43075612534.png	The image features a stylized, cartoon-like depiction of an orange tabby cat. The cat has large, round eyes and a small, triangular nose. It has a white patch on its chest and a white muzzle. The cat's ears are pointed upwards, and it has a small, brown tail. The cat's arms are raised, and it appears to be smiling. The background is plain and white, which contrasts with the cat's orange fur. There is no visible text in the image.
abogado del diablo	Durante el juicio eclesiástico, el abogado del diablo presentó argumentos detallados para cuestionar la reputación del aspirante a santo		43075612534.png	The image features a stylized, cartoon-like depiction of an orange tabby cat. The cat has large, round eyes and a small, triangular nose. It has a white patch on its chest and a white muzzle. The cat's ears are pointed upwards, and it has a small, brown tail. The cat's arms are raised, and it appears to be smiling. The background is plain and white, which contrasts with the cat's orange fur. There is no visible text in the image.	79815343904.png	The image features two animated characters, a male and a female, standing side by side. The female character is on the left and is wearing a black dress and black shoes. She has dark hair tied up in a bun and is smiling. The male character is on the right and is wearing a brown sweater, blue pants, and black shoes. He has short dark hair and is also smiling. Between them is a large orange speech bubble. The characters appear to be engaged in a conversation, as indicated by the speech bubble. There is no visible text in the image. The style of the image is cartoonish and colorful.	11292102635.png	The image is a digital illustration of a cartoon character. The character has curly hair, wears glasses, and is dressed in an orange shirt with a black sleeve. The character's arms are outstretched with palms facing upwards, and there are question marks floating around the character's head. The background is plain white.	63873545448.png	The image is a digital illustration of a young male character with brown hair and a surprised expression. He is wearing a white shirt with a collar and an orange shirt underneath. The character is holding a fork with a strawberry on it, and there is a bowl of strawberries in front of him on a table. The strawberries are red with green leaves. The background is plain white.	46060898892.png	The image is a digital illustration of a stylized cartoon character. The character has a round head with short, curly hair, and a surprised or confused expression. The character's skin tone is a light orange, and they are wearing a dark orange jacket with a black collar and buttons. The character's hands are open and raised, as if gesturing or expressing confusion.  In the background, there is a black clock with a white face and orange hands, indicating the time as 8:00. To the left of the clock, there are two small black circles, possibly representing eyes or other objects. The overall style of the image is simple and cartoonish, with a limited color palette and a hand-drawn quality to the lines and shading.
dinero sucio	Una investigación periodística de una fuerza enorme y extraordinariamente narrada. Se lee como una novela, pero por desgracia todo es verídico. El relato de Burgis nos muestra cómo el dinero sucio ha pasado de ser un problema nacional a una plaga internacional		11734864032.png	The image shows a collection of banknotes with a predominantly orange and black color scheme. The banknotes are stacked in a somewhat haphazard manner, with some notes partially overlapping others. Each banknote features a central design with a portrait and text, along with various decorative elements such as stars and stripes. The overall style of the image is illustrative and appears to be digitally created, with a splash of water or paint droplets around the banknotes, adding a dynamic and somewhat chaotic effect. There is no visible text on the banknotes themselves.	78110992056.png	The image is a digital illustration of a cartoon boy. The boy has dark hair, a wide smile, and is wearing an orange shirt with rolled-up sleeves, brown shorts, and brown shoes. He is carrying a large basket filled with various fruits and candies. The boy's arms are outstretched, and he appears to be in a cheerful mood. The background is plain white, which contrasts with the colorful subject. There is no visible text in the image.	94536202627.png	The image depicts an open suitcase with a handle and two latches. Inside the suitcase, there is a large amount of money in various denominations, including what appears to be US dollars. The money is stacked in a somewhat haphazard manner, with some bills sticking out from the top. The suitcase is orange with a darker shade on the interior. The background is plain and white, which contrasts with the suitcase and money, making them the central focus of the image. There is no visible text in the image.	80543598151.png	The image is a digital illustration of a stylized cartoon character. The character is a young girl with dark hair tied in a bun, wearing a bright orange hoodie and black pants. She is sitting on the ground with her legs crossed. In her hands, she is holding a wad of money, which appears to be US dollars. The girl is smiling and looking down at the money with a content expression. The background is plain white, emphasizing the character and her actions. There is no visible text in the image.	52863382868.png	The image depicts a stylized illustration of a wallet with a flap that is open, revealing a stack of money inside. The money appears to be in various denominations, with the largest bills at the top and smaller ones at the bottom. The wallet itself has a brown leather texture and a visible orange button on the flap. There are also small, star-like shapes floating around the money, suggesting a magical or whimsical theme. The background is plain white, which contrasts with the orange and brown tones of the wallet and money. There is no visible text in the image.
dinero sucio	El banco fue acusado de permitir que dinero sucio del narcotráfico entrara en el sistema financiero.		11734864032.png	The image shows a collection of banknotes with a predominantly orange and black color scheme. The banknotes are stacked in a somewhat haphazard manner, with some notes partially overlapping others. Each banknote features a central design with a portrait and text, along with various decorative elements such as stars and stripes. The overall style of the image is illustrative and appears to be digitally created, with a splash of water or paint droplets around the banknotes, adding a dynamic and somewhat chaotic effect. There is no visible text on the banknotes themselves.	94536202627.png	The image depicts an open suitcase with a handle and two latches. Inside the suitcase, there is a large amount of money in various denominations, including what appears to be US dollars. The money is stacked in a somewhat haphazard manner, with some bills sticking out from the top. The suitcase is orange with a darker shade on the interior. The background is plain and white, which contrasts with the suitcase and money, making them the central focus of the image. There is no visible text in the image.	78110992056.png	The image is a digital illustration of a cartoon boy. The boy has dark hair, a wide smile, and is wearing an orange shirt with rolled-up sleeves, brown shorts, and brown shoes. He is carrying a large basket filled with various fruits and candies. The boy's arms are outstretched, and he appears to be in a cheerful mood. The background is plain white, which contrasts with the colorful subject. There is no visible text in the image.	52863382868.png	The image depicts a stylized illustration of a wallet with a flap that is open, revealing a stack of money inside. The money appears to be in various denominations, with the largest bills at the top and smaller ones at the bottom. The wallet itself has a brown leather texture and a visible orange button on the flap. There are also small, star-like shapes floating around the money, suggesting a magical or whimsical theme. The background is plain white, which contrasts with the orange and brown tones of the wallet and money. There is no visible text in the image.	80543598151.png	The image is a digital illustration of a stylized cartoon character. The character is a young girl with dark hair tied in a bun, wearing a bright orange hoodie and black pants. She is sitting on the ground with her legs crossed. In her hands, she is holding a wad of money, which appears to be US dollars. The girl is smiling and looking down at the money with a content expression. The background is plain white, emphasizing the character and her actions. There is no visible text in the image.
dinero sucio	Dinero Sucio: billetes y monedas pueden ser un foco de gérmenes e infección		52863382868.png	The image depicts a stylized illustration of a wallet with a flap that is open, revealing a stack of money inside. The money appears to be in various denominations, with the largest bills at the top and smaller ones at the bottom. The wallet itself has a brown leather texture and a visible orange button on the flap. There are also small, star-like shapes floating around the money, suggesting a magical or whimsical theme. The background is plain white, which contrasts with the orange and brown tones of the wallet and money. There is no visible text in the image.	11734864032.png	The image shows a collection of banknotes with a predominantly orange and black color scheme. The banknotes are stacked in a somewhat haphazard manner, with some notes partially overlapping others. Each banknote features a central design with a portrait and text, along with various decorative elements such as stars and stripes. The overall style of the image is illustrative and appears to be digitally created, with a splash of water or paint droplets around the banknotes, adding a dynamic and somewhat chaotic effect. There is no visible text on the banknotes themselves.	80543598151.png	The image is a digital illustration of a stylized cartoon character. The character is a young girl with dark hair tied in a bun, wearing a bright orange hoodie and black pants. She is sitting on the ground with her legs crossed. In her hands, she is holding a wad of money, which appears to be US dollars. The girl is smiling and looking down at the money with a content expression. The background is plain white, emphasizing the character and her actions. There is no visible text in the image.	78110992056.png	The image is a digital illustration of a cartoon boy. The boy has dark hair, a wide smile, and is wearing an orange shirt with rolled-up sleeves, brown shorts, and brown shoes. He is carrying a large basket filled with various fruits and candies. The boy's arms are outstretched, and he appears to be in a cheerful mood. The background is plain white, which contrasts with the colorful subject. There is no visible text in the image.	94536202627.png	The image depicts an open suitcase with a handle and two latches. Inside the suitcase, there is a large amount of money in various denominations, including what appears to be US dollars. The money is stacked in a somewhat haphazard manner, with some bills sticking out from the top. The suitcase is orange with a darker shade on the interior. The background is plain and white, which contrasts with the suitcase and money, making them the central focus of the image. There is no visible text in the image.
dinero sucio	Dinero sucio: ¿Qué tan limpios son el efectivo, las tarjetas y las monedas?		80543598151.png	The image is a digital illustration of a stylized cartoon character. The character is a young girl with dark hair tied in a bun, wearing a bright orange hoodie and black pants. She is sitting on the ground with her legs crossed. In her hands, she is holding a wad of money, which appears to be US dollars. The girl is smiling and looking down at the money with a content expression. The background is plain white, emphasizing the character and her actions. There is no visible text in the image.	78110992056.png	The image is a digital illustration of a cartoon boy. The boy has dark hair, a wide smile, and is wearing an orange shirt with rolled-up sleeves, brown shorts, and brown shoes. He is carrying a large basket filled with various fruits and candies. The boy's arms are outstretched, and he appears to be in a cheerful mood. The background is plain white, which contrasts with the colorful subject. There is no visible text in the image.	94536202627.png	The image depicts an open suitcase with a handle and two latches. Inside the suitcase, there is a large amount of money in various denominations, including what appears to be US dollars. The money is stacked in a somewhat haphazard manner, with some bills sticking out from the top. The suitcase is orange with a darker shade on the interior. The background is plain and white, which contrasts with the suitcase and money, making them the central focus of the image. There is no visible text in the image.	11734864032.png	The image shows a collection of banknotes with a predominantly orange and black color scheme. The banknotes are stacked in a somewhat haphazard manner, with some notes partially overlapping others. Each banknote features a central design with a portrait and text, along with various decorative elements such as stars and stripes. The overall style of the image is illustrative and appears to be digitally created, with a splash of water or paint droplets around the banknotes, adding a dynamic and somewhat chaotic effect. There is no visible text on the banknotes themselves.	52863382868.png	The image depicts a stylized illustration of a wallet with a flap that is open, revealing a stack of money inside. The money appears to be in various denominations, with the largest bills at the top and smaller ones at the bottom. The wallet itself has a brown leather texture and a visible orange button on the flap. There are also small, star-like shapes floating around the money, suggesting a magical or whimsical theme. The background is plain white, which contrasts with the orange and brown tones of the wallet and money. There is no visible text in the image.
caso de fuerza mayor	Llegar tarde a la reunión fue un caso de fuerza mayor: mi alarma decidió renunciar justo hoy.		73098999834.png	The image depicts a stylized illustration of a person walking on a sidewalk. The person is wearing a green top, an orange skirt, and has a black backpack. They are looking down and appear to be in motion. The sidewalk is lined with rocks and small plants. Above the person, there are orange leaves falling from a large tree with a prominent trunk. The tree is surrounded by more orange leaves, suggesting it is autumn. The background is a plain, light color, providing a contrast to the vibrant colors of the tree and leaves. There is no visible text in the image.	10059005604.png	The image features a stylized, animated tree with vibrant orange leaves. The tree has a thin trunk and a full canopy of leaves that are detailed and textured, giving the impression of a real tree. The leaves are falling, creating a dynamic sense of movement, and some leaves are captured in mid-air, adding to the sense of motion. The background is a plain, light gray, which contrasts with the bright orange of the leaves, making the tree the central focus of the image. There is no visible text in the image. The style of the image is digital art, with a realistic yet stylized aesthetic.	67169148296.png	The image depicts a stylized, cartoon-like illustration of a wave crashing onto a rocky shore. The wave is large and blue, with white foam and cresting waves. On the shore, there are rocks and a few palm trees. The background is a plain white, and there is a small amount of orange coloring at the bottom of the image, suggesting a sandy beach. There is no visible text in the image.	24165603779.png	The image depicts an animated character, a young boy with glasses, wearing an orange hoodie and black pants, standing in a grassy area with trees. He is looking up at a large, dark cloud that is billowing smoke and has lightning bolts emanating from it. The background suggests a natural setting with trees and a clear sky. The style of the image is illustrative and cartoonish.	20850372126.png	The image depicts a stylized illustration of a building being struck by a lightning bolt. The lightning is rendered in a dynamic, almost explosive manner, with bright orange and yellow hues, suggesting intense energy. The building appears to be a multi-story structure with a flat roof, and it is partially obscured by the impact of the lightning. Debris is flying around the building, indicating the force of the strike. The background is a plain, light color, which contrasts with the vivid colors of the lightning and the building. There is no visible text in the image. The style of the illustration is cartoonish and exaggerated, emphasizing the dramatic effect of the lightning strike.
caso de fuerza mayor	Para que Pedro salga un sábado en la noche tiene que darse un caso de fuerza mayor; ese man es casero nivel experto.		24165603779.png	The image depicts an animated character, a young boy with glasses, wearing an orange hoodie and black pants, standing in a grassy area with trees. He is looking up at a large, dark cloud that is billowing smoke and has lightning bolts emanating from it. The background suggests a natural setting with trees and a clear sky. The style of the image is illustrative and cartoonish.	73098999834.png	The image depicts a stylized illustration of a person walking on a sidewalk. The person is wearing a green top, an orange skirt, and has a black backpack. They are looking down and appear to be in motion. The sidewalk is lined with rocks and small plants. Above the person, there are orange leaves falling from a large tree with a prominent trunk. The tree is surrounded by more orange leaves, suggesting it is autumn. The background is a plain, light color, providing a contrast to the vibrant colors of the tree and leaves. There is no visible text in the image.	10059005604.png	The image features a stylized, animated tree with vibrant orange leaves. The tree has a thin trunk and a full canopy of leaves that are detailed and textured, giving the impression of a real tree. The leaves are falling, creating a dynamic sense of movement, and some leaves are captured in mid-air, adding to the sense of motion. The background is a plain, light gray, which contrasts with the bright orange of the leaves, making the tree the central focus of the image. There is no visible text in the image. The style of the image is digital art, with a realistic yet stylized aesthetic.	20850372126.png	The image depicts a stylized illustration of a building being struck by a lightning bolt. The lightning is rendered in a dynamic, almost explosive manner, with bright orange and yellow hues, suggesting intense energy. The building appears to be a multi-story structure with a flat roof, and it is partially obscured by the impact of the lightning. Debris is flying around the building, indicating the force of the strike. The background is a plain, light color, which contrasts with the vivid colors of the lightning and the building. There is no visible text in the image. The style of the illustration is cartoonish and exaggerated, emphasizing the dramatic effect of the lightning strike.	67169148296.png	The image depicts a stylized, cartoon-like illustration of a wave crashing onto a rocky shore. The wave is large and blue, with white foam and cresting waves. On the shore, there are rocks and a few palm trees. The background is a plain white, and there is a small amount of orange coloring at the bottom of the image, suggesting a sandy beach. There is no visible text in the image.
caso de fuerza mayor	Al ejercer una fuerza normal sobre el embolo más chico, logramos un caso de fuerza mayor sobre la superficie del embolo más grande.		24165603779.png	The image depicts an animated character, a young boy with glasses, wearing an orange hoodie and black pants, standing in a grassy area with trees. He is looking up at a large, dark cloud that is billowing smoke and has lightning bolts emanating from it. The background suggests a natural setting with trees and a clear sky. The style of the image is illustrative and cartoonish.	73098999834.png	The image depicts a stylized illustration of a person walking on a sidewalk. The person is wearing a green top, an orange skirt, and has a black backpack. They are looking down and appear to be in motion. The sidewalk is lined with rocks and small plants. Above the person, there are orange leaves falling from a large tree with a prominent trunk. The tree is surrounded by more orange leaves, suggesting it is autumn. The background is a plain, light color, providing a contrast to the vibrant colors of the tree and leaves. There is no visible text in the image.	10059005604.png	The image features a stylized, animated tree with vibrant orange leaves. The tree has a thin trunk and a full canopy of leaves that are detailed and textured, giving the impression of a real tree. The leaves are falling, creating a dynamic sense of movement, and some leaves are captured in mid-air, adding to the sense of motion. The background is a plain, light gray, which contrasts with the bright orange of the leaves, making the tree the central focus of the image. There is no visible text in the image. The style of the image is digital art, with a realistic yet stylized aesthetic.	20850372126.png	The image depicts a stylized illustration of a building being struck by a lightning bolt. The lightning is rendered in a dynamic, almost explosive manner, with bright orange and yellow hues, suggesting intense energy. The building appears to be a multi-story structure with a flat roof, and it is partially obscured by the impact of the lightning. Debris is flying around the building, indicating the force of the strike. The background is a plain, light color, which contrasts with the vivid colors of the lightning and the building. There is no visible text in the image. The style of the illustration is cartoonish and exaggerated, emphasizing the dramatic effect of the lightning strike.	67169148296.png	The image depicts a stylized, cartoon-like illustration of a wave crashing onto a rocky shore. The wave is large and blue, with white foam and cresting waves. On the shore, there are rocks and a few palm trees. The background is a plain white, and there is a small amount of orange coloring at the bottom of the image, suggesting a sandy beach. There is no visible text in the image.
caso de fuerza mayor	Es un caso de fuerza mayor que la ejercida sobre el pistón del cilindro de menor tamaño.		20850372126.png	The image depicts a stylized illustration of a building being struck by a lightning bolt. The lightning is rendered in a dynamic, almost explosive manner, with bright orange and yellow hues, suggesting intense energy. The building appears to be a multi-story structure with a flat roof, and it is partially obscured by the impact of the lightning. Debris is flying around the building, indicating the force of the strike. The background is a plain, light color, which contrasts with the vivid colors of the lightning and the building. There is no visible text in the image. The style of the illustration is cartoonish and exaggerated, emphasizing the dramatic effect of the lightning strike.	10059005604.png	The image features a stylized, animated tree with vibrant orange leaves. The tree has a thin trunk and a full canopy of leaves that are detailed and textured, giving the impression of a real tree. The leaves are falling, creating a dynamic sense of movement, and some leaves are captured in mid-air, adding to the sense of motion. The background is a plain, light gray, which contrasts with the bright orange of the leaves, making the tree the central focus of the image. There is no visible text in the image. The style of the image is digital art, with a realistic yet stylized aesthetic.	24165603779.png	The image depicts an animated character, a young boy with glasses, wearing an orange hoodie and black pants, standing in a grassy area with trees. He is looking up at a large, dark cloud that is billowing smoke and has lightning bolts emanating from it. The background suggests a natural setting with trees and a clear sky. The style of the image is illustrative and cartoonish.	67169148296.png	The image depicts a stylized, cartoon-like illustration of a wave crashing onto a rocky shore. The wave is large and blue, with white foam and cresting waves. On the shore, there are rocks and a few palm trees. The background is a plain white, and there is a small amount of orange coloring at the bottom of the image, suggesting a sandy beach. There is no visible text in the image.	73098999834.png	The image depicts a stylized illustration of a person walking on a sidewalk. The person is wearing a green top, an orange skirt, and has a black backpack. They are looking down and appear to be in motion. The sidewalk is lined with rocks and small plants. Above the person, there are orange leaves falling from a large tree with a prominent trunk. The tree is surrounded by more orange leaves, suggesting it is autumn. The background is a plain, light color, providing a contrast to the vibrant colors of the tree and leaves. There is no visible text in the image.
ballena varada	Después de perder su empleo y quedarse sin dirección, se sentía como una ballena varada en medio de la ciudad.		31358355101.png	The image depicts a stylized illustration of a whale on a sandy beach. The whale is large and gray, with a prominent hump on its back. It has a long, curved tail and a dorsal fin. The beach is populated with various plants and rocks, and there are small fish and coral in the water near the whale. The background is a plain white, which contrasts with the detailed illustration of the whale and its surroundings. There is no visible text in the image.	32652186459.png	The image depicts a stylized illustration of a whale resting on a sandy beach. The whale is large and has a prominent hump on its back. It is colored in shades of gray and black, with a lighter underside. The beach is orange and features small rocks and patches of grass. There are also orange bubbles floating around the whale, suggesting movement or activity. The background is a plain white, which contrasts with the vibrant colors of the whale and the beach. There is no visible text in the image.	21131851578.png	The image depicts an animated character, a young boy with dark hair, wearing an orange shirt and swimming shorts, floating on a body of water. He is smiling and appears to be enjoying himself. The boy is surrounded by a tropical setting, including a palm tree with green leaves and a small island with orange flowers. The water has small ripples and the boy's hair is slightly wet, suggesting he has been swimming. There is no visible text in the image. The style of the image is cartoonish and colorful, with a focus on a cheerful and adventurous theme.	32834978672.png	The image depicts an illustration of a stylized ship with a large, orange, circular object floating above it. The ship has a prominent orange lifebuoy on its side and a smaller one on top. The ship's hull is black with a white superstructure. The water around the ship is splashing, and there are droplets of water in the air. The background is white with a subtle pattern. There is no visible text in the image. The style of the illustration is cartoonish with a limited color palette.	68179204841.png	The image depicts a whimsical scene with a large, gray whale lying on a sandy beach. The whale is adorned with a variety of objects, including a blue barrel, a red and white striped cone, and a small orange crate. Surrounding the whale are several individuals dressed in orange safety vests and hard hats, suggesting they are workers or rescuers. They are standing and appear to be engaged in some sort of activity or inspection around the whale. The background is plain white, emphasizing the central subject. There is no visible text in the image. The style of the image is illustrative and cartoonish, with a focus on color and detail.
ballena varada	El gigante tecnológico intentó lanzar un producto en un mercado que no entendía, y resultó ser una ballena varada: enorme pero inútil.		31358355101.png	The image depicts a stylized illustration of a whale on a sandy beach. The whale is large and gray, with a prominent hump on its back. It has a long, curved tail and a dorsal fin. The beach is populated with various plants and rocks, and there are small fish and coral in the water near the whale. The background is a plain white, which contrasts with the detailed illustration of the whale and its surroundings. There is no visible text in the image.	32834978672.png	The image depicts an illustration of a stylized ship with a large, orange, circular object floating above it. The ship has a prominent orange lifebuoy on its side and a smaller one on top. The ship's hull is black with a white superstructure. The water around the ship is splashing, and there are droplets of water in the air. The background is white with a subtle pattern. There is no visible text in the image. The style of the illustration is cartoonish with a limited color palette.	21131851578.png	The image depicts an animated character, a young boy with dark hair, wearing an orange shirt and swimming shorts, floating on a body of water. He is smiling and appears to be enjoying himself. The boy is surrounded by a tropical setting, including a palm tree with green leaves and a small island with orange flowers. The water has small ripples and the boy's hair is slightly wet, suggesting he has been swimming. There is no visible text in the image. The style of the image is cartoonish and colorful, with a focus on a cheerful and adventurous theme.	32652186459.png	The image depicts a stylized illustration of a whale resting on a sandy beach. The whale is large and has a prominent hump on its back. It is colored in shades of gray and black, with a lighter underside. The beach is orange and features small rocks and patches of grass. There are also orange bubbles floating around the whale, suggesting movement or activity. The background is a plain white, which contrasts with the vibrant colors of the whale and the beach. There is no visible text in the image.	68179204841.png	The image depicts a whimsical scene with a large, gray whale lying on a sandy beach. The whale is adorned with a variety of objects, including a blue barrel, a red and white striped cone, and a small orange crate. Surrounding the whale are several individuals dressed in orange safety vests and hard hats, suggesting they are workers or rescuers. They are standing and appear to be engaged in some sort of activity or inspection around the whale. The background is plain white, emphasizing the central subject. There is no visible text in the image. The style of the image is illustrative and cartoonish, with a focus on color and detail.
ballena varada	Rescatan una ballena varada en el río Támesis en Londres		32652186459.png	The image depicts a stylized illustration of a whale resting on a sandy beach. The whale is large and has a prominent hump on its back. It is colored in shades of gray and black, with a lighter underside. The beach is orange and features small rocks and patches of grass. There are also orange bubbles floating around the whale, suggesting movement or activity. The background is a plain white, which contrasts with the vibrant colors of the whale and the beach. There is no visible text in the image.	32834978672.png	The image depicts an illustration of a stylized ship with a large, orange, circular object floating above it. The ship has a prominent orange lifebuoy on its side and a smaller one on top. The ship's hull is black with a white superstructure. The water around the ship is splashing, and there are droplets of water in the air. The background is white with a subtle pattern. There is no visible text in the image. The style of the illustration is cartoonish with a limited color palette.	68179204841.png	The image depicts a whimsical scene with a large, gray whale lying on a sandy beach. The whale is adorned with a variety of objects, including a blue barrel, a red and white striped cone, and a small orange crate. Surrounding the whale are several individuals dressed in orange safety vests and hard hats, suggesting they are workers or rescuers. They are standing and appear to be engaged in some sort of activity or inspection around the whale. The background is plain white, emphasizing the central subject. There is no visible text in the image. The style of the image is illustrative and cartoonish, with a focus on color and detail.	31358355101.png	The image depicts a stylized illustration of a whale on a sandy beach. The whale is large and gray, with a prominent hump on its back. It has a long, curved tail and a dorsal fin. The beach is populated with various plants and rocks, and there are small fish and coral in the water near the whale. The background is a plain white, which contrasts with the detailed illustration of the whale and its surroundings. There is no visible text in the image.	21131851578.png	The image depicts an animated character, a young boy with dark hair, wearing an orange shirt and swimming shorts, floating on a body of water. He is smiling and appears to be enjoying himself. The boy is surrounded by a tropical setting, including a palm tree with green leaves and a small island with orange flowers. The water has small ripples and the boy's hair is slightly wet, suggesting he has been swimming. There is no visible text in the image. The style of the image is cartoonish and colorful, with a focus on a cheerful and adventurous theme.
ballena varada	El difícil final de una ballena varada en una playa de Estados Unidos		32652186459.png	The image depicts a stylized illustration of a whale resting on a sandy beach. The whale is large and has a prominent hump on its back. It is colored in shades of gray and black, with a lighter underside. The beach is orange and features small rocks and patches of grass. There are also orange bubbles floating around the whale, suggesting movement or activity. The background is a plain white, which contrasts with the vibrant colors of the whale and the beach. There is no visible text in the image.	21131851578.png	The image depicts an animated character, a young boy with dark hair, wearing an orange shirt and swimming shorts, floating on a body of water. He is smiling and appears to be enjoying himself. The boy is surrounded by a tropical setting, including a palm tree with green leaves and a small island with orange flowers. The water has small ripples and the boy's hair is slightly wet, suggesting he has been swimming. There is no visible text in the image. The style of the image is cartoonish and colorful, with a focus on a cheerful and adventurous theme.	68179204841.png	The image depicts a whimsical scene with a large, gray whale lying on a sandy beach. The whale is adorned with a variety of objects, including a blue barrel, a red and white striped cone, and a small orange crate. Surrounding the whale are several individuals dressed in orange safety vests and hard hats, suggesting they are workers or rescuers. They are standing and appear to be engaged in some sort of activity or inspection around the whale. The background is plain white, emphasizing the central subject. There is no visible text in the image. The style of the image is illustrative and cartoonish, with a focus on color and detail.	31358355101.png	The image depicts a stylized illustration of a whale on a sandy beach. The whale is large and gray, with a prominent hump on its back. It has a long, curved tail and a dorsal fin. The beach is populated with various plants and rocks, and there are small fish and coral in the water near the whale. The background is a plain white, which contrasts with the detailed illustration of the whale and its surroundings. There is no visible text in the image.	32834978672.png	The image depicts an illustration of a stylized ship with a large, orange, circular object floating above it. The ship has a prominent orange lifebuoy on its side and a smaller one on top. The ship's hull is black with a white superstructure. The water around the ship is splashing, and there are droplets of water in the air. The background is white with a subtle pattern. There is no visible text in the image. The style of the illustration is cartoonish with a limited color palette.
reloj biologico	Mi reloj biológico me está apurando a formar una familia antes de los treinta.		92763149918.png	The image depicts a stylized clock face with a playful and imaginative design. The clock hands are black and point to the 12 o'clock position. The clock face is gray with a white center. Surrounding the clock face are various objects that appear to be floating or suspended in the air. These objects include spheres in shades of orange, yellow, and green, as well as what seem to be small creatures or characters. The objects are scattered around the clock face, creating a sense of movement and dynamism. There is no visible text on the image. The style of the image is cartoonish and whimsical, with a limited color palette that emphasizes the orange and green hues.	61823766291.png	The image features a stylized, animated character of a young woman with brown hair tied in a bun, wearing a brown sweater and black pants. She has a cheerful expression and is holding an orange calendar with the month of March visible, showing dates from the 1st to the 27th. The calendar has a spiral binding and is open to the month view. The background is plain white.	12830253659.png	The image features a stylized alarm clock with a large, orange body and a smaller, orange top. The clock has a black face with white numbers from 1 to 12, and a white second hand. There is a yellow smiley face at the 12 o'clock position. The clock is standing on two silver legs and has a silver handle on top. The background is plain white, emphasizing the clock.	64124647463.png	The image depicts a stylized illustration of a person playing a guitar. The individual has a ponytail, wears a headband with a floral pattern, and has a neutral expression. They are dressed in a long-sleeved orange top and dark pants, with orange shoes. The guitar is black with orange accents and has a pick in the player's hand. The background is plain white, emphasizing the subject.	96097391591.png	The image depicts a stylized illustration of a person standing next to a large, orange and black train. The train has a prominent front with a headlight and a black roof. The person is wearing glasses, a hooded jacket, and brown shoes. The background is plain and does not provide any additional context. There is no visible text in the image. The style of the illustration is cartoonish with a limited color palette.
reloj biologico	Sentí que mi reloj biológico marcaba que era hora de cambiar de carrera y seguir mi verdadera pasión.		61823766291.png	The image features a stylized, animated character of a young woman with brown hair tied in a bun, wearing a brown sweater and black pants. She has a cheerful expression and is holding an orange calendar with the month of March visible, showing dates from the 1st to the 27th. The calendar has a spiral binding and is open to the month view. The background is plain white.	12830253659.png	The image features a stylized alarm clock with a large, orange body and a smaller, orange top. The clock has a black face with white numbers from 1 to 12, and a white second hand. There is a yellow smiley face at the 12 o'clock position. The clock is standing on two silver legs and has a silver handle on top. The background is plain white, emphasizing the clock.	64124647463.png	The image depicts a stylized illustration of a person playing a guitar. The individual has a ponytail, wears a headband with a floral pattern, and has a neutral expression. They are dressed in a long-sleeved orange top and dark pants, with orange shoes. The guitar is black with orange accents and has a pick in the player's hand. The background is plain white, emphasizing the subject.	92763149918.png	The image depicts a stylized clock face with a playful and imaginative design. The clock hands are black and point to the 12 o'clock position. The clock face is gray with a white center. Surrounding the clock face are various objects that appear to be floating or suspended in the air. These objects include spheres in shades of orange, yellow, and green, as well as what seem to be small creatures or characters. The objects are scattered around the clock face, creating a sense of movement and dynamism. There is no visible text on the image. The style of the image is cartoonish and whimsical, with a limited color palette that emphasizes the orange and green hues.	96097391591.png	The image depicts a stylized illustration of a person standing next to a large, orange and black train. The train has a prominent front with a headlight and a black roof. The person is wearing glasses, a hooded jacket, and brown shoes. The background is plain and does not provide any additional context. There is no visible text in the image. The style of the illustration is cartoonish with a limited color palette.
mercado negro	Es importante conocer las diferencias que existen entre estos dos mercados, dado que las transacciones realizadas en el mercado negro son consideradas ilegales.		32913893398.png	"The image features a stylized illustration of a signpost with a sign that reads ""Black Market."" The signpost is made of a wooden pole with a red button on top. The sign itself is rectangular with a black background and yellow text. The signpost is situated on a patch of dirt, suggesting an outdoor setting. The overall style of the image is cartoonish and simplistic."	27948729065.png	The image depicts a black bag with a handle and a shoulder strap. The bag is filled with various items, including books, a pair of sunglasses, a pair of slippers, a small orange pouch, and a pair of glasses. The items are arranged in a somewhat haphazard manner, with some items overlapping or stacked on top of each other. The bag appears to be in a state of disarray, suggesting it might be used for travel or daily errands. There is no visible text in the image.	73331794926.png	The image depicts an animated character, a young girl with brown hair tied in a bun, wearing an orange apron and a black headband. She is standing behind a wooden table laden with various items. On the table, there are several jars with different contents, including what appears to be orange slices and other food items. Hanging above the table are four light bulbs, each connected to a black wire. The background is plain white, emphasizing the subject. There is no visible text in the image. The style of the image is illustrative, with a focus on a warm, inviting color palette.	11662124887.png	The image depicts a cartoon-style illustration of a young boy with glasses and an orange backpack. He is pushing a shopping cart filled with various items, including what appears to be juice bottles and other packaged goods. The boy is smiling and seems to be in a good mood. The background is plain white, emphasizing the subject. There is no visible text in the image.	30536242976.png	The image is a digital illustration featuring two animated characters. On the left, there is a character with short brown hair, wearing an orange jumpsuit with a utility belt and a badge, and black shoes. This character is holding a brown paper bag with a dollar sign on it, suggesting it contains money. On the right, there is another character with short brown hair, wearing glasses and a black jacket with a yellow patch on the left arm. This character is also holding a brown paper bag with a dollar sign on it, indicating it also contains money. Both characters are smiling and appear to be in a celebratory or happy mood. They are standing on a gray surface that looks like a path or road. The background is plain white, emphasizing the characters and their actions. There is no visible text in the image.
mercado negro	Descarga los vectores gratuitos más populares de Mercado negro en Freepik.		11662124887.png	The image depicts a cartoon-style illustration of a young boy with glasses and an orange backpack. He is pushing a shopping cart filled with various items, including what appears to be juice bottles and other packaged goods. The boy is smiling and seems to be in a good mood. The background is plain white, emphasizing the subject. There is no visible text in the image.	73331794926.png	The image depicts an animated character, a young girl with brown hair tied in a bun, wearing an orange apron and a black headband. She is standing behind a wooden table laden with various items. On the table, there are several jars with different contents, including what appears to be orange slices and other food items. Hanging above the table are four light bulbs, each connected to a black wire. The background is plain white, emphasizing the subject. There is no visible text in the image. The style of the image is illustrative, with a focus on a warm, inviting color palette.	30536242976.png	The image is a digital illustration featuring two animated characters. On the left, there is a character with short brown hair, wearing an orange jumpsuit with a utility belt and a badge, and black shoes. This character is holding a brown paper bag with a dollar sign on it, suggesting it contains money. On the right, there is another character with short brown hair, wearing glasses and a black jacket with a yellow patch on the left arm. This character is also holding a brown paper bag with a dollar sign on it, indicating it also contains money. Both characters are smiling and appear to be in a celebratory or happy mood. They are standing on a gray surface that looks like a path or road. The background is plain white, emphasizing the characters and their actions. There is no visible text in the image.	27948729065.png	The image depicts a black bag with a handle and a shoulder strap. The bag is filled with various items, including books, a pair of sunglasses, a pair of slippers, a small orange pouch, and a pair of glasses. The items are arranged in a somewhat haphazard manner, with some items overlapping or stacked on top of each other. The bag appears to be in a state of disarray, suggesting it might be used for travel or daily errands. There is no visible text in the image.	32913893398.png	"The image features a stylized illustration of a signpost with a sign that reads ""Black Market."" The signpost is made of a wooden pole with a red button on top. The sign itself is rectangular with a black background and yellow text. The signpost is situated on a patch of dirt, suggesting an outdoor setting. The overall style of the image is cartoonish and simplistic."
mercado negro	Durante el festival, los niños jugaron cerca del mercado negro, un sector del parque decorado con toldos oscuros.		30536242976.png	The image is a digital illustration featuring two animated characters. On the left, there is a character with short brown hair, wearing an orange jumpsuit with a utility belt and a badge, and black shoes. This character is holding a brown paper bag with a dollar sign on it, suggesting it contains money. On the right, there is another character with short brown hair, wearing glasses and a black jacket with a yellow patch on the left arm. This character is also holding a brown paper bag with a dollar sign on it, indicating it also contains money. Both characters are smiling and appear to be in a celebratory or happy mood. They are standing on a gray surface that looks like a path or road. The background is plain white, emphasizing the characters and their actions. There is no visible text in the image.	11662124887.png	The image depicts a cartoon-style illustration of a young boy with glasses and an orange backpack. He is pushing a shopping cart filled with various items, including what appears to be juice bottles and other packaged goods. The boy is smiling and seems to be in a good mood. The background is plain white, emphasizing the subject. There is no visible text in the image.	27948729065.png	The image depicts a black bag with a handle and a shoulder strap. The bag is filled with various items, including books, a pair of sunglasses, a pair of slippers, a small orange pouch, and a pair of glasses. The items are arranged in a somewhat haphazard manner, with some items overlapping or stacked on top of each other. The bag appears to be in a state of disarray, suggesting it might be used for travel or daily errands. There is no visible text in the image.	73331794926.png	The image depicts an animated character, a young girl with brown hair tied in a bun, wearing an orange apron and a black headband. She is standing behind a wooden table laden with various items. On the table, there are several jars with different contents, including what appears to be orange slices and other food items. Hanging above the table are four light bulbs, each connected to a black wire. The background is plain white, emphasizing the subject. There is no visible text in the image. The style of the image is illustrative, with a focus on a warm, inviting color palette.	32913893398.png	"The image features a stylized illustration of a signpost with a sign that reads ""Black Market."" The signpost is made of a wooden pole with a red button on top. The sign itself is rectangular with a black background and yellow text. The signpost is situated on a patch of dirt, suggesting an outdoor setting. The overall style of the image is cartoonish and simplistic."
oveja negra	En la familia siempre se habló de Luis como la oveja negra, porque nunca seguía las tradiciones familiares.		68865954924.png	The image depicts a stylized, animated character of a young woman with brown hair tied in a bun. She is smiling and appears to be enjoying her meal. She is holding a spoon with a scoop of food on it, which is a mix of white and yellow grains, possibly rice and eggs. The character is wearing an orange top with a darker orange collar. The background is plain white, emphasizing the character and her meal. There is no visible text in the image.	46133139901.png	The image features a stylized cartoon of a person standing in front of a crowd. The individual has curly hair, glasses, and is wearing an orange shirt with a pattern and black pants. They are looking to the side with a neutral expression. The crowd consists of variously dressed figures, suggesting a diverse group, and they are all looking towards the central figure. The background is plain white, emphasizing the subject. There is no visible text in the image.	37667496132.png	The image is a digital illustration featuring a stylized character standing in the center. The character has curly hair, wears glasses, a black t-shirt, and brown pants. They are looking to the side with a neutral expression. Surrounding the character is a festive atmosphere with a string of orange flags and balloons. The background is white, and there are small orange confetti-like shapes scattered around the character. The overall style is cartoonish and colorful.	65709220099.png	The image features a stylized, cartoon-like depiction of a black sheep with orange ears and a white face, standing in a grassy area with yellow flowers. The sheep has a fluffy, woolly appearance and is looking directly at the viewer. The background is a plain, light color, providing a contrast to the sheep and the flowers. There is no visible text in the image.	73931531835.png	The image features a stylized, cartoon-like character that resembles a sheep. It has a large, fluffy body with black fur, and its face is orange with large, round eyes and a small, black nose. The character has two small, orange ears and a small, orange flower on its head. It stands on two legs, each ending in a hoof. The background is plain and light-colored, providing a stark contrast to the character. There is no visible text in the image.
oveja negra	Aunque todos en la empresa aceptaban las reglas, Marta era la oveja negra que proponía ideas disruptivas y poco convencionales.		68865954924.png	The image depicts a stylized, animated character of a young woman with brown hair tied in a bun. She is smiling and appears to be enjoying her meal. She is holding a spoon with a scoop of food on it, which is a mix of white and yellow grains, possibly rice and eggs. The character is wearing an orange top with a darker orange collar. The background is plain white, emphasizing the character and her meal. There is no visible text in the image.	73931531835.png	The image features a stylized, cartoon-like character that resembles a sheep. It has a large, fluffy body with black fur, and its face is orange with large, round eyes and a small, black nose. The character has two small, orange ears and a small, orange flower on its head. It stands on two legs, each ending in a hoof. The background is plain and light-colored, providing a stark contrast to the character. There is no visible text in the image.	65709220099.png	The image features a stylized, cartoon-like depiction of a black sheep with orange ears and a white face, standing in a grassy area with yellow flowers. The sheep has a fluffy, woolly appearance and is looking directly at the viewer. The background is a plain, light color, providing a contrast to the sheep and the flowers. There is no visible text in the image.	37667496132.png	The image is a digital illustration featuring a stylized character standing in the center. The character has curly hair, wears glasses, a black t-shirt, and brown pants. They are looking to the side with a neutral expression. Surrounding the character is a festive atmosphere with a string of orange flags and balloons. The background is white, and there are small orange confetti-like shapes scattered around the character. The overall style is cartoonish and colorful.	46133139901.png	The image features a stylized cartoon of a person standing in front of a crowd. The individual has curly hair, glasses, and is wearing an orange shirt with a pattern and black pants. They are looking to the side with a neutral expression. The crowd consists of variously dressed figures, suggesting a diverse group, and they are all looking towards the central figure. The background is plain white, emphasizing the subject. There is no visible text in the image.
oveja negra	Durante los últimos años, la oveja negra ha dejado de ser expulsadas del rebaño para convertirse en una oportunidad para los ganaderos, consiguiendo tener un papel protagonista que, desde hace siglos, se les había negado.		73931531835.png	The image features a stylized, cartoon-like character that resembles a sheep. It has a large, fluffy body with black fur, and its face is orange with large, round eyes and a small, black nose. The character has two small, orange ears and a small, orange flower on its head. It stands on two legs, each ending in a hoof. The background is plain and light-colored, providing a stark contrast to the character. There is no visible text in the image.	46133139901.png	The image features a stylized cartoon of a person standing in front of a crowd. The individual has curly hair, glasses, and is wearing an orange shirt with a pattern and black pants. They are looking to the side with a neutral expression. The crowd consists of variously dressed figures, suggesting a diverse group, and they are all looking towards the central figure. The background is plain white, emphasizing the subject. There is no visible text in the image.	37667496132.png	The image is a digital illustration featuring a stylized character standing in the center. The character has curly hair, wears glasses, a black t-shirt, and brown pants. They are looking to the side with a neutral expression. Surrounding the character is a festive atmosphere with a string of orange flags and balloons. The background is white, and there are small orange confetti-like shapes scattered around the character. The overall style is cartoonish and colorful.	65709220099.png	The image features a stylized, cartoon-like depiction of a black sheep with orange ears and a white face, standing in a grassy area with yellow flowers. The sheep has a fluffy, woolly appearance and is looking directly at the viewer. The background is a plain, light color, providing a contrast to the sheep and the flowers. There is no visible text in the image.	68865954924.png	The image depicts a stylized, animated character of a young woman with brown hair tied in a bun. She is smiling and appears to be enjoying her meal. She is holding a spoon with a scoop of food on it, which is a mix of white and yellow grains, possibly rice and eggs. The character is wearing an orange top with a darker orange collar. The background is plain white, emphasizing the character and her meal. There is no visible text in the image.
oveja negra	Oveja negra, cordero blanco. La creación de lana para teñir por selección artificial de la oveja doméstica		65709220099.png	The image features a stylized, cartoon-like depiction of a black sheep with orange ears and a white face, standing in a grassy area with yellow flowers. The sheep has a fluffy, woolly appearance and is looking directly at the viewer. The background is a plain, light color, providing a contrast to the sheep and the flowers. There is no visible text in the image.	68865954924.png	The image depicts a stylized, animated character of a young woman with brown hair tied in a bun. She is smiling and appears to be enjoying her meal. She is holding a spoon with a scoop of food on it, which is a mix of white and yellow grains, possibly rice and eggs. The character is wearing an orange top with a darker orange collar. The background is plain white, emphasizing the character and her meal. There is no visible text in the image.	37667496132.png	The image is a digital illustration featuring a stylized character standing in the center. The character has curly hair, wears glasses, a black t-shirt, and brown pants. They are looking to the side with a neutral expression. Surrounding the character is a festive atmosphere with a string of orange flags and balloons. The background is white, and there are small orange confetti-like shapes scattered around the character. The overall style is cartoonish and colorful.	46133139901.png	The image features a stylized cartoon of a person standing in front of a crowd. The individual has curly hair, glasses, and is wearing an orange shirt with a pattern and black pants. They are looking to the side with a neutral expression. The crowd consists of variously dressed figures, suggesting a diverse group, and they are all looking towards the central figure. The background is plain white, emphasizing the subject. There is no visible text in the image.	73931531835.png	The image features a stylized, cartoon-like character that resembles a sheep. It has a large, fluffy body with black fur, and its face is orange with large, round eyes and a small, black nose. The character has two small, orange ears and a small, orange flower on its head. It stands on two legs, each ending in a hoof. The background is plain and light-colored, providing a stark contrast to the character. There is no visible text in the image.
de golpe	María decidió dejar de golpe su vida de quejas y empezó a meterse solo en proyectos que la motivaran.		72442081627.png	The image depicts a cartoon-style illustration of a duck inside a glass case. The duck is orange with a pattern of yellow spots and has a large, round orange beak. It is standing on a base that appears to be a stylized representation of a leafy plant. The background of the glass case is white, and there are snowflakes depicted around the edges, suggesting a cold environment. The glass case has a brown border and a handle on the right side. There is no visible text in the image.	99946191989.png	The image is a digital illustration featuring a stylized cartoon character. The character is a young male with dark skin, short hair, and a black t-shirt. He is holding a bottle with an orange label and a black cap, which appears to be a spray bottle. The bottle is being sprayed, and the spray is depicted as a stream of small, orange, and black cubes. The background is plain white, which contrasts with the colorful elements of the illustration. There is no visible text in the image. The style of the illustration is simplistic and uses flat colors, which is common in digital art.	27686075991.png	The image depicts a stylized illustration of a roasted chicken with a glossy, golden-brown skin, placed on a white plate with a dark rim. The chicken is surrounded by green herbs, possibly parsley, and there are two small black dots that could represent eyes or a decorative element. The background is plain white, emphasizing the subject. There is no visible text in the image. The style of the illustration is cartoonish and appears to be designed for a menu or a similar culinary context.	79692231444.png	The image depicts an animated character, a young boy with brown hair, wearing an orange hoodie and black pants. He is walking with a cigarette in his mouth, and there are several cigarette butts flying around him, suggesting he has just thrown them away. The boy is also wearing white sneakers. The background is plain white, emphasizing the character and the action. There is no visible text in the image.	10227886096.png	The image depicts an animated character, a young man with dark hair and glasses, wearing an orange lab coat. He is seated at a lab bench with various scientific equipment, including test tubes and a microscope. The character appears to be engaged in scientific research or experimentation. There is no visible text in the image.
de golpe	El equipo dejó de golpe su estilo conservador y salió a jugar como si no tuviera nada que perder.		27686075991.png	The image depicts a stylized illustration of a roasted chicken with a glossy, golden-brown skin, placed on a white plate with a dark rim. The chicken is surrounded by green herbs, possibly parsley, and there are two small black dots that could represent eyes or a decorative element. The background is plain white, emphasizing the subject. There is no visible text in the image. The style of the illustration is cartoonish and appears to be designed for a menu or a similar culinary context.	72442081627.png	The image depicts a cartoon-style illustration of a duck inside a glass case. The duck is orange with a pattern of yellow spots and has a large, round orange beak. It is standing on a base that appears to be a stylized representation of a leafy plant. The background of the glass case is white, and there are snowflakes depicted around the edges, suggesting a cold environment. The glass case has a brown border and a handle on the right side. There is no visible text in the image.	99946191989.png	The image is a digital illustration featuring a stylized cartoon character. The character is a young male with dark skin, short hair, and a black t-shirt. He is holding a bottle with an orange label and a black cap, which appears to be a spray bottle. The bottle is being sprayed, and the spray is depicted as a stream of small, orange, and black cubes. The background is plain white, which contrasts with the colorful elements of the illustration. There is no visible text in the image. The style of the illustration is simplistic and uses flat colors, which is common in digital art.	10227886096.png	The image depicts an animated character, a young man with dark hair and glasses, wearing an orange lab coat. He is seated at a lab bench with various scientific equipment, including test tubes and a microscope. The character appears to be engaged in scientific research or experimentation. There is no visible text in the image.	79692231444.png	The image depicts an animated character, a young boy with brown hair, wearing an orange hoodie and black pants. He is walking with a cigarette in his mouth, and there are several cigarette butts flying around him, suggesting he has just thrown them away. The boy is also wearing white sneakers. The background is plain white, emphasizing the character and the action. There is no visible text in the image.
de golpe	El herrero dobló la lámina de golpe con un martillazo certero.		79692231444.png	The image depicts an animated character, a young boy with brown hair, wearing an orange hoodie and black pants. He is walking with a cigarette in his mouth, and there are several cigarette butts flying around him, suggesting he has just thrown them away. The boy is also wearing white sneakers. The background is plain white, emphasizing the character and the action. There is no visible text in the image.	10227886096.png	The image depicts an animated character, a young man with dark hair and glasses, wearing an orange lab coat. He is seated at a lab bench with various scientific equipment, including test tubes and a microscope. The character appears to be engaged in scientific research or experimentation. There is no visible text in the image.	27686075991.png	The image depicts a stylized illustration of a roasted chicken with a glossy, golden-brown skin, placed on a white plate with a dark rim. The chicken is surrounded by green herbs, possibly parsley, and there are two small black dots that could represent eyes or a decorative element. The background is plain white, emphasizing the subject. There is no visible text in the image. The style of the illustration is cartoonish and appears to be designed for a menu or a similar culinary context.	72442081627.png	The image depicts a cartoon-style illustration of a duck inside a glass case. The duck is orange with a pattern of yellow spots and has a large, round orange beak. It is standing on a base that appears to be a stylized representation of a leafy plant. The background of the glass case is white, and there are snowflakes depicted around the edges, suggesting a cold environment. The glass case has a brown border and a handle on the right side. There is no visible text in the image.	99946191989.png	The image is a digital illustration featuring a stylized cartoon character. The character is a young male with dark skin, short hair, and a black t-shirt. He is holding a bottle with an orange label and a black cap, which appears to be a spray bottle. The bottle is being sprayed, and the spray is depicted as a stream of small, orange, and black cubes. The background is plain white, which contrasts with the colorful elements of the illustration. There is no visible text in the image. The style of the illustration is simplistic and uses flat colors, which is common in digital art.
