compound	sentence	expected_order	image1_name	image1_caption	image2_name	image2_caption	image3_name	image3_caption	image4_name	image4_caption	image5_name	image5_caption
μαύρο κουτί	Ουσιαστικά σ' αυτό το σενάριο η ψυχή λειτουργεί ως μαύρο κουτί.		35772241816.png	The image shows a three-dimensional rendering of a rectangular box with a lid. The box is predominantly orange with a white border and a white lid. The lid is slightly ajar, revealing a small, circular, yellowish-orange button on the front of the box. The box appears to be in a state of wear, with visible scratches and peeling paint on its surface. The background is plain white, emphasizing the box. There is no visible text in the image.	66565915983.png	The image features an animated scene with two characters. On the left, there is a young boy with spiky hair, wearing a red jacket and blue jeans, standing with his hands in his pockets. He is looking up at a large, orange, cartoonish creature on the right. The creature has a large, white eye with a black pupil, and it appears to be a robotic or mechanical being with various mechanical parts and gears visible on its body. Above the creature's head floats a question mark, suggesting curiosity or inquiry. The background is plain white, emphasizing the characters. There is no visible text in the image.	98828155265.png	The image shows a three-dimensional illustration of a black cube with a glossy finish. The cube is centered against a plain white background. The cube casts a subtle shadow on the ground, indicating a light source from above. The cube's edges are sharp, and it appears to be a solid, opaque object. There is no visible text or additional context provided in the image. The style of the illustration is simple and clean, with a focus on the cube itself.	43282257696.png	The image is a stylized illustration featuring two animated characters. On the left is a character with gray hair, wearing glasses and a white lab coat, with a beard and mustache. This character has a thoughtful expression and is standing with arms crossed. Above the character's head is a large orange thought bubble with a question mark inside.  On the right is a younger character with brown hair styled in pigtails, wearing a white lab coat with a yellow shirt underneath. This character has a surprised or puzzled expression and is also standing with arms crossed. Above the character's head is a smaller orange thought bubble with a darker orange substance inside, suggesting a different thought or idea.  The style of the illustration is cartoonish and appears to be designed to convey a sense of scientific curiosity or investigation. There is no visible text in the image.	99327556136.png	"The image depicts an animated character, a young girl with brown hair styled in a bun, wearing an orange outfit with a matching headband. She is standing in front of a wooden easel with a whiteboard attached to it. The girl is holding a yellow pencil in her right hand and appears to be drawing or writing on the whiteboard. The whiteboard has the equation ""1 + 2 = 3"" written on it. The girl's expression is focused and she seems to be engaged in the task at hand. The background is plain white, emphasizing the subject."
μαύρο κουτί	Το μαύρο κουτί της γλώσσας του παιδικού ιχνογραφήματος και μάλιστα σε ό,τι αφορά τις οικογενειακές imagos του παιδιού.		99327556136.png	"The image depicts an animated character, a young girl with brown hair styled in a bun, wearing an orange outfit with a matching headband. She is standing in front of a wooden easel with a whiteboard attached to it. The girl is holding a yellow pencil in her right hand and appears to be drawing or writing on the whiteboard. The whiteboard has the equation ""1 + 2 = 3"" written on it. The girl's expression is focused and she seems to be engaged in the task at hand. The background is plain white, emphasizing the subject."	98828155265.png	The image shows a three-dimensional illustration of a black cube with a glossy finish. The cube is centered against a plain white background. The cube casts a subtle shadow on the ground, indicating a light source from above. The cube's edges are sharp, and it appears to be a solid, opaque object. There is no visible text or additional context provided in the image. The style of the illustration is simple and clean, with a focus on the cube itself.	43282257696.png	The image is a stylized illustration featuring two animated characters. On the left is a character with gray hair, wearing glasses and a white lab coat, with a beard and mustache. This character has a thoughtful expression and is standing with arms crossed. Above the character's head is a large orange thought bubble with a question mark inside.  On the right is a younger character with brown hair styled in pigtails, wearing a white lab coat with a yellow shirt underneath. This character has a surprised or puzzled expression and is also standing with arms crossed. Above the character's head is a smaller orange thought bubble with a darker orange substance inside, suggesting a different thought or idea.  The style of the illustration is cartoonish and appears to be designed to convey a sense of scientific curiosity or investigation. There is no visible text in the image.	35772241816.png	The image shows a three-dimensional rendering of a rectangular box with a lid. The box is predominantly orange with a white border and a white lid. The lid is slightly ajar, revealing a small, circular, yellowish-orange button on the front of the box. The box appears to be in a state of wear, with visible scratches and peeling paint on its surface. The background is plain white, emphasizing the box. There is no visible text in the image.	66565915983.png	The image features an animated scene with two characters. On the left, there is a young boy with spiky hair, wearing a red jacket and blue jeans, standing with his hands in his pockets. He is looking up at a large, orange, cartoonish creature on the right. The creature has a large, white eye with a black pupil, and it appears to be a robotic or mechanical being with various mechanical parts and gears visible on its body. Above the creature's head floats a question mark, suggesting curiosity or inquiry. The background is plain white, emphasizing the characters. There is no visible text in the image.
μαύρο κουτί	Στο μαύρο κουτί βρήκε παλιές φωτογραφίες και γράμματα		66565915983.png	The image features an animated scene with two characters. On the left, there is a young boy with spiky hair, wearing a red jacket and blue jeans, standing with his hands in his pockets. He is looking up at a large, orange, cartoonish creature on the right. The creature has a large, white eye with a black pupil, and it appears to be a robotic or mechanical being with various mechanical parts and gears visible on its body. Above the creature's head floats a question mark, suggesting curiosity or inquiry. The background is plain white, emphasizing the characters. There is no visible text in the image.	98828155265.png	The image shows a three-dimensional illustration of a black cube with a glossy finish. The cube is centered against a plain white background. The cube casts a subtle shadow on the ground, indicating a light source from above. The cube's edges are sharp, and it appears to be a solid, opaque object. There is no visible text or additional context provided in the image. The style of the illustration is simple and clean, with a focus on the cube itself.	35772241816.png	The image shows a three-dimensional rendering of a rectangular box with a lid. The box is predominantly orange with a white border and a white lid. The lid is slightly ajar, revealing a small, circular, yellowish-orange button on the front of the box. The box appears to be in a state of wear, with visible scratches and peeling paint on its surface. The background is plain white, emphasizing the box. There is no visible text in the image.	99327556136.png	"The image depicts an animated character, a young girl with brown hair styled in a bun, wearing an orange outfit with a matching headband. She is standing in front of a wooden easel with a whiteboard attached to it. The girl is holding a yellow pencil in her right hand and appears to be drawing or writing on the whiteboard. The whiteboard has the equation ""1 + 2 = 3"" written on it. The girl's expression is focused and she seems to be engaged in the task at hand. The background is plain white, emphasizing the subject."	43282257696.png	The image is a stylized illustration featuring two animated characters. On the left is a character with gray hair, wearing glasses and a white lab coat, with a beard and mustache. This character has a thoughtful expression and is standing with arms crossed. Above the character's head is a large orange thought bubble with a question mark inside.  On the right is a younger character with brown hair styled in pigtails, wearing a white lab coat with a yellow shirt underneath. This character has a surprised or puzzled expression and is also standing with arms crossed. Above the character's head is a smaller orange thought bubble with a darker orange substance inside, suggesting a different thought or idea.  The style of the illustration is cartoonish and appears to be designed to convey a sense of scientific curiosity or investigation. There is no visible text in the image.
μαύρο κουτί	Πάνω στο γραφείο ξεχασμένο ένα μαύρο κουτί.		35772241816.png	The image shows a three-dimensional rendering of a rectangular box with a lid. The box is predominantly orange with a white border and a white lid. The lid is slightly ajar, revealing a small, circular, yellowish-orange button on the front of the box. The box appears to be in a state of wear, with visible scratches and peeling paint on its surface. The background is plain white, emphasizing the box. There is no visible text in the image.	99327556136.png	"The image depicts an animated character, a young girl with brown hair styled in a bun, wearing an orange outfit with a matching headband. She is standing in front of a wooden easel with a whiteboard attached to it. The girl is holding a yellow pencil in her right hand and appears to be drawing or writing on the whiteboard. The whiteboard has the equation ""1 + 2 = 3"" written on it. The girl's expression is focused and she seems to be engaged in the task at hand. The background is plain white, emphasizing the subject."	98828155265.png	The image shows a three-dimensional illustration of a black cube with a glossy finish. The cube is centered against a plain white background. The cube casts a subtle shadow on the ground, indicating a light source from above. The cube's edges are sharp, and it appears to be a solid, opaque object. There is no visible text or additional context provided in the image. The style of the illustration is simple and clean, with a focus on the cube itself.	66565915983.png	The image features an animated scene with two characters. On the left, there is a young boy with spiky hair, wearing a red jacket and blue jeans, standing with his hands in his pockets. He is looking up at a large, orange, cartoonish creature on the right. The creature has a large, white eye with a black pupil, and it appears to be a robotic or mechanical being with various mechanical parts and gears visible on its body. Above the creature's head floats a question mark, suggesting curiosity or inquiry. The background is plain white, emphasizing the characters. There is no visible text in the image.	43282257696.png	The image is a stylized illustration featuring two animated characters. On the left is a character with gray hair, wearing glasses and a white lab coat, with a beard and mustache. This character has a thoughtful expression and is standing with arms crossed. Above the character's head is a large orange thought bubble with a question mark inside.  On the right is a younger character with brown hair styled in pigtails, wearing a white lab coat with a yellow shirt underneath. This character has a surprised or puzzled expression and is also standing with arms crossed. Above the character's head is a smaller orange thought bubble with a darker orange substance inside, suggesting a different thought or idea.  The style of the illustration is cartoonish and appears to be designed to convey a sense of scientific curiosity or investigation. There is no visible text in the image.
το άλφα και το ωμέγα	Το άλφα και το ωμέγα της ευελιξίας αυτής, είναι η χρήση διαφορετικών φελλών ανάλογα με τις συνθήκες που συναντάμε κάθε φορά και φυσικά ανάλογα με τη μορφολογία του εκάστοτε τόπου.		42202375841.png	The image features a stylized animated character resembling a man with glasses and a mustache, dressed in a white shirt, orange tie, and black pants. He is standing upright and holding a flag with a yellow triangle on a brown pole. Surrounding him is a group of identical animated characters, all wearing glasses and orange ties, and they are arranged in a circular formation around him. The characters are also dressed in white shirts and black pants. The background is plain white. There is no visible text in the image.	96275304446.png	The image features a three-dimensional, stylized representation of a DNA double helix. The helix is composed of spheres connected by cylindrical rods, with alternating colors of orange and white. Each sphere has a pattern of dots and lines, and the cylindrical rods are also adorned with these patterns. The background is plain white, emphasizing the colorful DNA model. There is no visible text in the image.	57242435626.png	The image features a large, cracked, and textured egg with a predominantly orange hue, set against a white background. The egg is cracked open, revealing a darker interior. Surrounding the egg are smaller rocks and a few sprouts of grass. To the left of the egg, there is a smaller, spherical object with a similar cracked texture, but with a more muted color palette. The overall style of the image is realistic with a touch of artistic stylization, particularly in the textures and the way the egg is cracked open.	83136473978.png	"The image shows a crumpled piece of paper with the word ""Alpha"" prominently displayed in large, bold letters. The paper is torn and appears to be in a state of disarray. On the right side of the paper, there is a smaller, rectangular label with the word ""ONEGA"" in capital letters. The background is a solid dark color, which contrasts with the lighter color of the paper and the text. The overall style of the image is illustrative and appears to be a digital artwork rather than a photograph."	62597953967.png	"The image features two clipboards with papers attached to them, hanging from a single string. The clipboards are white with orange borders, and each has a large letter on it: ""A"" on the left and ""B"" on the right. The papers attached to the clipboards are also white with orange borders and have a few small decorative elements, such as hearts and stars. The background is a dark gray gradient."
το άλφα και το ωμέγα	Έτσι ο ίδιος έγραψε σε ένα από τα πρώτα του άρθρα, ότι η σειρά με την οποία κολλιούνται διάφορα κομμάτια φιλμ -το μοντάζ- ήταν το άλφα και το ωμέγα της κινηματογραφικής επίδρασης επάνω στον θεατή		83136473978.png	"The image shows a crumpled piece of paper with the word ""Alpha"" prominently displayed in large, bold letters. The paper is torn and appears to be in a state of disarray. On the right side of the paper, there is a smaller, rectangular label with the word ""ONEGA"" in capital letters. The background is a solid dark color, which contrasts with the lighter color of the paper and the text. The overall style of the image is illustrative and appears to be a digital artwork rather than a photograph."	96275304446.png	The image features a three-dimensional, stylized representation of a DNA double helix. The helix is composed of spheres connected by cylindrical rods, with alternating colors of orange and white. Each sphere has a pattern of dots and lines, and the cylindrical rods are also adorned with these patterns. The background is plain white, emphasizing the colorful DNA model. There is no visible text in the image.	62597953967.png	"The image features two clipboards with papers attached to them, hanging from a single string. The clipboards are white with orange borders, and each has a large letter on it: ""A"" on the left and ""B"" on the right. The papers attached to the clipboards are also white with orange borders and have a few small decorative elements, such as hearts and stars. The background is a dark gray gradient."	42202375841.png	The image features a stylized animated character resembling a man with glasses and a mustache, dressed in a white shirt, orange tie, and black pants. He is standing upright and holding a flag with a yellow triangle on a brown pole. Surrounding him is a group of identical animated characters, all wearing glasses and orange ties, and they are arranged in a circular formation around him. The characters are also dressed in white shirts and black pants. The background is plain white. There is no visible text in the image.	57242435626.png	The image features a large, cracked, and textured egg with a predominantly orange hue, set against a white background. The egg is cracked open, revealing a darker interior. Surrounding the egg are smaller rocks and a few sprouts of grass. To the left of the egg, there is a smaller, spherical object with a similar cracked texture, but with a more muted color palette. The overall style of the image is realistic with a touch of artistic stylization, particularly in the textures and the way the egg is cracked open.
το άλφα και το ωμέγα	Στο εργαστήριο καλλιγραφίας, ο δάσκαλος έδειχνε στα παιδιά πώς να γράφουν σωστά το άλφα και το ωμέγα.		57242435626.png	The image features a large, cracked, and textured egg with a predominantly orange hue, set against a white background. The egg is cracked open, revealing a darker interior. Surrounding the egg are smaller rocks and a few sprouts of grass. To the left of the egg, there is a smaller, spherical object with a similar cracked texture, but with a more muted color palette. The overall style of the image is realistic with a touch of artistic stylization, particularly in the textures and the way the egg is cracked open.	42202375841.png	The image features a stylized animated character resembling a man with glasses and a mustache, dressed in a white shirt, orange tie, and black pants. He is standing upright and holding a flag with a yellow triangle on a brown pole. Surrounding him is a group of identical animated characters, all wearing glasses and orange ties, and they are arranged in a circular formation around him. The characters are also dressed in white shirts and black pants. The background is plain white. There is no visible text in the image.	96275304446.png	The image features a three-dimensional, stylized representation of a DNA double helix. The helix is composed of spheres connected by cylindrical rods, with alternating colors of orange and white. Each sphere has a pattern of dots and lines, and the cylindrical rods are also adorned with these patterns. The background is plain white, emphasizing the colorful DNA model. There is no visible text in the image.	62597953967.png	"The image features two clipboards with papers attached to them, hanging from a single string. The clipboards are white with orange borders, and each has a large letter on it: ""A"" on the left and ""B"" on the right. The papers attached to the clipboards are also white with orange borders and have a few small decorative elements, such as hearts and stars. The background is a dark gray gradient."	83136473978.png	"The image shows a crumpled piece of paper with the word ""Alpha"" prominently displayed in large, bold letters. The paper is torn and appears to be in a state of disarray. On the right side of the paper, there is a smaller, rectangular label with the word ""ONEGA"" in capital letters. The background is a solid dark color, which contrasts with the lighter color of the paper and the text. The overall style of the image is illustrative and appears to be a digital artwork rather than a photograph."
το άλφα και το ωμέγα	Ο γλύπτης χάραξε το άλφα και το ωμέγα πάνω σε μια πέτρα για να δείξει την αρχή και το τέλος της σειράς.		62597953967.png	"The image features two clipboards with papers attached to them, hanging from a single string. The clipboards are white with orange borders, and each has a large letter on it: ""A"" on the left and ""B"" on the right. The papers attached to the clipboards are also white with orange borders and have a few small decorative elements, such as hearts and stars. The background is a dark gray gradient."	83136473978.png	"The image shows a crumpled piece of paper with the word ""Alpha"" prominently displayed in large, bold letters. The paper is torn and appears to be in a state of disarray. On the right side of the paper, there is a smaller, rectangular label with the word ""ONEGA"" in capital letters. The background is a solid dark color, which contrasts with the lighter color of the paper and the text. The overall style of the image is illustrative and appears to be a digital artwork rather than a photograph."	57242435626.png	The image features a large, cracked, and textured egg with a predominantly orange hue, set against a white background. The egg is cracked open, revealing a darker interior. Surrounding the egg are smaller rocks and a few sprouts of grass. To the left of the egg, there is a smaller, spherical object with a similar cracked texture, but with a more muted color palette. The overall style of the image is realistic with a touch of artistic stylization, particularly in the textures and the way the egg is cracked open.	42202375841.png	The image features a stylized animated character resembling a man with glasses and a mustache, dressed in a white shirt, orange tie, and black pants. He is standing upright and holding a flag with a yellow triangle on a brown pole. Surrounding him is a group of identical animated characters, all wearing glasses and orange ties, and they are arranged in a circular formation around him. The characters are also dressed in white shirts and black pants. The background is plain white. There is no visible text in the image.	96275304446.png	The image features a three-dimensional, stylized representation of a DNA double helix. The helix is composed of spheres connected by cylindrical rods, with alternating colors of orange and white. Each sphere has a pattern of dots and lines, and the cylindrical rods are also adorned with these patterns. The background is plain white, emphasizing the colorful DNA model. There is no visible text in the image.
μάτι της γάτας 1	"Τοποθέτηση ""ματιών γάτας"" για τη μείωση της ταχύτητας στις διασταυρώσεις λόγω διέλευσης ΜΜΜ."		56491841058.png	The image depicts a stylized, orange sports car on a road with a black surface and yellow lane markers. The car is positioned at an angle, suggesting motion, and is centered in the frame. The vehicle has a sleek design with a prominent front grille and headlights. There are no visible texts or additional objects in the image. The style of the image is illustrative, with a clean and smooth finish.	55986611925.png	The image features a close-up of a cat's face, focusing on its eye and nose. The cat has a prominent orange eye with a black pupil, and its fur appears to be a mix of orange and white, with a soft, fluffy texture. The cat's nose is visible, and it has a small amount of whiskers. The background is plain and white, which contrasts with the cat's fur and highlights the details of the cat's face. There is no visible text in the image.	58370003326.png	The image features a stylized illustration of a green frog sitting on a large, green lily pad. The frog has large, orange eyes and is surrounded by orange flowers with yellow centers. The lily pad is floating on a body of water, and the frog's reflection is visible on the water's surface. The background is plain white, emphasizing the subject. There is no visible text in the image.	58568802444.png	The image displays a close-up of a human eye with a focus on the eyelashes and the iris. The eye is depicted with a blue iris and long eyelashes. The eyelashes are dark and appear to be well-groomed. The image is a digital rendering or illustration, not a photograph of a real eye. There is no visible text in the image.	88948057343.png	The image depicts a cartoon-style illustration of a road with a winding path. On the left side of the road, there are three orange traffic cones with reflective stripes. The road is bordered by a grassy area with trees and a few rocks. On the right side of the road, there is a small orange car with a smiling face, suggesting a friendly or anthropomorphic character. The background features a large, rocky cliff or mountain, and the sky is a light blue with a few clouds. There is no visible text in the image. The style of the image is playful and whimsical, with a focus on bright colors and a simplified, stylized representation of the environment.
μάτι της γάτας 1	"Τα ""μάτια της γάτας"" είχαν τοποθετηθεί παλαιότερα από τον Δήμο, για να μειώνουν οι οδηγοί την ταχύτητά τους"		58370003326.png	The image features a stylized illustration of a green frog sitting on a large, green lily pad. The frog has large, orange eyes and is surrounded by orange flowers with yellow centers. The lily pad is floating on a body of water, and the frog's reflection is visible on the water's surface. The background is plain white, emphasizing the subject. There is no visible text in the image.	56491841058.png	The image depicts a stylized, orange sports car on a road with a black surface and yellow lane markers. The car is positioned at an angle, suggesting motion, and is centered in the frame. The vehicle has a sleek design with a prominent front grille and headlights. There are no visible texts or additional objects in the image. The style of the image is illustrative, with a clean and smooth finish.	55986611925.png	The image features a close-up of a cat's face, focusing on its eye and nose. The cat has a prominent orange eye with a black pupil, and its fur appears to be a mix of orange and white, with a soft, fluffy texture. The cat's nose is visible, and it has a small amount of whiskers. The background is plain and white, which contrasts with the cat's fur and highlights the details of the cat's face. There is no visible text in the image.	58568802444.png	The image displays a close-up of a human eye with a focus on the eyelashes and the iris. The eye is depicted with a blue iris and long eyelashes. The eyelashes are dark and appear to be well-groomed. The image is a digital rendering or illustration, not a photograph of a real eye. There is no visible text in the image.	88948057343.png	The image depicts a cartoon-style illustration of a road with a winding path. On the left side of the road, there are three orange traffic cones with reflective stripes. The road is bordered by a grassy area with trees and a few rocks. On the right side of the road, there is a small orange car with a smiling face, suggesting a friendly or anthropomorphic character. The background features a large, rocky cliff or mountain, and the sky is a light blue with a few clouds. There is no visible text in the image. The style of the image is playful and whimsical, with a focus on bright colors and a simplified, stylized representation of the environment.
μάτι της γάτας 1	Ο κτηνίατρος εξέτασε προσεκτικά το μάτι της γάτας για σημάδια φλεγμονής.		58568802444.png	The image displays a close-up of a human eye with a focus on the eyelashes and the iris. The eye is depicted with a blue iris and long eyelashes. The eyelashes are dark and appear to be well-groomed. The image is a digital rendering or illustration, not a photograph of a real eye. There is no visible text in the image.	55986611925.png	The image features a close-up of a cat's face, focusing on its eye and nose. The cat has a prominent orange eye with a black pupil, and its fur appears to be a mix of orange and white, with a soft, fluffy texture. The cat's nose is visible, and it has a small amount of whiskers. The background is plain and white, which contrasts with the cat's fur and highlights the details of the cat's face. There is no visible text in the image.	58370003326.png	The image features a stylized illustration of a green frog sitting on a large, green lily pad. The frog has large, orange eyes and is surrounded by orange flowers with yellow centers. The lily pad is floating on a body of water, and the frog's reflection is visible on the water's surface. The background is plain white, emphasizing the subject. There is no visible text in the image.	56491841058.png	The image depicts a stylized, orange sports car on a road with a black surface and yellow lane markers. The car is positioned at an angle, suggesting motion, and is centered in the frame. The vehicle has a sleek design with a prominent front grille and headlights. There are no visible texts or additional objects in the image. The style of the image is illustrative, with a clean and smooth finish.	88948057343.png	The image depicts a cartoon-style illustration of a road with a winding path. On the left side of the road, there are three orange traffic cones with reflective stripes. The road is bordered by a grassy area with trees and a few rocks. On the right side of the road, there is a small orange car with a smiling face, suggesting a friendly or anthropomorphic character. The background features a large, rocky cliff or mountain, and the sky is a light blue with a few clouds. There is no visible text in the image. The style of the image is playful and whimsical, with a focus on bright colors and a simplified, stylized representation of the environment.
μάτι της γάτας 1	Η ζωγράφος προσπάθησε να αποδώσει με λεπτομέρεια το μάτι της γάτας στον καμβά.		55986611925.png	The image features a close-up of a cat's face, focusing on its eye and nose. The cat has a prominent orange eye with a black pupil, and its fur appears to be a mix of orange and white, with a soft, fluffy texture. The cat's nose is visible, and it has a small amount of whiskers. The background is plain and white, which contrasts with the cat's fur and highlights the details of the cat's face. There is no visible text in the image.	58568802444.png	The image displays a close-up of a human eye with a focus on the eyelashes and the iris. The eye is depicted with a blue iris and long eyelashes. The eyelashes are dark and appear to be well-groomed. The image is a digital rendering or illustration, not a photograph of a real eye. There is no visible text in the image.	56491841058.png	The image depicts a stylized, orange sports car on a road with a black surface and yellow lane markers. The car is positioned at an angle, suggesting motion, and is centered in the frame. The vehicle has a sleek design with a prominent front grille and headlights. There are no visible texts or additional objects in the image. The style of the image is illustrative, with a clean and smooth finish.	88948057343.png	The image depicts a cartoon-style illustration of a road with a winding path. On the left side of the road, there are three orange traffic cones with reflective stripes. The road is bordered by a grassy area with trees and a few rocks. On the right side of the road, there is a small orange car with a smiling face, suggesting a friendly or anthropomorphic character. The background features a large, rocky cliff or mountain, and the sky is a light blue with a few clouds. There is no visible text in the image. The style of the image is playful and whimsical, with a focus on bright colors and a simplified, stylized representation of the environment.	58370003326.png	The image features a stylized illustration of a green frog sitting on a large, green lily pad. The frog has large, orange eyes and is surrounded by orange flowers with yellow centers. The lily pad is floating on a body of water, and the frog's reflection is visible on the water's surface. The background is plain white, emphasizing the subject. There is no visible text in the image.
ένα κομμάτι ψωμί	Όπως όλος ο πλουτοπαραγωγικός ιστός και ο ορυκτός πλούτος της χώρας εκχωρείται στο κεφάλαιο για ένα κομμάτι ψωμί έτσι και ολόκληρη η Β. Χαλκιδική παραδίδεται στο βωμό του κέρδους.		84512325057.png	The image depicts a stylized bakery scene with a variety of bread and pastries. There are loaves of bread in different shapes and sizes, some with visible crusts, and others with a smoother surface. There are also baskets filled with bread, and a display case with a selection of pastries, including what appears to be croissants and danishes.  The bakery has a rustic aesthetic with wooden shelves and a wooden countertop. The counter is adorned with a variety of items, including a scale, a basket of bread, and a few bottles that might contain ingredients or beverages.  Above the counter, there is a wooden awning with orange and white stripes, suggesting a traditional or artisanal bakery. The background is a simple, dark gray, which contrasts with the warm tones of the bakery items and the wooden elements.  There is no visible text in the image. The style of the image is illustrative, with a focus on color and texture to convey the bakery's offerings. The image is likely intended for a digital or printed medium, such as a menu, a website, or a promotional material.	26369123164.png	The image depicts a stylized illustration of a slice of bread with a glossy, yellowish-orange surface, suggesting it might be buttered or oiled. The bread has a crusty edge and appears to be freshly baked or prepared. There are small droplets of the same yellowish-orange substance scattered around the bread, possibly indicating that the bread has been buttered or oiled. The background is plain white, which contrasts with the bread and the droplets, making them stand out. There is no visible text in the image. The style of the illustration is simple and cartoonish, with a limited color palette and a flat design that gives it a playful and whimsical feel.	20001785272.png	The image depicts a torn US dollar bill with a green seal in the center. The bill is in motion, as indicated by the dynamic lines and splashes of orange and black around it, suggesting a sense of movement or chaos. The background is white, which contrasts with the brown color of the bill. There is no visible text on the bill itself. The style of the image is illustrative and appears to be digitally created.	67836774758.png	The image is a digital illustration of a lively scene inside a clothing store. There are four characters: a woman standing behind a counter, a man standing next to her, and two children sitting on stools in front of the counter. The woman is wearing a blue jacket and has a friendly expression. The man is wearing a brown jacket and has a beard. The children are dressed in casual clothes, with the girl in an orange dress and the boy in a yellow sweater.  The store is well-stocked with various items. There are hanging light fixtures, and the counter is adorned with a variety of clothing items, including shirts, jackets, and pants. The store also features a selection of potted plants and a cactus, adding a touch of greenery to the scene.  The background is a plain white, which contrasts with the colorful items in the store. The overall atmosphere of the image is warm and inviting, suggesting a pleasant shopping experience.	97485005780.png	The image features a stylized, cartoon-like depiction of a construction worker. The character has a hard hat, a mustache, and is wearing a high-visibility vest with reflective stripes. The worker is standing on a base that appears to be a construction site, with what looks like coins scattered around. The character's expression is one of sadness or disappointment. There is no visible text in the image.
ένα κομμάτι ψωμί	Και βέβαια, η νέα γενιά ζει αυτή την έννοια της διαφθοράς, γιατί τι άλλο είναι, παρά διαφθορά, όταν βλέπουμε ότι, πίσω από τα προγράμματα Stage, ουσιαστικά, πετάνε ένα κομμάτι ψωμί σε έναν νέο, ο οποίος είναι άνεργος, για να του εξαγοράσουν την ψήφο, με χρήματα του Ελληνικού λαού.		26369123164.png	The image depicts a stylized illustration of a slice of bread with a glossy, yellowish-orange surface, suggesting it might be buttered or oiled. The bread has a crusty edge and appears to be freshly baked or prepared. There are small droplets of the same yellowish-orange substance scattered around the bread, possibly indicating that the bread has been buttered or oiled. The background is plain white, which contrasts with the bread and the droplets, making them stand out. There is no visible text in the image. The style of the illustration is simple and cartoonish, with a limited color palette and a flat design that gives it a playful and whimsical feel.	97485005780.png	The image features a stylized, cartoon-like depiction of a construction worker. The character has a hard hat, a mustache, and is wearing a high-visibility vest with reflective stripes. The worker is standing on a base that appears to be a construction site, with what looks like coins scattered around. The character's expression is one of sadness or disappointment. There is no visible text in the image.	67836774758.png	The image is a digital illustration of a lively scene inside a clothing store. There are four characters: a woman standing behind a counter, a man standing next to her, and two children sitting on stools in front of the counter. The woman is wearing a blue jacket and has a friendly expression. The man is wearing a brown jacket and has a beard. The children are dressed in casual clothes, with the girl in an orange dress and the boy in a yellow sweater.  The store is well-stocked with various items. There are hanging light fixtures, and the counter is adorned with a variety of clothing items, including shirts, jackets, and pants. The store also features a selection of potted plants and a cactus, adding a touch of greenery to the scene.  The background is a plain white, which contrasts with the colorful items in the store. The overall atmosphere of the image is warm and inviting, suggesting a pleasant shopping experience.	20001785272.png	The image depicts a torn US dollar bill with a green seal in the center. The bill is in motion, as indicated by the dynamic lines and splashes of orange and black around it, suggesting a sense of movement or chaos. The background is white, which contrasts with the brown color of the bill. There is no visible text on the bill itself. The style of the image is illustrative and appears to be digitally created.	84512325057.png	The image depicts a stylized bakery scene with a variety of bread and pastries. There are loaves of bread in different shapes and sizes, some with visible crusts, and others with a smoother surface. There are also baskets filled with bread, and a display case with a selection of pastries, including what appears to be croissants and danishes.  The bakery has a rustic aesthetic with wooden shelves and a wooden countertop. The counter is adorned with a variety of items, including a scale, a basket of bread, and a few bottles that might contain ingredients or beverages.  Above the counter, there is a wooden awning with orange and white stripes, suggesting a traditional or artisanal bakery. The background is a simple, dark gray, which contrasts with the warm tones of the bakery items and the wooden elements.  There is no visible text in the image. The style of the image is illustrative, with a focus on color and texture to convey the bakery's offerings. The image is likely intended for a digital or printed medium, such as a menu, a website, or a promotional material.
ένα κομμάτι ψωμί	"Στα καραβάνσαραϊ και τα κοινά συσσίτια ""Μία σούπα και ένα κομμάτι ψωμί "" είναι πάντα έτοιμα να προσφερθούν στον ξένο και στον οποιουδήποτε θρησκεύματος οδοιπόρο. Το πιο συχνό είδος ψωμιού είναι το άσπρο ψωμί."		20001785272.png	The image depicts a torn US dollar bill with a green seal in the center. The bill is in motion, as indicated by the dynamic lines and splashes of orange and black around it, suggesting a sense of movement or chaos. The background is white, which contrasts with the brown color of the bill. There is no visible text on the bill itself. The style of the image is illustrative and appears to be digitally created.	26369123164.png	The image depicts a stylized illustration of a slice of bread with a glossy, yellowish-orange surface, suggesting it might be buttered or oiled. The bread has a crusty edge and appears to be freshly baked or prepared. There are small droplets of the same yellowish-orange substance scattered around the bread, possibly indicating that the bread has been buttered or oiled. The background is plain white, which contrasts with the bread and the droplets, making them stand out. There is no visible text in the image. The style of the illustration is simple and cartoonish, with a limited color palette and a flat design that gives it a playful and whimsical feel.	84512325057.png	The image depicts a stylized bakery scene with a variety of bread and pastries. There are loaves of bread in different shapes and sizes, some with visible crusts, and others with a smoother surface. There are also baskets filled with bread, and a display case with a selection of pastries, including what appears to be croissants and danishes.  The bakery has a rustic aesthetic with wooden shelves and a wooden countertop. The counter is adorned with a variety of items, including a scale, a basket of bread, and a few bottles that might contain ingredients or beverages.  Above the counter, there is a wooden awning with orange and white stripes, suggesting a traditional or artisanal bakery. The background is a simple, dark gray, which contrasts with the warm tones of the bakery items and the wooden elements.  There is no visible text in the image. The style of the image is illustrative, with a focus on color and texture to convey the bakery's offerings. The image is likely intended for a digital or printed medium, such as a menu, a website, or a promotional material.	97485005780.png	The image features a stylized, cartoon-like depiction of a construction worker. The character has a hard hat, a mustache, and is wearing a high-visibility vest with reflective stripes. The worker is standing on a base that appears to be a construction site, with what looks like coins scattered around. The character's expression is one of sadness or disappointment. There is no visible text in the image.	67836774758.png	The image is a digital illustration of a lively scene inside a clothing store. There are four characters: a woman standing behind a counter, a man standing next to her, and two children sitting on stools in front of the counter. The woman is wearing a blue jacket and has a friendly expression. The man is wearing a brown jacket and has a beard. The children are dressed in casual clothes, with the girl in an orange dress and the boy in a yellow sweater.  The store is well-stocked with various items. There are hanging light fixtures, and the counter is adorned with a variety of clothing items, including shirts, jackets, and pants. The store also features a selection of potted plants and a cactus, adding a touch of greenery to the scene.  The background is a plain white, which contrasts with the colorful items in the store. The overall atmosphere of the image is warm and inviting, suggesting a pleasant shopping experience.
ένα κομμάτι ψωμί	Βέβαια, για τότε ήταν σωστό, γιατί ο κόσμος υπέφερε.Δεν είχε να φάει ένα κομμάτι ψωμί και πέθαινε στους δρόμους από τις αρρώστιες.		20001785272.png	The image depicts a torn US dollar bill with a green seal in the center. The bill is in motion, as indicated by the dynamic lines and splashes of orange and black around it, suggesting a sense of movement or chaos. The background is white, which contrasts with the brown color of the bill. There is no visible text on the bill itself. The style of the image is illustrative and appears to be digitally created.	97485005780.png	The image features a stylized, cartoon-like depiction of a construction worker. The character has a hard hat, a mustache, and is wearing a high-visibility vest with reflective stripes. The worker is standing on a base that appears to be a construction site, with what looks like coins scattered around. The character's expression is one of sadness or disappointment. There is no visible text in the image.	84512325057.png	The image depicts a stylized bakery scene with a variety of bread and pastries. There are loaves of bread in different shapes and sizes, some with visible crusts, and others with a smoother surface. There are also baskets filled with bread, and a display case with a selection of pastries, including what appears to be croissants and danishes.  The bakery has a rustic aesthetic with wooden shelves and a wooden countertop. The counter is adorned with a variety of items, including a scale, a basket of bread, and a few bottles that might contain ingredients or beverages.  Above the counter, there is a wooden awning with orange and white stripes, suggesting a traditional or artisanal bakery. The background is a simple, dark gray, which contrasts with the warm tones of the bakery items and the wooden elements.  There is no visible text in the image. The style of the image is illustrative, with a focus on color and texture to convey the bakery's offerings. The image is likely intended for a digital or printed medium, such as a menu, a website, or a promotional material.	26369123164.png	The image depicts a stylized illustration of a slice of bread with a glossy, yellowish-orange surface, suggesting it might be buttered or oiled. The bread has a crusty edge and appears to be freshly baked or prepared. There are small droplets of the same yellowish-orange substance scattered around the bread, possibly indicating that the bread has been buttered or oiled. The background is plain white, which contrasts with the bread and the droplets, making them stand out. There is no visible text in the image. The style of the illustration is simple and cartoonish, with a limited color palette and a flat design that gives it a playful and whimsical feel.	67836774758.png	The image is a digital illustration of a lively scene inside a clothing store. There are four characters: a woman standing behind a counter, a man standing next to her, and two children sitting on stools in front of the counter. The woman is wearing a blue jacket and has a friendly expression. The man is wearing a brown jacket and has a beard. The children are dressed in casual clothes, with the girl in an orange dress and the boy in a yellow sweater.  The store is well-stocked with various items. There are hanging light fixtures, and the counter is adorned with a variety of clothing items, including shirts, jackets, and pants. The store also features a selection of potted plants and a cactus, adding a touch of greenery to the scene.  The background is a plain white, which contrasts with the colorful items in the store. The overall atmosphere of the image is warm and inviting, suggesting a pleasant shopping experience.
παρά τρίχα	Ένα λεωφορείο που μεταφέρει σχεδόν 50 άτομα αποφεύγει παρα τρίχα μια σύγκρουση στον αυτοκινητόδρομο M40 της Βρετανίας.		66294543116.png	The image shows a hand holding a magnifying glass with a yellow, shaggy substance inside the glass. The hand appears to be holding the magnifying glass with a firm grip, and the substance inside the glass is the main focus of the image. The background is plain and white, which contrasts with the yellow substance and the black handle of the magnifying glass. There is no visible text in the image. The style of the image is illustrative, with a flat design and no gradients or shadows, giving it a clean and modern appearance.	15530872282.png	The image depicts an animated scene featuring a young girl and a large tiger. The girl, with brown hair tied in a ponytail, is running away from the tiger. She is wearing a gray shirt, a yellow skirt, and brown shoes. The tiger, with orange and black stripes, is in mid-roar, with its mouth open and its front paws raised as if it's about to pounce. The background is a simple, light color, providing a stark contrast to the characters. There is no visible text in the image. The style of the image is reminiscent of a children's book illustration.	41388627449.png	The image depicts an animated character in mid-air, leaping over a gap between two cliffs. The character is wearing glasses, a backpack, and has a beard. They are dressed in a yellow shirt, brown pants, and orange shoes. The cliffs are textured with orange and brown hues, and there are orange leaves or petals falling from the cliff edges. The character's arms are outstretched, and they appear to be in a dynamic pose, suggesting movement. There is no visible text in the image. The style of the image is illustrative and cartoonish.	51603346523.png	The image shows a close-up of a human hand holding a single strand of hair. The hand appears to be that of a light-skinned individual, and the hair is a light brown color. The background is a plain, light color, providing a high-contrast backdrop that emphasizes the hair and the hand. There is no visible text in the image. The style of the image is a clear, high-resolution photograph with a focus on the texture and detail of the hair and the skin of the hand.	88905004314.png	The image features a stylized, cartoon-like depiction of an orange and white cat. The cat is sitting on its hind legs with its front paws resting on its chest, as if it is licking itself. It has a contented expression, with its eyes closed and a small smile on its face. The cat's fur appears soft and fluffy, with the orange color being more prominent on its body, while the white color is more prominent on its paws and chest. The background is plain and white, which contrasts with the cat's vibrant colors. There is no visible text in the image.
παρά τρίχα	"Σαν σήμερα λοιπόν, τo καλοκαίρι του 1976, μόλις έχω ξεφορτώσει από την πλάτη μου το εξατάξιο, έχω περάσει την κεντρική πύλη στο πανεπιστήμιο, έχω παρα τρίχα γλυτώσει την αναρρόφηση από το μεθύσι που έκανα για να ""γλεντήσω"" την ""επιτυχία"" μου."		51603346523.png	The image shows a close-up of a human hand holding a single strand of hair. The hand appears to be that of a light-skinned individual, and the hair is a light brown color. The background is a plain, light color, providing a high-contrast backdrop that emphasizes the hair and the hand. There is no visible text in the image. The style of the image is a clear, high-resolution photograph with a focus on the texture and detail of the hair and the skin of the hand.	88905004314.png	The image features a stylized, cartoon-like depiction of an orange and white cat. The cat is sitting on its hind legs with its front paws resting on its chest, as if it is licking itself. It has a contented expression, with its eyes closed and a small smile on its face. The cat's fur appears soft and fluffy, with the orange color being more prominent on its body, while the white color is more prominent on its paws and chest. The background is plain and white, which contrasts with the cat's vibrant colors. There is no visible text in the image.	15530872282.png	The image depicts an animated scene featuring a young girl and a large tiger. The girl, with brown hair tied in a ponytail, is running away from the tiger. She is wearing a gray shirt, a yellow skirt, and brown shoes. The tiger, with orange and black stripes, is in mid-roar, with its mouth open and its front paws raised as if it's about to pounce. The background is a simple, light color, providing a stark contrast to the characters. There is no visible text in the image. The style of the image is reminiscent of a children's book illustration.	66294543116.png	The image shows a hand holding a magnifying glass with a yellow, shaggy substance inside the glass. The hand appears to be holding the magnifying glass with a firm grip, and the substance inside the glass is the main focus of the image. The background is plain and white, which contrasts with the yellow substance and the black handle of the magnifying glass. There is no visible text in the image. The style of the image is illustrative, with a flat design and no gradients or shadows, giving it a clean and modern appearance.	41388627449.png	The image depicts an animated character in mid-air, leaping over a gap between two cliffs. The character is wearing glasses, a backpack, and has a beard. They are dressed in a yellow shirt, brown pants, and orange shoes. The cliffs are textured with orange and brown hues, and there are orange leaves or petals falling from the cliff edges. The character's arms are outstretched, and they appear to be in a dynamic pose, suggesting movement. There is no visible text in the image. The style of the image is illustrative and cartoonish.
παρά τρίχα	Καλύτερα να πέσει λίγη σάλτσα στο τραπεζομάντιλο παρά τρίχα στο φαγητό.		66294543116.png	The image shows a hand holding a magnifying glass with a yellow, shaggy substance inside the glass. The hand appears to be holding the magnifying glass with a firm grip, and the substance inside the glass is the main focus of the image. The background is plain and white, which contrasts with the yellow substance and the black handle of the magnifying glass. There is no visible text in the image. The style of the image is illustrative, with a flat design and no gradients or shadows, giving it a clean and modern appearance.	15530872282.png	The image depicts an animated scene featuring a young girl and a large tiger. The girl, with brown hair tied in a ponytail, is running away from the tiger. She is wearing a gray shirt, a yellow skirt, and brown shoes. The tiger, with orange and black stripes, is in mid-roar, with its mouth open and its front paws raised as if it's about to pounce. The background is a simple, light color, providing a stark contrast to the characters. There is no visible text in the image. The style of the image is reminiscent of a children's book illustration.	41388627449.png	The image depicts an animated character in mid-air, leaping over a gap between two cliffs. The character is wearing glasses, a backpack, and has a beard. They are dressed in a yellow shirt, brown pants, and orange shoes. The cliffs are textured with orange and brown hues, and there are orange leaves or petals falling from the cliff edges. The character's arms are outstretched, and they appear to be in a dynamic pose, suggesting movement. There is no visible text in the image. The style of the image is illustrative and cartoonish.	51603346523.png	The image shows a close-up of a human hand holding a single strand of hair. The hand appears to be that of a light-skinned individual, and the hair is a light brown color. The background is a plain, light color, providing a high-contrast backdrop that emphasizes the hair and the hand. There is no visible text in the image. The style of the image is a clear, high-resolution photograph with a focus on the texture and detail of the hair and the skin of the hand.	88905004314.png	The image features a stylized, cartoon-like depiction of an orange and white cat. The cat is sitting on its hind legs with its front paws resting on its chest, as if it is licking itself. It has a contented expression, with its eyes closed and a small smile on its face. The cat's fur appears soft and fluffy, with the orange color being more prominent on its body, while the white color is more prominent on its paws and chest. The background is plain and white, which contrasts with the cat's vibrant colors. There is no visible text in the image.
παρά τρίχα	πρώτη φορά βλέπω πολύχρωμο πινέλο τρίχα παρά τρίχα κι άλλο χρώμα.		41388627449.png	The image depicts an animated character in mid-air, leaping over a gap between two cliffs. The character is wearing glasses, a backpack, and has a beard. They are dressed in a yellow shirt, brown pants, and orange shoes. The cliffs are textured with orange and brown hues, and there are orange leaves or petals falling from the cliff edges. The character's arms are outstretched, and they appear to be in a dynamic pose, suggesting movement. There is no visible text in the image. The style of the image is illustrative and cartoonish.	51603346523.png	The image shows a close-up of a human hand holding a single strand of hair. The hand appears to be that of a light-skinned individual, and the hair is a light brown color. The background is a plain, light color, providing a high-contrast backdrop that emphasizes the hair and the hand. There is no visible text in the image. The style of the image is a clear, high-resolution photograph with a focus on the texture and detail of the hair and the skin of the hand.	15530872282.png	The image depicts an animated scene featuring a young girl and a large tiger. The girl, with brown hair tied in a ponytail, is running away from the tiger. She is wearing a gray shirt, a yellow skirt, and brown shoes. The tiger, with orange and black stripes, is in mid-roar, with its mouth open and its front paws raised as if it's about to pounce. The background is a simple, light color, providing a stark contrast to the characters. There is no visible text in the image. The style of the image is reminiscent of a children's book illustration.	66294543116.png	The image shows a hand holding a magnifying glass with a yellow, shaggy substance inside the glass. The hand appears to be holding the magnifying glass with a firm grip, and the substance inside the glass is the main focus of the image. The background is plain and white, which contrasts with the yellow substance and the black handle of the magnifying glass. There is no visible text in the image. The style of the image is illustrative, with a flat design and no gradients or shadows, giving it a clean and modern appearance.	88905004314.png	The image features a stylized, cartoon-like depiction of an orange and white cat. The cat is sitting on its hind legs with its front paws resting on its chest, as if it is licking itself. It has a contented expression, with its eyes closed and a small smile on its face. The cat's fur appears soft and fluffy, with the orange color being more prominent on its body, while the white color is more prominent on its paws and chest. The background is plain and white, which contrasts with the cat's vibrant colors. There is no visible text in the image.
βρόμικο χρήμα	"Για να προσελκύσουν χρήματα από το εξωτερικό, ακόμη και "" βρώμικα χρήματα "", αρκεί τα εγκλήματα να έχουν διαπραχθεί στο εξωτερικό."		12321588356.png	"The image depicts an animated character, a man, who appears to be in motion, possibly running or walking with a joyful expression. He is dressed in a pirate-style outfit, including a black hat with a black bandana, a brown vest, and brown pants. The man is holding a large, dark-colored chest with a handle on top. The chest is open, revealing a pile of gold coins inside. There is a small orange tag on the chest with the word ""Caution"" written on it. The man's left hand is on the chest, and his right hand is holding a brown bag with a strap. The background is plain white, emphasizing the character and the chest."	46813208126.png	"The image depicts an animated character, a young boy, standing in front of an ATM machine. The boy is holding a card in his hand, presumably preparing to insert it into the machine. The ATM has a digital display showing the word ""ATM"" and a slot for the card. The machine is situated on a sidewalk with fallen leaves scattered around it. The boy is wearing a red jacket and a hoodie, and he appears to be smiling. The image is stylized with a limited color palette and a cartoonish aesthetic."	86907950549.png	The image depicts a cartoon of a bearded man standing in front of a shower curtain. He is wearing a toga and sandals, and is holding a soap dispenser in his right hand. The shower curtain is gray with water droplets visible on it. The man is smiling and appears to be enjoying the shower. There is no visible text in the image.	83651208419.png	The image is a digital illustration of a stylized character with a smiling face, holding out two hands filled with coins. The character has dark skin and is wearing a black t-shirt with a pattern of green and yellow circles. The coins are depicted in a glossy, three-dimensional style, with a golden hue, and they are falling from the character's hands, creating a sense of abundance or prosperity. The background is plain white, which contrasts with the character and the coins, making them the focal point of the image. There is no visible text in the image.	48792710787.png	The image depicts a stylized illustration of a large stack of US dollar bills, which appears to be sinking into a pool of dark, oily liquid. The money is in various denominations, with the largest bill at the top and smaller ones beneath it. The bills are detailed with serial numbers and security features. Surrounding the money are several smaller coins, which are also sinking into the liquid. The coins are depicted with a glossy finish, suggesting they are made of metal. The liquid has a dark, almost black color, and there are small, glowing particles floating on its surface, which could be interpreted as sparks or embers. The overall impression is one of financial instability or collapse, with the money and coins sinking into a dangerous or unstable environment. There is no visible text in the image.
βρόμικο χρήμα	Τώρα ήρθανε Λιβανέζοι (λέγεται ότι ξεπλένουν βρώμικα χρήματα ) και έχουν κάνει τώρα το μεγαλύτερο αρτοποιείο.		46813208126.png	"The image depicts an animated character, a young boy, standing in front of an ATM machine. The boy is holding a card in his hand, presumably preparing to insert it into the machine. The ATM has a digital display showing the word ""ATM"" and a slot for the card. The machine is situated on a sidewalk with fallen leaves scattered around it. The boy is wearing a red jacket and a hoodie, and he appears to be smiling. The image is stylized with a limited color palette and a cartoonish aesthetic."	48792710787.png	The image depicts a stylized illustration of a large stack of US dollar bills, which appears to be sinking into a pool of dark, oily liquid. The money is in various denominations, with the largest bill at the top and smaller ones beneath it. The bills are detailed with serial numbers and security features. Surrounding the money are several smaller coins, which are also sinking into the liquid. The coins are depicted with a glossy finish, suggesting they are made of metal. The liquid has a dark, almost black color, and there are small, glowing particles floating on its surface, which could be interpreted as sparks or embers. The overall impression is one of financial instability or collapse, with the money and coins sinking into a dangerous or unstable environment. There is no visible text in the image.	12321588356.png	"The image depicts an animated character, a man, who appears to be in motion, possibly running or walking with a joyful expression. He is dressed in a pirate-style outfit, including a black hat with a black bandana, a brown vest, and brown pants. The man is holding a large, dark-colored chest with a handle on top. The chest is open, revealing a pile of gold coins inside. There is a small orange tag on the chest with the word ""Caution"" written on it. The man's left hand is on the chest, and his right hand is holding a brown bag with a strap. The background is plain white, emphasizing the character and the chest."	83651208419.png	The image is a digital illustration of a stylized character with a smiling face, holding out two hands filled with coins. The character has dark skin and is wearing a black t-shirt with a pattern of green and yellow circles. The coins are depicted in a glossy, three-dimensional style, with a golden hue, and they are falling from the character's hands, creating a sense of abundance or prosperity. The background is plain white, which contrasts with the character and the coins, making them the focal point of the image. There is no visible text in the image.	86907950549.png	The image depicts a cartoon of a bearded man standing in front of a shower curtain. He is wearing a toga and sandals, and is holding a soap dispenser in his right hand. The shower curtain is gray with water droplets visible on it. The man is smiling and appears to be enjoying the shower. There is no visible text in the image.
βρόμικο χρήμα	Αν και δεν είναι συνηθισμένο να μεταδίδονται ασθένειες μέσω χρημάτων, υπάρχουν τρόποι με τους οποίους θα μπορούσαμε να κάνουμε τα βρόμικα χρήματά μας καθαρότερα.		46813208126.png	"The image depicts an animated character, a young boy, standing in front of an ATM machine. The boy is holding a card in his hand, presumably preparing to insert it into the machine. The ATM has a digital display showing the word ""ATM"" and a slot for the card. The machine is situated on a sidewalk with fallen leaves scattered around it. The boy is wearing a red jacket and a hoodie, and he appears to be smiling. The image is stylized with a limited color palette and a cartoonish aesthetic."	48792710787.png	The image depicts a stylized illustration of a large stack of US dollar bills, which appears to be sinking into a pool of dark, oily liquid. The money is in various denominations, with the largest bill at the top and smaller ones beneath it. The bills are detailed with serial numbers and security features. Surrounding the money are several smaller coins, which are also sinking into the liquid. The coins are depicted with a glossy finish, suggesting they are made of metal. The liquid has a dark, almost black color, and there are small, glowing particles floating on its surface, which could be interpreted as sparks or embers. The overall impression is one of financial instability or collapse, with the money and coins sinking into a dangerous or unstable environment. There is no visible text in the image.	83651208419.png	The image is a digital illustration of a stylized character with a smiling face, holding out two hands filled with coins. The character has dark skin and is wearing a black t-shirt with a pattern of green and yellow circles. The coins are depicted in a glossy, three-dimensional style, with a golden hue, and they are falling from the character's hands, creating a sense of abundance or prosperity. The background is plain white, which contrasts with the character and the coins, making them the focal point of the image. There is no visible text in the image.	12321588356.png	"The image depicts an animated character, a man, who appears to be in motion, possibly running or walking with a joyful expression. He is dressed in a pirate-style outfit, including a black hat with a black bandana, a brown vest, and brown pants. The man is holding a large, dark-colored chest with a handle on top. The chest is open, revealing a pile of gold coins inside. There is a small orange tag on the chest with the word ""Caution"" written on it. The man's left hand is on the chest, and his right hand is holding a brown bag with a strap. The background is plain white, emphasizing the character and the chest."	86907950549.png	The image depicts a cartoon of a bearded man standing in front of a shower curtain. He is wearing a toga and sandals, and is holding a soap dispenser in his right hand. The shower curtain is gray with water droplets visible on it. The man is smiling and appears to be enjoying the shower. There is no visible text in the image.
βρόμικο χρήμα	Δώστε τέλος στα βρόμικα χρήματα , που είναι εστίες μικροβίων και μέσο μετάδοσης λοιμώξεων.		12321588356.png	"The image depicts an animated character, a man, who appears to be in motion, possibly running or walking with a joyful expression. He is dressed in a pirate-style outfit, including a black hat with a black bandana, a brown vest, and brown pants. The man is holding a large, dark-colored chest with a handle on top. The chest is open, revealing a pile of gold coins inside. There is a small orange tag on the chest with the word ""Caution"" written on it. The man's left hand is on the chest, and his right hand is holding a brown bag with a strap. The background is plain white, emphasizing the character and the chest."	46813208126.png	"The image depicts an animated character, a young boy, standing in front of an ATM machine. The boy is holding a card in his hand, presumably preparing to insert it into the machine. The ATM has a digital display showing the word ""ATM"" and a slot for the card. The machine is situated on a sidewalk with fallen leaves scattered around it. The boy is wearing a red jacket and a hoodie, and he appears to be smiling. The image is stylized with a limited color palette and a cartoonish aesthetic."	48792710787.png	The image depicts a stylized illustration of a large stack of US dollar bills, which appears to be sinking into a pool of dark, oily liquid. The money is in various denominations, with the largest bill at the top and smaller ones beneath it. The bills are detailed with serial numbers and security features. Surrounding the money are several smaller coins, which are also sinking into the liquid. The coins are depicted with a glossy finish, suggesting they are made of metal. The liquid has a dark, almost black color, and there are small, glowing particles floating on its surface, which could be interpreted as sparks or embers. The overall impression is one of financial instability or collapse, with the money and coins sinking into a dangerous or unstable environment. There is no visible text in the image.	83651208419.png	The image is a digital illustration of a stylized character with a smiling face, holding out two hands filled with coins. The character has dark skin and is wearing a black t-shirt with a pattern of green and yellow circles. The coins are depicted in a glossy, three-dimensional style, with a golden hue, and they are falling from the character's hands, creating a sense of abundance or prosperity. The background is plain white, which contrasts with the character and the coins, making them the focal point of the image. There is no visible text in the image.	86907950549.png	The image depicts a cartoon of a bearded man standing in front of a shower curtain. He is wearing a toga and sandals, and is holding a soap dispenser in his right hand. The shower curtain is gray with water droplets visible on it. The man is smiling and appears to be enjoying the shower. There is no visible text in the image.
ρίχνω λάδι στη φωτιά	Κάποια από αυτά είναι ιδιαίτερα επίπονα, όπως το πάγωμα των συντάξεων το 2011, αλλά δεν είναι παράλογα ή άδικα. Τα συνδικάτα δεν πρέπει να ρίξουν λάδι στη φωτιά με διαδηλώσεις ή απεργίες.		95842921170.png	The image is a stylized illustration featuring three animated characters in a room. On the left, there is a man with a beard and glasses, wearing a brown vest over a white shirt, and black pants. He is seated on an orange armchair. In the center, there is a woman with glasses, wearing a yellow blouse and brown pants, holding a book open with both hands. To her right, there is another woman with glasses, wearing a floral patterned blouse and brown pants, seated on an orange armchair. The room has a simple, clean design with a white wall, a small table with a vase and a framed picture on the wall. The characters appear to be engaged in a conversation or activity related to the book.	24054754503.png	The image features a stylized illustration of a glass bottle with a cork stopper. The bottle is filled with a yellow liquid, possibly oil or a similar substance, and is adorned with green leaves and fruits, suggesting a natural or organic theme. The bottle is placed on a surface, and the background is plain white, which contrasts with the bottle and its contents. There is no visible text in the image. The style of the illustration is cartoonish and appears to be designed for a clean and simple aesthetic.	37423331690.png	The image depicts an animated character, a woman, standing next to a large pot with a lid. She is wearing an apron and is pouring a yellow liquid from a bottle into the pot. The liquid is splashing out of the pot, creating a dynamic and colorful scene. The woman is also holding a ladle in her other hand. The background is plain white, which contrasts with the vibrant colors of the scene. There is no visible text in the image. The style of the image is illustrative and cartoonish.	42592177133.png	The image is a stylized illustration featuring three animated characters. On the left, there is a girl with dark hair, wearing a dress with a leopard print pattern. She has her mouth open as if she is speaking or shouting. In the center, there is another girl with dark hair, wearing a yellow dress with a pattern that resembles a leopard's fur. She is also speaking or shouting, with her mouth open and her eyes wide. On the right, there is a boy with dark hair and a large, curved horn on his head. He is holding a small object in his hand and appears to be listening or reacting to the girls' expressions. The boy is wearing a black shirt and pants. There is no visible text in the image. The characters are drawn in a cartoon style with exaggerated facial expressions and body language, suggesting a lively or dramatic interaction.	89458330720.png	The image depicts a group of four animated characters gathered around a campfire. The fire is depicted with orange and yellow hues, suggesting it is lit. The characters are stylized with simple lines and appear to be engaged in a camping activity. They are sitting on rocks and logs, with one character holding a stick, possibly for cooking or warmth. The background is white, and there are small, orange leaves scattered around, indicating a fall season. There is no visible text in the image. The style of the image is illustrative and cartoonish.
ρίχνω λάδι στη φωτιά	Θα βοηθούσε αν σταματούσατε να ρίχνετε λάδι στη φωτιά δημοσιεύοντας ΑΚΡΙΤΑ τις ανοησίες και τα ψέμματα του Ευρυβιάδη.		89458330720.png	The image depicts a group of four animated characters gathered around a campfire. The fire is depicted with orange and yellow hues, suggesting it is lit. The characters are stylized with simple lines and appear to be engaged in a camping activity. They are sitting on rocks and logs, with one character holding a stick, possibly for cooking or warmth. The background is white, and there are small, orange leaves scattered around, indicating a fall season. There is no visible text in the image. The style of the image is illustrative and cartoonish.	95842921170.png	The image is a stylized illustration featuring three animated characters in a room. On the left, there is a man with a beard and glasses, wearing a brown vest over a white shirt, and black pants. He is seated on an orange armchair. In the center, there is a woman with glasses, wearing a yellow blouse and brown pants, holding a book open with both hands. To her right, there is another woman with glasses, wearing a floral patterned blouse and brown pants, seated on an orange armchair. The room has a simple, clean design with a white wall, a small table with a vase and a framed picture on the wall. The characters appear to be engaged in a conversation or activity related to the book.	42592177133.png	The image is a stylized illustration featuring three animated characters. On the left, there is a girl with dark hair, wearing a dress with a leopard print pattern. She has her mouth open as if she is speaking or shouting. In the center, there is another girl with dark hair, wearing a yellow dress with a pattern that resembles a leopard's fur. She is also speaking or shouting, with her mouth open and her eyes wide. On the right, there is a boy with dark hair and a large, curved horn on his head. He is holding a small object in his hand and appears to be listening or reacting to the girls' expressions. The boy is wearing a black shirt and pants. There is no visible text in the image. The characters are drawn in a cartoon style with exaggerated facial expressions and body language, suggesting a lively or dramatic interaction.	24054754503.png	The image features a stylized illustration of a glass bottle with a cork stopper. The bottle is filled with a yellow liquid, possibly oil or a similar substance, and is adorned with green leaves and fruits, suggesting a natural or organic theme. The bottle is placed on a surface, and the background is plain white, which contrasts with the bottle and its contents. There is no visible text in the image. The style of the illustration is cartoonish and appears to be designed for a clean and simple aesthetic.	37423331690.png	The image depicts an animated character, a woman, standing next to a large pot with a lid. She is wearing an apron and is pouring a yellow liquid from a bottle into the pot. The liquid is splashing out of the pot, creating a dynamic and colorful scene. The woman is also holding a ladle in her other hand. The background is plain white, which contrasts with the vibrant colors of the scene. There is no visible text in the image. The style of the image is illustrative and cartoonish.
ρίχνω λάδι στη φωτιά	Καθώς δούλευαν στο εργαστήριο μετάλλων, ένα δοχείο με λιπαντικό αναποδογύρισε και το λάδι έπεσε στη φωτιά του καμινιού, κάνοντάς την να φουντώσει απότομα.		42592177133.png	The image is a stylized illustration featuring three animated characters. On the left, there is a girl with dark hair, wearing a dress with a leopard print pattern. She has her mouth open as if she is speaking or shouting. In the center, there is another girl with dark hair, wearing a yellow dress with a pattern that resembles a leopard's fur. She is also speaking or shouting, with her mouth open and her eyes wide. On the right, there is a boy with dark hair and a large, curved horn on his head. He is holding a small object in his hand and appears to be listening or reacting to the girls' expressions. The boy is wearing a black shirt and pants. There is no visible text in the image. The characters are drawn in a cartoon style with exaggerated facial expressions and body language, suggesting a lively or dramatic interaction.	89458330720.png	The image depicts a group of four animated characters gathered around a campfire. The fire is depicted with orange and yellow hues, suggesting it is lit. The characters are stylized with simple lines and appear to be engaged in a camping activity. They are sitting on rocks and logs, with one character holding a stick, possibly for cooking or warmth. The background is white, and there are small, orange leaves scattered around, indicating a fall season. There is no visible text in the image. The style of the image is illustrative and cartoonish.	24054754503.png	The image features a stylized illustration of a glass bottle with a cork stopper. The bottle is filled with a yellow liquid, possibly oil or a similar substance, and is adorned with green leaves and fruits, suggesting a natural or organic theme. The bottle is placed on a surface, and the background is plain white, which contrasts with the bottle and its contents. There is no visible text in the image. The style of the illustration is cartoonish and appears to be designed for a clean and simple aesthetic.	95842921170.png	The image is a stylized illustration featuring three animated characters in a room. On the left, there is a man with a beard and glasses, wearing a brown vest over a white shirt, and black pants. He is seated on an orange armchair. In the center, there is a woman with glasses, wearing a yellow blouse and brown pants, holding a book open with both hands. To her right, there is another woman with glasses, wearing a floral patterned blouse and brown pants, seated on an orange armchair. The room has a simple, clean design with a white wall, a small table with a vase and a framed picture on the wall. The characters appear to be engaged in a conversation or activity related to the book.	37423331690.png	The image depicts an animated character, a woman, standing next to a large pot with a lid. She is wearing an apron and is pouring a yellow liquid from a bottle into the pot. The liquid is splashing out of the pot, creating a dynamic and colorful scene. The woman is also holding a ladle in her other hand. The background is plain white, which contrasts with the vibrant colors of the scene. There is no visible text in the image. The style of the image is illustrative and cartoonish.
ρίχνω λάδι στη φωτιά	Ο μάγειρας απρόσεκτα έριξε λάδι στη φωτιά, με αποτέλεσμα να πεταχτούν ψηλές φλόγες από το τηγάνι.		42592177133.png	The image is a stylized illustration featuring three animated characters. On the left, there is a girl with dark hair, wearing a dress with a leopard print pattern. She has her mouth open as if she is speaking or shouting. In the center, there is another girl with dark hair, wearing a yellow dress with a pattern that resembles a leopard's fur. She is also speaking or shouting, with her mouth open and her eyes wide. On the right, there is a boy with dark hair and a large, curved horn on his head. He is holding a small object in his hand and appears to be listening or reacting to the girls' expressions. The boy is wearing a black shirt and pants. There is no visible text in the image. The characters are drawn in a cartoon style with exaggerated facial expressions and body language, suggesting a lively or dramatic interaction.	89458330720.png	The image depicts a group of four animated characters gathered around a campfire. The fire is depicted with orange and yellow hues, suggesting it is lit. The characters are stylized with simple lines and appear to be engaged in a camping activity. They are sitting on rocks and logs, with one character holding a stick, possibly for cooking or warmth. The background is white, and there are small, orange leaves scattered around, indicating a fall season. There is no visible text in the image. The style of the image is illustrative and cartoonish.	95842921170.png	The image is a stylized illustration featuring three animated characters in a room. On the left, there is a man with a beard and glasses, wearing a brown vest over a white shirt, and black pants. He is seated on an orange armchair. In the center, there is a woman with glasses, wearing a yellow blouse and brown pants, holding a book open with both hands. To her right, there is another woman with glasses, wearing a floral patterned blouse and brown pants, seated on an orange armchair. The room has a simple, clean design with a white wall, a small table with a vase and a framed picture on the wall. The characters appear to be engaged in a conversation or activity related to the book.	24054754503.png	The image features a stylized illustration of a glass bottle with a cork stopper. The bottle is filled with a yellow liquid, possibly oil or a similar substance, and is adorned with green leaves and fruits, suggesting a natural or organic theme. The bottle is placed on a surface, and the background is plain white, which contrasts with the bottle and its contents. There is no visible text in the image. The style of the illustration is cartoonish and appears to be designed for a clean and simple aesthetic.	37423331690.png	The image depicts an animated character, a woman, standing next to a large pot with a lid. She is wearing an apron and is pouring a yellow liquid from a bottle into the pot. The liquid is splashing out of the pot, creating a dynamic and colorful scene. The woman is also holding a ladle in her other hand. The background is plain white, which contrasts with the vibrant colors of the scene. There is no visible text in the image. The style of the image is illustrative and cartoonish.
περσινά ξινά σταφύλια	Ιδιαίτερα στο δεύτερο κεφάλαιο, που μιλάει για την επανασύσταση του συλλογικού εβραϊκού βίου. Θα πείτε όλα αυτά αφορούν κάποια μειονότητα και τί μας ενδιαφέρει τώρα ν' ασχοληθούμε με περσινά ξινά σταφύλια  ή και να ξύσουμε παλιές πληγές.		27790936727.png	The image depicts two animated characters sitting on wooden chairs. The character on the left is wearing glasses, a yellow shirt, and blue overalls with suspenders. The character on the right is wearing glasses, a brown shirt, and brown shorts. Both characters have brown hair and are smiling. Between them floats a large, orange, spherical object with smaller orange spheres around it. The characters appear to be engaged in a conversation or activity, as suggested by their expressions and the floating object. There is no visible text in the image. The style of the image is cartoonish and colorful, with a white background that contrasts with the characters and the object.	45461631543.png	The image depicts a stylized, cartoon-like illustration of a fruit tree with a canopy of green leaves. The tree is adorned with numerous clusters of orange fruit, which appear to be oranges or tangerines. Below the tree, there is a white sky background, and in the foreground, there is a small, white house with a red roof, surrounded by a lush green landscape with trees and bushes. The overall style is whimsical and colorful, with a focus on vibrant greens and oranges. There is no visible text in the image.	49120120859.png	The image is a stylized illustration featuring a man standing on a stage with a microphone. He is gesturing with his right hand, which is raised. The man has blonde hair and is wearing a dark suit with a tie. He is standing in front of a crowd of people who are holding up various signs, including American flags. The crowd appears to be a mix of individuals, and the overall scene suggests a public speaking event or a political rally. The style of the illustration is cartoonish with bold outlines and a limited color palette. There is no visible text in the image.	77737764732.png	The image shows a stylized, three-dimensional illustration of a suitcase with a book-like structure. The suitcase is predominantly orange with a textured surface that resembles a worn leather. It features a prominent handle on top and a smaller one on the side. The suitcase has a large, open flap that reveals a wooden-looking interior with visible books and a small, round, metallic object that could be a lock or a decorative element. The suitcase is placed against a neutral gray background. There is no visible text in the image. The style of the illustration is cartoonish and whimsical, with a focus on texture and color.	52837983648.png	The image shows a cluster of round, orange fruits with dark spots, hanging from a wooden pole by black twine. The fruits are densely packed, with some overlapping, and they are attached to the pole by multiple strands of twine. The background is a plain, light color, providing a stark contrast to the vibrant orange of the fruits. There is no visible text in the image. The style of the image is realistic with a focus on the textures and details of the fruits and the twine.
περσινά ξινά σταφύλια	Βράστα, αντιλαμβάνομαι την πίκρα σου για τις προσωπικές επιθέσεις που δέχτηκες, ίσως άδικα, πρέπει όμως να καταλάβεις οτι κι αυτό πλέον έχει περάσει, περσινά ξινά σταφύλια , ο Γιώργος ούτε καν ασχολείται με την πάρτη μας και φυσικά ούτε έχει πάρει πρέφα τα διαμειβόμενα εδώ.		77737764732.png	The image shows a stylized, three-dimensional illustration of a suitcase with a book-like structure. The suitcase is predominantly orange with a textured surface that resembles a worn leather. It features a prominent handle on top and a smaller one on the side. The suitcase has a large, open flap that reveals a wooden-looking interior with visible books and a small, round, metallic object that could be a lock or a decorative element. The suitcase is placed against a neutral gray background. There is no visible text in the image. The style of the illustration is cartoonish and whimsical, with a focus on texture and color.	45461631543.png	The image depicts a stylized, cartoon-like illustration of a fruit tree with a canopy of green leaves. The tree is adorned with numerous clusters of orange fruit, which appear to be oranges or tangerines. Below the tree, there is a white sky background, and in the foreground, there is a small, white house with a red roof, surrounded by a lush green landscape with trees and bushes. The overall style is whimsical and colorful, with a focus on vibrant greens and oranges. There is no visible text in the image.	49120120859.png	The image is a stylized illustration featuring a man standing on a stage with a microphone. He is gesturing with his right hand, which is raised. The man has blonde hair and is wearing a dark suit with a tie. He is standing in front of a crowd of people who are holding up various signs, including American flags. The crowd appears to be a mix of individuals, and the overall scene suggests a public speaking event or a political rally. The style of the illustration is cartoonish with bold outlines and a limited color palette. There is no visible text in the image.	27790936727.png	The image depicts two animated characters sitting on wooden chairs. The character on the left is wearing glasses, a yellow shirt, and blue overalls with suspenders. The character on the right is wearing glasses, a brown shirt, and brown shorts. Both characters have brown hair and are smiling. Between them floats a large, orange, spherical object with smaller orange spheres around it. The characters appear to be engaged in a conversation or activity, as suggested by their expressions and the floating object. There is no visible text in the image. The style of the image is cartoonish and colorful, with a white background that contrasts with the characters and the object.	52837983648.png	The image shows a cluster of round, orange fruits with dark spots, hanging from a wooden pole by black twine. The fruits are densely packed, with some overlapping, and they are attached to the pole by multiple strands of twine. The background is a plain, light color, providing a stark contrast to the vibrant orange of the fruits. There is no visible text in the image. The style of the image is realistic with a focus on the textures and details of the fruits and the twine.
περσινά ξινά σταφύλια	Η μαρμελάδα δεν πέτυχε, γιατί χρησιμοποίησαν περσινά ξινά σταφύλια αντί για φρέσκα		52837983648.png	The image shows a cluster of round, orange fruits with dark spots, hanging from a wooden pole by black twine. The fruits are densely packed, with some overlapping, and they are attached to the pole by multiple strands of twine. The background is a plain, light color, providing a stark contrast to the vibrant orange of the fruits. There is no visible text in the image. The style of the image is realistic with a focus on the textures and details of the fruits and the twine.	45461631543.png	The image depicts a stylized, cartoon-like illustration of a fruit tree with a canopy of green leaves. The tree is adorned with numerous clusters of orange fruit, which appear to be oranges or tangerines. Below the tree, there is a white sky background, and in the foreground, there is a small, white house with a red roof, surrounded by a lush green landscape with trees and bushes. The overall style is whimsical and colorful, with a focus on vibrant greens and oranges. There is no visible text in the image.	27790936727.png	The image depicts two animated characters sitting on wooden chairs. The character on the left is wearing glasses, a yellow shirt, and blue overalls with suspenders. The character on the right is wearing glasses, a brown shirt, and brown shorts. Both characters have brown hair and are smiling. Between them floats a large, orange, spherical object with smaller orange spheres around it. The characters appear to be engaged in a conversation or activity, as suggested by their expressions and the floating object. There is no visible text in the image. The style of the image is cartoonish and colorful, with a white background that contrasts with the characters and the object.	49120120859.png	The image is a stylized illustration featuring a man standing on a stage with a microphone. He is gesturing with his right hand, which is raised. The man has blonde hair and is wearing a dark suit with a tie. He is standing in front of a crowd of people who are holding up various signs, including American flags. The crowd appears to be a mix of individuals, and the overall scene suggests a public speaking event or a political rally. The style of the illustration is cartoonish with bold outlines and a limited color palette. There is no visible text in the image.	77737764732.png	The image shows a stylized, three-dimensional illustration of a suitcase with a book-like structure. The suitcase is predominantly orange with a textured surface that resembles a worn leather. It features a prominent handle on top and a smaller one on the side. The suitcase has a large, open flap that reveals a wooden-looking interior with visible books and a small, round, metallic object that could be a lock or a decorative element. The suitcase is placed against a neutral gray background. There is no visible text in the image. The style of the illustration is cartoonish and whimsical, with a focus on texture and color.
περσινά ξινά σταφύλια	Μην τα πάρεις αυτά, είναι περσινά ξινά σταφύλια που έμειναν στην αποθήκη.		45461631543.png	The image depicts a stylized, cartoon-like illustration of a fruit tree with a canopy of green leaves. The tree is adorned with numerous clusters of orange fruit, which appear to be oranges or tangerines. Below the tree, there is a white sky background, and in the foreground, there is a small, white house with a red roof, surrounded by a lush green landscape with trees and bushes. The overall style is whimsical and colorful, with a focus on vibrant greens and oranges. There is no visible text in the image.	27790936727.png	The image depicts two animated characters sitting on wooden chairs. The character on the left is wearing glasses, a yellow shirt, and blue overalls with suspenders. The character on the right is wearing glasses, a brown shirt, and brown shorts. Both characters have brown hair and are smiling. Between them floats a large, orange, spherical object with smaller orange spheres around it. The characters appear to be engaged in a conversation or activity, as suggested by their expressions and the floating object. There is no visible text in the image. The style of the image is cartoonish and colorful, with a white background that contrasts with the characters and the object.	49120120859.png	The image is a stylized illustration featuring a man standing on a stage with a microphone. He is gesturing with his right hand, which is raised. The man has blonde hair and is wearing a dark suit with a tie. He is standing in front of a crowd of people who are holding up various signs, including American flags. The crowd appears to be a mix of individuals, and the overall scene suggests a public speaking event or a political rally. The style of the illustration is cartoonish with bold outlines and a limited color palette. There is no visible text in the image.	77737764732.png	The image shows a stylized, three-dimensional illustration of a suitcase with a book-like structure. The suitcase is predominantly orange with a textured surface that resembles a worn leather. It features a prominent handle on top and a smaller one on the side. The suitcase has a large, open flap that reveals a wooden-looking interior with visible books and a small, round, metallic object that could be a lock or a decorative element. The suitcase is placed against a neutral gray background. There is no visible text in the image. The style of the illustration is cartoonish and whimsical, with a focus on texture and color.	52837983648.png	The image shows a cluster of round, orange fruits with dark spots, hanging from a wooden pole by black twine. The fruits are densely packed, with some overlapping, and they are attached to the pole by multiple strands of twine. The background is a plain, light color, providing a stark contrast to the vibrant orange of the fruits. There is no visible text in the image. The style of the image is realistic with a focus on the textures and details of the fruits and the twine.
η μέρα με τη νύχτα	Αν συγκρίνει κανείς τις προσπάθειες που έχουμε εμείς καταβάλλει και τα αποτελέσματα με αυτό που γινόταν τα τελευταία κυρίως χρόνια, θα διαπιστώσει ότι είναι η μέρα με τη νύχτα.		86187181657.png	The image depicts a night sky filled with stars, with a prominent cloud formation that appears to be illuminated from within, creating a warm, glowing effect. The stars are scattered throughout the sky, with some clusters appearing brighter than others. The cloud formation is located in the lower right corner of the image, and it is the most prominent feature in the sky. The overall color palette of the image is dark, with the stars and the illuminated cloud providing contrast against the black background. There is no visible text in the image. The style of the image is illustrative, with a focus on creating a visually striking representation of a night sky with a dramatic cloud formation.	22788309850.png	The image depicts a stylized illustration of a camping scene. On the left, there is a tall building with multiple floors, featuring a modern design with large windows and a flat roof. The building is colored in shades of gray and brown, with a prominent orange stripe at the top. In front of the building, there is a small outdoor seating area with a table and chairs, and a large orange umbrella providing shade.  To the right, there is a traditional-style tent pitched on a sandy ground. The tent is orange with a pointed top and is surrounded by a few rocks and small plants. There are also two trees with green foliage, one on each side of the tent. The background is plain and does not provide any additional context or setting. There is no visible text in the image. The style of the illustration is cartoonish and appears to be designed for a casual or whimsical theme.	20001452907.png	The image depicts a stylized, colorful illustration of a two-story house with a tiled roof. The house is painted in shades of orange and yellow, with a gray stone base. It features a prominent arched window on the second floor, flanked by two smaller windows. A wooden door is situated on the ground floor, with a small porch area.  In front of the house, there is a variety of potted plants, including cacti, succulents, and flowering plants. The plants are arranged in a row along the base of the house, creating a vibrant and lush garden-like setting. The background is a plain, light color, which contrasts with the vivid colors of the house and plants. There is no visible text in the image.	64747309889.png	The image features two animated female characters. On the left, there is a character with curly brown hair, wearing glasses, a dark blazer, and a light-colored blouse. She has her arms crossed and a neutral expression. On the right, there is a character with straight black hair, wearing a bright orange dress with a polka dot pattern, and a matching orange headband. She is smiling and has her hands on her hips. Both characters are standing and appear to be in a casual pose. There is no visible text in the image.	14176616520.png	The image depicts a stylized, cartoon-like illustration of a road leading uphill. The road is flanked by houses on both sides, with a variety of architectural styles and colors. The sky above is divided into two halves, with the left side showing a dark night sky with a crescent moon and stars, and the right side showing a bright, sunny sky with a large, orange sun. The sun's rays are depicted as illuminating the houses and the road below. The overall style of the image is whimsical and colorful, with a clear contrast between the dark and light halves of the sky.
η μέρα με τη νύχτα	Έχοντας παίξει και τα 2, είναι η μέρα με τη νύχτα στο πλήθος πραγμάτων που έχεις να κάνεις.		20001452907.png	The image depicts a stylized, colorful illustration of a two-story house with a tiled roof. The house is painted in shades of orange and yellow, with a gray stone base. It features a prominent arched window on the second floor, flanked by two smaller windows. A wooden door is situated on the ground floor, with a small porch area.  In front of the house, there is a variety of potted plants, including cacti, succulents, and flowering plants. The plants are arranged in a row along the base of the house, creating a vibrant and lush garden-like setting. The background is a plain, light color, which contrasts with the vivid colors of the house and plants. There is no visible text in the image.	22788309850.png	The image depicts a stylized illustration of a camping scene. On the left, there is a tall building with multiple floors, featuring a modern design with large windows and a flat roof. The building is colored in shades of gray and brown, with a prominent orange stripe at the top. In front of the building, there is a small outdoor seating area with a table and chairs, and a large orange umbrella providing shade.  To the right, there is a traditional-style tent pitched on a sandy ground. The tent is orange with a pointed top and is surrounded by a few rocks and small plants. There are also two trees with green foliage, one on each side of the tent. The background is plain and does not provide any additional context or setting. There is no visible text in the image. The style of the illustration is cartoonish and appears to be designed for a casual or whimsical theme.	14176616520.png	The image depicts a stylized, cartoon-like illustration of a road leading uphill. The road is flanked by houses on both sides, with a variety of architectural styles and colors. The sky above is divided into two halves, with the left side showing a dark night sky with a crescent moon and stars, and the right side showing a bright, sunny sky with a large, orange sun. The sun's rays are depicted as illuminating the houses and the road below. The overall style of the image is whimsical and colorful, with a clear contrast between the dark and light halves of the sky.	64747309889.png	The image features two animated female characters. On the left, there is a character with curly brown hair, wearing glasses, a dark blazer, and a light-colored blouse. She has her arms crossed and a neutral expression. On the right, there is a character with straight black hair, wearing a bright orange dress with a polka dot pattern, and a matching orange headband. She is smiling and has her hands on her hips. Both characters are standing and appear to be in a casual pose. There is no visible text in the image.	86187181657.png	The image depicts a night sky filled with stars, with a prominent cloud formation that appears to be illuminated from within, creating a warm, glowing effect. The stars are scattered throughout the sky, with some clusters appearing brighter than others. The cloud formation is located in the lower right corner of the image, and it is the most prominent feature in the sky. The overall color palette of the image is dark, with the stars and the illuminated cloud providing contrast against the black background. There is no visible text in the image. The style of the image is illustrative, with a focus on creating a visually striking representation of a night sky with a dramatic cloud formation.
η μέρα με τη νύχτα	Πλησιάζουν στα σπίτια και περιμένουν να σμίξει η μέρα με τη νύχτα για να μπουν μέσα.		14176616520.png	The image depicts a stylized, cartoon-like illustration of a road leading uphill. The road is flanked by houses on both sides, with a variety of architectural styles and colors. The sky above is divided into two halves, with the left side showing a dark night sky with a crescent moon and stars, and the right side showing a bright, sunny sky with a large, orange sun. The sun's rays are depicted as illuminating the houses and the road below. The overall style of the image is whimsical and colorful, with a clear contrast between the dark and light halves of the sky.	22788309850.png	The image depicts a stylized illustration of a camping scene. On the left, there is a tall building with multiple floors, featuring a modern design with large windows and a flat roof. The building is colored in shades of gray and brown, with a prominent orange stripe at the top. In front of the building, there is a small outdoor seating area with a table and chairs, and a large orange umbrella providing shade.  To the right, there is a traditional-style tent pitched on a sandy ground. The tent is orange with a pointed top and is surrounded by a few rocks and small plants. There are also two trees with green foliage, one on each side of the tent. The background is plain and does not provide any additional context or setting. There is no visible text in the image. The style of the illustration is cartoonish and appears to be designed for a casual or whimsical theme.	86187181657.png	The image depicts a night sky filled with stars, with a prominent cloud formation that appears to be illuminated from within, creating a warm, glowing effect. The stars are scattered throughout the sky, with some clusters appearing brighter than others. The cloud formation is located in the lower right corner of the image, and it is the most prominent feature in the sky. The overall color palette of the image is dark, with the stars and the illuminated cloud providing contrast against the black background. There is no visible text in the image. The style of the image is illustrative, with a focus on creating a visually striking representation of a night sky with a dramatic cloud formation.	64747309889.png	The image features two animated female characters. On the left, there is a character with curly brown hair, wearing glasses, a dark blazer, and a light-colored blouse. She has her arms crossed and a neutral expression. On the right, there is a character with straight black hair, wearing a bright orange dress with a polka dot pattern, and a matching orange headband. She is smiling and has her hands on her hips. Both characters are standing and appear to be in a casual pose. There is no visible text in the image.	20001452907.png	The image depicts a stylized, colorful illustration of a two-story house with a tiled roof. The house is painted in shades of orange and yellow, with a gray stone base. It features a prominent arched window on the second floor, flanked by two smaller windows. A wooden door is situated on the ground floor, with a small porch area.  In front of the house, there is a variety of potted plants, including cacti, succulents, and flowering plants. The plants are arranged in a row along the base of the house, creating a vibrant and lush garden-like setting. The background is a plain, light color, which contrasts with the vivid colors of the house and plants. There is no visible text in the image.
η μέρα με τη νύχτα	Όπως εναλλάσσεται η μέρα με τη νύχτα ή το σκότος με το φως, έτσι η πτωτική αγορά διαδέχεται την ανοδική και αντίστροφα.		22788309850.png	The image depicts a stylized illustration of a camping scene. On the left, there is a tall building with multiple floors, featuring a modern design with large windows and a flat roof. The building is colored in shades of gray and brown, with a prominent orange stripe at the top. In front of the building, there is a small outdoor seating area with a table and chairs, and a large orange umbrella providing shade.  To the right, there is a traditional-style tent pitched on a sandy ground. The tent is orange with a pointed top and is surrounded by a few rocks and small plants. There are also two trees with green foliage, one on each side of the tent. The background is plain and does not provide any additional context or setting. There is no visible text in the image. The style of the illustration is cartoonish and appears to be designed for a casual or whimsical theme.	64747309889.png	The image features two animated female characters. On the left, there is a character with curly brown hair, wearing glasses, a dark blazer, and a light-colored blouse. She has her arms crossed and a neutral expression. On the right, there is a character with straight black hair, wearing a bright orange dress with a polka dot pattern, and a matching orange headband. She is smiling and has her hands on her hips. Both characters are standing and appear to be in a casual pose. There is no visible text in the image.	20001452907.png	The image depicts a stylized, colorful illustration of a two-story house with a tiled roof. The house is painted in shades of orange and yellow, with a gray stone base. It features a prominent arched window on the second floor, flanked by two smaller windows. A wooden door is situated on the ground floor, with a small porch area.  In front of the house, there is a variety of potted plants, including cacti, succulents, and flowering plants. The plants are arranged in a row along the base of the house, creating a vibrant and lush garden-like setting. The background is a plain, light color, which contrasts with the vivid colors of the house and plants. There is no visible text in the image.	14176616520.png	The image depicts a stylized, cartoon-like illustration of a road leading uphill. The road is flanked by houses on both sides, with a variety of architectural styles and colors. The sky above is divided into two halves, with the left side showing a dark night sky with a crescent moon and stars, and the right side showing a bright, sunny sky with a large, orange sun. The sun's rays are depicted as illuminating the houses and the road below. The overall style of the image is whimsical and colorful, with a clear contrast between the dark and light halves of the sky.	86187181657.png	The image depicts a night sky filled with stars, with a prominent cloud formation that appears to be illuminated from within, creating a warm, glowing effect. The stars are scattered throughout the sky, with some clusters appearing brighter than others. The cloud formation is located in the lower right corner of the image, and it is the most prominent feature in the sky. The overall color palette of the image is dark, with the stars and the illuminated cloud providing contrast against the black background. There is no visible text in the image. The style of the image is illustrative, with a focus on creating a visually striking representation of a night sky with a dramatic cloud formation.
κριτικός του καναπέ	"Οι τύποι αυτοί οι "" Κριτικοί του καναπέ "" έχουν φοβερή υπομονή, στοχοποιούν τους ""εχθρούς"" και περιμένουν."		29181277506.png	The image depicts an animated character, an older man with a white beard and mustache, wearing glasses and a white shirt, lying on a large, orange couch. He is dressed in brown pants and brown shoes with white laces. The couch is adorned with a white fur throw and is surrounded by various objects, including a potted plant, a stack of books, and a cup. The background is a neutral gray.	62719883742.png	The image depicts a stylized illustration of a group of four animated characters seated on a large orange couch. They are facing a large television screen that displays a man in a suit, who appears to be giving a presentation or lecture. The characters are drawn in a cartoon style with exaggerated features. The television screen is turned on, and the man on it is wearing a suit and tie, suggesting a formal or professional setting. The characters are dressed in casual attire, and there are potted plants on either side of the couch, adding a touch of greenery to the scene. The overall setting suggests a modern, comfortable living room or office space.	32348469413.png	The image depicts a stylized, cartoon-like orange armchair with a floral patterned pillow on it. The chair has two armrests and is positioned against a plain, light background. To the left of the chair, there is a small, textured blanket or shawl draped over the armrest. The chair's legs are visible and appear to be of a simple, straight design. There is no visible text in the image. The style of the image is illustrative and appears to be designed for a digital medium, possibly for a website or a graphic design project.	98393202684.png	The image is a stylized illustration of a television set with four separate scenes. Each scene depicts a different character sitting at a desk with a microphone, suggesting a broadcast or news setting. The characters are drawn in a cartoon style with exaggerated features.  In the top left scene, a man and a woman are shown. The man is wearing a suit and tie, and the woman is holding a microphone. They both appear to be speaking or presenting.  The top right scene features a man with a beard and glasses, also wearing a suit and tie, and he is also speaking into a microphone.  The bottom left scene shows a man with gray hair, wearing a suit and tie, and he is also speaking into a microphone.  The bottom right scene depicts a man with short hair, wearing a suit and tie, and he is also speaking into a microphone.  The television set has an orange border and is placed on a white background. There is no visible text in the image.	25780791534.png	The image is a digital illustration featuring four animated characters. In the foreground, there is a man sitting at a desk with a microphone, wearing a suit and tie. Next to him, a woman is seated, also dressed in a suit and tie, with her hands clasped together. Behind them, a young girl is depicted in a dynamic pose, leaping with her arms outstretched and wearing a one-piece orange swimsuit. Above her, a young boy is shown in a similar pose, also wearing a one-piece orange swimsuit, with his arms raised and his legs bent at the knees. Both the girl and the boy are wearing yellow headbands. In the background, a young girl is seated at the desk, wearing a black dress with a yellow collar, and looking attentively towards the viewer. The characters are drawn in a cartoon style with a limited color palette, primarily using shades of orange, yellow, and gray. There is no visible text in the image.
κριτικός του καναπέ	Σίγουρα όμως πρόκειται για κριτικούς του καναπέ , γιατί απλούστατα όλοι στον καναπέ τους βρίσκονται παρακολουθώντας τις εξελίξεις από την τηλεόραση.		25780791534.png	The image is a digital illustration featuring four animated characters. In the foreground, there is a man sitting at a desk with a microphone, wearing a suit and tie. Next to him, a woman is seated, also dressed in a suit and tie, with her hands clasped together. Behind them, a young girl is depicted in a dynamic pose, leaping with her arms outstretched and wearing a one-piece orange swimsuit. Above her, a young boy is shown in a similar pose, also wearing a one-piece orange swimsuit, with his arms raised and his legs bent at the knees. Both the girl and the boy are wearing yellow headbands. In the background, a young girl is seated at the desk, wearing a black dress with a yellow collar, and looking attentively towards the viewer. The characters are drawn in a cartoon style with a limited color palette, primarily using shades of orange, yellow, and gray. There is no visible text in the image.	98393202684.png	The image is a stylized illustration of a television set with four separate scenes. Each scene depicts a different character sitting at a desk with a microphone, suggesting a broadcast or news setting. The characters are drawn in a cartoon style with exaggerated features.  In the top left scene, a man and a woman are shown. The man is wearing a suit and tie, and the woman is holding a microphone. They both appear to be speaking or presenting.  The top right scene features a man with a beard and glasses, also wearing a suit and tie, and he is also speaking into a microphone.  The bottom left scene shows a man with gray hair, wearing a suit and tie, and he is also speaking into a microphone.  The bottom right scene depicts a man with short hair, wearing a suit and tie, and he is also speaking into a microphone.  The television set has an orange border and is placed on a white background. There is no visible text in the image.	32348469413.png	The image depicts a stylized, cartoon-like orange armchair with a floral patterned pillow on it. The chair has two armrests and is positioned against a plain, light background. To the left of the chair, there is a small, textured blanket or shawl draped over the armrest. The chair's legs are visible and appear to be of a simple, straight design. There is no visible text in the image. The style of the image is illustrative and appears to be designed for a digital medium, possibly for a website or a graphic design project.	29181277506.png	The image depicts an animated character, an older man with a white beard and mustache, wearing glasses and a white shirt, lying on a large, orange couch. He is dressed in brown pants and brown shoes with white laces. The couch is adorned with a white fur throw and is surrounded by various objects, including a potted plant, a stack of books, and a cup. The background is a neutral gray.	62719883742.png	The image depicts a stylized illustration of a group of four animated characters seated on a large orange couch. They are facing a large television screen that displays a man in a suit, who appears to be giving a presentation or lecture. The characters are drawn in a cartoon style with exaggerated features. The television screen is turned on, and the man on it is wearing a suit and tie, suggesting a formal or professional setting. The characters are dressed in casual attire, and there are potted plants on either side of the couch, adding a touch of greenery to the scene. The overall setting suggests a modern, comfortable living room or office space.
κριτικός του καναπέ	Ο επαγγελματίας κριτικός του καναπέ βαθμολόγησε τα νέα προϊόντα με άριστα για την άνεση και τον σχεδιασμό τους.		32348469413.png	The image depicts a stylized, cartoon-like orange armchair with a floral patterned pillow on it. The chair has two armrests and is positioned against a plain, light background. To the left of the chair, there is a small, textured blanket or shawl draped over the armrest. The chair's legs are visible and appear to be of a simple, straight design. There is no visible text in the image. The style of the image is illustrative and appears to be designed for a digital medium, possibly for a website or a graphic design project.	29181277506.png	The image depicts an animated character, an older man with a white beard and mustache, wearing glasses and a white shirt, lying on a large, orange couch. He is dressed in brown pants and brown shoes with white laces. The couch is adorned with a white fur throw and is surrounded by various objects, including a potted plant, a stack of books, and a cup. The background is a neutral gray.	62719883742.png	The image depicts a stylized illustration of a group of four animated characters seated on a large orange couch. They are facing a large television screen that displays a man in a suit, who appears to be giving a presentation or lecture. The characters are drawn in a cartoon style with exaggerated features. The television screen is turned on, and the man on it is wearing a suit and tie, suggesting a formal or professional setting. The characters are dressed in casual attire, and there are potted plants on either side of the couch, adding a touch of greenery to the scene. The overall setting suggests a modern, comfortable living room or office space.	25780791534.png	The image is a digital illustration featuring four animated characters. In the foreground, there is a man sitting at a desk with a microphone, wearing a suit and tie. Next to him, a woman is seated, also dressed in a suit and tie, with her hands clasped together. Behind them, a young girl is depicted in a dynamic pose, leaping with her arms outstretched and wearing a one-piece orange swimsuit. Above her, a young boy is shown in a similar pose, also wearing a one-piece orange swimsuit, with his arms raised and his legs bent at the knees. Both the girl and the boy are wearing yellow headbands. In the background, a young girl is seated at the desk, wearing a black dress with a yellow collar, and looking attentively towards the viewer. The characters are drawn in a cartoon style with a limited color palette, primarily using shades of orange, yellow, and gray. There is no visible text in the image.	98393202684.png	The image is a stylized illustration of a television set with four separate scenes. Each scene depicts a different character sitting at a desk with a microphone, suggesting a broadcast or news setting. The characters are drawn in a cartoon style with exaggerated features.  In the top left scene, a man and a woman are shown. The man is wearing a suit and tie, and the woman is holding a microphone. They both appear to be speaking or presenting.  The top right scene features a man with a beard and glasses, also wearing a suit and tie, and he is also speaking into a microphone.  The bottom left scene shows a man with gray hair, wearing a suit and tie, and he is also speaking into a microphone.  The bottom right scene depicts a man with short hair, wearing a suit and tie, and he is also speaking into a microphone.  The television set has an orange border and is placed on a white background. There is no visible text in the image.
κριτικός του καναπέ	Ως κριτικός του καναπέ και των λοιπών επίπλων, θεώρησε ότι τα μαξιλάρια που επέλεξε ήταν η κατάλληλη απαλότητα για ξεκούραση μπροστά στη τηλεόραση.		25780791534.png	The image is a digital illustration featuring four animated characters. In the foreground, there is a man sitting at a desk with a microphone, wearing a suit and tie. Next to him, a woman is seated, also dressed in a suit and tie, with her hands clasped together. Behind them, a young girl is depicted in a dynamic pose, leaping with her arms outstretched and wearing a one-piece orange swimsuit. Above her, a young boy is shown in a similar pose, also wearing a one-piece orange swimsuit, with his arms raised and his legs bent at the knees. Both the girl and the boy are wearing yellow headbands. In the background, a young girl is seated at the desk, wearing a black dress with a yellow collar, and looking attentively towards the viewer. The characters are drawn in a cartoon style with a limited color palette, primarily using shades of orange, yellow, and gray. There is no visible text in the image.	62719883742.png	The image depicts a stylized illustration of a group of four animated characters seated on a large orange couch. They are facing a large television screen that displays a man in a suit, who appears to be giving a presentation or lecture. The characters are drawn in a cartoon style with exaggerated features. The television screen is turned on, and the man on it is wearing a suit and tie, suggesting a formal or professional setting. The characters are dressed in casual attire, and there are potted plants on either side of the couch, adding a touch of greenery to the scene. The overall setting suggests a modern, comfortable living room or office space.	98393202684.png	The image is a stylized illustration of a television set with four separate scenes. Each scene depicts a different character sitting at a desk with a microphone, suggesting a broadcast or news setting. The characters are drawn in a cartoon style with exaggerated features.  In the top left scene, a man and a woman are shown. The man is wearing a suit and tie, and the woman is holding a microphone. They both appear to be speaking or presenting.  The top right scene features a man with a beard and glasses, also wearing a suit and tie, and he is also speaking into a microphone.  The bottom left scene shows a man with gray hair, wearing a suit and tie, and he is also speaking into a microphone.  The bottom right scene depicts a man with short hair, wearing a suit and tie, and he is also speaking into a microphone.  The television set has an orange border and is placed on a white background. There is no visible text in the image.	29181277506.png	The image depicts an animated character, an older man with a white beard and mustache, wearing glasses and a white shirt, lying on a large, orange couch. He is dressed in brown pants and brown shoes with white laces. The couch is adorned with a white fur throw and is surrounded by various objects, including a potted plant, a stack of books, and a cup. The background is a neutral gray.	32348469413.png	The image depicts a stylized, cartoon-like orange armchair with a floral patterned pillow on it. The chair has two armrests and is positioned against a plain, light background. To the left of the chair, there is a small, textured blanket or shawl draped over the armrest. The chair's legs are visible and appear to be of a simple, straight design. There is no visible text in the image. The style of the image is illustrative and appears to be designed for a digital medium, possibly for a website or a graphic design project.
Δημοκρατία Μπανάνας	Ο κάποτε πρόεδρος αυτής της Δημοκρατίας Μπανάνας , Γ. Βασιλείου προέβη σε δηλώσεις ότι ο τέως Πρόεδρος της Δημοκρατίας Τάσσος Παπαδόπουλος ήταν υπέρ του σχεδίου Ανάν.		52615144777.png	The image features a cartoon monkey sitting on its hind legs. The monkey has a brown coat with a lighter brown face and ears. It is holding a ripe yellow banana in its right hand and appears to be eating it. The monkey's tail is curled around its body. The background is plain white, emphasizing the monkey and the banana. There is no visible text in the image.	60705109784.png	The image depicts a vibrant, colorful scene of a marketplace in a town. The architecture is characterized by buildings with terracotta roofs, and the facades are adorned with potted plants and hanging baskets of fruit. The market is bustling with people, some of whom are carrying baskets of bananas. The bananas are a prominent feature, with several bunches visible throughout the scene. The overall atmosphere is lively and inviting, suggesting a warm, tropical location. There is no visible text in the image.	25424741858.png	The image depicts a stylized, three-dimensional representation of a control panel or electronic device. It features a series of panels and interfaces with various buttons, switches, and screens. The colors are a mix of orange, gray, and green, with some panels having a metallic appearance. There are no visible texts or brands. The design is illustrative and appears to be a conceptual or artistic representation rather than a real-world object. The style is cartoonish and simplified, with a focus on the functionality and layout of the controls.	73210292585.png	The image features a stylized illustration of a classical building with columns and a pediment, resembling a government or historical structure. In front of the building is a set of stairs leading up to a central entrance. Above the building, there is a large, orange flag with a white banana on it. The flag is waving, and the banana is attached to the top of the flagpole. The flagpole is tall and stands in front of the building. The background is plain white, emphasizing the subject matter. There is no visible text in the image.	47303104012.png	The image features a cartoon character, an older man with a white beard and mustache, wearing glasses and a suit with a tie. He is holding a bunch of bananas in one hand and money in the other. The background is plain white.
Δημοκρατία Μπανάνας	Αρκετοί είναι εκείνοι που βλέπουν την κυπριακή Δημοκρατία ως ένα «ημι-δημοκρατικό» πολιτικό σύστημα, ή ακόμα ως μια «ψευδο-δημοκρατία», μια «δημοκρατία μπανάνας».		73210292585.png	The image features a stylized illustration of a classical building with columns and a pediment, resembling a government or historical structure. In front of the building is a set of stairs leading up to a central entrance. Above the building, there is a large, orange flag with a white banana on it. The flag is waving, and the banana is attached to the top of the flagpole. The flagpole is tall and stands in front of the building. The background is plain white, emphasizing the subject matter. There is no visible text in the image.	52615144777.png	The image features a cartoon monkey sitting on its hind legs. The monkey has a brown coat with a lighter brown face and ears. It is holding a ripe yellow banana in its right hand and appears to be eating it. The monkey's tail is curled around its body. The background is plain white, emphasizing the monkey and the banana. There is no visible text in the image.	60705109784.png	The image depicts a vibrant, colorful scene of a marketplace in a town. The architecture is characterized by buildings with terracotta roofs, and the facades are adorned with potted plants and hanging baskets of fruit. The market is bustling with people, some of whom are carrying baskets of bananas. The bananas are a prominent feature, with several bunches visible throughout the scene. The overall atmosphere is lively and inviting, suggesting a warm, tropical location. There is no visible text in the image.	25424741858.png	The image depicts a stylized, three-dimensional representation of a control panel or electronic device. It features a series of panels and interfaces with various buttons, switches, and screens. The colors are a mix of orange, gray, and green, with some panels having a metallic appearance. There are no visible texts or brands. The design is illustrative and appears to be a conceptual or artistic representation rather than a real-world object. The style is cartoonish and simplified, with a focus on the functionality and layout of the controls.	47303104012.png	The image features a cartoon character, an older man with a white beard and mustache, wearing glasses and a suit with a tie. He is holding a bunch of bananas in one hand and money in the other. The background is plain white.
Δημοκρατία Μπανάνας	Στο σχολείο, τα παιδιά ψήφισαν για την καλύτερη μπανάνα και έκαναν τη δική τους μικρή δημοκρατία μπανάνας.		73210292585.png	The image features a stylized illustration of a classical building with columns and a pediment, resembling a government or historical structure. In front of the building is a set of stairs leading up to a central entrance. Above the building, there is a large, orange flag with a white banana on it. The flag is waving, and the banana is attached to the top of the flagpole. The flagpole is tall and stands in front of the building. The background is plain white, emphasizing the subject matter. There is no visible text in the image.	60705109784.png	The image depicts a vibrant, colorful scene of a marketplace in a town. The architecture is characterized by buildings with terracotta roofs, and the facades are adorned with potted plants and hanging baskets of fruit. The market is bustling with people, some of whom are carrying baskets of bananas. The bananas are a prominent feature, with several bunches visible throughout the scene. The overall atmosphere is lively and inviting, suggesting a warm, tropical location. There is no visible text in the image.	25424741858.png	The image depicts a stylized, three-dimensional representation of a control panel or electronic device. It features a series of panels and interfaces with various buttons, switches, and screens. The colors are a mix of orange, gray, and green, with some panels having a metallic appearance. There are no visible texts or brands. The design is illustrative and appears to be a conceptual or artistic representation rather than a real-world object. The style is cartoonish and simplified, with a focus on the functionality and layout of the controls.	47303104012.png	The image features a cartoon character, an older man with a white beard and mustache, wearing glasses and a suit with a tie. He is holding a bunch of bananas in one hand and money in the other. The background is plain white.	52615144777.png	The image features a cartoon monkey sitting on its hind legs. The monkey has a brown coat with a lighter brown face and ears. It is holding a ripe yellow banana in its right hand and appears to be eating it. The monkey's tail is curled around its body. The background is plain white, emphasizing the monkey and the banana. There is no visible text in the image.
Δημοκρατία Μπανάνας	Στο όνειρό του, είδε ότι ήταν ο πρόεδρος της δημοκρατίας μπανάνας και έπρεπε να διευθύνει τη συνεδρίαση των φρούτων.		25424741858.png	The image depicts a stylized, three-dimensional representation of a control panel or electronic device. It features a series of panels and interfaces with various buttons, switches, and screens. The colors are a mix of orange, gray, and green, with some panels having a metallic appearance. There are no visible texts or brands. The design is illustrative and appears to be a conceptual or artistic representation rather than a real-world object. The style is cartoonish and simplified, with a focus on the functionality and layout of the controls.	73210292585.png	The image features a stylized illustration of a classical building with columns and a pediment, resembling a government or historical structure. In front of the building is a set of stairs leading up to a central entrance. Above the building, there is a large, orange flag with a white banana on it. The flag is waving, and the banana is attached to the top of the flagpole. The flagpole is tall and stands in front of the building. The background is plain white, emphasizing the subject matter. There is no visible text in the image.	60705109784.png	The image depicts a vibrant, colorful scene of a marketplace in a town. The architecture is characterized by buildings with terracotta roofs, and the facades are adorned with potted plants and hanging baskets of fruit. The market is bustling with people, some of whom are carrying baskets of bananas. The bananas are a prominent feature, with several bunches visible throughout the scene. The overall atmosphere is lively and inviting, suggesting a warm, tropical location. There is no visible text in the image.	47303104012.png	The image features a cartoon character, an older man with a white beard and mustache, wearing glasses and a suit with a tie. He is holding a bunch of bananas in one hand and money in the other. The background is plain white.	52615144777.png	The image features a cartoon monkey sitting on its hind legs. The monkey has a brown coat with a lighter brown face and ears. It is holding a ripe yellow banana in its right hand and appears to be eating it. The monkey's tail is curled around its body. The background is plain white, emphasizing the monkey and the banana. There is no visible text in the image.
αγορά αρκούδα	ΤΟ ΧΡΗΜΑΤΙΣΤΗΡΙΑΚΟ ράλι που ξεκίνησε τον περασμένο Μάρτιο, ξεπερνώντας σε δυναμική κάθε προηγούμενο που πραγματοποιήθηκε σε συνθήκες αγοράς αρκούδας , έκανε πολλούς να πιστέψουν ότι δεν επρόκειτο απλά και μόνο για ένα μεγάλο διάλειμμα.		50720354687.png	The image depicts a whimsical scene where various types of bears are anthropomorphized and placed in a market setting. The bears are of different sizes and colors, including shades of brown, black, and white. They are standing on their hind legs, mimicking human behavior, and are dressed in clothing such as shirts and pants.  The bears are arranged in a market stall that resembles a traditional outdoor market. The stall is filled with various items, including bottles, jars, and other goods, suggesting a variety of products for sale. The stall is surrounded by wooden structures and has a rustic, handcrafted appearance.  In the background, there are power lines and industrial structures, indicating that the market is located in an urban or industrial area. The sky is overcast, and the overall atmosphere of the image is one of a quirky, imaginative market scene. There is no visible text in the image.	45514427923.png	The image depicts a lively scene at a fruit stand. There are three individuals present: a man and two children. The man is standing behind the counter, which is filled with a variety of fruits including oranges, apples, and pears. The children are standing in front of the counter, with one of them holding a basket of oranges.  The stand is sheltered by a green awning and is adorned with hanging plants, adding a touch of greenery to the scene. The ground beneath the stand is made of stone tiles, and there are additional potted plants placed around the area.  The image is rich in detail and color, capturing the essence of a vibrant fruit stand. The characters are drawn in a cartoon style, which adds a friendly and inviting atmosphere to the scene.	39127864245.png	The image features an illustration of a large brown bear with a honey-like substance dripping from its back. The bear is standing on a surface with a shadow cast beneath it. To the left of the bear, there is a smaller figure, which appears to be a bear wearing a suit and tie, with a surprised or dismayed expression. The suit is black, and the bear is holding a pile of golden coins in its paws. The background is plain and does not provide any additional context. There is no visible text in the image. The style of the illustration is cartoonish and whimsical.	37145203685.png	The image depicts three animated characters sitting at a desk in front of a computer monitor. The characters are styled in a cartoonish manner, with exaggerated facial expressions and stylized clothing. The character on the left is wearing glasses and a suit with an orange tie, the middle character has red hair and is also dressed in a suit with an orange tie, and the character on the right is wearing a suit with a white tie and has a surprised or shocked expression. The computer monitor displays a graph with a wavy line, suggesting some sort of data or stock market visualization. There are two cups on the desk, one near the middle character and the other near the character on the right. The background is a plain, neutral color, providing a contrast to the characters and the desk.	88569541494.png	The image features a stylized, cartoonish depiction of a large, orange teddy bear with a white muzzle and a small orange bowtie. The bear has a friendly expression with a wide smile and black eyes. It is sitting upright with its arms resting on its knees. The background is plain and white, emphasizing the bear. There is no visible text in the image.
αγορά αρκούδα	Πάντως, το βέβαιο είναι ότι έχουμε για καλά εισέλθει σε μια μακροχρόνια αγορά αρκούδας και πως τα ενδιάμεσα ανοδικά ράλι τιμών που θα δούμε θέλουν προσοχή.		39127864245.png	The image features an illustration of a large brown bear with a honey-like substance dripping from its back. The bear is standing on a surface with a shadow cast beneath it. To the left of the bear, there is a smaller figure, which appears to be a bear wearing a suit and tie, with a surprised or dismayed expression. The suit is black, and the bear is holding a pile of golden coins in its paws. The background is plain and does not provide any additional context. There is no visible text in the image. The style of the illustration is cartoonish and whimsical.	88569541494.png	The image features a stylized, cartoonish depiction of a large, orange teddy bear with a white muzzle and a small orange bowtie. The bear has a friendly expression with a wide smile and black eyes. It is sitting upright with its arms resting on its knees. The background is plain and white, emphasizing the bear. There is no visible text in the image.	45514427923.png	The image depicts a lively scene at a fruit stand. There are three individuals present: a man and two children. The man is standing behind the counter, which is filled with a variety of fruits including oranges, apples, and pears. The children are standing in front of the counter, with one of them holding a basket of oranges.  The stand is sheltered by a green awning and is adorned with hanging plants, adding a touch of greenery to the scene. The ground beneath the stand is made of stone tiles, and there are additional potted plants placed around the area.  The image is rich in detail and color, capturing the essence of a vibrant fruit stand. The characters are drawn in a cartoon style, which adds a friendly and inviting atmosphere to the scene.	50720354687.png	The image depicts a whimsical scene where various types of bears are anthropomorphized and placed in a market setting. The bears are of different sizes and colors, including shades of brown, black, and white. They are standing on their hind legs, mimicking human behavior, and are dressed in clothing such as shirts and pants.  The bears are arranged in a market stall that resembles a traditional outdoor market. The stall is filled with various items, including bottles, jars, and other goods, suggesting a variety of products for sale. The stall is surrounded by wooden structures and has a rustic, handcrafted appearance.  In the background, there are power lines and industrial structures, indicating that the market is located in an urban or industrial area. The sky is overcast, and the overall atmosphere of the image is one of a quirky, imaginative market scene. There is no visible text in the image.	37145203685.png	The image depicts three animated characters sitting at a desk in front of a computer monitor. The characters are styled in a cartoonish manner, with exaggerated facial expressions and stylized clothing. The character on the left is wearing glasses and a suit with an orange tie, the middle character has red hair and is also dressed in a suit with an orange tie, and the character on the right is wearing a suit with a white tie and has a surprised or shocked expression. The computer monitor displays a graph with a wavy line, suggesting some sort of data or stock market visualization. There are two cups on the desk, one near the middle character and the other near the character on the right. The background is a plain, neutral color, providing a contrast to the characters and the desk.
αγορά αρκούδα	Στην παλιά πόλη λειτουργούσε κάθε χρόνο μια ιδιαίτερη αγορά αρκούδας, όπου οι κυνηγοί παρουσίαζαν τα ζώα τους.		45514427923.png	The image depicts a lively scene at a fruit stand. There are three individuals present: a man and two children. The man is standing behind the counter, which is filled with a variety of fruits including oranges, apples, and pears. The children are standing in front of the counter, with one of them holding a basket of oranges.  The stand is sheltered by a green awning and is adorned with hanging plants, adding a touch of greenery to the scene. The ground beneath the stand is made of stone tiles, and there are additional potted plants placed around the area.  The image is rich in detail and color, capturing the essence of a vibrant fruit stand. The characters are drawn in a cartoon style, which adds a friendly and inviting atmosphere to the scene.	88569541494.png	The image features a stylized, cartoonish depiction of a large, orange teddy bear with a white muzzle and a small orange bowtie. The bear has a friendly expression with a wide smile and black eyes. It is sitting upright with its arms resting on its knees. The background is plain and white, emphasizing the bear. There is no visible text in the image.	37145203685.png	The image depicts three animated characters sitting at a desk in front of a computer monitor. The characters are styled in a cartoonish manner, with exaggerated facial expressions and stylized clothing. The character on the left is wearing glasses and a suit with an orange tie, the middle character has red hair and is also dressed in a suit with an orange tie, and the character on the right is wearing a suit with a white tie and has a surprised or shocked expression. The computer monitor displays a graph with a wavy line, suggesting some sort of data or stock market visualization. There are two cups on the desk, one near the middle character and the other near the character on the right. The background is a plain, neutral color, providing a contrast to the characters and the desk.	50720354687.png	The image depicts a whimsical scene where various types of bears are anthropomorphized and placed in a market setting. The bears are of different sizes and colors, including shades of brown, black, and white. They are standing on their hind legs, mimicking human behavior, and are dressed in clothing such as shirts and pants.  The bears are arranged in a market stall that resembles a traditional outdoor market. The stall is filled with various items, including bottles, jars, and other goods, suggesting a variety of products for sale. The stall is surrounded by wooden structures and has a rustic, handcrafted appearance.  In the background, there are power lines and industrial structures, indicating that the market is located in an urban or industrial area. The sky is overcast, and the overall atmosphere of the image is one of a quirky, imaginative market scene. There is no visible text in the image.	39127864245.png	The image features an illustration of a large brown bear with a honey-like substance dripping from its back. The bear is standing on a surface with a shadow cast beneath it. To the left of the bear, there is a smaller figure, which appears to be a bear wearing a suit and tie, with a surprised or dismayed expression. The suit is black, and the bear is holding a pile of golden coins in its paws. The background is plain and does not provide any additional context. There is no visible text in the image. The style of the illustration is cartoonish and whimsical.
αγορά αρκούδα	Ο ζωολογικός κήπος αγόρασε δύο νεαρές αρκούδες από μια εξειδικευμένη αγορά αρκούδας στα βόρεια.		39127864245.png	The image features an illustration of a large brown bear with a honey-like substance dripping from its back. The bear is standing on a surface with a shadow cast beneath it. To the left of the bear, there is a smaller figure, which appears to be a bear wearing a suit and tie, with a surprised or dismayed expression. The suit is black, and the bear is holding a pile of golden coins in its paws. The background is plain and does not provide any additional context. There is no visible text in the image. The style of the illustration is cartoonish and whimsical.	45514427923.png	The image depicts a lively scene at a fruit stand. There are three individuals present: a man and two children. The man is standing behind the counter, which is filled with a variety of fruits including oranges, apples, and pears. The children are standing in front of the counter, with one of them holding a basket of oranges.  The stand is sheltered by a green awning and is adorned with hanging plants, adding a touch of greenery to the scene. The ground beneath the stand is made of stone tiles, and there are additional potted plants placed around the area.  The image is rich in detail and color, capturing the essence of a vibrant fruit stand. The characters are drawn in a cartoon style, which adds a friendly and inviting atmosphere to the scene.	37145203685.png	The image depicts three animated characters sitting at a desk in front of a computer monitor. The characters are styled in a cartoonish manner, with exaggerated facial expressions and stylized clothing. The character on the left is wearing glasses and a suit with an orange tie, the middle character has red hair and is also dressed in a suit with an orange tie, and the character on the right is wearing a suit with a white tie and has a surprised or shocked expression. The computer monitor displays a graph with a wavy line, suggesting some sort of data or stock market visualization. There are two cups on the desk, one near the middle character and the other near the character on the right. The background is a plain, neutral color, providing a contrast to the characters and the desk.	50720354687.png	The image depicts a whimsical scene where various types of bears are anthropomorphized and placed in a market setting. The bears are of different sizes and colors, including shades of brown, black, and white. They are standing on their hind legs, mimicking human behavior, and are dressed in clothing such as shirts and pants.  The bears are arranged in a market stall that resembles a traditional outdoor market. The stall is filled with various items, including bottles, jars, and other goods, suggesting a variety of products for sale. The stall is surrounded by wooden structures and has a rustic, handcrafted appearance.  In the background, there are power lines and industrial structures, indicating that the market is located in an urban or industrial area. The sky is overcast, and the overall atmosphere of the image is one of a quirky, imaginative market scene. There is no visible text in the image.	88569541494.png	The image features a stylized, cartoonish depiction of a large, orange teddy bear with a white muzzle and a small orange bowtie. The bear has a friendly expression with a wide smile and black eyes. It is sitting upright with its arms resting on its knees. The background is plain and white, emphasizing the bear. There is no visible text in the image.
μαύρο πρόβατο	Ο χοντρός σαν αρκούδα Πάμπλο, αδιόρθωτος τριαντάρης, λάτρης των βουτυρωμένων κρουασάν, χασομέρης, πλακατζής, θαμώνας των χαμαιτυπείων και μαύρο πρόβατο της πλουσιότατης μεγαλοαστικής οικογένειάς του, ασχολείται με τη φιλοσοφία στο Internet, ώσπου, μυστηριωδώς και αναπάντεχα, εξαφανίζεται ο μεγαλύτερος αδελφός του.		36301021045.png	The image features a stylized, cartoon-like depiction of a sheep with a fluffy, white body and orange horns. The sheep has large, expressive eyes and a small, black nose. It is standing on four legs, each with black hooves. The background is a neutral, light grey color. There is no visible text in the image.	44421530228.png	The image is a digital illustration featuring a stylized family of six characters. At the center stands an elderly woman with white hair, wearing glasses, a yellow cardigan, and a black skirt with a floral pattern. She holds a small orange purse in her left hand. To her left is a young girl with brown hair, wearing a yellow coat and a brown hat. To her right is a young boy with brown hair, wearing a red coat and a brown hat. In front of the woman, there are two more children: a young girl with brown hair, wearing a yellow coat and a brown hat, and a young boy with brown hair, wearing a brown coat and a brown hat. The background is plain and does not provide any additional context. There is no visible text in the image.	39180634301.png	The image features a stylized depiction of a wolf's head. The wolf has a prominent snout, large, expressive eyes, and a fur pattern that includes shades of brown, gray, and orange. The background is a solid dark color, which contrasts with the wolf's fur and highlights its features. There is no visible text in the image. The style of the image is illustrative, with a focus on the wolf's face and expression.	81401085069.png	The image is a digital illustration featuring a man standing on a stage with a microphone. He is facing away from the viewer, looking out towards a large crowd of people. The crowd is depicted in a stylized manner with a variety of colors and shades, suggesting a diverse group. The man is wearing a dark suit and has short hair. The background is plain and white, which contrasts with the colorful crowd. There is no visible text in the image. The style of the illustration is reminiscent of a comic book or graphic novel, with bold outlines and a limited color palette.	37434704311.png	"The image depicts a flock of white sheep with black faces and legs. Among the sheep, there is a single black sheep with an orange face and a black body. The black sheep is standing out from the rest of the flock, which is typical of the phrase ""the black sheep of the family."" The sheep are densely packed together, suggesting a sense of unity or herd mentality. There is no visible text in the image. The style of the image is cartoonish, with exaggerated features and bright colors."
μαύρο πρόβατο	Θα μπορούσε η Ελλάδα αντί να μετατραπεί σε μαύρο πρόβατο να αποτελέσει το επίκεντρο για την επαναδιατύπωση κι εφαρμογή ενός νέου, αποτελεσματικού και δίκαιου ευρωπαϊκού κοινωνικού μοντέλου.		36301021045.png	The image features a stylized, cartoon-like depiction of a sheep with a fluffy, white body and orange horns. The sheep has large, expressive eyes and a small, black nose. It is standing on four legs, each with black hooves. The background is a neutral, light grey color. There is no visible text in the image.	39180634301.png	The image features a stylized depiction of a wolf's head. The wolf has a prominent snout, large, expressive eyes, and a fur pattern that includes shades of brown, gray, and orange. The background is a solid dark color, which contrasts with the wolf's fur and highlights its features. There is no visible text in the image. The style of the image is illustrative, with a focus on the wolf's face and expression.	44421530228.png	The image is a digital illustration featuring a stylized family of six characters. At the center stands an elderly woman with white hair, wearing glasses, a yellow cardigan, and a black skirt with a floral pattern. She holds a small orange purse in her left hand. To her left is a young girl with brown hair, wearing a yellow coat and a brown hat. To her right is a young boy with brown hair, wearing a red coat and a brown hat. In front of the woman, there are two more children: a young girl with brown hair, wearing a yellow coat and a brown hat, and a young boy with brown hair, wearing a brown coat and a brown hat. The background is plain and does not provide any additional context. There is no visible text in the image.	37434704311.png	"The image depicts a flock of white sheep with black faces and legs. Among the sheep, there is a single black sheep with an orange face and a black body. The black sheep is standing out from the rest of the flock, which is typical of the phrase ""the black sheep of the family."" The sheep are densely packed together, suggesting a sense of unity or herd mentality. There is no visible text in the image. The style of the image is cartoonish, with exaggerated features and bright colors."	81401085069.png	The image is a digital illustration featuring a man standing on a stage with a microphone. He is facing away from the viewer, looking out towards a large crowd of people. The crowd is depicted in a stylized manner with a variety of colors and shades, suggesting a diverse group. The man is wearing a dark suit and has short hair. The background is plain and white, which contrasts with the colorful crowd. There is no visible text in the image. The style of the illustration is reminiscent of a comic book or graphic novel, with bold outlines and a limited color palette.
μαύρο πρόβατο	Μια φορά κι έναν καιρό ήταν ένα μαύρο πρόβατο μέσα σ' ένα μαντρί με κατάλευκα πρόβατα.		36301021045.png	The image features a stylized, cartoon-like depiction of a sheep with a fluffy, white body and orange horns. The sheep has large, expressive eyes and a small, black nose. It is standing on four legs, each with black hooves. The background is a neutral, light grey color. There is no visible text in the image.	39180634301.png	The image features a stylized depiction of a wolf's head. The wolf has a prominent snout, large, expressive eyes, and a fur pattern that includes shades of brown, gray, and orange. The background is a solid dark color, which contrasts with the wolf's fur and highlights its features. There is no visible text in the image. The style of the image is illustrative, with a focus on the wolf's face and expression.	37434704311.png	"The image depicts a flock of white sheep with black faces and legs. Among the sheep, there is a single black sheep with an orange face and a black body. The black sheep is standing out from the rest of the flock, which is typical of the phrase ""the black sheep of the family."" The sheep are densely packed together, suggesting a sense of unity or herd mentality. There is no visible text in the image. The style of the image is cartoonish, with exaggerated features and bright colors."	44421530228.png	The image is a digital illustration featuring a stylized family of six characters. At the center stands an elderly woman with white hair, wearing glasses, a yellow cardigan, and a black skirt with a floral pattern. She holds a small orange purse in her left hand. To her left is a young girl with brown hair, wearing a yellow coat and a brown hat. To her right is a young boy with brown hair, wearing a red coat and a brown hat. In front of the woman, there are two more children: a young girl with brown hair, wearing a yellow coat and a brown hat, and a young boy with brown hair, wearing a brown coat and a brown hat. The background is plain and does not provide any additional context. There is no visible text in the image.	81401085069.png	The image is a digital illustration featuring a man standing on a stage with a microphone. He is facing away from the viewer, looking out towards a large crowd of people. The crowd is depicted in a stylized manner with a variety of colors and shades, suggesting a diverse group. The man is wearing a dark suit and has short hair. The background is plain and white, which contrasts with the colorful crowd. There is no visible text in the image. The style of the illustration is reminiscent of a comic book or graphic novel, with bold outlines and a limited color palette.
μαύρο πρόβατο	Το μαύρο πρόβατο νιώθει πείνα, κρυώνει και φοβάται.		44421530228.png	The image is a digital illustration featuring a stylized family of six characters. At the center stands an elderly woman with white hair, wearing glasses, a yellow cardigan, and a black skirt with a floral pattern. She holds a small orange purse in her left hand. To her left is a young girl with brown hair, wearing a yellow coat and a brown hat. To her right is a young boy with brown hair, wearing a red coat and a brown hat. In front of the woman, there are two more children: a young girl with brown hair, wearing a yellow coat and a brown hat, and a young boy with brown hair, wearing a brown coat and a brown hat. The background is plain and does not provide any additional context. There is no visible text in the image.	39180634301.png	The image features a stylized depiction of a wolf's head. The wolf has a prominent snout, large, expressive eyes, and a fur pattern that includes shades of brown, gray, and orange. The background is a solid dark color, which contrasts with the wolf's fur and highlights its features. There is no visible text in the image. The style of the image is illustrative, with a focus on the wolf's face and expression.	37434704311.png	"The image depicts a flock of white sheep with black faces and legs. Among the sheep, there is a single black sheep with an orange face and a black body. The black sheep is standing out from the rest of the flock, which is typical of the phrase ""the black sheep of the family."" The sheep are densely packed together, suggesting a sense of unity or herd mentality. There is no visible text in the image. The style of the image is cartoonish, with exaggerated features and bright colors."	81401085069.png	The image is a digital illustration featuring a man standing on a stage with a microphone. He is facing away from the viewer, looking out towards a large crowd of people. The crowd is depicted in a stylized manner with a variety of colors and shades, suggesting a diverse group. The man is wearing a dark suit and has short hair. The background is plain and white, which contrasts with the colorful crowd. There is no visible text in the image. The style of the illustration is reminiscent of a comic book or graphic novel, with bold outlines and a limited color palette.	36301021045.png	The image features a stylized, cartoon-like depiction of a sheep with a fluffy, white body and orange horns. The sheep has large, expressive eyes and a small, black nose. It is standing on four legs, each with black hooves. The background is a neutral, light grey color. There is no visible text in the image.
ρίχνω το μπαλάκι	"Πάντως αν οι καλοί και αθώοι Αρειανοί της διοίκησης Πρωτοδικείου ή οι ""5"" της ΚΜΑ ξαφνικά θυμηθούν ότι υπάρχει ΚΜΑ και αποφασίσουν να ρίξουν το μπαλάκι στον κόσμο ώστε να διώξουν τις ευθύνες από πάνω τους."		73210595631.png	The image is a digital illustration featuring two animated characters and a dog. On the left, there is a young boy with curly hair, wearing an orange shirt and shorts, with his mouth open as if he is speaking or shouting. He is pointing his finger upwards. On the right, there is an animated female character with brown hair, wearing a dark top and pants, sitting on a small table with her legs crossed. She appears surprised or shocked, with her mouth open and her hand raised as if she is gesturing or speaking.  Between the two characters, there is a small brown dog with a black nose and tail, sitting on the ground. The dog is looking up at the boy.  Above the boy's head, there is a speech bubble with an orange outline containing a white exclamation mark. The background is plain white, and there are a few small objects scattered around the characters, including what appears to be a broken vase and a small plant in a pot. The overall style of the image is cartoonish and colorful.	14687300491.png	The image shows two animated characters, a boy and a girl, both wearing glasses and smiling. The boy is on the left, wearing a black shirt with orange accents and brown pants, and is reaching out to a large orange ball. The girl is on the right, wearing a black shirt with orange accents and a matching orange skirt, and is also smiling. Both characters have brown hair and are standing on a white background. The girl's right hand is raised, and she appears to be in motion, possibly running or jumping. There is no visible text in the image. The style of the image is cartoonish and friendly, suggesting a playful or educational theme.	94204687447.png	The image shows a stylized illustration of a football. The football is predominantly orange with a black stripe running horizontally across its center. It has a textured surface that resembles leather, and the stitching is depicted in white, giving the impression of a real football. The football is presented against a plain white background, which highlights its colors and design. There is no visible text in the image. The style of the illustration is simplistic and cartoonish, with smooth lines and a lack of intricate detail.	87843004318.png	The image depicts an animated scene of a young boy playing basketball. He is wearing an orange shirt and shorts, with white socks and orange shoes. The boy is in the process of shooting a basketball, which is in mid-air above the hoop. The basketball hoop is black with an orange backboard. The background shows a clear sky with a few clouds and a landscape with trees and a fence. The boy is standing on a basketball court with a white line marking the boundary. There is no visible text in the image.	64268478844.png	The image is a stylized illustration of four animated characters sitting on a bench. From left to right, the first character is a man with a beard and a backpack, wearing a gray shirt and brown pants. Next to him is a woman with a ponytail, wearing a white shirt and an orange skirt. The third character is a woman with curly hair, wearing glasses and a yellow shirt, with a book in her hands. The fourth character is a woman with blonde hair, wearing a yellow shirt and a red backpack, with a ponytail. They are all smiling and appear to be engaged in a conversation. Behind them is a tree with green leaves and a brown trunk. To the right of the bench is a street lamp with a black base and a white lampshade. In the background, there is a building with a dome and a clock tower. The ground is gray, and there are potted plants with orange flowers near the bench.
ρίχνω το μπαλάκι	Η Οικονομική Υπηρεσία του Δήμου Λέσβου, ούτε λίγο ούτε πολύ ρίχνει το μπαλάκι στο Δήμαρχο και τη Δημοτική Αρχή, απαιτώντας άμεσα να δοθεί λύση στο πρόβλημα της επάρκειας προσωπικού.		14687300491.png	The image shows two animated characters, a boy and a girl, both wearing glasses and smiling. The boy is on the left, wearing a black shirt with orange accents and brown pants, and is reaching out to a large orange ball. The girl is on the right, wearing a black shirt with orange accents and a matching orange skirt, and is also smiling. Both characters have brown hair and are standing on a white background. The girl's right hand is raised, and she appears to be in motion, possibly running or jumping. There is no visible text in the image. The style of the image is cartoonish and friendly, suggesting a playful or educational theme.	64268478844.png	The image is a stylized illustration of four animated characters sitting on a bench. From left to right, the first character is a man with a beard and a backpack, wearing a gray shirt and brown pants. Next to him is a woman with a ponytail, wearing a white shirt and an orange skirt. The third character is a woman with curly hair, wearing glasses and a yellow shirt, with a book in her hands. The fourth character is a woman with blonde hair, wearing a yellow shirt and a red backpack, with a ponytail. They are all smiling and appear to be engaged in a conversation. Behind them is a tree with green leaves and a brown trunk. To the right of the bench is a street lamp with a black base and a white lampshade. In the background, there is a building with a dome and a clock tower. The ground is gray, and there are potted plants with orange flowers near the bench.	87843004318.png	The image depicts an animated scene of a young boy playing basketball. He is wearing an orange shirt and shorts, with white socks and orange shoes. The boy is in the process of shooting a basketball, which is in mid-air above the hoop. The basketball hoop is black with an orange backboard. The background shows a clear sky with a few clouds and a landscape with trees and a fence. The boy is standing on a basketball court with a white line marking the boundary. There is no visible text in the image.	73210595631.png	The image is a digital illustration featuring two animated characters and a dog. On the left, there is a young boy with curly hair, wearing an orange shirt and shorts, with his mouth open as if he is speaking or shouting. He is pointing his finger upwards. On the right, there is an animated female character with brown hair, wearing a dark top and pants, sitting on a small table with her legs crossed. She appears surprised or shocked, with her mouth open and her hand raised as if she is gesturing or speaking.  Between the two characters, there is a small brown dog with a black nose and tail, sitting on the ground. The dog is looking up at the boy.  Above the boy's head, there is a speech bubble with an orange outline containing a white exclamation mark. The background is plain white, and there are a few small objects scattered around the characters, including what appears to be a broken vase and a small plant in a pot. The overall style of the image is cartoonish and colorful.	94204687447.png	The image shows a stylized illustration of a football. The football is predominantly orange with a black stripe running horizontally across its center. It has a textured surface that resembles leather, and the stitching is depicted in white, giving the impression of a real football. The football is presented against a plain white background, which highlights its colors and design. There is no visible text in the image. The style of the illustration is simplistic and cartoonish, with smooth lines and a lack of intricate detail.
ρίχνω το μπαλάκι	Στο πάρκο ρίχνω το μπαλάκι στον σκύλο μου και εκείνος τρέχει χαρούμενος να το φέρει πίσω.		14687300491.png	The image shows two animated characters, a boy and a girl, both wearing glasses and smiling. The boy is on the left, wearing a black shirt with orange accents and brown pants, and is reaching out to a large orange ball. The girl is on the right, wearing a black shirt with orange accents and a matching orange skirt, and is also smiling. Both characters have brown hair and are standing on a white background. The girl's right hand is raised, and she appears to be in motion, possibly running or jumping. There is no visible text in the image. The style of the image is cartoonish and friendly, suggesting a playful or educational theme.	64268478844.png	The image is a stylized illustration of four animated characters sitting on a bench. From left to right, the first character is a man with a beard and a backpack, wearing a gray shirt and brown pants. Next to him is a woman with a ponytail, wearing a white shirt and an orange skirt. The third character is a woman with curly hair, wearing glasses and a yellow shirt, with a book in her hands. The fourth character is a woman with blonde hair, wearing a yellow shirt and a red backpack, with a ponytail. They are all smiling and appear to be engaged in a conversation. Behind them is a tree with green leaves and a brown trunk. To the right of the bench is a street lamp with a black base and a white lampshade. In the background, there is a building with a dome and a clock tower. The ground is gray, and there are potted plants with orange flowers near the bench.	73210595631.png	The image is a digital illustration featuring two animated characters and a dog. On the left, there is a young boy with curly hair, wearing an orange shirt and shorts, with his mouth open as if he is speaking or shouting. He is pointing his finger upwards. On the right, there is an animated female character with brown hair, wearing a dark top and pants, sitting on a small table with her legs crossed. She appears surprised or shocked, with her mouth open and her hand raised as if she is gesturing or speaking.  Between the two characters, there is a small brown dog with a black nose and tail, sitting on the ground. The dog is looking up at the boy.  Above the boy's head, there is a speech bubble with an orange outline containing a white exclamation mark. The background is plain white, and there are a few small objects scattered around the characters, including what appears to be a broken vase and a small plant in a pot. The overall style of the image is cartoonish and colorful.	87843004318.png	The image depicts an animated scene of a young boy playing basketball. He is wearing an orange shirt and shorts, with white socks and orange shoes. The boy is in the process of shooting a basketball, which is in mid-air above the hoop. The basketball hoop is black with an orange backboard. The background shows a clear sky with a few clouds and a landscape with trees and a fence. The boy is standing on a basketball court with a white line marking the boundary. There is no visible text in the image.	94204687447.png	The image shows a stylized illustration of a football. The football is predominantly orange with a black stripe running horizontally across its center. It has a textured surface that resembles leather, and the stitching is depicted in white, giving the impression of a real football. The football is presented against a plain white background, which highlights its colors and design. There is no visible text in the image. The style of the illustration is simplistic and cartoonish, with smooth lines and a lack of intricate detail.
ρίχνω το μπαλάκι	Κατά τη διάρκεια του αγώνα τένις, ο παίκτης ρίχνει το μπαλάκι ψηλά για να εκτελέσει το σερβίς του.		87843004318.png	The image depicts an animated scene of a young boy playing basketball. He is wearing an orange shirt and shorts, with white socks and orange shoes. The boy is in the process of shooting a basketball, which is in mid-air above the hoop. The basketball hoop is black with an orange backboard. The background shows a clear sky with a few clouds and a landscape with trees and a fence. The boy is standing on a basketball court with a white line marking the boundary. There is no visible text in the image.	73210595631.png	The image is a digital illustration featuring two animated characters and a dog. On the left, there is a young boy with curly hair, wearing an orange shirt and shorts, with his mouth open as if he is speaking or shouting. He is pointing his finger upwards. On the right, there is an animated female character with brown hair, wearing a dark top and pants, sitting on a small table with her legs crossed. She appears surprised or shocked, with her mouth open and her hand raised as if she is gesturing or speaking.  Between the two characters, there is a small brown dog with a black nose and tail, sitting on the ground. The dog is looking up at the boy.  Above the boy's head, there is a speech bubble with an orange outline containing a white exclamation mark. The background is plain white, and there are a few small objects scattered around the characters, including what appears to be a broken vase and a small plant in a pot. The overall style of the image is cartoonish and colorful.	94204687447.png	The image shows a stylized illustration of a football. The football is predominantly orange with a black stripe running horizontally across its center. It has a textured surface that resembles leather, and the stitching is depicted in white, giving the impression of a real football. The football is presented against a plain white background, which highlights its colors and design. There is no visible text in the image. The style of the illustration is simplistic and cartoonish, with smooth lines and a lack of intricate detail.	64268478844.png	The image is a stylized illustration of four animated characters sitting on a bench. From left to right, the first character is a man with a beard and a backpack, wearing a gray shirt and brown pants. Next to him is a woman with a ponytail, wearing a white shirt and an orange skirt. The third character is a woman with curly hair, wearing glasses and a yellow shirt, with a book in her hands. The fourth character is a woman with blonde hair, wearing a yellow shirt and a red backpack, with a ponytail. They are all smiling and appear to be engaged in a conversation. Behind them is a tree with green leaves and a brown trunk. To the right of the bench is a street lamp with a black base and a white lampshade. In the background, there is a building with a dome and a clock tower. The ground is gray, and there are potted plants with orange flowers near the bench.	14687300491.png	The image shows two animated characters, a boy and a girl, both wearing glasses and smiling. The boy is on the left, wearing a black shirt with orange accents and brown pants, and is reaching out to a large orange ball. The girl is on the right, wearing a black shirt with orange accents and a matching orange skirt, and is also smiling. Both characters have brown hair and are standing on a white background. The girl's right hand is raised, and she appears to be in motion, possibly running or jumping. There is no visible text in the image. The style of the image is cartoonish and friendly, suggesting a playful or educational theme.
από τζάκι	Για τους πολιτικούς σαν κι εμένα, που δεν προέρχονται από τζάκια και που συνειδητά δεν δέχθηκαν να γίνουν ενεργούμενα του ντόπιου και του ξένου οικονομικού κατεστημένου.		48337723306.png	The image is a stylized illustration featuring a family of four characters. The father, standing in the center, is wearing a hard hat and a vest with orange straps. He has a mustache and is holding a small bird on his shoulder. The mother, standing to his right, is wearing a yellow apron and a hat, and she is holding a small black creature. The daughter, standing to the left of the father, is wearing a dress with a floral pattern and a hat, and she is holding a large sack. The son, standing to the right of the mother, is wearing a hat and a vest with orange straps, and he is holding a small sack. The characters are depicted with exaggerated features and are smiling. There is no visible text in the image.	68909939695.png	The image depicts a cozy camping scene. At the center is a campfire with bright orange flames, surrounded by a ring of gray rocks. To the left of the fire, there's a small tent with an orange roof, and a string of orange lanterns hangs from a tree above the tent. The tree is lush with green leaves and has a few orange lanterns on its branches. To the right of the fire, there's a small wooden bench with a lantern on it. The ground is covered with a mix of gray rocks and green plants. The overall atmosphere is warm and inviting, suggesting a peaceful evening camping.	10249529620.png	The image is a digital illustration featuring a group of animated characters. There are five characters in total: a man, a woman, a young girl, and two older women. The man is wearing a suit with a tie, a mustache, and a bald head. The woman has red hair styled in a bun, a large nose, and is wearing a dress with a fur stole. The young girl has curly hair, a dress with a bow, and is holding a handbag. The two older women are dressed in period-style clothing, with one wearing a dress with a feathered hat and the other in a coat with a fur collar. The characters are standing side by side, and the background is a plain, neutral color. There is no visible text in the image.	46406488646.png	The image depicts three cartoon characters, each wearing a hard hat and orange work clothes, engaged in construction activities. The character on the left is holding a shovel and appears to be digging or moving dirt. The central character is standing on a pile of bricks, with a hammer in hand, seemingly involved in bricklaying or construction work. The character on the right is standing on a ladder, holding a bucket, and looking at the fire in the fireplace, which is surrounded by a pile of logs. The fireplace is constructed from stone and is the focal point of the image. The characters are smiling and seem to be enjoying their work. There is no visible text in the image. The style of the image is illustrative and cartoonish.	19477967901.png	The image depicts an animated character, a young boy with brown hair, peeking out from behind a brick wall. The boy is wearing an orange shirt and is smiling. The wall has a fire burning at the bottom, with flames visible through the bricks. The background is a dark gray with a checkered pattern. There is no visible text in the image.
από τζάκι	Δεν προέρχομαι ούτε από τζάκι πλουσίων, ούτε τα παντελόνιασα από κανέναν για να έχω την πολυτέλεια να μην έχω ανάγκη τη δουλειά μου.		19477967901.png	The image depicts an animated character, a young boy with brown hair, peeking out from behind a brick wall. The boy is wearing an orange shirt and is smiling. The wall has a fire burning at the bottom, with flames visible through the bricks. The background is a dark gray with a checkered pattern. There is no visible text in the image.	46406488646.png	The image depicts three cartoon characters, each wearing a hard hat and orange work clothes, engaged in construction activities. The character on the left is holding a shovel and appears to be digging or moving dirt. The central character is standing on a pile of bricks, with a hammer in hand, seemingly involved in bricklaying or construction work. The character on the right is standing on a ladder, holding a bucket, and looking at the fire in the fireplace, which is surrounded by a pile of logs. The fireplace is constructed from stone and is the focal point of the image. The characters are smiling and seem to be enjoying their work. There is no visible text in the image. The style of the image is illustrative and cartoonish.	48337723306.png	The image is a stylized illustration featuring a family of four characters. The father, standing in the center, is wearing a hard hat and a vest with orange straps. He has a mustache and is holding a small bird on his shoulder. The mother, standing to his right, is wearing a yellow apron and a hat, and she is holding a small black creature. The daughter, standing to the left of the father, is wearing a dress with a floral pattern and a hat, and she is holding a large sack. The son, standing to the right of the mother, is wearing a hat and a vest with orange straps, and he is holding a small sack. The characters are depicted with exaggerated features and are smiling. There is no visible text in the image.	68909939695.png	The image depicts a cozy camping scene. At the center is a campfire with bright orange flames, surrounded by a ring of gray rocks. To the left of the fire, there's a small tent with an orange roof, and a string of orange lanterns hangs from a tree above the tent. The tree is lush with green leaves and has a few orange lanterns on its branches. To the right of the fire, there's a small wooden bench with a lantern on it. The ground is covered with a mix of gray rocks and green plants. The overall atmosphere is warm and inviting, suggesting a peaceful evening camping.	10249529620.png	The image is a digital illustration featuring a group of animated characters. There are five characters in total: a man, a woman, a young girl, and two older women. The man is wearing a suit with a tie, a mustache, and a bald head. The woman has red hair styled in a bun, a large nose, and is wearing a dress with a fur stole. The young girl has curly hair, a dress with a bow, and is holding a handbag. The two older women are dressed in period-style clothing, with one wearing a dress with a feathered hat and the other in a coat with a fur collar. The characters are standing side by side, and the background is a plain, neutral color. There is no visible text in the image.
από τζάκι	Τα τρίβουμε με στάχτη από τζάκι.		19477967901.png	The image depicts an animated character, a young boy with brown hair, peeking out from behind a brick wall. The boy is wearing an orange shirt and is smiling. The wall has a fire burning at the bottom, with flames visible through the bricks. The background is a dark gray with a checkered pattern. There is no visible text in the image.	10249529620.png	The image is a digital illustration featuring a group of animated characters. There are five characters in total: a man, a woman, a young girl, and two older women. The man is wearing a suit with a tie, a mustache, and a bald head. The woman has red hair styled in a bun, a large nose, and is wearing a dress with a fur stole. The young girl has curly hair, a dress with a bow, and is holding a handbag. The two older women are dressed in period-style clothing, with one wearing a dress with a feathered hat and the other in a coat with a fur collar. The characters are standing side by side, and the background is a plain, neutral color. There is no visible text in the image.	68909939695.png	The image depicts a cozy camping scene. At the center is a campfire with bright orange flames, surrounded by a ring of gray rocks. To the left of the fire, there's a small tent with an orange roof, and a string of orange lanterns hangs from a tree above the tent. The tree is lush with green leaves and has a few orange lanterns on its branches. To the right of the fire, there's a small wooden bench with a lantern on it. The ground is covered with a mix of gray rocks and green plants. The overall atmosphere is warm and inviting, suggesting a peaceful evening camping.	48337723306.png	The image is a stylized illustration featuring a family of four characters. The father, standing in the center, is wearing a hard hat and a vest with orange straps. He has a mustache and is holding a small bird on his shoulder. The mother, standing to his right, is wearing a yellow apron and a hat, and she is holding a small black creature. The daughter, standing to the left of the father, is wearing a dress with a floral pattern and a hat, and she is holding a large sack. The son, standing to the right of the mother, is wearing a hat and a vest with orange straps, and he is holding a small sack. The characters are depicted with exaggerated features and are smiling. There is no visible text in the image.	46406488646.png	The image depicts three cartoon characters, each wearing a hard hat and orange work clothes, engaged in construction activities. The character on the left is holding a shovel and appears to be digging or moving dirt. The central character is standing on a pile of bricks, with a hammer in hand, seemingly involved in bricklaying or construction work. The character on the right is standing on a ladder, holding a bucket, and looking at the fire in the fireplace, which is surrounded by a pile of logs. The fireplace is constructed from stone and is the focal point of the image. The characters are smiling and seem to be enjoying their work. There is no visible text in the image. The style of the image is illustrative and cartoonish.
από τζάκι	Λάβετε υπόψη ότι το σπρέι μαλλιών είναι εξαιρετικά εύφλεκτο, ώστε να μην τοποθετήσετε το δέντρο σας μπροστά από τζάκι ή άλλη πηγή θερμότητας.		10249529620.png	The image is a digital illustration featuring a group of animated characters. There are five characters in total: a man, a woman, a young girl, and two older women. The man is wearing a suit with a tie, a mustache, and a bald head. The woman has red hair styled in a bun, a large nose, and is wearing a dress with a fur stole. The young girl has curly hair, a dress with a bow, and is holding a handbag. The two older women are dressed in period-style clothing, with one wearing a dress with a feathered hat and the other in a coat with a fur collar. The characters are standing side by side, and the background is a plain, neutral color. There is no visible text in the image.	46406488646.png	The image depicts three cartoon characters, each wearing a hard hat and orange work clothes, engaged in construction activities. The character on the left is holding a shovel and appears to be digging or moving dirt. The central character is standing on a pile of bricks, with a hammer in hand, seemingly involved in bricklaying or construction work. The character on the right is standing on a ladder, holding a bucket, and looking at the fire in the fireplace, which is surrounded by a pile of logs. The fireplace is constructed from stone and is the focal point of the image. The characters are smiling and seem to be enjoying their work. There is no visible text in the image. The style of the image is illustrative and cartoonish.	19477967901.png	The image depicts an animated character, a young boy with brown hair, peeking out from behind a brick wall. The boy is wearing an orange shirt and is smiling. The wall has a fire burning at the bottom, with flames visible through the bricks. The background is a dark gray with a checkered pattern. There is no visible text in the image.	68909939695.png	The image depicts a cozy camping scene. At the center is a campfire with bright orange flames, surrounded by a ring of gray rocks. To the left of the fire, there's a small tent with an orange roof, and a string of orange lanterns hangs from a tree above the tent. The tree is lush with green leaves and has a few orange lanterns on its branches. To the right of the fire, there's a small wooden bench with a lantern on it. The ground is covered with a mix of gray rocks and green plants. The overall atmosphere is warm and inviting, suggesting a peaceful evening camping.	48337723306.png	The image is a stylized illustration featuring a family of four characters. The father, standing in the center, is wearing a hard hat and a vest with orange straps. He has a mustache and is holding a small bird on his shoulder. The mother, standing to his right, is wearing a yellow apron and a hat, and she is holding a small black creature. The daughter, standing to the left of the father, is wearing a dress with a floral pattern and a hat, and she is holding a large sack. The son, standing to the right of the mother, is wearing a hat and a vest with orange straps, and he is holding a small sack. The characters are depicted with exaggerated features and are smiling. There is no visible text in the image.
σχέδιο επί χάρτου	Την στιγμή που στα χωριά και της πόλης του Κιλκίς υπήρχε συνωστισμός πολιτικών τοποθετήσεων και αντιπαραθέσεων από επαγγελματίες και ερασιτέχνες πολιτικούς με υποσχέσεις και σχέδια επί χάρτου για το αύριο αυτού του τόπου σε κάποιο άλλο σημείο του τόπου εμφανίστηκε ένα άλλο αποδημητικό είδος του ζωικού βασιλείου.		76092056323.png	The image shows a digital illustration of a clipboard with a map or floor plan attached to it. The map is detailed and colorful, depicting a layout of rooms and spaces, possibly representing a building or a complex. The clipboard has a black clip and a wooden frame. To the right of the clipboard, there is a pen with a gold-colored cap. The background is plain white, emphasizing the objects in the foreground. There is no visible text in the image. The style of the image is cartoonish and appears to be a digital creation rather than a photograph.	80350123026.png	The image depicts a large, rolled-up map with a detailed illustration of a fictional island. The map is predominantly orange with a textured appearance, suggesting it's made of a material like parchment. It features a variety of elements such as rocky terrain, a body of water, a small island with a lighthouse, and a ship with a skull and crossbones flag. There are also several small figures that could represent people or animals, and a few coins scattered around the map. The map is partially unrolled, revealing a section with a spiral design, and it is resting on a flat surface. The overall style of the image is reminiscent of a fantasy or adventure theme, often associated with treasure hunts or pirate stories.	25859398058.png	The image depicts an animated character, a young girl with curly hair, wearing an orange dress with a bow on her head. She is standing in front of a white wall with a stone base, holding a paintbrush in her right hand and a paint palette in her left. The girl is painting a butterfly on the wall. There are several paint cans on the ground around her, some of which are open and have paint spilled out. The scene is set outdoors, with grass and a few leaves visible around the girl. The style of the image is illustrative and colorful, with a focus on the character's activity.	19840341614.png	The image is a digital illustration of a young boy with brown hair sitting cross-legged on the ground. He is wearing a black t-shirt and dark pants. The boy is looking upwards and to the left with a thoughtful expression. Above his head is a large, orange, cloud-like shape with smaller orange bubbles floating around it. The background is plain white. There is no visible text in the image.	81715258796.png	The image depicts a group of nine animated characters seated around a rectangular table. The characters are diverse in appearance, with various hairstyles, clothing styles, and skin tones. They are engaged in a meeting, with some looking at a large screen displaying a dashboard with graphs and charts. The screen is mounted on the wall behind the table. The table is equipped with laptops, papers, and cups, suggesting a working environment. The characters are wearing glasses, and some are holding pens, indicating they are taking notes or working on documents. The overall setting suggests a collaborative work or educational environment.
σχέδιο επί χάρτου	"Είναι καλύτερα να ξέρουμε τι δεν έχουμε, παρά να νομίζουμε ότι έχουμε κάτι και στην πραγματικότητα να μην έχουμε τίποτα, και να κάνουμε σχέδια επί χάρτου , τα οποία όμως κανείς δεν θα υπάρχει να τα υλοποιήσει σε επίπεδο κομματικών οργανώσεων λέει στη ""ΒτΚ"" υψηλόβαθμο στέλεχος του κόμματος."		25859398058.png	The image depicts an animated character, a young girl with curly hair, wearing an orange dress with a bow on her head. She is standing in front of a white wall with a stone base, holding a paintbrush in her right hand and a paint palette in her left. The girl is painting a butterfly on the wall. There are several paint cans on the ground around her, some of which are open and have paint spilled out. The scene is set outdoors, with grass and a few leaves visible around the girl. The style of the image is illustrative and colorful, with a focus on the character's activity.	19840341614.png	The image is a digital illustration of a young boy with brown hair sitting cross-legged on the ground. He is wearing a black t-shirt and dark pants. The boy is looking upwards and to the left with a thoughtful expression. Above his head is a large, orange, cloud-like shape with smaller orange bubbles floating around it. The background is plain white. There is no visible text in the image.	80350123026.png	The image depicts a large, rolled-up map with a detailed illustration of a fictional island. The map is predominantly orange with a textured appearance, suggesting it's made of a material like parchment. It features a variety of elements such as rocky terrain, a body of water, a small island with a lighthouse, and a ship with a skull and crossbones flag. There are also several small figures that could represent people or animals, and a few coins scattered around the map. The map is partially unrolled, revealing a section with a spiral design, and it is resting on a flat surface. The overall style of the image is reminiscent of a fantasy or adventure theme, often associated with treasure hunts or pirate stories.	76092056323.png	The image shows a digital illustration of a clipboard with a map or floor plan attached to it. The map is detailed and colorful, depicting a layout of rooms and spaces, possibly representing a building or a complex. The clipboard has a black clip and a wooden frame. To the right of the clipboard, there is a pen with a gold-colored cap. The background is plain white, emphasizing the objects in the foreground. There is no visible text in the image. The style of the image is cartoonish and appears to be a digital creation rather than a photograph.	81715258796.png	The image depicts a group of nine animated characters seated around a rectangular table. The characters are diverse in appearance, with various hairstyles, clothing styles, and skin tones. They are engaged in a meeting, with some looking at a large screen displaying a dashboard with graphs and charts. The screen is mounted on the wall behind the table. The table is equipped with laptops, papers, and cups, suggesting a working environment. The characters are wearing glasses, and some are holding pens, indicating they are taking notes or working on documents. The overall setting suggests a collaborative work or educational environment.
σχέδιο επί χάρτου	Το αρχιτεκτονικό γραφείο παρουσίασε το σχέδιο επί χάρτου, δείχνοντας ακριβώς πού θα τοποθετηθούν τα νέα κτίρια.		81715258796.png	The image depicts a group of nine animated characters seated around a rectangular table. The characters are diverse in appearance, with various hairstyles, clothing styles, and skin tones. They are engaged in a meeting, with some looking at a large screen displaying a dashboard with graphs and charts. The screen is mounted on the wall behind the table. The table is equipped with laptops, papers, and cups, suggesting a working environment. The characters are wearing glasses, and some are holding pens, indicating they are taking notes or working on documents. The overall setting suggests a collaborative work or educational environment.	25859398058.png	The image depicts an animated character, a young girl with curly hair, wearing an orange dress with a bow on her head. She is standing in front of a white wall with a stone base, holding a paintbrush in her right hand and a paint palette in her left. The girl is painting a butterfly on the wall. There are several paint cans on the ground around her, some of which are open and have paint spilled out. The scene is set outdoors, with grass and a few leaves visible around the girl. The style of the image is illustrative and colorful, with a focus on the character's activity.	19840341614.png	The image is a digital illustration of a young boy with brown hair sitting cross-legged on the ground. He is wearing a black t-shirt and dark pants. The boy is looking upwards and to the left with a thoughtful expression. Above his head is a large, orange, cloud-like shape with smaller orange bubbles floating around it. The background is plain white. There is no visible text in the image.	76092056323.png	The image shows a digital illustration of a clipboard with a map or floor plan attached to it. The map is detailed and colorful, depicting a layout of rooms and spaces, possibly representing a building or a complex. The clipboard has a black clip and a wooden frame. To the right of the clipboard, there is a pen with a gold-colored cap. The background is plain white, emphasizing the objects in the foreground. There is no visible text in the image. The style of the image is cartoonish and appears to be a digital creation rather than a photograph.	80350123026.png	The image depicts a large, rolled-up map with a detailed illustration of a fictional island. The map is predominantly orange with a textured appearance, suggesting it's made of a material like parchment. It features a variety of elements such as rocky terrain, a body of water, a small island with a lighthouse, and a ship with a skull and crossbones flag. There are also several small figures that could represent people or animals, and a few coins scattered around the map. The map is partially unrolled, revealing a section with a spiral design, and it is resting on a flat surface. The overall style of the image is reminiscent of a fantasy or adventure theme, often associated with treasure hunts or pirate stories.
σχέδιο επί χάρτου	Στο σχέδιο επί χάρτου φαίνονταν οι ζώνες προστασίας γύρω από τον υδροβιότοπο.		76092056323.png	The image shows a digital illustration of a clipboard with a map or floor plan attached to it. The map is detailed and colorful, depicting a layout of rooms and spaces, possibly representing a building or a complex. The clipboard has a black clip and a wooden frame. To the right of the clipboard, there is a pen with a gold-colored cap. The background is plain white, emphasizing the objects in the foreground. There is no visible text in the image. The style of the image is cartoonish and appears to be a digital creation rather than a photograph.	25859398058.png	The image depicts an animated character, a young girl with curly hair, wearing an orange dress with a bow on her head. She is standing in front of a white wall with a stone base, holding a paintbrush in her right hand and a paint palette in her left. The girl is painting a butterfly on the wall. There are several paint cans on the ground around her, some of which are open and have paint spilled out. The scene is set outdoors, with grass and a few leaves visible around the girl. The style of the image is illustrative and colorful, with a focus on the character's activity.	80350123026.png	The image depicts a large, rolled-up map with a detailed illustration of a fictional island. The map is predominantly orange with a textured appearance, suggesting it's made of a material like parchment. It features a variety of elements such as rocky terrain, a body of water, a small island with a lighthouse, and a ship with a skull and crossbones flag. There are also several small figures that could represent people or animals, and a few coins scattered around the map. The map is partially unrolled, revealing a section with a spiral design, and it is resting on a flat surface. The overall style of the image is reminiscent of a fantasy or adventure theme, often associated with treasure hunts or pirate stories.	81715258796.png	The image depicts a group of nine animated characters seated around a rectangular table. The characters are diverse in appearance, with various hairstyles, clothing styles, and skin tones. They are engaged in a meeting, with some looking at a large screen displaying a dashboard with graphs and charts. The screen is mounted on the wall behind the table. The table is equipped with laptops, papers, and cups, suggesting a working environment. The characters are wearing glasses, and some are holding pens, indicating they are taking notes or working on documents. The overall setting suggests a collaborative work or educational environment.	19840341614.png	The image is a digital illustration of a young boy with brown hair sitting cross-legged on the ground. He is wearing a black t-shirt and dark pants. The boy is looking upwards and to the left with a thoughtful expression. Above his head is a large, orange, cloud-like shape with smaller orange bubbles floating around it. The background is plain white. There is no visible text in the image.
πυρηνική φυσική	Η εγκατασταση δεν ειναι πυρινική φυσική . Σε τελική αναλυση δε παυει να ειναι ενας λεβητας. Ετσι ενας σωστος μαστορας θα κανει σωστη δουλεια.		39520633077.png	The image depicts an animated classroom scene. In the foreground, a teacher with brown hair, wearing glasses and a suit, stands at the front of the room, gesturing with a pointer towards a chalkboard. The chalkboard displays mathematical equations. Behind the teacher, four students are seated at desks, attentively looking towards the teacher. The students are dressed in orange shirts and black pants. The classroom has a traditional setting with a wooden desk and chairs. The style of the image is cartoonish, with a focus on simplicity and clarity.	75546108002.png	The image depicts a stylized, cartoon-like illustration of an atom-like structure. At the center is a large, orange, spherical nucleus with a smaller, gray nucleus inside it. Surrounding the nucleus are numerous smaller spheres, some of which are connected by thin, brown lines, suggesting electrons orbiting the nucleus. The background is white, and there are small, colorful particles floating around the nucleus, possibly representing energy or particles in motion. In the lower left corner, there is a small, orange and white object that resembles a camera or a device with a lens, and a small, gray object that could be a battery or a power source. The overall style is playful and educational, likely intended to represent the concept of an atom in a simplified and visually appealing manner.	24325699707.png	The image features an animated character resembling a professor. He has white hair, a mustache, and is wearing glasses, a white lab coat, and brown shoes. The character is holding a book in one hand and pointing with the other at a chalkboard with mathematical equations and diagrams. The chalkboard is framed in orange and has a black background. The character is standing against a plain white background.	66932397663.png	The image features a stylized, cartoon-like representation of a scientific apparatus. It has a central, cylindrical body with a dark base and a lighter top, resembling a flask or a container. The body is adorned with orange lights and wires, suggesting a glowing, active interior. There are two prominent, orange, circular elements on the top of the cylinder, which could be interpreted as lamps or lights.  Attached to the top of the cylinder are two vertical, orange structures that resemble lamps or lights, each with a clear, orange bulb. These structures are connected to the central cylinder by wires and are mounted on a base that appears to be a metallic stand. The stand has a dark base and a lighter top, with a visible bolt or screw.  The image is rendered in a 3D style with a soft, matte finish, giving it a three-dimensional appearance. There is no visible text in the image. The overall impression is that of a whimsical or fantastical scientific device, possibly designed for a video game or a similar form of entertainment.	81833374650.png	The image depicts a stylized, idyllic landscape. At the center is a large, jagged rock formation with a flat top, resembling a mountain. On the left side of the rock, there is a tree with orange leaves, and on the right side, there is a tree with green leaves. Both trees are surrounded by smaller plants and flowers. Below the rock formation, there is a grassy area with a few scattered rocks and a small, rustic-looking structure. In the sky above the rock formation, there are five birds in flight. The background is a plain, light color, providing a contrast to the detailed foreground. There is no visible text in the image. The style of the image is illustrative, with a focus on natural elements and a sense of tranquility.
πυρηνική φυσική	Έχει πολλές έννοιες καινούργιες για τους περισσότερους και απλά θέλει λίγη δουλίτσα και διάβασμα.  Δεν είναι δα και Πυρινική Φυσική. Το Minitab είναι όντως εύκολο, αρκεί να ξέρεις τι πρεσβέβει.		81833374650.png	The image depicts a stylized, idyllic landscape. At the center is a large, jagged rock formation with a flat top, resembling a mountain. On the left side of the rock, there is a tree with orange leaves, and on the right side, there is a tree with green leaves. Both trees are surrounded by smaller plants and flowers. Below the rock formation, there is a grassy area with a few scattered rocks and a small, rustic-looking structure. In the sky above the rock formation, there are five birds in flight. The background is a plain, light color, providing a contrast to the detailed foreground. There is no visible text in the image. The style of the image is illustrative, with a focus on natural elements and a sense of tranquility.	39520633077.png	The image depicts an animated classroom scene. In the foreground, a teacher with brown hair, wearing glasses and a suit, stands at the front of the room, gesturing with a pointer towards a chalkboard. The chalkboard displays mathematical equations. Behind the teacher, four students are seated at desks, attentively looking towards the teacher. The students are dressed in orange shirts and black pants. The classroom has a traditional setting with a wooden desk and chairs. The style of the image is cartoonish, with a focus on simplicity and clarity.	24325699707.png	The image features an animated character resembling a professor. He has white hair, a mustache, and is wearing glasses, a white lab coat, and brown shoes. The character is holding a book in one hand and pointing with the other at a chalkboard with mathematical equations and diagrams. The chalkboard is framed in orange and has a black background. The character is standing against a plain white background.	75546108002.png	The image depicts a stylized, cartoon-like illustration of an atom-like structure. At the center is a large, orange, spherical nucleus with a smaller, gray nucleus inside it. Surrounding the nucleus are numerous smaller spheres, some of which are connected by thin, brown lines, suggesting electrons orbiting the nucleus. The background is white, and there are small, colorful particles floating around the nucleus, possibly representing energy or particles in motion. In the lower left corner, there is a small, orange and white object that resembles a camera or a device with a lens, and a small, gray object that could be a battery or a power source. The overall style is playful and educational, likely intended to represent the concept of an atom in a simplified and visually appealing manner.	66932397663.png	The image features a stylized, cartoon-like representation of a scientific apparatus. It has a central, cylindrical body with a dark base and a lighter top, resembling a flask or a container. The body is adorned with orange lights and wires, suggesting a glowing, active interior. There are two prominent, orange, circular elements on the top of the cylinder, which could be interpreted as lamps or lights.  Attached to the top of the cylinder are two vertical, orange structures that resemble lamps or lights, each with a clear, orange bulb. These structures are connected to the central cylinder by wires and are mounted on a base that appears to be a metallic stand. The stand has a dark base and a lighter top, with a visible bolt or screw.  The image is rendered in a 3D style with a soft, matte finish, giving it a three-dimensional appearance. There is no visible text in the image. The overall impression is that of a whimsical or fantastical scientific device, possibly designed for a video game or a similar form of entertainment.
πυρηνική φυσική	Μεταξύ τους αναφέρονται ο Μαξ Πλανκ, πρόεδρος της Επιστημονικής Εταιρίας Κάιζερ Βίλχελμ, που συγκέντρωνε τους θετικούς επιστήμονες, ο Βέρνερ Χάιζενμπεργκ, διαμορφωτής της θεωρίας της κβαντικής φυσικής, από την οποία προέκυψε η πυρηνική φυσική, ο Φίλιπ Λέναρντ, ανταγωνιστής του Αϊνστάιν και ο Κάρλ Φρήντριχ φον Βάιστσέκερ.		24325699707.png	The image features an animated character resembling a professor. He has white hair, a mustache, and is wearing glasses, a white lab coat, and brown shoes. The character is holding a book in one hand and pointing with the other at a chalkboard with mathematical equations and diagrams. The chalkboard is framed in orange and has a black background. The character is standing against a plain white background.	81833374650.png	The image depicts a stylized, idyllic landscape. At the center is a large, jagged rock formation with a flat top, resembling a mountain. On the left side of the rock, there is a tree with orange leaves, and on the right side, there is a tree with green leaves. Both trees are surrounded by smaller plants and flowers. Below the rock formation, there is a grassy area with a few scattered rocks and a small, rustic-looking structure. In the sky above the rock formation, there are five birds in flight. The background is a plain, light color, providing a contrast to the detailed foreground. There is no visible text in the image. The style of the image is illustrative, with a focus on natural elements and a sense of tranquility.	75546108002.png	The image depicts a stylized, cartoon-like illustration of an atom-like structure. At the center is a large, orange, spherical nucleus with a smaller, gray nucleus inside it. Surrounding the nucleus are numerous smaller spheres, some of which are connected by thin, brown lines, suggesting electrons orbiting the nucleus. The background is white, and there are small, colorful particles floating around the nucleus, possibly representing energy or particles in motion. In the lower left corner, there is a small, orange and white object that resembles a camera or a device with a lens, and a small, gray object that could be a battery or a power source. The overall style is playful and educational, likely intended to represent the concept of an atom in a simplified and visually appealing manner.	39520633077.png	The image depicts an animated classroom scene. In the foreground, a teacher with brown hair, wearing glasses and a suit, stands at the front of the room, gesturing with a pointer towards a chalkboard. The chalkboard displays mathematical equations. Behind the teacher, four students are seated at desks, attentively looking towards the teacher. The students are dressed in orange shirts and black pants. The classroom has a traditional setting with a wooden desk and chairs. The style of the image is cartoonish, with a focus on simplicity and clarity.	66932397663.png	The image features a stylized, cartoon-like representation of a scientific apparatus. It has a central, cylindrical body with a dark base and a lighter top, resembling a flask or a container. The body is adorned with orange lights and wires, suggesting a glowing, active interior. There are two prominent, orange, circular elements on the top of the cylinder, which could be interpreted as lamps or lights.  Attached to the top of the cylinder are two vertical, orange structures that resemble lamps or lights, each with a clear, orange bulb. These structures are connected to the central cylinder by wires and are mounted on a base that appears to be a metallic stand. The stand has a dark base and a lighter top, with a visible bolt or screw.  The image is rendered in a 3D style with a soft, matte finish, giving it a three-dimensional appearance. There is no visible text in the image. The overall impression is that of a whimsical or fantastical scientific device, possibly designed for a video game or a similar form of entertainment.
πυρηνική φυσική	Μην ξεχνάς ότι διδασκόμαστε Πυρηνική Φυσική , Στοιχειώδη Σωματίδια, Φυσική Στερεάς Κατάστασης, Σήματα, Διαφορικές Εξισώσεις κτλ.		81833374650.png	The image depicts a stylized, idyllic landscape. At the center is a large, jagged rock formation with a flat top, resembling a mountain. On the left side of the rock, there is a tree with orange leaves, and on the right side, there is a tree with green leaves. Both trees are surrounded by smaller plants and flowers. Below the rock formation, there is a grassy area with a few scattered rocks and a small, rustic-looking structure. In the sky above the rock formation, there are five birds in flight. The background is a plain, light color, providing a contrast to the detailed foreground. There is no visible text in the image. The style of the image is illustrative, with a focus on natural elements and a sense of tranquility.	75546108002.png	The image depicts a stylized, cartoon-like illustration of an atom-like structure. At the center is a large, orange, spherical nucleus with a smaller, gray nucleus inside it. Surrounding the nucleus are numerous smaller spheres, some of which are connected by thin, brown lines, suggesting electrons orbiting the nucleus. The background is white, and there are small, colorful particles floating around the nucleus, possibly representing energy or particles in motion. In the lower left corner, there is a small, orange and white object that resembles a camera or a device with a lens, and a small, gray object that could be a battery or a power source. The overall style is playful and educational, likely intended to represent the concept of an atom in a simplified and visually appealing manner.	66932397663.png	The image features a stylized, cartoon-like representation of a scientific apparatus. It has a central, cylindrical body with a dark base and a lighter top, resembling a flask or a container. The body is adorned with orange lights and wires, suggesting a glowing, active interior. There are two prominent, orange, circular elements on the top of the cylinder, which could be interpreted as lamps or lights.  Attached to the top of the cylinder are two vertical, orange structures that resemble lamps or lights, each with a clear, orange bulb. These structures are connected to the central cylinder by wires and are mounted on a base that appears to be a metallic stand. The stand has a dark base and a lighter top, with a visible bolt or screw.  The image is rendered in a 3D style with a soft, matte finish, giving it a three-dimensional appearance. There is no visible text in the image. The overall impression is that of a whimsical or fantastical scientific device, possibly designed for a video game or a similar form of entertainment.	39520633077.png	The image depicts an animated classroom scene. In the foreground, a teacher with brown hair, wearing glasses and a suit, stands at the front of the room, gesturing with a pointer towards a chalkboard. The chalkboard displays mathematical equations. Behind the teacher, four students are seated at desks, attentively looking towards the teacher. The students are dressed in orange shirts and black pants. The classroom has a traditional setting with a wooden desk and chairs. The style of the image is cartoonish, with a focus on simplicity and clarity.	24325699707.png	The image features an animated character resembling a professor. He has white hair, a mustache, and is wearing glasses, a white lab coat, and brown shoes. The character is holding a book in one hand and pointing with the other at a chalkboard with mathematical equations and diagrams. The chalkboard is framed in orange and has a black background. The character is standing against a plain white background.
βρίσκω τοίχο	Προσωπικά, σε κάθε δημιουργικό μου βήμα έβρισκα τοίχο , ενώ η Ελλάδα ήταν και είναι ο χώρος αποκαταστάσεως των εκάστοτε ημετέρων!!!!		63710271375.png	The image depicts an animated character, a man with curly hair, wearing glasses and a yellow shirt. He is seated in a black office chair with wheels. The character is leaning back with his arms crossed, appearing to be in a state of relaxation or contemplation. Behind him is a large stack of papers, suggesting a work environment. On top of the papers, there is a small clock with an orange face and white hands. The character is also wearing black pants. The overall style of the image is cartoonish and colorful.	84392226911.png	The image depicts a stylized, animated character standing against a textured, gray wall. The character has short, curly hair and is wearing a bright orange blouse and dark pants. The character is facing away from the viewer, looking towards the wall. The style of the image is reminiscent of a digital painting or illustration.	78771381301.png	The image depicts an animated character with brown hair and glasses, who appears to be in a state of distress or confusion. The character is holding their head with both hands, and there are several Rubik's cubes scattered around them, suggesting a theme of puzzles or challenges. The character's facial expression conveys a sense of frustration or overwhelm. There is no visible text in the image. The style of the image is cartoonish and colorful, with a limited color palette that includes shades of brown, orange, and gray.	36108335480.png	The image depicts a stylized illustration of a young boy standing in front of a large, crumbling brick wall. The boy is facing away from the viewer, looking towards the wall. He is wearing a dark jacket and has short hair. The wall is predominantly orange and brown, with some areas appearing to be in disrepair. The ground in front of the wall is barren and appears to be a mix of dirt and small rocks. There is no visible text in the image. The style of the illustration is reminiscent of a comic book or graphic novel, with bold outlines and a limited color palette.	54489942505.png	The image depicts a cartoon-style illustration of a young boy with dark hair and a black shirt, holding a large, orange jigsaw puzzle piece. The boy is standing on a light brown surface, and the puzzle piece is significantly larger than the boy, with a black border and a textured surface. The boy appears to be looking at the puzzle piece with a slight smile. There is no visible text in the image.
βρίσκω τοίχο	"Οι πορείες διαμαρτυρίας αποτελούν πραγματικά ένα μέσο διεκδίκησης των αιτημάτων, ειδικά όταν αυτά "" βρίσκουν τοίχο ""."		78771381301.png	The image depicts an animated character with brown hair and glasses, who appears to be in a state of distress or confusion. The character is holding their head with both hands, and there are several Rubik's cubes scattered around them, suggesting a theme of puzzles or challenges. The character's facial expression conveys a sense of frustration or overwhelm. There is no visible text in the image. The style of the image is cartoonish and colorful, with a limited color palette that includes shades of brown, orange, and gray.	54489942505.png	The image depicts a cartoon-style illustration of a young boy with dark hair and a black shirt, holding a large, orange jigsaw puzzle piece. The boy is standing on a light brown surface, and the puzzle piece is significantly larger than the boy, with a black border and a textured surface. The boy appears to be looking at the puzzle piece with a slight smile. There is no visible text in the image.	84392226911.png	The image depicts a stylized, animated character standing against a textured, gray wall. The character has short, curly hair and is wearing a bright orange blouse and dark pants. The character is facing away from the viewer, looking towards the wall. The style of the image is reminiscent of a digital painting or illustration.	36108335480.png	The image depicts a stylized illustration of a young boy standing in front of a large, crumbling brick wall. The boy is facing away from the viewer, looking towards the wall. He is wearing a dark jacket and has short hair. The wall is predominantly orange and brown, with some areas appearing to be in disrepair. The ground in front of the wall is barren and appears to be a mix of dirt and small rocks. There is no visible text in the image. The style of the illustration is reminiscent of a comic book or graphic novel, with bold outlines and a limited color palette.	63710271375.png	The image depicts an animated character, a man with curly hair, wearing glasses and a yellow shirt. He is seated in a black office chair with wheels. The character is leaning back with his arms crossed, appearing to be in a state of relaxation or contemplation. Behind him is a large stack of papers, suggesting a work environment. On top of the papers, there is a small clock with an orange face and white hands. The character is also wearing black pants. The overall style of the image is cartoonish and colorful.
βρίσκω τοίχο	Μόλις άναψε τον φακό στο σκοτεινό δωμάτιο, προχώρησε δυο βήματα και βρήκε τοίχο μπροστά του.		78771381301.png	The image depicts an animated character with brown hair and glasses, who appears to be in a state of distress or confusion. The character is holding their head with both hands, and there are several Rubik's cubes scattered around them, suggesting a theme of puzzles or challenges. The character's facial expression conveys a sense of frustration or overwhelm. There is no visible text in the image. The style of the image is cartoonish and colorful, with a limited color palette that includes shades of brown, orange, and gray.	63710271375.png	The image depicts an animated character, a man with curly hair, wearing glasses and a yellow shirt. He is seated in a black office chair with wheels. The character is leaning back with his arms crossed, appearing to be in a state of relaxation or contemplation. Behind him is a large stack of papers, suggesting a work environment. On top of the papers, there is a small clock with an orange face and white hands. The character is also wearing black pants. The overall style of the image is cartoonish and colorful.	36108335480.png	The image depicts a stylized illustration of a young boy standing in front of a large, crumbling brick wall. The boy is facing away from the viewer, looking towards the wall. He is wearing a dark jacket and has short hair. The wall is predominantly orange and brown, with some areas appearing to be in disrepair. The ground in front of the wall is barren and appears to be a mix of dirt and small rocks. There is no visible text in the image. The style of the illustration is reminiscent of a comic book or graphic novel, with bold outlines and a limited color palette.	84392226911.png	The image depicts a stylized, animated character standing against a textured, gray wall. The character has short, curly hair and is wearing a bright orange blouse and dark pants. The character is facing away from the viewer, looking towards the wall. The style of the image is reminiscent of a digital painting or illustration.	54489942505.png	The image depicts a cartoon-style illustration of a young boy with dark hair and a black shirt, holding a large, orange jigsaw puzzle piece. The boy is standing on a light brown surface, and the puzzle piece is significantly larger than the boy, with a black border and a textured surface. The boy appears to be looking at the puzzle piece with a slight smile. There is no visible text in the image.
βρίσκω τοίχο	Οι αρχαιολόγοι έσκαβαν επί ώρες, ώσπου βρήκαν τοίχο θαμμένο στο έδαφος.		54489942505.png	The image depicts a cartoon-style illustration of a young boy with dark hair and a black shirt, holding a large, orange jigsaw puzzle piece. The boy is standing on a light brown surface, and the puzzle piece is significantly larger than the boy, with a black border and a textured surface. The boy appears to be looking at the puzzle piece with a slight smile. There is no visible text in the image.	36108335480.png	The image depicts a stylized illustration of a young boy standing in front of a large, crumbling brick wall. The boy is facing away from the viewer, looking towards the wall. He is wearing a dark jacket and has short hair. The wall is predominantly orange and brown, with some areas appearing to be in disrepair. The ground in front of the wall is barren and appears to be a mix of dirt and small rocks. There is no visible text in the image. The style of the illustration is reminiscent of a comic book or graphic novel, with bold outlines and a limited color palette.	84392226911.png	The image depicts a stylized, animated character standing against a textured, gray wall. The character has short, curly hair and is wearing a bright orange blouse and dark pants. The character is facing away from the viewer, looking towards the wall. The style of the image is reminiscent of a digital painting or illustration.	63710271375.png	The image depicts an animated character, a man with curly hair, wearing glasses and a yellow shirt. He is seated in a black office chair with wheels. The character is leaning back with his arms crossed, appearing to be in a state of relaxation or contemplation. Behind him is a large stack of papers, suggesting a work environment. On top of the papers, there is a small clock with an orange face and white hands. The character is also wearing black pants. The overall style of the image is cartoonish and colorful.	78771381301.png	The image depicts an animated character with brown hair and glasses, who appears to be in a state of distress or confusion. The character is holding their head with both hands, and there are several Rubik's cubes scattered around them, suggesting a theme of puzzles or challenges. The character's facial expression conveys a sense of frustration or overwhelm. There is no visible text in the image. The style of the image is cartoonish and colorful, with a limited color palette that includes shades of brown, orange, and gray.
αγορά ταύρος	Κατά την άποψή μου, ο χρυσός είναι ακόμα σε μια σούπερ αγορά ταύρων, δήλωσε ο Alan Newman, ο οποίος έχει βγάλει χρήματα για τους πελάτες του για πολύ καιρό με τη σύσταση του μετάλλου.		12010262333.png	The image depicts a lively scene at a farmers market. A large orange tent with a white stripe on the top edge serves as the central structure, providing shade for the vendors and customers. Underneath the tent, there are several people engaged in various activities. Some are standing and conversing, while others are tending to their stalls.  The stalls are filled with a variety of fresh produce. There are baskets of oranges, some of which are piled high, indicating a good harvest. Apples are also visible, adding to the colorful display of fruits.  The people are dressed in casual attire, suggesting a relaxed and informal atmosphere. The overall scene conveys a sense of community and the simple joy of shopping for fresh produce at a local market.	54856590905.png	The image is a stylized illustration featuring a lively scene with a variety of characters and animals. In the foreground, there are several cows with large horns, some of which are standing and others are sitting. The cows are depicted in a cartoonish style with exaggerated features.  In the middle ground, there are human figures, likely representing farmers or villagers, engaged in various activities. They are dressed in traditional attire, suggesting a rural or historical setting. Some are standing, while others are seated at tables, which are laden with food items such as oranges and what appears to be bread or pastries.  The background shows a wooden structure that could be a market stall or a small hut, with a large orange and white striped awning. The structure is surrounded by more human figures, some of whom are also engaged in activities like cooking or selling goods.  The overall color palette is warm, with a lot of orange and brown tones, which contribute to the rustic and inviting atmosphere of the scene. There is no visible text in the image. The relationships between the objects suggest a communal gathering or market scene, with the animals and humans coexisting in a harmonious setting.	88841454427.png	The image depicts a stylized, cartoon-like illustration of a control room or command center. There are two animated characters seated at a desk with computer monitors. The characters appear to be young males with smiling expressions. The room has a large, dark screen displaying a graph with various lines and numbers, suggesting some form of data or financial analysis. Above the screen, there are smaller monitors showing different types of data or graphs. The room is equipped with multiple computer monitors and keyboards, and there are potted plants on either side of the desk. The overall setting suggests a high-tech environment, possibly related to finance or data analysis.	16316341839.png	The image depicts a lively scene at a small, outdoor market stall. The stall has a rustic brick wall and a corrugated metal roof, giving it a charming, informal feel. A large, orange pot with a plant adds a pop of color to the scene.  Three people are present in the image. On the left, a woman is standing, holding a white bag. She is wearing a blue dress and has a handbag. Next to her, a man is also standing, wearing a yellow shirt and a hat. On the right, a child is standing in front of the stall, wearing an orange dress and holding a small orange pot.  The stall itself is filled with various items for sale. There are shelves stocked with an assortment of goods, including what appears to be food items and possibly some crafts or souvenirs. The lighting suggests it might be late afternoon or early evening, as the shadows are long and the light is warm.  There is no visible text in the image. The relationships between the objects and people are clear: the people are customers at the market stall, and the stall is a place where they can purchase goods. The image captures a moment of everyday life, with the market stall serving as a focal point for the scene.	93212429156.png	The image depicts an animated scene featuring two characters. On the left is a large, muscular bull with a prominent orange vest, adorned with spherical decorations and a tail. The bull is in motion, with its front legs raised and its mouth open, as if it is charging or roaring. On the right is a smaller, human-like character dressed in a colorful outfit with a yellow and orange pattern, resembling traditional Spanish attire. This character is in a defensive stance, with one arm raised and the other bent at the elbow, and is wearing a red hat with a feather. The background is a plain, light color with a subtle texture, providing a contrast to the characters. There is no visible text in the image.
αγορά ταύρος	Αναμένουμε ότι η αγορά ταύρων θα συνεχιστεί το 2014, με βασική κινητήρια δύναμη να είναι η διψήφια αύξηση της κερδοφορίας των εταιρειών.		16316341839.png	The image depicts a lively scene at a small, outdoor market stall. The stall has a rustic brick wall and a corrugated metal roof, giving it a charming, informal feel. A large, orange pot with a plant adds a pop of color to the scene.  Three people are present in the image. On the left, a woman is standing, holding a white bag. She is wearing a blue dress and has a handbag. Next to her, a man is also standing, wearing a yellow shirt and a hat. On the right, a child is standing in front of the stall, wearing an orange dress and holding a small orange pot.  The stall itself is filled with various items for sale. There are shelves stocked with an assortment of goods, including what appears to be food items and possibly some crafts or souvenirs. The lighting suggests it might be late afternoon or early evening, as the shadows are long and the light is warm.  There is no visible text in the image. The relationships between the objects and people are clear: the people are customers at the market stall, and the stall is a place where they can purchase goods. The image captures a moment of everyday life, with the market stall serving as a focal point for the scene.	12010262333.png	The image depicts a lively scene at a farmers market. A large orange tent with a white stripe on the top edge serves as the central structure, providing shade for the vendors and customers. Underneath the tent, there are several people engaged in various activities. Some are standing and conversing, while others are tending to their stalls.  The stalls are filled with a variety of fresh produce. There are baskets of oranges, some of which are piled high, indicating a good harvest. Apples are also visible, adding to the colorful display of fruits.  The people are dressed in casual attire, suggesting a relaxed and informal atmosphere. The overall scene conveys a sense of community and the simple joy of shopping for fresh produce at a local market.	54856590905.png	The image is a stylized illustration featuring a lively scene with a variety of characters and animals. In the foreground, there are several cows with large horns, some of which are standing and others are sitting. The cows are depicted in a cartoonish style with exaggerated features.  In the middle ground, there are human figures, likely representing farmers or villagers, engaged in various activities. They are dressed in traditional attire, suggesting a rural or historical setting. Some are standing, while others are seated at tables, which are laden with food items such as oranges and what appears to be bread or pastries.  The background shows a wooden structure that could be a market stall or a small hut, with a large orange and white striped awning. The structure is surrounded by more human figures, some of whom are also engaged in activities like cooking or selling goods.  The overall color palette is warm, with a lot of orange and brown tones, which contribute to the rustic and inviting atmosphere of the scene. There is no visible text in the image. The relationships between the objects suggest a communal gathering or market scene, with the animals and humans coexisting in a harmonious setting.	88841454427.png	The image depicts a stylized, cartoon-like illustration of a control room or command center. There are two animated characters seated at a desk with computer monitors. The characters appear to be young males with smiling expressions. The room has a large, dark screen displaying a graph with various lines and numbers, suggesting some form of data or financial analysis. Above the screen, there are smaller monitors showing different types of data or graphs. The room is equipped with multiple computer monitors and keyboards, and there are potted plants on either side of the desk. The overall setting suggests a high-tech environment, possibly related to finance or data analysis.	93212429156.png	The image depicts an animated scene featuring two characters. On the left is a large, muscular bull with a prominent orange vest, adorned with spherical decorations and a tail. The bull is in motion, with its front legs raised and its mouth open, as if it is charging or roaring. On the right is a smaller, human-like character dressed in a colorful outfit with a yellow and orange pattern, resembling traditional Spanish attire. This character is in a defensive stance, with one arm raised and the other bent at the elbow, and is wearing a red hat with a feather. The background is a plain, light color with a subtle texture, providing a contrast to the characters. There is no visible text in the image.
αγορά ταύρος	Η αγορά ταύρων αναμένεται να ενισχύσει τη μονάδα αναπαραγωγής.		12010262333.png	The image depicts a lively scene at a farmers market. A large orange tent with a white stripe on the top edge serves as the central structure, providing shade for the vendors and customers. Underneath the tent, there are several people engaged in various activities. Some are standing and conversing, while others are tending to their stalls.  The stalls are filled with a variety of fresh produce. There are baskets of oranges, some of which are piled high, indicating a good harvest. Apples are also visible, adding to the colorful display of fruits.  The people are dressed in casual attire, suggesting a relaxed and informal atmosphere. The overall scene conveys a sense of community and the simple joy of shopping for fresh produce at a local market.	16316341839.png	The image depicts a lively scene at a small, outdoor market stall. The stall has a rustic brick wall and a corrugated metal roof, giving it a charming, informal feel. A large, orange pot with a plant adds a pop of color to the scene.  Three people are present in the image. On the left, a woman is standing, holding a white bag. She is wearing a blue dress and has a handbag. Next to her, a man is also standing, wearing a yellow shirt and a hat. On the right, a child is standing in front of the stall, wearing an orange dress and holding a small orange pot.  The stall itself is filled with various items for sale. There are shelves stocked with an assortment of goods, including what appears to be food items and possibly some crafts or souvenirs. The lighting suggests it might be late afternoon or early evening, as the shadows are long and the light is warm.  There is no visible text in the image. The relationships between the objects and people are clear: the people are customers at the market stall, and the stall is a place where they can purchase goods. The image captures a moment of everyday life, with the market stall serving as a focal point for the scene.	88841454427.png	The image depicts a stylized, cartoon-like illustration of a control room or command center. There are two animated characters seated at a desk with computer monitors. The characters appear to be young males with smiling expressions. The room has a large, dark screen displaying a graph with various lines and numbers, suggesting some form of data or financial analysis. Above the screen, there are smaller monitors showing different types of data or graphs. The room is equipped with multiple computer monitors and keyboards, and there are potted plants on either side of the desk. The overall setting suggests a high-tech environment, possibly related to finance or data analysis.	93212429156.png	The image depicts an animated scene featuring two characters. On the left is a large, muscular bull with a prominent orange vest, adorned with spherical decorations and a tail. The bull is in motion, with its front legs raised and its mouth open, as if it is charging or roaring. On the right is a smaller, human-like character dressed in a colorful outfit with a yellow and orange pattern, resembling traditional Spanish attire. This character is in a defensive stance, with one arm raised and the other bent at the elbow, and is wearing a red hat with a feather. The background is a plain, light color with a subtle texture, providing a contrast to the characters. There is no visible text in the image.	54856590905.png	The image is a stylized illustration featuring a lively scene with a variety of characters and animals. In the foreground, there are several cows with large horns, some of which are standing and others are sitting. The cows are depicted in a cartoonish style with exaggerated features.  In the middle ground, there are human figures, likely representing farmers or villagers, engaged in various activities. They are dressed in traditional attire, suggesting a rural or historical setting. Some are standing, while others are seated at tables, which are laden with food items such as oranges and what appears to be bread or pastries.  The background shows a wooden structure that could be a market stall or a small hut, with a large orange and white striped awning. The structure is surrounded by more human figures, some of whom are also engaged in activities like cooking or selling goods.  The overall color palette is warm, with a lot of orange and brown tones, which contribute to the rustic and inviting atmosphere of the scene. There is no visible text in the image. The relationships between the objects suggest a communal gathering or market scene, with the animals and humans coexisting in a harmonious setting.
αγορά ταύρος	Πριν από κάθε αγορά ταύρου, ο κτηνίατρος έκανε λεπτομερή έλεγχο της υγείας του ζώου.		12010262333.png	The image depicts a lively scene at a farmers market. A large orange tent with a white stripe on the top edge serves as the central structure, providing shade for the vendors and customers. Underneath the tent, there are several people engaged in various activities. Some are standing and conversing, while others are tending to their stalls.  The stalls are filled with a variety of fresh produce. There are baskets of oranges, some of which are piled high, indicating a good harvest. Apples are also visible, adding to the colorful display of fruits.  The people are dressed in casual attire, suggesting a relaxed and informal atmosphere. The overall scene conveys a sense of community and the simple joy of shopping for fresh produce at a local market.	16316341839.png	The image depicts a lively scene at a small, outdoor market stall. The stall has a rustic brick wall and a corrugated metal roof, giving it a charming, informal feel. A large, orange pot with a plant adds a pop of color to the scene.  Three people are present in the image. On the left, a woman is standing, holding a white bag. She is wearing a blue dress and has a handbag. Next to her, a man is also standing, wearing a yellow shirt and a hat. On the right, a child is standing in front of the stall, wearing an orange dress and holding a small orange pot.  The stall itself is filled with various items for sale. There are shelves stocked with an assortment of goods, including what appears to be food items and possibly some crafts or souvenirs. The lighting suggests it might be late afternoon or early evening, as the shadows are long and the light is warm.  There is no visible text in the image. The relationships between the objects and people are clear: the people are customers at the market stall, and the stall is a place where they can purchase goods. The image captures a moment of everyday life, with the market stall serving as a focal point for the scene.	93212429156.png	The image depicts an animated scene featuring two characters. On the left is a large, muscular bull with a prominent orange vest, adorned with spherical decorations and a tail. The bull is in motion, with its front legs raised and its mouth open, as if it is charging or roaring. On the right is a smaller, human-like character dressed in a colorful outfit with a yellow and orange pattern, resembling traditional Spanish attire. This character is in a defensive stance, with one arm raised and the other bent at the elbow, and is wearing a red hat with a feather. The background is a plain, light color with a subtle texture, providing a contrast to the characters. There is no visible text in the image.	54856590905.png	The image is a stylized illustration featuring a lively scene with a variety of characters and animals. In the foreground, there are several cows with large horns, some of which are standing and others are sitting. The cows are depicted in a cartoonish style with exaggerated features.  In the middle ground, there are human figures, likely representing farmers or villagers, engaged in various activities. They are dressed in traditional attire, suggesting a rural or historical setting. Some are standing, while others are seated at tables, which are laden with food items such as oranges and what appears to be bread or pastries.  The background shows a wooden structure that could be a market stall or a small hut, with a large orange and white striped awning. The structure is surrounded by more human figures, some of whom are also engaged in activities like cooking or selling goods.  The overall color palette is warm, with a lot of orange and brown tones, which contribute to the rustic and inviting atmosphere of the scene. There is no visible text in the image. The relationships between the objects suggest a communal gathering or market scene, with the animals and humans coexisting in a harmonious setting.	88841454427.png	The image depicts a stylized, cartoon-like illustration of a control room or command center. There are two animated characters seated at a desk with computer monitors. The characters appear to be young males with smiling expressions. The room has a large, dark screen displaying a graph with various lines and numbers, suggesting some form of data or financial analysis. Above the screen, there are smaller monitors showing different types of data or graphs. The room is equipped with multiple computer monitors and keyboards, and there are potted plants on either side of the desk. The overall setting suggests a high-tech environment, possibly related to finance or data analysis.
σε ενδιαφέρουσα	Μήπως είναι σε ενδιαφέρουσα και πάει για το τέταρτο;		68008246830.png	The image depicts a stylized illustration of a woman and a child. The woman has brown hair tied up in a bun, with a small orange accessory on her head. She is wearing a brown dress with a pattern of small dots. The child, who appears to be a toddler, is wrapped in an orange shawl and has dark hair. The woman is holding the child close to her, suggesting a nurturing or protective gesture. There is no visible text in the image. The style of the illustration is simple and cartoonish, with a limited color palette and a focus on the subjects' expressions and the texture of the shawl.	69429049133.png	The image features a stylized depiction of a solar system with two planets and a star. The planets are illustrated with a glossy, orange-yellow hue, suggesting a celestial or cosmic theme. The larger planet is positioned on the right side of the image, with a visible ring system and a smaller planet orbiting it. The smaller planet is on the left side of the image, with a similar glossy appearance. The star is situated above the larger planet, with a smaller star or planetoid depicted in the upper left corner. The background is a dark, checkered pattern, which contrasts with the brightly colored planets and star. There is no visible text in the image. The style of the image is graphic and appears to be digitally created.	88468030721.png	The image is a digital illustration of a pregnant woman. She has dark hair styled in an updo, and her facial expression is one of contentment. The woman is wearing a bright orange dress with a floral pattern. Her hands are gently placed on her belly, and she is looking directly at the viewer. The background is plain and does not contain any text or additional objects.	82436854978.png	The image depicts an animated character who appears to be a young man with a beard and glasses. He is wearing a yellow shirt and black pants. The character is lying down with his head resting on a wooden desk, which has a chair in front of it. His eyes are closed, suggesting he is asleep. There is a backpack placed on the floor next to the chair. The background is plain and light-colored, providing a neutral backdrop for the scene. There is no visible text in the image.	15290264966.png	The image depicts a stylized, animated character of a woman sitting on a black chair. She is wearing an orange dress with a glittery texture, and her hair is styled in an updo. The character is looking upwards and to the left with a contented expression. The background is a muted gray with a subtle texture, and there are small, glittering particles around the character, suggesting a magical or sparkling atmosphere.
σε ενδιαφέρουσα	Φήμες κατά καιρούς ήθελαν την ηθοποιό να είναι σε ενδιαφέρουσα , ωστόσο η ίδια σε πρόσφατη συνέντευξη της τις διέψευσε δηλώνοντας ικανοποιημένη με την ζωή που έχει.		69429049133.png	The image features a stylized depiction of a solar system with two planets and a star. The planets are illustrated with a glossy, orange-yellow hue, suggesting a celestial or cosmic theme. The larger planet is positioned on the right side of the image, with a visible ring system and a smaller planet orbiting it. The smaller planet is on the left side of the image, with a similar glossy appearance. The star is situated above the larger planet, with a smaller star or planetoid depicted in the upper left corner. The background is a dark, checkered pattern, which contrasts with the brightly colored planets and star. There is no visible text in the image. The style of the image is graphic and appears to be digitally created.	15290264966.png	The image depicts a stylized, animated character of a woman sitting on a black chair. She is wearing an orange dress with a glittery texture, and her hair is styled in an updo. The character is looking upwards and to the left with a contented expression. The background is a muted gray with a subtle texture, and there are small, glittering particles around the character, suggesting a magical or sparkling atmosphere.	68008246830.png	The image depicts a stylized illustration of a woman and a child. The woman has brown hair tied up in a bun, with a small orange accessory on her head. She is wearing a brown dress with a pattern of small dots. The child, who appears to be a toddler, is wrapped in an orange shawl and has dark hair. The woman is holding the child close to her, suggesting a nurturing or protective gesture. There is no visible text in the image. The style of the illustration is simple and cartoonish, with a limited color palette and a focus on the subjects' expressions and the texture of the shawl.	88468030721.png	The image is a digital illustration of a pregnant woman. She has dark hair styled in an updo, and her facial expression is one of contentment. The woman is wearing a bright orange dress with a floral pattern. Her hands are gently placed on her belly, and she is looking directly at the viewer. The background is plain and does not contain any text or additional objects.	82436854978.png	The image depicts an animated character who appears to be a young man with a beard and glasses. He is wearing a yellow shirt and black pants. The character is lying down with his head resting on a wooden desk, which has a chair in front of it. His eyes are closed, suggesting he is asleep. There is a backpack placed on the floor next to the chair. The background is plain and light-colored, providing a neutral backdrop for the scene. There is no visible text in the image.
σε ενδιαφέρουσα	Το πρώτο τρίμηνο του 2014 θα είναι πολύ δυνατό στον αισθηματικό τομέα, γιατί ο Ερμής θα είναι σε ενδιαφέρουσα θέση, αλλά θέλει προσοχή: η περίοδος αυτή θα μπορούσε επίσης να φέρει επιπλοκές .		69429049133.png	The image features a stylized depiction of a solar system with two planets and a star. The planets are illustrated with a glossy, orange-yellow hue, suggesting a celestial or cosmic theme. The larger planet is positioned on the right side of the image, with a visible ring system and a smaller planet orbiting it. The smaller planet is on the left side of the image, with a similar glossy appearance. The star is situated above the larger planet, with a smaller star or planetoid depicted in the upper left corner. The background is a dark, checkered pattern, which contrasts with the brightly colored planets and star. There is no visible text in the image. The style of the image is graphic and appears to be digitally created.	15290264966.png	The image depicts a stylized, animated character of a woman sitting on a black chair. She is wearing an orange dress with a glittery texture, and her hair is styled in an updo. The character is looking upwards and to the left with a contented expression. The background is a muted gray with a subtle texture, and there are small, glittering particles around the character, suggesting a magical or sparkling atmosphere.	88468030721.png	The image is a digital illustration of a pregnant woman. She has dark hair styled in an updo, and her facial expression is one of contentment. The woman is wearing a bright orange dress with a floral pattern. Her hands are gently placed on her belly, and she is looking directly at the viewer. The background is plain and does not contain any text or additional objects.	68008246830.png	The image depicts a stylized illustration of a woman and a child. The woman has brown hair tied up in a bun, with a small orange accessory on her head. She is wearing a brown dress with a pattern of small dots. The child, who appears to be a toddler, is wrapped in an orange shawl and has dark hair. The woman is holding the child close to her, suggesting a nurturing or protective gesture. There is no visible text in the image. The style of the illustration is simple and cartoonish, with a limited color palette and a focus on the subjects' expressions and the texture of the shawl.	82436854978.png	The image depicts an animated character who appears to be a young man with a beard and glasses. He is wearing a yellow shirt and black pants. The character is lying down with his head resting on a wooden desk, which has a chair in front of it. His eyes are closed, suggesting he is asleep. There is a backpack placed on the floor next to the chair. The background is plain and light-colored, providing a neutral backdrop for the scene. There is no visible text in the image.
σε ενδιαφέρουσα	Βρήκε και αγόρασε ένα Toyota Corolla AE86, το οποίο, για την ώρα, ας πούμε ότι ήταν σε ενδιαφέρουσα μορφή, το γιατί θα το καταλάβετε παρακάτω.		68008246830.png	The image depicts a stylized illustration of a woman and a child. The woman has brown hair tied up in a bun, with a small orange accessory on her head. She is wearing a brown dress with a pattern of small dots. The child, who appears to be a toddler, is wrapped in an orange shawl and has dark hair. The woman is holding the child close to her, suggesting a nurturing or protective gesture. There is no visible text in the image. The style of the illustration is simple and cartoonish, with a limited color palette and a focus on the subjects' expressions and the texture of the shawl.	69429049133.png	The image features a stylized depiction of a solar system with two planets and a star. The planets are illustrated with a glossy, orange-yellow hue, suggesting a celestial or cosmic theme. The larger planet is positioned on the right side of the image, with a visible ring system and a smaller planet orbiting it. The smaller planet is on the left side of the image, with a similar glossy appearance. The star is situated above the larger planet, with a smaller star or planetoid depicted in the upper left corner. The background is a dark, checkered pattern, which contrasts with the brightly colored planets and star. There is no visible text in the image. The style of the image is graphic and appears to be digitally created.	88468030721.png	The image is a digital illustration of a pregnant woman. She has dark hair styled in an updo, and her facial expression is one of contentment. The woman is wearing a bright orange dress with a floral pattern. Her hands are gently placed on her belly, and she is looking directly at the viewer. The background is plain and does not contain any text or additional objects.	82436854978.png	The image depicts an animated character who appears to be a young man with a beard and glasses. He is wearing a yellow shirt and black pants. The character is lying down with his head resting on a wooden desk, which has a chair in front of it. His eyes are closed, suggesting he is asleep. There is a backpack placed on the floor next to the chair. The background is plain and light-colored, providing a neutral backdrop for the scene. There is no visible text in the image.	15290264966.png	The image depicts a stylized, animated character of a woman sitting on a black chair. She is wearing an orange dress with a glittery texture, and her hair is styled in an updo. The character is looking upwards and to the left with a contented expression. The background is a muted gray with a subtle texture, and there are small, glittering particles around the character, suggesting a magical or sparkling atmosphere.
εργατική μέλισσα	Από ετών  μάζευε σαν εργατική μέλισσα ό,τι υλικό αφορούσε τον 'Αγιο (προσωπικά αντικείμενα, φωτογραφίες, θαύματα, προσωπικές μαρτυρίες, κειμήλια κ.τ.λ).		51665578106.png	The image features a stylized cartoon bee with a friendly expression. The bee is depicted in mid-flight, holding a brown suitcase with a gold clasp in its right arm. The bee's body is orange with black stripes, and it has two large, brown eyes. The background is a simple, checkered pattern. There is no visible text in the image. The bee's pose and the suitcase suggest a theme of travel or adventure.	99801767080.png	The image features a stylized illustration of a bee resting on a flower. The bee is predominantly orange with black markings and antennae. It has large, translucent wings that are spread out. The flower is a vibrant orange with a textured surface, and it has a green stem with a single leaf attached. The bee's body is covered in small, orange dots, and it has a pair of large, black eyes. The background is plain white, which contrasts with the vivid colors of the bee and flower. There is no visible text in the image.	39237855956.png	The image depicts an animated character, a man with a beard, wearing a green jacket and orange overalls. He is holding a coffee cup in his right hand and a toolbox in his left. The character is in mid-stride, suggesting movement. The background is plain white, emphasizing the character and his actions. There is no visible text in the image.	16424044208.png	The image depicts an animated scene with a central figure, a man wearing a hard hat and a high-visibility vest, standing with his arms crossed. He is looking to the side with a serious expression. To his left, there are two other characters, one wearing a hard hat and the other a construction helmet, both observing the scene. To the right, there is a child wearing a hard hat and a high-visibility vest, standing next to a construction site with scaffolding and a brick wall. The child is looking towards the central figure. The background is plain and does not provide additional context. There is no visible text in the image. The style of the image is cartoonish and appears to be designed for a storyboard or illustration purpose.	79584030436.png	The image depicts an animated scene featuring a young boy with a cheerful expression, sitting on a mat with three stuffed animals. The boy is holding a small, round, yellow object that resembles a toy. To his left, there is a stuffed tiger, and to his right, a stuffed elephant. In front of the boy, there is a small, orange basket containing two more stuffed animals: a rabbit and a bird. The background is plain and does not provide any additional context. The style of the image is cartoonish and colorful, with a focus on the characters and their interactions with the toys.
εργατική μέλισσα	"Σ'αυτά τα ναυπηγεία, οι ""εξωγήινοι"" οικιστές, χωρίς να πάρουν τίποτε από το ανύπαρκτο άλλωστε τότε κράτος, δούλεψαν σαν εργατικές μέλισσες και κατάφεραν το θαύμα."		16424044208.png	The image depicts an animated scene with a central figure, a man wearing a hard hat and a high-visibility vest, standing with his arms crossed. He is looking to the side with a serious expression. To his left, there are two other characters, one wearing a hard hat and the other a construction helmet, both observing the scene. To the right, there is a child wearing a hard hat and a high-visibility vest, standing next to a construction site with scaffolding and a brick wall. The child is looking towards the central figure. The background is plain and does not provide additional context. There is no visible text in the image. The style of the image is cartoonish and appears to be designed for a storyboard or illustration purpose.	39237855956.png	The image depicts an animated character, a man with a beard, wearing a green jacket and orange overalls. He is holding a coffee cup in his right hand and a toolbox in his left. The character is in mid-stride, suggesting movement. The background is plain white, emphasizing the character and his actions. There is no visible text in the image.	79584030436.png	The image depicts an animated scene featuring a young boy with a cheerful expression, sitting on a mat with three stuffed animals. The boy is holding a small, round, yellow object that resembles a toy. To his left, there is a stuffed tiger, and to his right, a stuffed elephant. In front of the boy, there is a small, orange basket containing two more stuffed animals: a rabbit and a bird. The background is plain and does not provide any additional context. The style of the image is cartoonish and colorful, with a focus on the characters and their interactions with the toys.	51665578106.png	The image features a stylized cartoon bee with a friendly expression. The bee is depicted in mid-flight, holding a brown suitcase with a gold clasp in its right arm. The bee's body is orange with black stripes, and it has two large, brown eyes. The background is a simple, checkered pattern. There is no visible text in the image. The bee's pose and the suitcase suggest a theme of travel or adventure.	99801767080.png	The image features a stylized illustration of a bee resting on a flower. The bee is predominantly orange with black markings and antennae. It has large, translucent wings that are spread out. The flower is a vibrant orange with a textured surface, and it has a green stem with a single leaf attached. The bee's body is covered in small, orange dots, and it has a pair of large, black eyes. The background is plain white, which contrasts with the vivid colors of the bee and flower. There is no visible text in the image.
εργατική μέλισσα	Εκεί μέσα οι εργατικές μέλισσες και τα πολυάσχολα μυρμήγκια όχι μόνο ζουν και προστατεύονται αλλά δουλεύουν.		99801767080.png	The image features a stylized illustration of a bee resting on a flower. The bee is predominantly orange with black markings and antennae. It has large, translucent wings that are spread out. The flower is a vibrant orange with a textured surface, and it has a green stem with a single leaf attached. The bee's body is covered in small, orange dots, and it has a pair of large, black eyes. The background is plain white, which contrasts with the vivid colors of the bee and flower. There is no visible text in the image.	16424044208.png	The image depicts an animated scene with a central figure, a man wearing a hard hat and a high-visibility vest, standing with his arms crossed. He is looking to the side with a serious expression. To his left, there are two other characters, one wearing a hard hat and the other a construction helmet, both observing the scene. To the right, there is a child wearing a hard hat and a high-visibility vest, standing next to a construction site with scaffolding and a brick wall. The child is looking towards the central figure. The background is plain and does not provide additional context. There is no visible text in the image. The style of the image is cartoonish and appears to be designed for a storyboard or illustration purpose.	51665578106.png	The image features a stylized cartoon bee with a friendly expression. The bee is depicted in mid-flight, holding a brown suitcase with a gold clasp in its right arm. The bee's body is orange with black stripes, and it has two large, brown eyes. The background is a simple, checkered pattern. There is no visible text in the image. The bee's pose and the suitcase suggest a theme of travel or adventure.	39237855956.png	The image depicts an animated character, a man with a beard, wearing a green jacket and orange overalls. He is holding a coffee cup in his right hand and a toolbox in his left. The character is in mid-stride, suggesting movement. The background is plain white, emphasizing the character and his actions. There is no visible text in the image.	79584030436.png	The image depicts an animated scene featuring a young boy with a cheerful expression, sitting on a mat with three stuffed animals. The boy is holding a small, round, yellow object that resembles a toy. To his left, there is a stuffed tiger, and to his right, a stuffed elephant. In front of the boy, there is a small, orange basket containing two more stuffed animals: a rabbit and a bird. The background is plain and does not provide any additional context. The style of the image is cartoonish and colorful, with a focus on the characters and their interactions with the toys.
εργατική μέλισσα	Την ώρα που η εργατική μέλισσα σκοτώνεται να μαζέψει γύρη και να φτιάξει τόσα χρήσιμα προϊόντα για τον άνθρωπο, η σφήκα πετάει πέρα-δώθε άσκοπα μόνο για να γίνεται ενοχλητική.		16424044208.png	The image depicts an animated scene with a central figure, a man wearing a hard hat and a high-visibility vest, standing with his arms crossed. He is looking to the side with a serious expression. To his left, there are two other characters, one wearing a hard hat and the other a construction helmet, both observing the scene. To the right, there is a child wearing a hard hat and a high-visibility vest, standing next to a construction site with scaffolding and a brick wall. The child is looking towards the central figure. The background is plain and does not provide additional context. There is no visible text in the image. The style of the image is cartoonish and appears to be designed for a storyboard or illustration purpose.	51665578106.png	The image features a stylized cartoon bee with a friendly expression. The bee is depicted in mid-flight, holding a brown suitcase with a gold clasp in its right arm. The bee's body is orange with black stripes, and it has two large, brown eyes. The background is a simple, checkered pattern. There is no visible text in the image. The bee's pose and the suitcase suggest a theme of travel or adventure.	99801767080.png	The image features a stylized illustration of a bee resting on a flower. The bee is predominantly orange with black markings and antennae. It has large, translucent wings that are spread out. The flower is a vibrant orange with a textured surface, and it has a green stem with a single leaf attached. The bee's body is covered in small, orange dots, and it has a pair of large, black eyes. The background is plain white, which contrasts with the vivid colors of the bee and flower. There is no visible text in the image.	79584030436.png	The image depicts an animated scene featuring a young boy with a cheerful expression, sitting on a mat with three stuffed animals. The boy is holding a small, round, yellow object that resembles a toy. To his left, there is a stuffed tiger, and to his right, a stuffed elephant. In front of the boy, there is a small, orange basket containing two more stuffed animals: a rabbit and a bird. The background is plain and does not provide any additional context. The style of the image is cartoonish and colorful, with a focus on the characters and their interactions with the toys.	39237855956.png	The image depicts an animated character, a man with a beard, wearing a green jacket and orange overalls. He is holding a coffee cup in his right hand and a toolbox in his left. The character is in mid-stride, suggesting movement. The background is plain white, emphasizing the character and his actions. There is no visible text in the image.
ασκός του Αιόλου	Ο ασκός του Αιόλου ανοίγει κι ό,τι κατάφεραν να θάψουν τόσα χρόνια, έρχεται στην επιφάνεια να τους καταστρέψει ή να τους αναγεννήσει.		55507816432.png	<<SYS>> Respond ONLY in English. Do not use any other language. Be concise and factual. <</SYS>>  [INST]   Describe this image clearly and concisely. Focus on visible objects, any visible text, and relationships. [/INST] The image is a stylized illustration depicting a group of people standing in a line. They appear to be in a post-apocalyptic or disaster-stricken environment, as suggested by the rubble and debris around them. The characters are drawn in a cartoonish manner with exaggerated features, such as large eyes and simplified facial expressions.  In the foreground, there are two children, one on the left and one on the right, both wearing hard hats and orange vests, which are typical safety gear for construction or rescue work. The children are standing in front of a man who is also wearing a hard hat and a high-visibility vest, suggesting he might be a supervisor or a worker.  Behind the children and the man, there are several other individuals, both adults and children, also wearing hard hats and vests. They are standing in a line that extends into the background, indicating a large group. The adults are dressed in a variety of clothing styles, with some wearing more traditional work attire and others in more casual or makeshift clothing.  The background features a cityscape with tall buildings, some of which appear to be damaged or destroyed. There is a sense of destruction and chaos, with debris scattered around the area. The overall atmosphere of the image is one of resilience and survival in the face of adversity.  There is no visible text in the image. The relationships between the characters are not explicitly stated, but the arrangement of the group suggests a sense of unity and shared purpose. The image does not provide enough context to determine the exact nature of the disaster or the specific circumstances of the characters.	31956677371.png	The image is a stylized illustration featuring two animated characters. On the left, there is a male character with short hair, wearing a black suit with an orange tie, and carrying a tray with two cups and a small plate. He appears to be in motion, possibly running, with his mouth open as if shouting or calling out. On the right, there is a female character with brown hair styled in pigtails, wearing an orange dress, and sitting at a table with her hands raised in a gesture that could be interpreted as surprise or excitement. The table has a few items on it, including a cup, a bowl with a plant, and a small plate. The background is white with a few scattered objects that resemble leaves or petals, suggesting a casual, outdoor setting. There is no visible text in the image.	92097790607.png	<<SYS>> Respond ONLY in English. Do not use any other language. Be concise and factual. <</SYS>>  [INST]   Describe this image clearly and concisely. Focus on visible objects, any visible text, and relationships. [/INST] The image depicts a large, orange, textured sack with a brown rope handle. The sack is filled with various items, including what appears to be a suitcase, a small orange figure with a red hat, a brown bottle, a gray suitcase, a green suitcase, a red suitcase, a yellow suitcase, a blue suitcase, a white suitcase, a black suitcase, a gray suitcase, a brown suitcase, a red suitcase, a green suitcase, a blue suitcase, a white suitcase, a black suitcase, a gray suitcase, a brown suitcase, a red suitcase, a green suitcase, a blue suitcase, a white suitcase, a black suitcase, a gray suitcase, a brown suitcase, a red suitcase, a green suitcase, a blue suitcase, a white suitcase, a black suitcase, a gray suitcase, a brown suitcase, a red suitcase, a green suitcase, a blue suitcase, a white suitcase, a black suitcase, a gray suitcase, a brown suitcase, a red suitcase, a green suitcase, a blue suitcase, a white suitcase, a black suitcase, a gray suitcase, a brown suitcase, a red suitcase, a green suitcase, a blue suitcase, a white suitcase, a black suitcase, a gray suitcase, a brown suitcase, a red suitcase, a green suitcase, a blue suitcase, a white suitcase, a black suitcase, a gray suitcase, a brown suitcase, a red suitcase, a green suitcase, a blue suitcase, a white suitcase, a black suitcase, a gray suitcase, a brown suitcase, a red suitcase, a green suitcase, a blue suitcase, a white suitcase, a black suitcase, a gray suitcase, a brown suitcase, a red suitcase, a green suitcase, a blue suitcase, a white suitcase, a black suitcase, a gray suitcase, a brown suitcase, a red suitcase, a green suitcase, a blue suitcase, a white suitcase, a black suitcase, a gray suitcase, a brown suitcase, a red suitcase, a green suitcase, a blue suitcase, a white suitcase, a black suitcase, a gray suitcase, a brown suitcase, a red suitcase, a green suitcase, a blue suitcase, a white suitcase, a black suitcase, a gray suitcase, a brown suitcase, a red suitcase, a green suitcase, a blue suitcase, a white suitcase, a black suitcase, a gray suitcase, a brown suitcase, a red suitcase, a green suitcase, a blue suitcase, a white suitcase, a black suitcase, a gray suitcase, a brown suitcase, a red suitcase, a green suitcase, a blue suitcase, a white suitcase, a black suitcase, a gray suitcase, a brown suitcase, a red suitcase, a green suitcase, a blue suitcase, a white suitcase, a black suitcase, a gray suitcase, a brown suitcase, a red suitcase, a green suitcase, a blue suitcase, a white suitcase, a black suitcase, a gray suitcase, a brown suitcase, a red suitcase, a green suitcase, a blue suitcase, a white suitcase, a black suitcase, a gray suitcase, a brown suitcase, a red suitcase, a green suitcase, a blue suitcase, a white suitcase, a black suitcase, a gray suitcase, a brown suitcase, a red suitcase, a green suitcase, a blue suitcase, a white suitcase, a black suitcase, a gray suitcase, a brown suitcase, a red suitcase, a green suitcase, a blue suitcase, a white suitcase, a black suitcase, a gray suitcase, a brown suitcase, a red suitcase, a green suitcase, a blue suitcase, a white suitcase, a black suitcase, a gray suitcase, a brown suitcase, a red suitcase, a green suitcase, a blue suitcase, a white suitcase, a black suitcase, a gray suitcase, a brown suitcase, a red suitcase, a green suitcase, a blue suitcase, a white suitcase, a black suitcase, a gray suitcase, a brown suitcase, a red suitcase, a green suitcase, a blue suitcase, a white suitcase, a black suitcase, a gray suitcase,	48716405179.png	The image depicts a stylized animated character, an elderly man with a long white beard and curly white hair. He is wearing a brown tunic with a gold belt and a matching gold bracelet on his left wrist. The man is holding a large sack with a hole in it, from which sand is spilling out. He is standing with his right hand on his hip and his left hand holding the sack. The background is plain white. There is no visible text in the image.	39108112685.png	The image features a stylized, cartoonish depiction of a vintage-style orange leather bag with a gray base. The bag has a handle on top and a shoulder strap with a brown leather buckle. There are two gold-colored rivets on the front of the bag. On the side, there is a small, white, cartoonish character resembling a panda bear. The bag appears to be slightly worn, with visible scratches and a distressed texture. The background is plain and does not provide any additional context.
ασκός του Αιόλου	Οι πολλές γεωτρήσεις ανοίγουν τον ασκό του Αιόλου και κάνουν το αρσενικό διαλυτό με συνέπεια να φτάνει στις βρύσες των σπιτιών.		92097790607.png	<<SYS>> Respond ONLY in English. Do not use any other language. Be concise and factual. <</SYS>>  [INST]   Describe this image clearly and concisely. Focus on visible objects, any visible text, and relationships. [/INST] The image depicts a large, orange, textured sack with a brown rope handle. The sack is filled with various items, including what appears to be a suitcase, a small orange figure with a red hat, a brown bottle, a gray suitcase, a green suitcase, a red suitcase, a yellow suitcase, a blue suitcase, a white suitcase, a black suitcase, a gray suitcase, a brown suitcase, a red suitcase, a green suitcase, a blue suitcase, a white suitcase, a black suitcase, a gray suitcase, a brown suitcase, a red suitcase, a green suitcase, a blue suitcase, a white suitcase, a black suitcase, a gray suitcase, a brown suitcase, a red suitcase, a green suitcase, a blue suitcase, a white suitcase, a black suitcase, a gray suitcase, a brown suitcase, a red suitcase, a green suitcase, a blue suitcase, a white suitcase, a black suitcase, a gray suitcase, a brown suitcase, a red suitcase, a green suitcase, a blue suitcase, a white suitcase, a black suitcase, a gray suitcase, a brown suitcase, a red suitcase, a green suitcase, a blue suitcase, a white suitcase, a black suitcase, a gray suitcase, a brown suitcase, a red suitcase, a green suitcase, a blue suitcase, a white suitcase, a black suitcase, a gray suitcase, a brown suitcase, a red suitcase, a green suitcase, a blue suitcase, a white suitcase, a black suitcase, a gray suitcase, a brown suitcase, a red suitcase, a green suitcase, a blue suitcase, a white suitcase, a black suitcase, a gray suitcase, a brown suitcase, a red suitcase, a green suitcase, a blue suitcase, a white suitcase, a black suitcase, a gray suitcase, a brown suitcase, a red suitcase, a green suitcase, a blue suitcase, a white suitcase, a black suitcase, a gray suitcase, a brown suitcase, a red suitcase, a green suitcase, a blue suitcase, a white suitcase, a black suitcase, a gray suitcase, a brown suitcase, a red suitcase, a green suitcase, a blue suitcase, a white suitcase, a black suitcase, a gray suitcase, a brown suitcase, a red suitcase, a green suitcase, a blue suitcase, a white suitcase, a black suitcase, a gray suitcase, a brown suitcase, a red suitcase, a green suitcase, a blue suitcase, a white suitcase, a black suitcase, a gray suitcase, a brown suitcase, a red suitcase, a green suitcase, a blue suitcase, a white suitcase, a black suitcase, a gray suitcase, a brown suitcase, a red suitcase, a green suitcase, a blue suitcase, a white suitcase, a black suitcase, a gray suitcase, a brown suitcase, a red suitcase, a green suitcase, a blue suitcase, a white suitcase, a black suitcase, a gray suitcase, a brown suitcase, a red suitcase, a green suitcase, a blue suitcase, a white suitcase, a black suitcase, a gray suitcase, a brown suitcase, a red suitcase, a green suitcase, a blue suitcase, a white suitcase, a black suitcase, a gray suitcase, a brown suitcase, a red suitcase, a green suitcase, a blue suitcase, a white suitcase, a black suitcase, a gray suitcase, a brown suitcase, a red suitcase, a green suitcase, a blue suitcase, a white suitcase, a black suitcase, a gray suitcase, a brown suitcase, a red suitcase, a green suitcase, a blue suitcase, a white suitcase, a black suitcase, a gray suitcase, a brown suitcase, a red suitcase, a green suitcase, a blue suitcase, a white suitcase, a black suitcase, a gray suitcase, a brown suitcase, a red suitcase, a green suitcase, a blue suitcase, a white suitcase, a black suitcase, a gray suitcase, a brown suitcase, a red suitcase, a green suitcase, a blue suitcase, a white suitcase, a black suitcase, a gray suitcase,	55507816432.png	<<SYS>> Respond ONLY in English. Do not use any other language. Be concise and factual. <</SYS>>  [INST]   Describe this image clearly and concisely. Focus on visible objects, any visible text, and relationships. [/INST] The image is a stylized illustration depicting a group of people standing in a line. They appear to be in a post-apocalyptic or disaster-stricken environment, as suggested by the rubble and debris around them. The characters are drawn in a cartoonish manner with exaggerated features, such as large eyes and simplified facial expressions.  In the foreground, there are two children, one on the left and one on the right, both wearing hard hats and orange vests, which are typical safety gear for construction or rescue work. The children are standing in front of a man who is also wearing a hard hat and a high-visibility vest, suggesting he might be a supervisor or a worker.  Behind the children and the man, there are several other individuals, both adults and children, also wearing hard hats and vests. They are standing in a line that extends into the background, indicating a large group. The adults are dressed in a variety of clothing styles, with some wearing more traditional work attire and others in more casual or makeshift clothing.  The background features a cityscape with tall buildings, some of which appear to be damaged or destroyed. There is a sense of destruction and chaos, with debris scattered around the area. The overall atmosphere of the image is one of resilience and survival in the face of adversity.  There is no visible text in the image. The relationships between the characters are not explicitly stated, but the arrangement of the group suggests a sense of unity and shared purpose. The image does not provide enough context to determine the exact nature of the disaster or the specific circumstances of the characters.	31956677371.png	The image is a stylized illustration featuring two animated characters. On the left, there is a male character with short hair, wearing a black suit with an orange tie, and carrying a tray with two cups and a small plate. He appears to be in motion, possibly running, with his mouth open as if shouting or calling out. On the right, there is a female character with brown hair styled in pigtails, wearing an orange dress, and sitting at a table with her hands raised in a gesture that could be interpreted as surprise or excitement. The table has a few items on it, including a cup, a bowl with a plant, and a small plate. The background is white with a few scattered objects that resemble leaves or petals, suggesting a casual, outdoor setting. There is no visible text in the image.	48716405179.png	The image depicts a stylized animated character, an elderly man with a long white beard and curly white hair. He is wearing a brown tunic with a gold belt and a matching gold bracelet on his left wrist. The man is holding a large sack with a hole in it, from which sand is spilling out. He is standing with his right hand on his hip and his left hand holding the sack. The background is plain white. There is no visible text in the image.	39108112685.png	The image features a stylized, cartoonish depiction of a vintage-style orange leather bag with a gray base. The bag has a handle on top and a shoulder strap with a brown leather buckle. There are two gold-colored rivets on the front of the bag. On the side, there is a small, white, cartoonish character resembling a panda bear. The bag appears to be slightly worn, with visible scratches and a distressed texture. The background is plain and does not provide any additional context.
ασκός του Αιόλου	Ο Οδυσσέας πήρε τον ασκό του Αιόλου και τον φύλαξε καλά στο αμπάρι του καραβιού.		31956677371.png	The image is a stylized illustration featuring two animated characters. On the left, there is a male character with short hair, wearing a black suit with an orange tie, and carrying a tray with two cups and a small plate. He appears to be in motion, possibly running, with his mouth open as if shouting or calling out. On the right, there is a female character with brown hair styled in pigtails, wearing an orange dress, and sitting at a table with her hands raised in a gesture that could be interpreted as surprise or excitement. The table has a few items on it, including a cup, a bowl with a plant, and a small plate. The background is white with a few scattered objects that resemble leaves or petals, suggesting a casual, outdoor setting. There is no visible text in the image.	39108112685.png	The image features a stylized, cartoonish depiction of a vintage-style orange leather bag with a gray base. The bag has a handle on top and a shoulder strap with a brown leather buckle. There are two gold-colored rivets on the front of the bag. On the side, there is a small, white, cartoonish character resembling a panda bear. The bag appears to be slightly worn, with visible scratches and a distressed texture. The background is plain and does not provide any additional context.	92097790607.png	<<SYS>> Respond ONLY in English. Do not use any other language. Be concise and factual. <</SYS>>  [INST]   Describe this image clearly and concisely. Focus on visible objects, any visible text, and relationships. [/INST] The image depicts a large, orange, textured sack with a brown rope handle. The sack is filled with various items, including what appears to be a suitcase, a small orange figure with a red hat, a brown bottle, a gray suitcase, a green suitcase, a red suitcase, a yellow suitcase, a blue suitcase, a white suitcase, a black suitcase, a gray suitcase, a brown suitcase, a red suitcase, a green suitcase, a blue suitcase, a white suitcase, a black suitcase, a gray suitcase, a brown suitcase, a red suitcase, a green suitcase, a blue suitcase, a white suitcase, a black suitcase, a gray suitcase, a brown suitcase, a red suitcase, a green suitcase, a blue suitcase, a white suitcase, a black suitcase, a gray suitcase, a brown suitcase, a red suitcase, a green suitcase, a blue suitcase, a white suitcase, a black suitcase, a gray suitcase, a brown suitcase, a red suitcase, a green suitcase, a blue suitcase, a white suitcase, a black suitcase, a gray suitcase, a brown suitcase, a red suitcase, a green suitcase, a blue suitcase, a white suitcase, a black suitcase, a gray suitcase, a brown suitcase, a red suitcase, a green suitcase, a blue suitcase, a white suitcase, a black suitcase, a gray suitcase, a brown suitcase, a red suitcase, a green suitcase, a blue suitcase, a white suitcase, a black suitcase, a gray suitcase, a brown suitcase, a red suitcase, a green suitcase, a blue suitcase, a white suitcase, a black suitcase, a gray suitcase, a brown suitcase, a red suitcase, a green suitcase, a blue suitcase, a white suitcase, a black suitcase, a gray suitcase, a brown suitcase, a red suitcase, a green suitcase, a blue suitcase, a white suitcase, a black suitcase, a gray suitcase, a brown suitcase, a red suitcase, a green suitcase, a blue suitcase, a white suitcase, a black suitcase, a gray suitcase, a brown suitcase, a red suitcase, a green suitcase, a blue suitcase, a white suitcase, a black suitcase, a gray suitcase, a brown suitcase, a red suitcase, a green suitcase, a blue suitcase, a white suitcase, a black suitcase, a gray suitcase, a brown suitcase, a red suitcase, a green suitcase, a blue suitcase, a white suitcase, a black suitcase, a gray suitcase, a brown suitcase, a red suitcase, a green suitcase, a blue suitcase, a white suitcase, a black suitcase, a gray suitcase, a brown suitcase, a red suitcase, a green suitcase, a blue suitcase, a white suitcase, a black suitcase, a gray suitcase, a brown suitcase, a red suitcase, a green suitcase, a blue suitcase, a white suitcase, a black suitcase, a gray suitcase, a brown suitcase, a red suitcase, a green suitcase, a blue suitcase, a white suitcase, a black suitcase, a gray suitcase, a brown suitcase, a red suitcase, a green suitcase, a blue suitcase, a white suitcase, a black suitcase, a gray suitcase, a brown suitcase, a red suitcase, a green suitcase, a blue suitcase, a white suitcase, a black suitcase, a gray suitcase, a brown suitcase, a red suitcase, a green suitcase, a blue suitcase, a white suitcase, a black suitcase, a gray suitcase, a brown suitcase, a red suitcase, a green suitcase, a blue suitcase, a white suitcase, a black suitcase, a gray suitcase, a brown suitcase, a red suitcase, a green suitcase, a blue suitcase, a white suitcase, a black suitcase, a gray suitcase, a brown suitcase, a red suitcase, a green suitcase, a blue suitcase, a white suitcase, a black suitcase, a gray suitcase, a brown suitcase, a red suitcase, a green suitcase, a blue suitcase, a white suitcase, a black suitcase, a gray suitcase,	55507816432.png	<<SYS>> Respond ONLY in English. Do not use any other language. Be concise and factual. <</SYS>>  [INST]   Describe this image clearly and concisely. Focus on visible objects, any visible text, and relationships. [/INST] The image is a stylized illustration depicting a group of people standing in a line. They appear to be in a post-apocalyptic or disaster-stricken environment, as suggested by the rubble and debris around them. The characters are drawn in a cartoonish manner with exaggerated features, such as large eyes and simplified facial expressions.  In the foreground, there are two children, one on the left and one on the right, both wearing hard hats and orange vests, which are typical safety gear for construction or rescue work. The children are standing in front of a man who is also wearing a hard hat and a high-visibility vest, suggesting he might be a supervisor or a worker.  Behind the children and the man, there are several other individuals, both adults and children, also wearing hard hats and vests. They are standing in a line that extends into the background, indicating a large group. The adults are dressed in a variety of clothing styles, with some wearing more traditional work attire and others in more casual or makeshift clothing.  The background features a cityscape with tall buildings, some of which appear to be damaged or destroyed. There is a sense of destruction and chaos, with debris scattered around the area. The overall atmosphere of the image is one of resilience and survival in the face of adversity.  There is no visible text in the image. The relationships between the characters are not explicitly stated, but the arrangement of the group suggests a sense of unity and shared purpose. The image does not provide enough context to determine the exact nature of the disaster or the specific circumstances of the characters.	48716405179.png	The image depicts a stylized animated character, an elderly man with a long white beard and curly white hair. He is wearing a brown tunic with a gold belt and a matching gold bracelet on his left wrist. The man is holding a large sack with a hole in it, from which sand is spilling out. He is standing with his right hand on his hip and his left hand holding the sack. The background is plain white. There is no visible text in the image.
ασκός του Αιόλου	Στο μουσείο υπήρχε ένα αγγείο που απεικόνιζε τον ασκό του Αιόλου δεμένο με σκοινιά.		55507816432.png	<<SYS>> Respond ONLY in English. Do not use any other language. Be concise and factual. <</SYS>>  [INST]   Describe this image clearly and concisely. Focus on visible objects, any visible text, and relationships. [/INST] The image is a stylized illustration depicting a group of people standing in a line. They appear to be in a post-apocalyptic or disaster-stricken environment, as suggested by the rubble and debris around them. The characters are drawn in a cartoonish manner with exaggerated features, such as large eyes and simplified facial expressions.  In the foreground, there are two children, one on the left and one on the right, both wearing hard hats and orange vests, which are typical safety gear for construction or rescue work. The children are standing in front of a man who is also wearing a hard hat and a high-visibility vest, suggesting he might be a supervisor or a worker.  Behind the children and the man, there are several other individuals, both adults and children, also wearing hard hats and vests. They are standing in a line that extends into the background, indicating a large group. The adults are dressed in a variety of clothing styles, with some wearing more traditional work attire and others in more casual or makeshift clothing.  The background features a cityscape with tall buildings, some of which appear to be damaged or destroyed. There is a sense of destruction and chaos, with debris scattered around the area. The overall atmosphere of the image is one of resilience and survival in the face of adversity.  There is no visible text in the image. The relationships between the characters are not explicitly stated, but the arrangement of the group suggests a sense of unity and shared purpose. The image does not provide enough context to determine the exact nature of the disaster or the specific circumstances of the characters.	92097790607.png	<<SYS>> Respond ONLY in English. Do not use any other language. Be concise and factual. <</SYS>>  [INST]   Describe this image clearly and concisely. Focus on visible objects, any visible text, and relationships. [/INST] The image depicts a large, orange, textured sack with a brown rope handle. The sack is filled with various items, including what appears to be a suitcase, a small orange figure with a red hat, a brown bottle, a gray suitcase, a green suitcase, a red suitcase, a yellow suitcase, a blue suitcase, a white suitcase, a black suitcase, a gray suitcase, a brown suitcase, a red suitcase, a green suitcase, a blue suitcase, a white suitcase, a black suitcase, a gray suitcase, a brown suitcase, a red suitcase, a green suitcase, a blue suitcase, a white suitcase, a black suitcase, a gray suitcase, a brown suitcase, a red suitcase, a green suitcase, a blue suitcase, a white suitcase, a black suitcase, a gray suitcase, a brown suitcase, a red suitcase, a green suitcase, a blue suitcase, a white suitcase, a black suitcase, a gray suitcase, a brown suitcase, a red suitcase, a green suitcase, a blue suitcase, a white suitcase, a black suitcase, a gray suitcase, a brown suitcase, a red suitcase, a green suitcase, a blue suitcase, a white suitcase, a black suitcase, a gray suitcase, a brown suitcase, a red suitcase, a green suitcase, a blue suitcase, a white suitcase, a black suitcase, a gray suitcase, a brown suitcase, a red suitcase, a green suitcase, a blue suitcase, a white suitcase, a black suitcase, a gray suitcase, a brown suitcase, a red suitcase, a green suitcase, a blue suitcase, a white suitcase, a black suitcase, a gray suitcase, a brown suitcase, a red suitcase, a green suitcase, a blue suitcase, a white suitcase, a black suitcase, a gray suitcase, a brown suitcase, a red suitcase, a green suitcase, a blue suitcase, a white suitcase, a black suitcase, a gray suitcase, a brown suitcase, a red suitcase, a green suitcase, a blue suitcase, a white suitcase, a black suitcase, a gray suitcase, a brown suitcase, a red suitcase, a green suitcase, a blue suitcase, a white suitcase, a black suitcase, a gray suitcase, a brown suitcase, a red suitcase, a green suitcase, a blue suitcase, a white suitcase, a black suitcase, a gray suitcase, a brown suitcase, a red suitcase, a green suitcase, a blue suitcase, a white suitcase, a black suitcase, a gray suitcase, a brown suitcase, a red suitcase, a green suitcase, a blue suitcase, a white suitcase, a black suitcase, a gray suitcase, a brown suitcase, a red suitcase, a green suitcase, a blue suitcase, a white suitcase, a black suitcase, a gray suitcase, a brown suitcase, a red suitcase, a green suitcase, a blue suitcase, a white suitcase, a black suitcase, a gray suitcase, a brown suitcase, a red suitcase, a green suitcase, a blue suitcase, a white suitcase, a black suitcase, a gray suitcase, a brown suitcase, a red suitcase, a green suitcase, a blue suitcase, a white suitcase, a black suitcase, a gray suitcase, a brown suitcase, a red suitcase, a green suitcase, a blue suitcase, a white suitcase, a black suitcase, a gray suitcase, a brown suitcase, a red suitcase, a green suitcase, a blue suitcase, a white suitcase, a black suitcase, a gray suitcase, a brown suitcase, a red suitcase, a green suitcase, a blue suitcase, a white suitcase, a black suitcase, a gray suitcase, a brown suitcase, a red suitcase, a green suitcase, a blue suitcase, a white suitcase, a black suitcase, a gray suitcase, a brown suitcase, a red suitcase, a green suitcase, a blue suitcase, a white suitcase, a black suitcase, a gray suitcase, a brown suitcase, a red suitcase, a green suitcase, a blue suitcase, a white suitcase, a black suitcase, a gray suitcase,	48716405179.png	The image depicts a stylized animated character, an elderly man with a long white beard and curly white hair. He is wearing a brown tunic with a gold belt and a matching gold bracelet on his left wrist. The man is holding a large sack with a hole in it, from which sand is spilling out. He is standing with his right hand on his hip and his left hand holding the sack. The background is plain white. There is no visible text in the image.	31956677371.png	The image is a stylized illustration featuring two animated characters. On the left, there is a male character with short hair, wearing a black suit with an orange tie, and carrying a tray with two cups and a small plate. He appears to be in motion, possibly running, with his mouth open as if shouting or calling out. On the right, there is a female character with brown hair styled in pigtails, wearing an orange dress, and sitting at a table with her hands raised in a gesture that could be interpreted as surprise or excitement. The table has a few items on it, including a cup, a bowl with a plant, and a small plate. The background is white with a few scattered objects that resemble leaves or petals, suggesting a casual, outdoor setting. There is no visible text in the image.	39108112685.png	The image features a stylized, cartoonish depiction of a vintage-style orange leather bag with a gray base. The bag has a handle on top and a shoulder strap with a brown leather buckle. There are two gold-colored rivets on the front of the bag. On the side, there is a small, white, cartoonish character resembling a panda bear. The bag appears to be slightly worn, with visible scratches and a distressed texture. The background is plain and does not provide any additional context.
κότα με τα χρυσά αυγά	Ήταν η κότα με τα χρυσά αυγά , που η οικογένειά του εκμεταλλεύτηκε για δεκαετίες.		92053569339.png	The image is a cartoon illustration featuring a man sitting at a desk with a laptop. He is smiling and appears to be in a good mood. The man has a white beard and mustache, and he is wearing a suit with a tie. The desk has a black surface and a small orange lamp.  In front of the man, there is a large machine with a black base and a silver cylindrical body. The machine is emitting money, which is floating in the air above the machine. The money is depicted in various denominations, including what appears to be a $100 bill.  The style of the image is whimsical and playful, with exaggerated features and a limited color palette. There is no visible text in the image.	98717852305.png	The image features a stylized illustration of a chicken with prominent orange feathers, particularly on its head and tail. The chicken is standing on a bed of what appears to be orange eggs, with some money scattered around. The background is plain white, emphasizing the subject. The chicken's expression is neutral, and it is looking directly at the viewer. There is no visible text in the image. The style of the illustration is cartoonish and whimsical, with a focus on bright colors and a playful composition.	74954673969.png	The image depicts an animated character, an older man with gray hair and a mustache, sitting at a desk. He is wearing a suit and tie, and appears to be working on papers. Behind him is a large stack of papers, which is also depicted in a smaller, more detailed version on the desk. The character is looking down at the papers, suggesting he is reviewing or organizing them. The setting is an office environment, indicated by the presence of a window with a cityscape visible in the background. There are no visible texts in the image.	86752095914.png	The image features a stylized illustration of a black cat with orange eyes and a pink nose. The cat is sitting on a white surface next to an orange bowl. The cat's fur appears soft and fluffy, and it has a contented expression. The bowl is empty and has a simple, rounded shape. There is no visible text in the image. The cat and the bowl are the main subjects of the image, and their relative position suggests that the cat is either about to eat from the bowl or has just finished eating. The image is simple and clear, with a focus on the cat and the bowl.	84145339777.png	The image features a cartoon-style illustration of a chicken standing next to a basket filled with eggs. The chicken has a red comb and wattle, and its feathers are a light brown color. The basket is woven and has a handle, and it is filled with eggs that have a glossy, orange-yellow color. The background is plain white, which contrasts with the colorful subject matter. There is no visible text in the image. The relationship between the chicken and the eggs suggests that the chicken is the mother of the eggs, as it is standing close to the basket.
κότα με τα χρυσά αυγά	Βλέπουν το χιονοδρομικό κέντρο σαν την κότα με τα χρυσά αυγά , χωρίς να σκέφτονται ότι, με την δημιουργία του, θα χαθεί η ομορφιά και η ηρεμία στον τόπο τους.		86752095914.png	The image features a stylized illustration of a black cat with orange eyes and a pink nose. The cat is sitting on a white surface next to an orange bowl. The cat's fur appears soft and fluffy, and it has a contented expression. The bowl is empty and has a simple, rounded shape. There is no visible text in the image. The cat and the bowl are the main subjects of the image, and their relative position suggests that the cat is either about to eat from the bowl or has just finished eating. The image is simple and clear, with a focus on the cat and the bowl.	92053569339.png	The image is a cartoon illustration featuring a man sitting at a desk with a laptop. He is smiling and appears to be in a good mood. The man has a white beard and mustache, and he is wearing a suit with a tie. The desk has a black surface and a small orange lamp.  In front of the man, there is a large machine with a black base and a silver cylindrical body. The machine is emitting money, which is floating in the air above the machine. The money is depicted in various denominations, including what appears to be a $100 bill.  The style of the image is whimsical and playful, with exaggerated features and a limited color palette. There is no visible text in the image.	84145339777.png	The image features a cartoon-style illustration of a chicken standing next to a basket filled with eggs. The chicken has a red comb and wattle, and its feathers are a light brown color. The basket is woven and has a handle, and it is filled with eggs that have a glossy, orange-yellow color. The background is plain white, which contrasts with the colorful subject matter. There is no visible text in the image. The relationship between the chicken and the eggs suggests that the chicken is the mother of the eggs, as it is standing close to the basket.	98717852305.png	The image features a stylized illustration of a chicken with prominent orange feathers, particularly on its head and tail. The chicken is standing on a bed of what appears to be orange eggs, with some money scattered around. The background is plain white, emphasizing the subject. The chicken's expression is neutral, and it is looking directly at the viewer. There is no visible text in the image. The style of the illustration is cartoonish and whimsical, with a focus on bright colors and a playful composition.	74954673969.png	The image depicts an animated character, an older man with gray hair and a mustache, sitting at a desk. He is wearing a suit and tie, and appears to be working on papers. Behind him is a large stack of papers, which is also depicted in a smaller, more detailed version on the desk. The character is looking down at the papers, suggesting he is reviewing or organizing them. The setting is an office environment, indicated by the presence of a window with a cityscape visible in the background. There are no visible texts in the image.
κότα με τα χρυσά αυγά	Στην προθήκη είχε αστεία διακοσμητικά - ανάμεσά τους μία πορσελάνινη κότα με χρυσά αυγά, που έκανε αμέσως εντύπωση σε όποιον την έβλεπε.		86752095914.png	The image features a stylized illustration of a black cat with orange eyes and a pink nose. The cat is sitting on a white surface next to an orange bowl. The cat's fur appears soft and fluffy, and it has a contented expression. The bowl is empty and has a simple, rounded shape. There is no visible text in the image. The cat and the bowl are the main subjects of the image, and their relative position suggests that the cat is either about to eat from the bowl or has just finished eating. The image is simple and clear, with a focus on the cat and the bowl.	74954673969.png	The image depicts an animated character, an older man with gray hair and a mustache, sitting at a desk. He is wearing a suit and tie, and appears to be working on papers. Behind him is a large stack of papers, which is also depicted in a smaller, more detailed version on the desk. The character is looking down at the papers, suggesting he is reviewing or organizing them. The setting is an office environment, indicated by the presence of a window with a cityscape visible in the background. There are no visible texts in the image.	98717852305.png	The image features a stylized illustration of a chicken with prominent orange feathers, particularly on its head and tail. The chicken is standing on a bed of what appears to be orange eggs, with some money scattered around. The background is plain white, emphasizing the subject. The chicken's expression is neutral, and it is looking directly at the viewer. There is no visible text in the image. The style of the illustration is cartoonish and whimsical, with a focus on bright colors and a playful composition.	84145339777.png	The image features a cartoon-style illustration of a chicken standing next to a basket filled with eggs. The chicken has a red comb and wattle, and its feathers are a light brown color. The basket is woven and has a handle, and it is filled with eggs that have a glossy, orange-yellow color. The background is plain white, which contrasts with the colorful subject matter. There is no visible text in the image. The relationship between the chicken and the eggs suggests that the chicken is the mother of the eggs, as it is standing close to the basket.	92053569339.png	The image is a cartoon illustration featuring a man sitting at a desk with a laptop. He is smiling and appears to be in a good mood. The man has a white beard and mustache, and he is wearing a suit with a tie. The desk has a black surface and a small orange lamp.  In front of the man, there is a large machine with a black base and a silver cylindrical body. The machine is emitting money, which is floating in the air above the machine. The money is depicted in various denominations, including what appears to be a $100 bill.  The style of the image is whimsical and playful, with exaggerated features and a limited color palette. There is no visible text in the image.
κότα με τα χρυσά αυγά	Το εξώφυλλο κοσμούσε μια αστεία κότα με χρυσά αυγά		84145339777.png	The image features a cartoon-style illustration of a chicken standing next to a basket filled with eggs. The chicken has a red comb and wattle, and its feathers are a light brown color. The basket is woven and has a handle, and it is filled with eggs that have a glossy, orange-yellow color. The background is plain white, which contrasts with the colorful subject matter. There is no visible text in the image. The relationship between the chicken and the eggs suggests that the chicken is the mother of the eggs, as it is standing close to the basket.	92053569339.png	The image is a cartoon illustration featuring a man sitting at a desk with a laptop. He is smiling and appears to be in a good mood. The man has a white beard and mustache, and he is wearing a suit with a tie. The desk has a black surface and a small orange lamp.  In front of the man, there is a large machine with a black base and a silver cylindrical body. The machine is emitting money, which is floating in the air above the machine. The money is depicted in various denominations, including what appears to be a $100 bill.  The style of the image is whimsical and playful, with exaggerated features and a limited color palette. There is no visible text in the image.	98717852305.png	The image features a stylized illustration of a chicken with prominent orange feathers, particularly on its head and tail. The chicken is standing on a bed of what appears to be orange eggs, with some money scattered around. The background is plain white, emphasizing the subject. The chicken's expression is neutral, and it is looking directly at the viewer. There is no visible text in the image. The style of the illustration is cartoonish and whimsical, with a focus on bright colors and a playful composition.	74954673969.png	The image depicts an animated character, an older man with gray hair and a mustache, sitting at a desk. He is wearing a suit and tie, and appears to be working on papers. Behind him is a large stack of papers, which is also depicted in a smaller, more detailed version on the desk. The character is looking down at the papers, suggesting he is reviewing or organizing them. The setting is an office environment, indicated by the presence of a window with a cityscape visible in the background. There are no visible texts in the image.	86752095914.png	The image features a stylized illustration of a black cat with orange eyes and a pink nose. The cat is sitting on a white surface next to an orange bowl. The cat's fur appears soft and fluffy, and it has a contented expression. The bowl is empty and has a simple, rounded shape. There is no visible text in the image. The cat and the bowl are the main subjects of the image, and their relative position suggests that the cat is either about to eat from the bowl or has just finished eating. The image is simple and clear, with a focus on the cat and the bowl.
αλυσιδωτή αντίδραση	Ας υποθέσουμε επίσης ότι το κράτος μας γνωρίζει την αλυσιδωτή αντίδραση υπερφορολόγηση-μείωση κατανάλωσης-έλλειμμα εσόδων, αλλά δεν έχει άλλη επιλογή.		86659658541.png	The image features a stylized, spherical object with a glossy, orange-yellow surface. It has a central, darker sphere with a smaller, orange sphere on top. Surrounding this central sphere are multiple smaller spheres in various colors, including orange, white, and black, connected by thin, metallic-looking rods. The background is a plain, light gray. There is no visible text in the image. The style of the image is three-dimensional and appears to be a digital rendering or illustration.	84798820808.png	The image depicts an animated character performing a dynamic pose. The character is a young girl with dark hair, wearing a brown outfit with orange accents. She is in mid-air, with one leg extended and the other bent at the knee, creating a sense of movement. The girl is holding a chain with both hands, which is connected to a fiery orb at the end. The orb is emitting bright orange sparks, suggesting a magical or energetic effect. The background is a plain, light gray color, which contrasts with the vibrant colors of the character and the fire. There is no visible text in the image. The style of the image is illustrative and appears to be designed for a digital medium, possibly for a video game or animated film.	59934605246.png	The image depicts a whimsical scene where a group of seven cartoon-style characters are pulling a large, orange crane. The crane has a chain attached to its hook, and the characters are holding onto the chain, working together to move the crane. The characters are diverse in appearance, with different hairstyles, clothing, and accessories. They are standing in a line, each holding onto the chain with one hand and holding a small object, possibly a tool or a bag, in the other. The background is plain white, emphasizing the characters and the crane. There is no visible text in the image. The style of the image is illustrative and cartoonish, with a focus on the characters and their interaction with the crane.	31150344646.png	The image is a digital illustration featuring a stylized cartoon character. The character is a male with brown hair, wearing a suit with a tie, and holding an orange watering can. He is standing on a patch of brown soil with a small green plant in a brown pot. Water is pouring from the watering can into the soil around the plant. The background is a plain, light color. There is no visible text in the image. The character appears to be engaged in the act of watering the plant.	51753426306.png	The image is a digital illustration featuring two characters. On the left is a young child with dark skin, wearing a brown tunic and sitting on the ground with their hands clasped together. The child appears to be looking up at the other character. On the right is an adult male with a beard and mustache, wearing a dark suit with an orange tie. He is sitting on a large pile of money, which is depicted in a realistic style with various denominations visible. The man is smiling and holding a wad of money in his hands. The background is plain white, emphasizing the characters and the money. There is no visible text in the image.
αλυσιδωτή αντίδραση	Η απεργία επ' αόριστον των ανθρακωρύχων λόγω της μείωσης του επιδόματος κατά 63%, έχει πυροδοτήσει μια αλυσιδωτή αντίδραση , όχι λόγω της ίδιας της απεργίας, όσο της πρακτικής των απεργών.		31150344646.png	The image is a digital illustration featuring a stylized cartoon character. The character is a male with brown hair, wearing a suit with a tie, and holding an orange watering can. He is standing on a patch of brown soil with a small green plant in a brown pot. Water is pouring from the watering can into the soil around the plant. The background is a plain, light color. There is no visible text in the image. The character appears to be engaged in the act of watering the plant.	86659658541.png	The image features a stylized, spherical object with a glossy, orange-yellow surface. It has a central, darker sphere with a smaller, orange sphere on top. Surrounding this central sphere are multiple smaller spheres in various colors, including orange, white, and black, connected by thin, metallic-looking rods. The background is a plain, light gray. There is no visible text in the image. The style of the image is three-dimensional and appears to be a digital rendering or illustration.	59934605246.png	The image depicts a whimsical scene where a group of seven cartoon-style characters are pulling a large, orange crane. The crane has a chain attached to its hook, and the characters are holding onto the chain, working together to move the crane. The characters are diverse in appearance, with different hairstyles, clothing, and accessories. They are standing in a line, each holding onto the chain with one hand and holding a small object, possibly a tool or a bag, in the other. The background is plain white, emphasizing the characters and the crane. There is no visible text in the image. The style of the image is illustrative and cartoonish, with a focus on the characters and their interaction with the crane.	51753426306.png	The image is a digital illustration featuring two characters. On the left is a young child with dark skin, wearing a brown tunic and sitting on the ground with their hands clasped together. The child appears to be looking up at the other character. On the right is an adult male with a beard and mustache, wearing a dark suit with an orange tie. He is sitting on a large pile of money, which is depicted in a realistic style with various denominations visible. The man is smiling and holding a wad of money in his hands. The background is plain white, emphasizing the characters and the money. There is no visible text in the image.	84798820808.png	The image depicts an animated character performing a dynamic pose. The character is a young girl with dark hair, wearing a brown outfit with orange accents. She is in mid-air, with one leg extended and the other bent at the knee, creating a sense of movement. The girl is holding a chain with both hands, which is connected to a fiery orb at the end. The orb is emitting bright orange sparks, suggesting a magical or energetic effect. The background is a plain, light gray color, which contrasts with the vibrant colors of the character and the fire. There is no visible text in the image. The style of the image is illustrative and appears to be designed for a digital medium, possibly for a video game or animated film.
αλυσιδωτή αντίδραση	Η αλυσιδωτή αντίδραση μπορεί να είναι ελεγχόμενη όπως σε ένα πυρηνικό αντιδραστήρα ή να αποκτήσει εκρηκτικό χαρακτήρα.		84798820808.png	The image depicts an animated character performing a dynamic pose. The character is a young girl with dark hair, wearing a brown outfit with orange accents. She is in mid-air, with one leg extended and the other bent at the knee, creating a sense of movement. The girl is holding a chain with both hands, which is connected to a fiery orb at the end. The orb is emitting bright orange sparks, suggesting a magical or energetic effect. The background is a plain, light gray color, which contrasts with the vibrant colors of the character and the fire. There is no visible text in the image. The style of the image is illustrative and appears to be designed for a digital medium, possibly for a video game or animated film.	31150344646.png	The image is a digital illustration featuring a stylized cartoon character. The character is a male with brown hair, wearing a suit with a tie, and holding an orange watering can. He is standing on a patch of brown soil with a small green plant in a brown pot. Water is pouring from the watering can into the soil around the plant. The background is a plain, light color. There is no visible text in the image. The character appears to be engaged in the act of watering the plant.	59934605246.png	The image depicts a whimsical scene where a group of seven cartoon-style characters are pulling a large, orange crane. The crane has a chain attached to its hook, and the characters are holding onto the chain, working together to move the crane. The characters are diverse in appearance, with different hairstyles, clothing, and accessories. They are standing in a line, each holding onto the chain with one hand and holding a small object, possibly a tool or a bag, in the other. The background is plain white, emphasizing the characters and the crane. There is no visible text in the image. The style of the image is illustrative and cartoonish, with a focus on the characters and their interaction with the crane.	51753426306.png	The image is a digital illustration featuring two characters. On the left is a young child with dark skin, wearing a brown tunic and sitting on the ground with their hands clasped together. The child appears to be looking up at the other character. On the right is an adult male with a beard and mustache, wearing a dark suit with an orange tie. He is sitting on a large pile of money, which is depicted in a realistic style with various denominations visible. The man is smiling and holding a wad of money in his hands. The background is plain white, emphasizing the characters and the money. There is no visible text in the image.	86659658541.png	The image features a stylized, spherical object with a glossy, orange-yellow surface. It has a central, darker sphere with a smaller, orange sphere on top. Surrounding this central sphere are multiple smaller spheres in various colors, including orange, white, and black, connected by thin, metallic-looking rods. The background is a plain, light gray. There is no visible text in the image. The style of the image is three-dimensional and appears to be a digital rendering or illustration.
αλυσιδωτή αντίδραση	Καταστρέφοντας αυτές τις ελεύθερες ρίζες, τα αντιοξειδωτικά όχι μόνο σταματούν την αλυσιδωτή αντίδραση των ελεύθερων ριζών, αλλά και επιδιορθώνουν τα κατεστραμμένα κύτταρα.		31150344646.png	The image is a digital illustration featuring a stylized cartoon character. The character is a male with brown hair, wearing a suit with a tie, and holding an orange watering can. He is standing on a patch of brown soil with a small green plant in a brown pot. Water is pouring from the watering can into the soil around the plant. The background is a plain, light color. There is no visible text in the image. The character appears to be engaged in the act of watering the plant.	59934605246.png	The image depicts a whimsical scene where a group of seven cartoon-style characters are pulling a large, orange crane. The crane has a chain attached to its hook, and the characters are holding onto the chain, working together to move the crane. The characters are diverse in appearance, with different hairstyles, clothing, and accessories. They are standing in a line, each holding onto the chain with one hand and holding a small object, possibly a tool or a bag, in the other. The background is plain white, emphasizing the characters and the crane. There is no visible text in the image. The style of the image is illustrative and cartoonish, with a focus on the characters and their interaction with the crane.	51753426306.png	The image is a digital illustration featuring two characters. On the left is a young child with dark skin, wearing a brown tunic and sitting on the ground with their hands clasped together. The child appears to be looking up at the other character. On the right is an adult male with a beard and mustache, wearing a dark suit with an orange tie. He is sitting on a large pile of money, which is depicted in a realistic style with various denominations visible. The man is smiling and holding a wad of money in his hands. The background is plain white, emphasizing the characters and the money. There is no visible text in the image.	86659658541.png	The image features a stylized, spherical object with a glossy, orange-yellow surface. It has a central, darker sphere with a smaller, orange sphere on top. Surrounding this central sphere are multiple smaller spheres in various colors, including orange, white, and black, connected by thin, metallic-looking rods. The background is a plain, light gray. There is no visible text in the image. The style of the image is three-dimensional and appears to be a digital rendering or illustration.	84798820808.png	The image depicts an animated character performing a dynamic pose. The character is a young girl with dark hair, wearing a brown outfit with orange accents. She is in mid-air, with one leg extended and the other bent at the knee, creating a sense of movement. The girl is holding a chain with both hands, which is connected to a fiery orb at the end. The orb is emitting bright orange sparks, suggesting a magical or energetic effect. The background is a plain, light gray color, which contrasts with the vibrant colors of the character and the fire. There is no visible text in the image. The style of the image is illustrative and appears to be designed for a digital medium, possibly for a video game or animated film.
για τα μπάζα	Οι περισσότεροι πολιτικοί είναι για τα μπάζα .		70321783611.png	The image shows a hand holding a smartphone with a cracked screen. The phone is predominantly black with visible cracks across its surface. The hand is wearing an orange sleeve, and the background is plain white. There is no visible text in the image. The style of the image is illustrative, with a focus on the phone and the hand holding it.	89698264267.png	The image depicts an animated character, a woman with dark hair, wearing an orange coat and black pants, standing to the left of a large black barrel. She is reaching out towards the barrel with her right hand, which is open as if she is about to grab something. The barrel is overflowing with orange blocks that are spilling out onto the ground. The blocks are scattered around the barrel, with some closer to the woman and others further away. The background is plain white, emphasizing the action in the foreground. There is no visible text in the image. The style of the image is illustrative and cartoonish.	88226208392.png	The image shows a pair of orange shoes with a worn and dirty appearance. The shoes are positioned on a white background, and there is a puddle of brown liquid beneath them, suggesting they have been stepped in. The shoes have laces and a small heel, and the soles appear to be made of a darker material. There is no visible text in the image. The style of the image is illustrative, with a focus on the shoes and the puddle, using a limited color palette.	39509026006.png	The image depicts an animated character, a young boy, standing on a pile of rocks. He is wearing a hard hat and a reflective vest, suggesting he might be involved in construction or a similar field. The boy is holding a bag filled with rocks, and some of the rocks are falling out of the bag. The rocks are of various sizes and colors, and they are scattered around the boy, creating a sense of movement and activity. The background is plain white, which puts the focus entirely on the boy and the rocks. There is no visible text in the image.	30724548697.png	The image shows a stylized, cartoon-like depiction of an orange Volkswagen Beetle car. The car is presented in a three-quarter view, with the front right side visible. It features a rounded body, a prominent front grille, and a pair of round headlights. The car's wheels are black with orange accents. There is no visible text in the image. The style of the image is illustrative and appears to be a digital rendering rather than a photograph.
για τα μπάζα	Το σύνολο, μιάμιση ώρα και μείον 400 ευρώ και μια φωτογραφική μηχανή για τα μπάζα .		30724548697.png	The image shows a stylized, cartoon-like depiction of an orange Volkswagen Beetle car. The car is presented in a three-quarter view, with the front right side visible. It features a rounded body, a prominent front grille, and a pair of round headlights. The car's wheels are black with orange accents. There is no visible text in the image. The style of the image is illustrative and appears to be a digital rendering rather than a photograph.	88226208392.png	The image shows a pair of orange shoes with a worn and dirty appearance. The shoes are positioned on a white background, and there is a puddle of brown liquid beneath them, suggesting they have been stepped in. The shoes have laces and a small heel, and the soles appear to be made of a darker material. There is no visible text in the image. The style of the image is illustrative, with a focus on the shoes and the puddle, using a limited color palette.	70321783611.png	The image shows a hand holding a smartphone with a cracked screen. The phone is predominantly black with visible cracks across its surface. The hand is wearing an orange sleeve, and the background is plain white. There is no visible text in the image. The style of the image is illustrative, with a focus on the phone and the hand holding it.	89698264267.png	The image depicts an animated character, a woman with dark hair, wearing an orange coat and black pants, standing to the left of a large black barrel. She is reaching out towards the barrel with her right hand, which is open as if she is about to grab something. The barrel is overflowing with orange blocks that are spilling out onto the ground. The blocks are scattered around the barrel, with some closer to the woman and others further away. The background is plain white, emphasizing the action in the foreground. There is no visible text in the image. The style of the image is illustrative and cartoonish.	39509026006.png	The image depicts an animated character, a young boy, standing on a pile of rocks. He is wearing a hard hat and a reflective vest, suggesting he might be involved in construction or a similar field. The boy is holding a bag filled with rocks, and some of the rocks are falling out of the bag. The rocks are of various sizes and colors, and they are scattered around the boy, creating a sense of movement and activity. The background is plain white, which puts the focus entirely on the boy and the rocks. There is no visible text in the image.
για τα μπάζα	Στους κάδους για τα μπάζα βάζουμε υλικά από κατεδαφίσεις, ανακαινίσεις, ή άλλες κατασκευαστικές εργασίες, όπως χώμα, πέτρες, τούβλα, κεραμίδια, τσιμέντο, γυαλί και μέταλλα.		88226208392.png	The image shows a pair of orange shoes with a worn and dirty appearance. The shoes are positioned on a white background, and there is a puddle of brown liquid beneath them, suggesting they have been stepped in. The shoes have laces and a small heel, and the soles appear to be made of a darker material. There is no visible text in the image. The style of the image is illustrative, with a focus on the shoes and the puddle, using a limited color palette.	70321783611.png	The image shows a hand holding a smartphone with a cracked screen. The phone is predominantly black with visible cracks across its surface. The hand is wearing an orange sleeve, and the background is plain white. There is no visible text in the image. The style of the image is illustrative, with a focus on the phone and the hand holding it.	89698264267.png	The image depicts an animated character, a woman with dark hair, wearing an orange coat and black pants, standing to the left of a large black barrel. She is reaching out towards the barrel with her right hand, which is open as if she is about to grab something. The barrel is overflowing with orange blocks that are spilling out onto the ground. The blocks are scattered around the barrel, with some closer to the woman and others further away. The background is plain white, emphasizing the action in the foreground. There is no visible text in the image. The style of the image is illustrative and cartoonish.	30724548697.png	The image shows a stylized, cartoon-like depiction of an orange Volkswagen Beetle car. The car is presented in a three-quarter view, with the front right side visible. It features a rounded body, a prominent front grille, and a pair of round headlights. The car's wheels are black with orange accents. There is no visible text in the image. The style of the image is illustrative and appears to be a digital rendering rather than a photograph.	39509026006.png	The image depicts an animated character, a young boy, standing on a pile of rocks. He is wearing a hard hat and a reflective vest, suggesting he might be involved in construction or a similar field. The boy is holding a bag filled with rocks, and some of the rocks are falling out of the bag. The rocks are of various sizes and colors, and they are scattered around the boy, creating a sense of movement and activity. The background is plain white, which puts the focus entirely on the boy and the rocks. There is no visible text in the image.
για τα μπάζα	Οι καδοι για τα μπαζα είναι απαραίτητοι σε μια σειρά από εργασίες, ώστε να μπορέσετε να απομακρύνετε εύκολα, σωστά αλλά και νόμιμα τα απορρίμματα που μπορούν να προκύψουν από μια σειρά εργασιών.		88226208392.png	The image shows a pair of orange shoes with a worn and dirty appearance. The shoes are positioned on a white background, and there is a puddle of brown liquid beneath them, suggesting they have been stepped in. The shoes have laces and a small heel, and the soles appear to be made of a darker material. There is no visible text in the image. The style of the image is illustrative, with a focus on the shoes and the puddle, using a limited color palette.	30724548697.png	The image shows a stylized, cartoon-like depiction of an orange Volkswagen Beetle car. The car is presented in a three-quarter view, with the front right side visible. It features a rounded body, a prominent front grille, and a pair of round headlights. The car's wheels are black with orange accents. There is no visible text in the image. The style of the image is illustrative and appears to be a digital rendering rather than a photograph.	39509026006.png	The image depicts an animated character, a young boy, standing on a pile of rocks. He is wearing a hard hat and a reflective vest, suggesting he might be involved in construction or a similar field. The boy is holding a bag filled with rocks, and some of the rocks are falling out of the bag. The rocks are of various sizes and colors, and they are scattered around the boy, creating a sense of movement and activity. The background is plain white, which puts the focus entirely on the boy and the rocks. There is no visible text in the image.	89698264267.png	The image depicts an animated character, a woman with dark hair, wearing an orange coat and black pants, standing to the left of a large black barrel. She is reaching out towards the barrel with her right hand, which is open as if she is about to grab something. The barrel is overflowing with orange blocks that are spilling out onto the ground. The blocks are scattered around the barrel, with some closer to the woman and others further away. The background is plain white, emphasizing the action in the foreground. There is no visible text in the image. The style of the image is illustrative and cartoonish.	70321783611.png	The image shows a hand holding a smartphone with a cracked screen. The phone is predominantly black with visible cracks across its surface. The hand is wearing an orange sleeve, and the background is plain white. There is no visible text in the image. The style of the image is illustrative, with a focus on the phone and the hand holding it.
στο παρά πέντε	Είμαστε στο παρα πέντε του γκρεμού, μη πώ ήδη σε ελεύθερη πτώση. Ενδεικτικά αναφέρουμε τη περίπτωση της Αργεντινής το 2002, δηλαδή μόλις πριν 8 χρόνια.		49098801239.png	The image features a large, stylized number five. The number is rendered in a shiny, orange-yellow color with a glossy finish. It has a three-dimensional appearance and is set against a plain white background. The number five is composed of a large, curved body with a smaller, curved body attached to the top, creating a sense of depth. There are several small, white circles scattered around the number, giving the impression of a playful or whimsical design. The style of the image is graphic and modern, with a focus on clean lines and vibrant colors.	23943271539.png	The image depicts a stylized, artistic representation of a sandglass with a unique twist. The sandglass is filled with orange sand, and as the sand flows from the top to the bottom, it appears to be transforming into a pile of golden coins. The coins are detailed with a textured surface, giving them a three-dimensional appearance.  At the bottom of the sandglass, there is a base made of what looks like a dark brown material, possibly wood or stone. Surrounding the base are various elements that suggest a natural setting. There are wheat stalks with golden grains, and the grains are scattered around the base, blending with the sand.  Adding to the scene, there are two birds in flight, one on the left and one on the right side of the image. The birds are depicted with a realistic style, contrasting with the more stylized and whimsical nature of the sandglass and the surrounding elements.  The image is rich in detail and color, with a harmonious blend of natural and fantastical elements. The overall composition is balanced, with the sandglass as the central focus, and the surrounding elements providing context and depth to the scene.	38670065968.png	The image features a cartoon character, a man with a beard and mustache, wearing a patterned shirt and khaki pants. He is holding a large orange clock with the number 5 on it. The man is also pulling a brown suitcase with a handle and a strap. The background is plain white.	88777425282.png	The image depicts an animated scene featuring a man in mid-run, with his arms outstretched, as if he is in motion. He has a beard and mustache, and is wearing a green jacket, brown pants, and brown shoes. The man is carrying a brown backpack. Behind him is a large, orange bus with a black roof and two headlights. The bus appears to be in motion, as suggested by the man's dynamic pose. The background is plain and does not provide any additional context. There is no visible text in the image. The style of the image is cartoonish and appears to be a digital illustration.	12910261118.png	"The image depicts a stylized, animated character of a young man with glasses, wearing an orange jacket with a graphic print, black pants, and orange shoes. He is carrying a black backpack and a book. The character is smiling and appears to be in motion, walking past a desk with a lamp, a plant, and a clock. The clock reads ""22"" and the time is 10:00. There is a bulletin board with papers pinned to it in the background. The overall style is cartoonish and the image is likely intended for a storyboard or a similar visual medium."
στο παρά πέντε	Πέφτω στα φρένα και κορνάρω. Σταματάμε και οι δύο στο παρα πέντε .		49098801239.png	The image features a large, stylized number five. The number is rendered in a shiny, orange-yellow color with a glossy finish. It has a three-dimensional appearance and is set against a plain white background. The number five is composed of a large, curved body with a smaller, curved body attached to the top, creating a sense of depth. There are several small, white circles scattered around the number, giving the impression of a playful or whimsical design. The style of the image is graphic and modern, with a focus on clean lines and vibrant colors.	12910261118.png	"The image depicts a stylized, animated character of a young man with glasses, wearing an orange jacket with a graphic print, black pants, and orange shoes. He is carrying a black backpack and a book. The character is smiling and appears to be in motion, walking past a desk with a lamp, a plant, and a clock. The clock reads ""22"" and the time is 10:00. There is a bulletin board with papers pinned to it in the background. The overall style is cartoonish and the image is likely intended for a storyboard or a similar visual medium."	88777425282.png	The image depicts an animated scene featuring a man in mid-run, with his arms outstretched, as if he is in motion. He has a beard and mustache, and is wearing a green jacket, brown pants, and brown shoes. The man is carrying a brown backpack. Behind him is a large, orange bus with a black roof and two headlights. The bus appears to be in motion, as suggested by the man's dynamic pose. The background is plain and does not provide any additional context. There is no visible text in the image. The style of the image is cartoonish and appears to be a digital illustration.	23943271539.png	The image depicts a stylized, artistic representation of a sandglass with a unique twist. The sandglass is filled with orange sand, and as the sand flows from the top to the bottom, it appears to be transforming into a pile of golden coins. The coins are detailed with a textured surface, giving them a three-dimensional appearance.  At the bottom of the sandglass, there is a base made of what looks like a dark brown material, possibly wood or stone. Surrounding the base are various elements that suggest a natural setting. There are wheat stalks with golden grains, and the grains are scattered around the base, blending with the sand.  Adding to the scene, there are two birds in flight, one on the left and one on the right side of the image. The birds are depicted with a realistic style, contrasting with the more stylized and whimsical nature of the sandglass and the surrounding elements.  The image is rich in detail and color, with a harmonious blend of natural and fantastical elements. The overall composition is balanced, with the sandglass as the central focus, and the surrounding elements providing context and depth to the scene.	38670065968.png	The image features a cartoon character, a man with a beard and mustache, wearing a patterned shirt and khaki pants. He is holding a large orange clock with the number 5 on it. The man is also pulling a brown suitcase with a handle and a strap. The background is plain white.
στο παρά πέντε	Το κουδούνι χτυπά στις δύο· τώρα είναι στο παραπέντε και όλοι ετοιμάζουν τις τσάντες τους.		12910261118.png	"The image depicts a stylized, animated character of a young man with glasses, wearing an orange jacket with a graphic print, black pants, and orange shoes. He is carrying a black backpack and a book. The character is smiling and appears to be in motion, walking past a desk with a lamp, a plant, and a clock. The clock reads ""22"" and the time is 10:00. There is a bulletin board with papers pinned to it in the background. The overall style is cartoonish and the image is likely intended for a storyboard or a similar visual medium."	49098801239.png	The image features a large, stylized number five. The number is rendered in a shiny, orange-yellow color with a glossy finish. It has a three-dimensional appearance and is set against a plain white background. The number five is composed of a large, curved body with a smaller, curved body attached to the top, creating a sense of depth. There are several small, white circles scattered around the number, giving the impression of a playful or whimsical design. The style of the image is graphic and modern, with a focus on clean lines and vibrant colors.	88777425282.png	The image depicts an animated scene featuring a man in mid-run, with his arms outstretched, as if he is in motion. He has a beard and mustache, and is wearing a green jacket, brown pants, and brown shoes. The man is carrying a brown backpack. Behind him is a large, orange bus with a black roof and two headlights. The bus appears to be in motion, as suggested by the man's dynamic pose. The background is plain and does not provide any additional context. There is no visible text in the image. The style of the image is cartoonish and appears to be a digital illustration.	38670065968.png	The image features a cartoon character, a man with a beard and mustache, wearing a patterned shirt and khaki pants. He is holding a large orange clock with the number 5 on it. The man is also pulling a brown suitcase with a handle and a strap. The background is plain white.	23943271539.png	The image depicts a stylized, artistic representation of a sandglass with a unique twist. The sandglass is filled with orange sand, and as the sand flows from the top to the bottom, it appears to be transforming into a pile of golden coins. The coins are detailed with a textured surface, giving them a three-dimensional appearance.  At the bottom of the sandglass, there is a base made of what looks like a dark brown material, possibly wood or stone. Surrounding the base are various elements that suggest a natural setting. There are wheat stalks with golden grains, and the grains are scattered around the base, blending with the sand.  Adding to the scene, there are two birds in flight, one on the left and one on the right side of the image. The birds are depicted with a realistic style, contrasting with the more stylized and whimsical nature of the sandglass and the surrounding elements.  The image is rich in detail and color, with a harmonious blend of natural and fantastical elements. The overall composition is balanced, with the sandglass as the central focus, and the surrounding elements providing context and depth to the scene.
στο παρά πέντε	Το σύστημα κλείνει αυτόματα στις τέσσερις, κι εγώ ανέβασα το αρχείο στο παραπέντε για να προλάβει να αποθηκευτεί		49098801239.png	The image features a large, stylized number five. The number is rendered in a shiny, orange-yellow color with a glossy finish. It has a three-dimensional appearance and is set against a plain white background. The number five is composed of a large, curved body with a smaller, curved body attached to the top, creating a sense of depth. There are several small, white circles scattered around the number, giving the impression of a playful or whimsical design. The style of the image is graphic and modern, with a focus on clean lines and vibrant colors.	23943271539.png	The image depicts a stylized, artistic representation of a sandglass with a unique twist. The sandglass is filled with orange sand, and as the sand flows from the top to the bottom, it appears to be transforming into a pile of golden coins. The coins are detailed with a textured surface, giving them a three-dimensional appearance.  At the bottom of the sandglass, there is a base made of what looks like a dark brown material, possibly wood or stone. Surrounding the base are various elements that suggest a natural setting. There are wheat stalks with golden grains, and the grains are scattered around the base, blending with the sand.  Adding to the scene, there are two birds in flight, one on the left and one on the right side of the image. The birds are depicted with a realistic style, contrasting with the more stylized and whimsical nature of the sandglass and the surrounding elements.  The image is rich in detail and color, with a harmonious blend of natural and fantastical elements. The overall composition is balanced, with the sandglass as the central focus, and the surrounding elements providing context and depth to the scene.	12910261118.png	"The image depicts a stylized, animated character of a young man with glasses, wearing an orange jacket with a graphic print, black pants, and orange shoes. He is carrying a black backpack and a book. The character is smiling and appears to be in motion, walking past a desk with a lamp, a plant, and a clock. The clock reads ""22"" and the time is 10:00. There is a bulletin board with papers pinned to it in the background. The overall style is cartoonish and the image is likely intended for a storyboard or a similar visual medium."	38670065968.png	The image features a cartoon character, a man with a beard and mustache, wearing a patterned shirt and khaki pants. He is holding a large orange clock with the number 5 on it. The man is also pulling a brown suitcase with a handle and a strap. The background is plain white.	88777425282.png	The image depicts an animated scene featuring a man in mid-run, with his arms outstretched, as if he is in motion. He has a beard and mustache, and is wearing a green jacket, brown pants, and brown shoes. The man is carrying a brown backpack. Behind him is a large, orange bus with a black roof and two headlights. The bus appears to be in motion, as suggested by the man's dynamic pose. The background is plain and does not provide any additional context. There is no visible text in the image. The style of the image is cartoonish and appears to be a digital illustration.
στον έβδομο ουρανό	Στον έβδομο ουρανό στέλνει όλους τους Έλληνες η ποδοσφαιρική επιτυχία της Εθνικής μας ομάδας στον τελικό του Euro 2004.Οι Έλληνες διεθνείς ολοκληρώνουν με τον καλύτερο τρόπο την πορεία τους στη διοργάνωση και φεύγουν νικητές με 1-0 μέσα από το κατάμεστο Ντα Λούζ, πραγματοποιώντας έναν πραγματικό άθλο.		69348890806.png	The image depicts an illustration of a person standing on a dark surface, looking up at a vast, star-filled sky. The person is wearing an orange jacket and is pointing towards the sky with their right hand. The sky is filled with stars of various sizes and colors, predominantly orange and yellow, suggesting a nebula or galaxy. The person's shadow is cast on the dark surface below them. There is no visible text in the image. The style of the illustration is reminiscent of a watercolor painting with a limited color palette.	51668360358.png	The image depicts an illustrated scene of a man walking on a cloud. The man is dressed in an orange coat and carries a backpack. He is looking up at a large, full moon. The sky is filled with clouds, and there are birds flying in the distance. The overall style of the image is reminiscent of a watercolor painting with a limited color palette.	45706558904.png	The image is a digital illustration of a man sitting cross-legged on the ground. He has a beard and mustache, and is wearing glasses. His arms are outstretched, and he is smiling broadly. The man is surrounded by small orange squares that appear to be falling or floating around him. The background is plain white. There is no visible text in the image.	15731856725.png	The image is a digital illustration of a man and a woman in a close embrace. The man is on the left, wearing glasses and a gray shirt, with short brown hair. The woman is on the right, with long red hair, wearing an orange dress with a floral pattern. Both characters are smiling and appear to be happy. There is no visible text in the image.	49911046532.png	The image depicts an animated character sitting on an orange couch. The character has curly hair, a beard, and is wearing a black shirt and gray pants. He has a surprised or shocked expression on his face. To the left of the couch, there is a potted plant with green leaves. The background is plain white.
στον έβδομο ουρανό	Το συζυγικό κρεβάτι επιστεγάζεται από έναν θόλο,που θυμίζει ουρανό,γιατί κάθε ένωση που συντελείται με υγιή και δυνατή αγάπη,αποδεσμεύει μεθυστικές δονήσεις που φέρει τα δυο συμπλεκόμενα όντα στον έβδομο ουρανό .		49911046532.png	The image depicts an animated character sitting on an orange couch. The character has curly hair, a beard, and is wearing a black shirt and gray pants. He has a surprised or shocked expression on his face. To the left of the couch, there is a potted plant with green leaves. The background is plain white.	15731856725.png	The image is a digital illustration of a man and a woman in a close embrace. The man is on the left, wearing glasses and a gray shirt, with short brown hair. The woman is on the right, with long red hair, wearing an orange dress with a floral pattern. Both characters are smiling and appear to be happy. There is no visible text in the image.	51668360358.png	The image depicts an illustrated scene of a man walking on a cloud. The man is dressed in an orange coat and carries a backpack. He is looking up at a large, full moon. The sky is filled with clouds, and there are birds flying in the distance. The overall style of the image is reminiscent of a watercolor painting with a limited color palette.	69348890806.png	The image depicts an illustration of a person standing on a dark surface, looking up at a vast, star-filled sky. The person is wearing an orange jacket and is pointing towards the sky with their right hand. The sky is filled with stars of various sizes and colors, predominantly orange and yellow, suggesting a nebula or galaxy. The person's shadow is cast on the dark surface below them. There is no visible text in the image. The style of the illustration is reminiscent of a watercolor painting with a limited color palette.	45706558904.png	The image is a digital illustration of a man sitting cross-legged on the ground. He has a beard and mustache, and is wearing glasses. His arms are outstretched, and he is smiling broadly. The man is surrounded by small orange squares that appear to be falling or floating around him. The background is plain white. There is no visible text in the image.
στον έβδομο ουρανό	Στον μύθο, ο ήρωας ανέβηκε μέσα από επτά στρώματα του σύμπαντος μέχρι που έφτασε στον έβδομο ουρανό, όπου τον περίμενε ο σοφός γέροντας.		15731856725.png	The image is a digital illustration of a man and a woman in a close embrace. The man is on the left, wearing glasses and a gray shirt, with short brown hair. The woman is on the right, with long red hair, wearing an orange dress with a floral pattern. Both characters are smiling and appear to be happy. There is no visible text in the image.	45706558904.png	The image is a digital illustration of a man sitting cross-legged on the ground. He has a beard and mustache, and is wearing glasses. His arms are outstretched, and he is smiling broadly. The man is surrounded by small orange squares that appear to be falling or floating around him. The background is plain white. There is no visible text in the image.	69348890806.png	The image depicts an illustration of a person standing on a dark surface, looking up at a vast, star-filled sky. The person is wearing an orange jacket and is pointing towards the sky with their right hand. The sky is filled with stars of various sizes and colors, predominantly orange and yellow, suggesting a nebula or galaxy. The person's shadow is cast on the dark surface below them. There is no visible text in the image. The style of the illustration is reminiscent of a watercolor painting with a limited color palette.	51668360358.png	The image depicts an illustrated scene of a man walking on a cloud. The man is dressed in an orange coat and carries a backpack. He is looking up at a large, full moon. The sky is filled with clouds, and there are birds flying in the distance. The overall style of the image is reminiscent of a watercolor painting with a limited color palette.	49911046532.png	The image depicts an animated character sitting on an orange couch. The character has curly hair, a beard, and is wearing a black shirt and gray pants. He has a surprised or shocked expression on his face. To the left of the couch, there is a potted plant with green leaves. The background is plain white.
στον έβδομο ουρανό	Στο βιβλίο αστρικής γεωγραφίας που διάβαζε, ο συγγραφέας περιέγραφε πώς οι αρχαίοι πίστευαν ότι οι θεοί κατοικούσαν στον έβδομο ουρανό.		51668360358.png	The image depicts an illustrated scene of a man walking on a cloud. The man is dressed in an orange coat and carries a backpack. He is looking up at a large, full moon. The sky is filled with clouds, and there are birds flying in the distance. The overall style of the image is reminiscent of a watercolor painting with a limited color palette.	49911046532.png	The image depicts an animated character sitting on an orange couch. The character has curly hair, a beard, and is wearing a black shirt and gray pants. He has a surprised or shocked expression on his face. To the left of the couch, there is a potted plant with green leaves. The background is plain white.	45706558904.png	The image is a digital illustration of a man sitting cross-legged on the ground. He has a beard and mustache, and is wearing glasses. His arms are outstretched, and he is smiling broadly. The man is surrounded by small orange squares that appear to be falling or floating around him. The background is plain white. There is no visible text in the image.	15731856725.png	The image is a digital illustration of a man and a woman in a close embrace. The man is on the left, wearing glasses and a gray shirt, with short brown hair. The woman is on the right, with long red hair, wearing an orange dress with a floral pattern. Both characters are smiling and appear to be happy. There is no visible text in the image.	69348890806.png	The image depicts an illustration of a person standing on a dark surface, looking up at a vast, star-filled sky. The person is wearing an orange jacket and is pointing towards the sky with their right hand. The sky is filled with stars of various sizes and colors, predominantly orange and yellow, suggesting a nebula or galaxy. The person's shadow is cast on the dark surface below them. There is no visible text in the image. The style of the illustration is reminiscent of a watercolor painting with a limited color palette.
κρύος ιδρώτας	"Tον Μήτσο τον λούζει κρύος ιδρώτας κι αφού από καθαρή τύχη γλιτώνει το εγκεφαλικό, αρχίσει να ψελλίζει: ""Πώς τα λες έτσι αυτά τα πράγματα, ρε Γιώργο;"		48991650195.png	The image features a cartoon character, a young man with curly hair, standing on a stage with a microphone. He is wearing an orange shirt and black pants. The character has a surprised or shocked expression on his face. The background is plain white.	67495929709.png	The image depicts an animated character, an older man with a beard and mustache, wearing glasses and a plaid shirt. He is seated on a bench with a checkered tablecloth in front of him, playing a game of chess. The man has a smile on his face and is holding a pawn in his hand. He is wearing brown shoes and has a brown bag next to him on the ground. The setting appears to be outdoors, with a brick wall and greenery in the background. There is no visible text in the image.	49164082493.png	The image is a digital illustration of a man lying in bed with his hands on his head. He appears to be in a state of distress or discomfort, as suggested by his facial expression and the sweat droplets around him. The man is wearing a black t-shirt with a small orange detail on the left side of his chest. The bedding is white, and the background is a plain, light color. There is no visible text in the image.	57859641544.png	The image is a digital illustration of a person's head and shoulders. The head is shown in profile, with the person's hair and facial features visible. The person appears to be a male with a beard and mustache. The shoulders are also depicted, with the person's skin tone ranging from light to dark brown.  The most striking feature of the image is the multitude of ice shards that are falling from the person's head, creating a cascading effect. These ice shards are depicted in various sizes and are scattered around the person's head and shoulders, suggesting a sense of movement or action.  The background of the image is plain white, which contrasts with the darker tones of the person's skin and the ice shards, making the subject stand out. There is no visible text in the image. The style of the image is graphic and modern, with a focus on the use of color and form to convey a narrative or emotion.	69848759103.png	The image is a digital illustration of an animated character, a young woman, with a surprised or shocked expression. She has dark hair, a white dress, and a veil. The character is standing in front of a stone archway with a door behind it. There are orange flowers on either side of the archway. The style of the image is cartoonish with a limited color palette.
κρύος ιδρώτας	Με τη σκέψη ότι κρεμόμουν στον αέρα, με έπιασε κρύος ιδρώτας.		57859641544.png	The image is a digital illustration of a person's head and shoulders. The head is shown in profile, with the person's hair and facial features visible. The person appears to be a male with a beard and mustache. The shoulders are also depicted, with the person's skin tone ranging from light to dark brown.  The most striking feature of the image is the multitude of ice shards that are falling from the person's head, creating a cascading effect. These ice shards are depicted in various sizes and are scattered around the person's head and shoulders, suggesting a sense of movement or action.  The background of the image is plain white, which contrasts with the darker tones of the person's skin and the ice shards, making the subject stand out. There is no visible text in the image. The style of the image is graphic and modern, with a focus on the use of color and form to convey a narrative or emotion.	69848759103.png	The image is a digital illustration of an animated character, a young woman, with a surprised or shocked expression. She has dark hair, a white dress, and a veil. The character is standing in front of a stone archway with a door behind it. There are orange flowers on either side of the archway. The style of the image is cartoonish with a limited color palette.	48991650195.png	The image features a cartoon character, a young man with curly hair, standing on a stage with a microphone. He is wearing an orange shirt and black pants. The character has a surprised or shocked expression on his face. The background is plain white.	67495929709.png	The image depicts an animated character, an older man with a beard and mustache, wearing glasses and a plaid shirt. He is seated on a bench with a checkered tablecloth in front of him, playing a game of chess. The man has a smile on his face and is holding a pawn in his hand. He is wearing brown shoes and has a brown bag next to him on the ground. The setting appears to be outdoors, with a brick wall and greenery in the background. There is no visible text in the image.	49164082493.png	The image is a digital illustration of a man lying in bed with his hands on his head. He appears to be in a state of distress or discomfort, as suggested by his facial expression and the sweat droplets around him. The man is wearing a black t-shirt with a small orange detail on the left side of his chest. The bedding is white, and the background is a plain, light color. There is no visible text in the image.
κρύος ιδρώτας	Ως σύμπτωμα της ασθένειάς του σημείωσε ο γιατρός ότι είχε πολύ κρύο ιδρώτα.		57859641544.png	The image is a digital illustration of a person's head and shoulders. The head is shown in profile, with the person's hair and facial features visible. The person appears to be a male with a beard and mustache. The shoulders are also depicted, with the person's skin tone ranging from light to dark brown.  The most striking feature of the image is the multitude of ice shards that are falling from the person's head, creating a cascading effect. These ice shards are depicted in various sizes and are scattered around the person's head and shoulders, suggesting a sense of movement or action.  The background of the image is plain white, which contrasts with the darker tones of the person's skin and the ice shards, making the subject stand out. There is no visible text in the image. The style of the image is graphic and modern, with a focus on the use of color and form to convey a narrative or emotion.	69848759103.png	The image is a digital illustration of an animated character, a young woman, with a surprised or shocked expression. She has dark hair, a white dress, and a veil. The character is standing in front of a stone archway with a door behind it. There are orange flowers on either side of the archway. The style of the image is cartoonish with a limited color palette.	49164082493.png	The image is a digital illustration of a man lying in bed with his hands on his head. He appears to be in a state of distress or discomfort, as suggested by his facial expression and the sweat droplets around him. The man is wearing a black t-shirt with a small orange detail on the left side of his chest. The bedding is white, and the background is a plain, light color. There is no visible text in the image.	67495929709.png	The image depicts an animated character, an older man with a beard and mustache, wearing glasses and a plaid shirt. He is seated on a bench with a checkered tablecloth in front of him, playing a game of chess. The man has a smile on his face and is holding a pawn in his hand. He is wearing brown shoes and has a brown bag next to him on the ground. The setting appears to be outdoors, with a brick wall and greenery in the background. There is no visible text in the image.	48991650195.png	The image features a cartoon character, a young man with curly hair, standing on a stage with a microphone. He is wearing an orange shirt and black pants. The character has a surprised or shocked expression on his face. The background is plain white.
κρύος ιδρώτας	Παρατήρησε κατά τη διάρκεια του ταξιδιού του στην Ανταρκτική ότι είχε μειωθεί τόσο πολύ η θερμοκρασία του σωματός του, που είχε μέχρι και κρύο ιδρώτα.		67495929709.png	The image depicts an animated character, an older man with a beard and mustache, wearing glasses and a plaid shirt. He is seated on a bench with a checkered tablecloth in front of him, playing a game of chess. The man has a smile on his face and is holding a pawn in his hand. He is wearing brown shoes and has a brown bag next to him on the ground. The setting appears to be outdoors, with a brick wall and greenery in the background. There is no visible text in the image.	49164082493.png	The image is a digital illustration of a man lying in bed with his hands on his head. He appears to be in a state of distress or discomfort, as suggested by his facial expression and the sweat droplets around him. The man is wearing a black t-shirt with a small orange detail on the left side of his chest. The bedding is white, and the background is a plain, light color. There is no visible text in the image.	48991650195.png	The image features a cartoon character, a young man with curly hair, standing on a stage with a microphone. He is wearing an orange shirt and black pants. The character has a surprised or shocked expression on his face. The background is plain white.	57859641544.png	The image is a digital illustration of a person's head and shoulders. The head is shown in profile, with the person's hair and facial features visible. The person appears to be a male with a beard and mustache. The shoulders are also depicted, with the person's skin tone ranging from light to dark brown.  The most striking feature of the image is the multitude of ice shards that are falling from the person's head, creating a cascading effect. These ice shards are depicted in various sizes and are scattered around the person's head and shoulders, suggesting a sense of movement or action.  The background of the image is plain white, which contrasts with the darker tones of the person's skin and the ice shards, making the subject stand out. There is no visible text in the image. The style of the image is graphic and modern, with a focus on the use of color and form to convey a narrative or emotion.	69848759103.png	The image is a digital illustration of an animated character, a young woman, with a surprised or shocked expression. She has dark hair, a white dress, and a veil. The character is standing in front of a stone archway with a door behind it. There are orange flowers on either side of the archway. The style of the image is cartoonish with a limited color palette.
τη μύτη ψηλά	Πολλές προσπάθησαν να τη μιμηθούν, αλλά καμιά δεν τα κατάφερε. Γι' αυτό έχει γεμίσει ο τόπος χαζογκόμενες με τουπέ και τη μύτη ψηλά .		29839254084.png	The image features a stylized, cartoonish depiction of a smiling face with a large, round orange body. The face has two black eyes, a red nose, and a white mouth with a smile. The background is plain white, emphasizing the subject. The style is simplistic and appears to be a digital illustration.	59531049326.png	The image depicts an animated character, a woman, walking on a sidewalk. She is wearing a brown coat, a yellow scarf with a polka dot pattern, and orange high heels. She has brown hair tied up in a bun and is wearing glasses with a black frame. The woman is carrying a large orange handbag. In the background, there is a silhouette of a city skyline. The style of the image is illustrative and cartoonish.	16026418959.png	The image depicts a stylized illustration of a dog's head. The dog has a brown and white coat with a prominent orange collar. Its eyes are closed, and it appears to be in a state of relaxation or contentment. The background features soft, fluffy white clouds against a light gray sky. The style of the illustration is reminiscent of a watercolor painting with a limited color palette.	69438013870.png	"The image features a cartoon-style illustration of a young boy with dark hair. He is wearing a short-sleeved orange shirt with black trim and black shorts. The boy has his right hand raised to his mouth, with his index finger covering it, as if he is making a ""shh"" gesture. His facial expression is neutral, and he is looking directly at the viewer. The background is plain and does not contain any text or additional objects."	72476371104.png	The image is a digital illustration featuring two animated female characters. The character on the left has red hair styled in a bun, wears a bright orange dress with a polka dot pattern, and holds a shopping bag with a yellow interior. She has a concerned or puzzled expression on her face. The character on the right has dark hair, wears a black dress, and also holds a shopping bag with a yellow interior. She has a neutral expression and is looking towards the character on the left. Both characters are wearing earrings and have a stylized, cartoonish appearance. There is no visible text in the image.
τη μύτη ψηλά	Δεν σήκωσα τη μύτη ψηλά , δεν καβάλησα το καλάμι! Ούτε μπλέχτηκα σε σκάνδαλα και κουτσομπολιά. Είμαι 50 ολόκληρα χρόνια με την ίδια γυναίκα!		29839254084.png	The image features a stylized, cartoonish depiction of a smiling face with a large, round orange body. The face has two black eyes, a red nose, and a white mouth with a smile. The background is plain white, emphasizing the subject. The style is simplistic and appears to be a digital illustration.	69438013870.png	"The image features a cartoon-style illustration of a young boy with dark hair. He is wearing a short-sleeved orange shirt with black trim and black shorts. The boy has his right hand raised to his mouth, with his index finger covering it, as if he is making a ""shh"" gesture. His facial expression is neutral, and he is looking directly at the viewer. The background is plain and does not contain any text or additional objects."	59531049326.png	The image depicts an animated character, a woman, walking on a sidewalk. She is wearing a brown coat, a yellow scarf with a polka dot pattern, and orange high heels. She has brown hair tied up in a bun and is wearing glasses with a black frame. The woman is carrying a large orange handbag. In the background, there is a silhouette of a city skyline. The style of the image is illustrative and cartoonish.	16026418959.png	The image depicts a stylized illustration of a dog's head. The dog has a brown and white coat with a prominent orange collar. Its eyes are closed, and it appears to be in a state of relaxation or contentment. The background features soft, fluffy white clouds against a light gray sky. The style of the illustration is reminiscent of a watercolor painting with a limited color palette.	72476371104.png	The image is a digital illustration featuring two animated female characters. The character on the left has red hair styled in a bun, wears a bright orange dress with a polka dot pattern, and holds a shopping bag with a yellow interior. She has a concerned or puzzled expression on her face. The character on the right has dark hair, wears a black dress, and also holds a shopping bag with a yellow interior. She has a neutral expression and is looking towards the character on the left. Both characters are wearing earrings and have a stylized, cartoonish appearance. There is no visible text in the image.
τη μύτη ψηλά	Το σκυλί περπατούσε με τη μύτη ψηλά, προσπαθώντας να εντοπίσει την πηγή της μυρωδιάς.		69438013870.png	"The image features a cartoon-style illustration of a young boy with dark hair. He is wearing a short-sleeved orange shirt with black trim and black shorts. The boy has his right hand raised to his mouth, with his index finger covering it, as if he is making a ""shh"" gesture. His facial expression is neutral, and he is looking directly at the viewer. The background is plain and does not contain any text or additional objects."	29839254084.png	The image features a stylized, cartoonish depiction of a smiling face with a large, round orange body. The face has two black eyes, a red nose, and a white mouth with a smile. The background is plain white, emphasizing the subject. The style is simplistic and appears to be a digital illustration.	72476371104.png	The image is a digital illustration featuring two animated female characters. The character on the left has red hair styled in a bun, wears a bright orange dress with a polka dot pattern, and holds a shopping bag with a yellow interior. She has a concerned or puzzled expression on her face. The character on the right has dark hair, wears a black dress, and also holds a shopping bag with a yellow interior. She has a neutral expression and is looking towards the character on the left. Both characters are wearing earrings and have a stylized, cartoonish appearance. There is no visible text in the image.	59531049326.png	The image depicts an animated character, a woman, walking on a sidewalk. She is wearing a brown coat, a yellow scarf with a polka dot pattern, and orange high heels. She has brown hair tied up in a bun and is wearing glasses with a black frame. The woman is carrying a large orange handbag. In the background, there is a silhouette of a city skyline. The style of the image is illustrative and cartoonish.	16026418959.png	The image depicts a stylized illustration of a dog's head. The dog has a brown and white coat with a prominent orange collar. Its eyes are closed, and it appears to be in a state of relaxation or contentment. The background features soft, fluffy white clouds against a light gray sky. The style of the illustration is reminiscent of a watercolor painting with a limited color palette.
τη μύτη ψηλά	Η γάτα σήκωσε το κεφάλι της με τη μύτη ψηλά, μυρίζοντας τον αέρα από το ανοιχτό παράθυρο.		72476371104.png	The image is a digital illustration featuring two animated female characters. The character on the left has red hair styled in a bun, wears a bright orange dress with a polka dot pattern, and holds a shopping bag with a yellow interior. She has a concerned or puzzled expression on her face. The character on the right has dark hair, wears a black dress, and also holds a shopping bag with a yellow interior. She has a neutral expression and is looking towards the character on the left. Both characters are wearing earrings and have a stylized, cartoonish appearance. There is no visible text in the image.	59531049326.png	The image depicts an animated character, a woman, walking on a sidewalk. She is wearing a brown coat, a yellow scarf with a polka dot pattern, and orange high heels. She has brown hair tied up in a bun and is wearing glasses with a black frame. The woman is carrying a large orange handbag. In the background, there is a silhouette of a city skyline. The style of the image is illustrative and cartoonish.	29839254084.png	The image features a stylized, cartoonish depiction of a smiling face with a large, round orange body. The face has two black eyes, a red nose, and a white mouth with a smile. The background is plain white, emphasizing the subject. The style is simplistic and appears to be a digital illustration.	16026418959.png	The image depicts a stylized illustration of a dog's head. The dog has a brown and white coat with a prominent orange collar. Its eyes are closed, and it appears to be in a state of relaxation or contentment. The background features soft, fluffy white clouds against a light gray sky. The style of the illustration is reminiscent of a watercolor painting with a limited color palette.	69438013870.png	"The image features a cartoon-style illustration of a young boy with dark hair. He is wearing a short-sleeved orange shirt with black trim and black shorts. The boy has his right hand raised to his mouth, with his index finger covering it, as if he is making a ""shh"" gesture. His facial expression is neutral, and he is looking directly at the viewer. The background is plain and does not contain any text or additional objects."
μαλλί της γριάς	Το διαφοροποιημένο product mix Λαχταριστό chimney cake, εντυπωσιακό μαλλί της γριάς με παγωτό, ολλανδικά poffertjes (mini τηγανίτες) καραμελωμένα μήλα και πολλά άλλα λαχταριστά γλυκίσματα.		80405862311.png	The image features a stylized, abstract representation of a pink, fluffy cloud with a dark brown stick at its base. The cloud is composed of soft, rounded shapes with a glossy texture, and it appears to be floating in a gray, checkered background. There is no visible text in the image. The style of the image is graphic and minimalistic, with a focus on simple shapes and a limited color palette.	80264286496.png	The image is a digital illustration of a woman's profile. She has gray hair, styled in loose waves, and is wearing round glasses with a dark frame. Her skin appears fair, and she has a slight smile. She is dressed in a black top with a visible orange garment underneath. The background is plain white, emphasizing the subject. There is no visible text in the image.	93471579377.png	The image features a stylized, cartoon-like character with a simplistic design. The character has a small head with brown hair, a neutral expression, and a small, round face with black eyes and a small mouth. The character is wearing a large, orange, fish-shaped object that resembles a lollipop, with a tail that appears to be a ribbon or a similar decorative element. The character is standing with one hand resting on the hip and the other hand holding the tail of the fish-shaped object. The background is plain and white, which contrasts with the character and the object. There is no visible text in the image.	10186445078.png	The image features a stylized, cartoon-like character of an elderly man. He has a bald head, a large nose, and a wide smile. The man is wearing a brown shirt with a collar and a plaid scarf with orange and black stripes. His ears are large and protrude from his head. The background is plain and does not provide any additional context. There is no visible text in the image.	70282856505.png	The image depicts a cartoon illustration of a child sleeping in a crib. The child is wearing an orange outfit with a pattern of white stars. The crib has a curved top and is supported by four vertical bars. The child's head is resting on a stuffed animal, which appears to be a teddy bear. Above the crib, there are whimsical clouds and a crescent moon, suggesting a nighttime setting. The clouds are gray with a few white stars scattered across them. The background is plain white, which contrasts with the colorful elements of the illustration. There is no visible text in the image.
μαλλί της γριάς	"O Αδριά μαγείρεψε μπαρμπούνι με μαλλί της γριάς , στα πρότυπα άλλων πρωτότυπων συνταγών του όπως το ""χαβιάρι με πεπόνι"" και το ""σπαγκέτι με μάνγκο""."		80405862311.png	The image features a stylized, abstract representation of a pink, fluffy cloud with a dark brown stick at its base. The cloud is composed of soft, rounded shapes with a glossy texture, and it appears to be floating in a gray, checkered background. There is no visible text in the image. The style of the image is graphic and minimalistic, with a focus on simple shapes and a limited color palette.	70282856505.png	The image depicts a cartoon illustration of a child sleeping in a crib. The child is wearing an orange outfit with a pattern of white stars. The crib has a curved top and is supported by four vertical bars. The child's head is resting on a stuffed animal, which appears to be a teddy bear. Above the crib, there are whimsical clouds and a crescent moon, suggesting a nighttime setting. The clouds are gray with a few white stars scattered across them. The background is plain white, which contrasts with the colorful elements of the illustration. There is no visible text in the image.	80264286496.png	The image is a digital illustration of a woman's profile. She has gray hair, styled in loose waves, and is wearing round glasses with a dark frame. Her skin appears fair, and she has a slight smile. She is dressed in a black top with a visible orange garment underneath. The background is plain white, emphasizing the subject. There is no visible text in the image.	93471579377.png	The image features a stylized, cartoon-like character with a simplistic design. The character has a small head with brown hair, a neutral expression, and a small, round face with black eyes and a small mouth. The character is wearing a large, orange, fish-shaped object that resembles a lollipop, with a tail that appears to be a ribbon or a similar decorative element. The character is standing with one hand resting on the hip and the other hand holding the tail of the fish-shaped object. The background is plain and white, which contrasts with the character and the object. There is no visible text in the image.	10186445078.png	The image features a stylized, cartoon-like character of an elderly man. He has a bald head, a large nose, and a wide smile. The man is wearing a brown shirt with a collar and a plaid scarf with orange and black stripes. His ears are large and protrude from his head. The background is plain and does not provide any additional context. There is no visible text in the image.
μαλλί της γριάς	Ο ήλιος φώτιζε απαλά το μαλλί της γριάς, το οποίο έπεφτε πάνω στους ώμους της σε ίσχες τούφες.		80405862311.png	The image features a stylized, abstract representation of a pink, fluffy cloud with a dark brown stick at its base. The cloud is composed of soft, rounded shapes with a glossy texture, and it appears to be floating in a gray, checkered background. There is no visible text in the image. The style of the image is graphic and minimalistic, with a focus on simple shapes and a limited color palette.	10186445078.png	The image features a stylized, cartoon-like character of an elderly man. He has a bald head, a large nose, and a wide smile. The man is wearing a brown shirt with a collar and a plaid scarf with orange and black stripes. His ears are large and protrude from his head. The background is plain and does not provide any additional context. There is no visible text in the image.	93471579377.png	The image features a stylized, cartoon-like character with a simplistic design. The character has a small head with brown hair, a neutral expression, and a small, round face with black eyes and a small mouth. The character is wearing a large, orange, fish-shaped object that resembles a lollipop, with a tail that appears to be a ribbon or a similar decorative element. The character is standing with one hand resting on the hip and the other hand holding the tail of the fish-shaped object. The background is plain and white, which contrasts with the character and the object. There is no visible text in the image.	70282856505.png	The image depicts a cartoon illustration of a child sleeping in a crib. The child is wearing an orange outfit with a pattern of white stars. The crib has a curved top and is supported by four vertical bars. The child's head is resting on a stuffed animal, which appears to be a teddy bear. Above the crib, there are whimsical clouds and a crescent moon, suggesting a nighttime setting. The clouds are gray with a few white stars scattered across them. The background is plain white, which contrasts with the colorful elements of the illustration. There is no visible text in the image.	80264286496.png	The image is a digital illustration of a woman's profile. She has gray hair, styled in loose waves, and is wearing round glasses with a dark frame. Her skin appears fair, and she has a slight smile. She is dressed in a black top with a visible orange garment underneath. The background is plain white, emphasizing the subject. There is no visible text in the image.
μαλλί της γριάς	Το νεογέννητο γελούσε καθώς τραβούσε το μαλλί της γριάς που το αγκάλιαζε.		10186445078.png	The image features a stylized, cartoon-like character of an elderly man. He has a bald head, a large nose, and a wide smile. The man is wearing a brown shirt with a collar and a plaid scarf with orange and black stripes. His ears are large and protrude from his head. The background is plain and does not provide any additional context. There is no visible text in the image.	80405862311.png	The image features a stylized, abstract representation of a pink, fluffy cloud with a dark brown stick at its base. The cloud is composed of soft, rounded shapes with a glossy texture, and it appears to be floating in a gray, checkered background. There is no visible text in the image. The style of the image is graphic and minimalistic, with a focus on simple shapes and a limited color palette.	93471579377.png	The image features a stylized, cartoon-like character with a simplistic design. The character has a small head with brown hair, a neutral expression, and a small, round face with black eyes and a small mouth. The character is wearing a large, orange, fish-shaped object that resembles a lollipop, with a tail that appears to be a ribbon or a similar decorative element. The character is standing with one hand resting on the hip and the other hand holding the tail of the fish-shaped object. The background is plain and white, which contrasts with the character and the object. There is no visible text in the image.	70282856505.png	The image depicts a cartoon illustration of a child sleeping in a crib. The child is wearing an orange outfit with a pattern of white stars. The crib has a curved top and is supported by four vertical bars. The child's head is resting on a stuffed animal, which appears to be a teddy bear. Above the crib, there are whimsical clouds and a crescent moon, suggesting a nighttime setting. The clouds are gray with a few white stars scattered across them. The background is plain white, which contrasts with the colorful elements of the illustration. There is no visible text in the image.	80264286496.png	The image is a digital illustration of a woman's profile. She has gray hair, styled in loose waves, and is wearing round glasses with a dark frame. Her skin appears fair, and she has a slight smile. She is dressed in a black top with a visible orange garment underneath. The background is plain white, emphasizing the subject. There is no visible text in the image.
κροκοδείλια δάκρυα	Δεν ανέχεται καθηγητές που με κροκοδείλια δάκρυα μιλούν για κατεστραμμένα πανεπιστήμια, την ίδια ώρα που λαμβάνουν διοικητικές θέσεις σε εγκληματικές επιχειρήσεις.		96025928141.png	The image features a cartoon alligator with a sad expression. It has large, expressive eyes and a small, drooping mouth. The alligator's skin is textured, and it has a prominent snout with sharp teeth. It appears to be crying, as indicated by the droplets of water falling from its eyes. The alligator's body is a mix of green and brown, with a pattern that suggests scales. It has a long tail with spikes at the end. The background is plain and white, which contrasts with the alligator's colorful appearance. There is no visible text in the image.	63875652452.png	The image is a digital illustration featuring two animated characters. On the left is a female character with short, dark hair, wearing an orange blouse and a dark skirt. She has a distressed expression with her mouth open and her eyes closed, as if she is crying or upset. On the right is a male character with short, dark hair and a beard, wearing an orange shirt with rolled-up sleeves. He has a fierce expression with his mouth open wide, teeth showing, and his eyes wide and intense, as if he is angry or shouting. There is no visible text in the image. The characters are depicted in a cartoon style with exaggerated facial expressions.	57165108466.png	The image features a stylized illustration of a dog with a predominantly orange and white coat. The dog has a happy expression with its mouth open, showing a pink tongue. Its eyes are closed, and it appears to be smiling. The dog's fur is fluffy and seems to be a mix of orange and white, with the white areas possibly indicating a breed with a white coat and orange markings. The dog's ears are large and floppy, and it has a black nose. The background is plain white, which contrasts with the dog's colorful fur. There is no visible text in the image. The style of the illustration is cartoonish and appears to be designed to evoke a sense of joy and friendliness.	39549135569.png	The image depicts an artistic illustration of an alligator with a vibrant, naturalistic environment. The alligator is positioned in the center of the image, with its body partially submerged in water. It has a detailed, textured skin with a variety of colors, including shades of green, brown, and gray. The alligator's eyes are wide open, and it appears to be looking directly at the viewer.  Surrounding the alligator are lily pads floating on the water's surface. There are also several orange flowers with green stems and leaves, some of which are partially submerged in the water. The flowers are scattered around the alligator, with some closer to the viewer and others further away.  The background is a plain, light color, which contrasts with the vivid colors of the alligator and the flowers. The overall style of the image is realistic with a touch of artistic flair, particularly in the rendering of the alligator's skin and the water's surface. There is no visible text in the image.	53378121588.png	The image is a stylized illustration of a man with a surprised or shocked expression. He has short, dark hair and a beard. The man is holding his hand to his face, with his index finger touching his nose, as if he is pointing or gesturing. His eyes are wide open, and his mouth is slightly open, which contributes to the surprised look. The background is a simple, solid color, and there are small, circular shapes in a contrasting color, possibly indicating a pattern or texture. There is no visible text in the image. The style of the illustration is cartoonish and appears to be designed for a modern, possibly digital, medium.
κροκοδείλια δάκρυα	Ένας πωλητής χύνει κροκοδείλια δάκρυα προκειμένου να πουλήσει γυναικείες κάλτσες.		39549135569.png	The image depicts an artistic illustration of an alligator with a vibrant, naturalistic environment. The alligator is positioned in the center of the image, with its body partially submerged in water. It has a detailed, textured skin with a variety of colors, including shades of green, brown, and gray. The alligator's eyes are wide open, and it appears to be looking directly at the viewer.  Surrounding the alligator are lily pads floating on the water's surface. There are also several orange flowers with green stems and leaves, some of which are partially submerged in the water. The flowers are scattered around the alligator, with some closer to the viewer and others further away.  The background is a plain, light color, which contrasts with the vivid colors of the alligator and the flowers. The overall style of the image is realistic with a touch of artistic flair, particularly in the rendering of the alligator's skin and the water's surface. There is no visible text in the image.	53378121588.png	The image is a stylized illustration of a man with a surprised or shocked expression. He has short, dark hair and a beard. The man is holding his hand to his face, with his index finger touching his nose, as if he is pointing or gesturing. His eyes are wide open, and his mouth is slightly open, which contributes to the surprised look. The background is a simple, solid color, and there are small, circular shapes in a contrasting color, possibly indicating a pattern or texture. There is no visible text in the image. The style of the illustration is cartoonish and appears to be designed for a modern, possibly digital, medium.	63875652452.png	The image is a digital illustration featuring two animated characters. On the left is a female character with short, dark hair, wearing an orange blouse and a dark skirt. She has a distressed expression with her mouth open and her eyes closed, as if she is crying or upset. On the right is a male character with short, dark hair and a beard, wearing an orange shirt with rolled-up sleeves. He has a fierce expression with his mouth open wide, teeth showing, and his eyes wide and intense, as if he is angry or shouting. There is no visible text in the image. The characters are depicted in a cartoon style with exaggerated facial expressions.	96025928141.png	The image features a cartoon alligator with a sad expression. It has large, expressive eyes and a small, drooping mouth. The alligator's skin is textured, and it has a prominent snout with sharp teeth. It appears to be crying, as indicated by the droplets of water falling from its eyes. The alligator's body is a mix of green and brown, with a pattern that suggests scales. It has a long tail with spikes at the end. The background is plain and white, which contrasts with the alligator's colorful appearance. There is no visible text in the image.	57165108466.png	The image features a stylized illustration of a dog with a predominantly orange and white coat. The dog has a happy expression with its mouth open, showing a pink tongue. Its eyes are closed, and it appears to be smiling. The dog's fur is fluffy and seems to be a mix of orange and white, with the white areas possibly indicating a breed with a white coat and orange markings. The dog's ears are large and floppy, and it has a black nose. The background is plain white, which contrasts with the dog's colorful fur. There is no visible text in the image. The style of the illustration is cartoonish and appears to be designed to evoke a sense of joy and friendliness.
κροκοδείλια δάκρυα	Ο ζωολόγος κατέγραφε τη ροή των κροκοδείλιων δακρύων για να εντοπίσει την αιτία του προβλήματος.		57165108466.png	The image features a stylized illustration of a dog with a predominantly orange and white coat. The dog has a happy expression with its mouth open, showing a pink tongue. Its eyes are closed, and it appears to be smiling. The dog's fur is fluffy and seems to be a mix of orange and white, with the white areas possibly indicating a breed with a white coat and orange markings. The dog's ears are large and floppy, and it has a black nose. The background is plain white, which contrasts with the dog's colorful fur. There is no visible text in the image. The style of the illustration is cartoonish and appears to be designed to evoke a sense of joy and friendliness.	39549135569.png	The image depicts an artistic illustration of an alligator with a vibrant, naturalistic environment. The alligator is positioned in the center of the image, with its body partially submerged in water. It has a detailed, textured skin with a variety of colors, including shades of green, brown, and gray. The alligator's eyes are wide open, and it appears to be looking directly at the viewer.  Surrounding the alligator are lily pads floating on the water's surface. There are also several orange flowers with green stems and leaves, some of which are partially submerged in the water. The flowers are scattered around the alligator, with some closer to the viewer and others further away.  The background is a plain, light color, which contrasts with the vivid colors of the alligator and the flowers. The overall style of the image is realistic with a touch of artistic flair, particularly in the rendering of the alligator's skin and the water's surface. There is no visible text in the image.	96025928141.png	The image features a cartoon alligator with a sad expression. It has large, expressive eyes and a small, drooping mouth. The alligator's skin is textured, and it has a prominent snout with sharp teeth. It appears to be crying, as indicated by the droplets of water falling from its eyes. The alligator's body is a mix of green and brown, with a pattern that suggests scales. It has a long tail with spikes at the end. The background is plain and white, which contrasts with the alligator's colorful appearance. There is no visible text in the image.	53378121588.png	The image is a stylized illustration of a man with a surprised or shocked expression. He has short, dark hair and a beard. The man is holding his hand to his face, with his index finger touching his nose, as if he is pointing or gesturing. His eyes are wide open, and his mouth is slightly open, which contributes to the surprised look. The background is a simple, solid color, and there are small, circular shapes in a contrasting color, possibly indicating a pattern or texture. There is no visible text in the image. The style of the illustration is cartoonish and appears to be designed for a modern, possibly digital, medium.	63875652452.png	The image is a digital illustration featuring two animated characters. On the left is a female character with short, dark hair, wearing an orange blouse and a dark skirt. She has a distressed expression with her mouth open and her eyes closed, as if she is crying or upset. On the right is a male character with short, dark hair and a beard, wearing an orange shirt with rolled-up sleeves. He has a fierce expression with his mouth open wide, teeth showing, and his eyes wide and intense, as if he is angry or shouting. There is no visible text in the image. The characters are depicted in a cartoon style with exaggerated facial expressions.
κροκοδείλια δάκρυα	Στο ντοκιμαντέρ έδειξαν καθαρά τα κροκοδείλια δάκρυα που σχηματίζονται όταν το ερπετό μασάει την τροφή του.		96025928141.png	The image features a cartoon alligator with a sad expression. It has large, expressive eyes and a small, drooping mouth. The alligator's skin is textured, and it has a prominent snout with sharp teeth. It appears to be crying, as indicated by the droplets of water falling from its eyes. The alligator's body is a mix of green and brown, with a pattern that suggests scales. It has a long tail with spikes at the end. The background is plain and white, which contrasts with the alligator's colorful appearance. There is no visible text in the image.	57165108466.png	The image features a stylized illustration of a dog with a predominantly orange and white coat. The dog has a happy expression with its mouth open, showing a pink tongue. Its eyes are closed, and it appears to be smiling. The dog's fur is fluffy and seems to be a mix of orange and white, with the white areas possibly indicating a breed with a white coat and orange markings. The dog's ears are large and floppy, and it has a black nose. The background is plain white, which contrasts with the dog's colorful fur. There is no visible text in the image. The style of the illustration is cartoonish and appears to be designed to evoke a sense of joy and friendliness.	53378121588.png	The image is a stylized illustration of a man with a surprised or shocked expression. He has short, dark hair and a beard. The man is holding his hand to his face, with his index finger touching his nose, as if he is pointing or gesturing. His eyes are wide open, and his mouth is slightly open, which contributes to the surprised look. The background is a simple, solid color, and there are small, circular shapes in a contrasting color, possibly indicating a pattern or texture. There is no visible text in the image. The style of the illustration is cartoonish and appears to be designed for a modern, possibly digital, medium.	63875652452.png	The image is a digital illustration featuring two animated characters. On the left is a female character with short, dark hair, wearing an orange blouse and a dark skirt. She has a distressed expression with her mouth open and her eyes closed, as if she is crying or upset. On the right is a male character with short, dark hair and a beard, wearing an orange shirt with rolled-up sleeves. He has a fierce expression with his mouth open wide, teeth showing, and his eyes wide and intense, as if he is angry or shouting. There is no visible text in the image. The characters are depicted in a cartoon style with exaggerated facial expressions.	39549135569.png	The image depicts an artistic illustration of an alligator with a vibrant, naturalistic environment. The alligator is positioned in the center of the image, with its body partially submerged in water. It has a detailed, textured skin with a variety of colors, including shades of green, brown, and gray. The alligator's eyes are wide open, and it appears to be looking directly at the viewer.  Surrounding the alligator are lily pads floating on the water's surface. There are also several orange flowers with green stems and leaves, some of which are partially submerged in the water. The flowers are scattered around the alligator, with some closer to the viewer and others further away.  The background is a plain, light color, which contrasts with the vivid colors of the alligator and the flowers. The overall style of the image is realistic with a touch of artistic flair, particularly in the rendering of the alligator's skin and the water's surface. There is no visible text in the image.
σιγανό ποταμάκι	ναι σίγουρα πάντα αποτελώ σιγανό ποταμάκι και βέβαια προσπαθώ κάτι να κρύψω, το πετυχαίνω καλά ε;		82651871064.png	The image depicts an animated character, a young man with curly hair, wearing glasses and headphones. He is seated at a desk with a laptop open in front of him. The character is dressed in a black jersey with the number 10 and a yellow stripe, white pants, and white shoes. He is holding a pen and appears to be reading a book. To the right of the desk, there is a stack of books and a sports ball. The background is plain and does not provide any additional context. There is no visible text in the image.	30891917657.png	The image depicts a serene landscape scene. In the foreground, there is a vibrant field of orange flowers with green stems and leaves. The flowers are in full bloom, creating a carpet of color. In the middle ground, there are several trees with green foliage, and a few are adorned with orange flowers. The background features a hazy, overcast sky, and in the distance, there is a small, quaint village with a red roofed house and a green roofed house. The overall style of the image is illustrative, with a soft, pastel color palette that gives it a gentle and peaceful atmosphere. There is no visible text in the image.	57066523099.png	The image depicts an outdoor scene where two individuals are engaged in painting. The central figure is a young person wearing an orange hat and a backpack, standing in front of an easel with a painting in progress. This individual is holding a paintbrush and appears to be painting. To the right of the easel, another person is seated on the ground, also engaged in painting, with a backpack and a paintbrush nearby.  In the background, there are several other people, some of whom are carrying handbags. The setting appears to be a public space, possibly a street or a park, with buildings in the distance. The style of the image is illustrative, with a focus on the subjects and their activities. There is no visible text in the image.	31760058245.png	The image depicts a serene natural landscape. A calm river meanders through the scene, reflecting the surrounding greenery. The river is flanked by lush trees and vegetation, with a variety of colors suggesting different types of plants. On the riverbank, there are rocks and patches of grass. The overall color palette is soothing, with a dominant use of greens and blues, creating a peaceful and tranquil atmosphere. There is no visible text in the image. The style of the image is illustrative, with a focus on the natural environment.	84727671574.png	The image depicts a natural landscape with a river flowing through a forested area. The river appears to be in motion, with visible whitecaps indicating rapid flow. The surrounding trees are lush and green, with some showing autumnal colors, suggesting the season might be fall. The sky is overcast, with a soft, diffused light that gives the scene a serene and somewhat misty atmosphere. There is no visible text in the image. The style of the image is a realistic photograph with a focus on the natural environment.
σιγανό ποταμάκι	"Θεωρείται "" σιγανό ποταμάκι "" και τις περισσότερες φορές είναι αρκετά επικριτικός με τους άλλους σε σημείο να γίνεται γκρινιάρης."		31760058245.png	The image depicts a serene natural landscape. A calm river meanders through the scene, reflecting the surrounding greenery. The river is flanked by lush trees and vegetation, with a variety of colors suggesting different types of plants. On the riverbank, there are rocks and patches of grass. The overall color palette is soothing, with a dominant use of greens and blues, creating a peaceful and tranquil atmosphere. There is no visible text in the image. The style of the image is illustrative, with a focus on the natural environment.	84727671574.png	The image depicts a natural landscape with a river flowing through a forested area. The river appears to be in motion, with visible whitecaps indicating rapid flow. The surrounding trees are lush and green, with some showing autumnal colors, suggesting the season might be fall. The sky is overcast, with a soft, diffused light that gives the scene a serene and somewhat misty atmosphere. There is no visible text in the image. The style of the image is a realistic photograph with a focus on the natural environment.	30891917657.png	The image depicts a serene landscape scene. In the foreground, there is a vibrant field of orange flowers with green stems and leaves. The flowers are in full bloom, creating a carpet of color. In the middle ground, there are several trees with green foliage, and a few are adorned with orange flowers. The background features a hazy, overcast sky, and in the distance, there is a small, quaint village with a red roofed house and a green roofed house. The overall style of the image is illustrative, with a soft, pastel color palette that gives it a gentle and peaceful atmosphere. There is no visible text in the image.	57066523099.png	The image depicts an outdoor scene where two individuals are engaged in painting. The central figure is a young person wearing an orange hat and a backpack, standing in front of an easel with a painting in progress. This individual is holding a paintbrush and appears to be painting. To the right of the easel, another person is seated on the ground, also engaged in painting, with a backpack and a paintbrush nearby.  In the background, there are several other people, some of whom are carrying handbags. The setting appears to be a public space, possibly a street or a park, with buildings in the distance. The style of the image is illustrative, with a focus on the subjects and their activities. There is no visible text in the image.	82651871064.png	The image depicts an animated character, a young man with curly hair, wearing glasses and headphones. He is seated at a desk with a laptop open in front of him. The character is dressed in a black jersey with the number 10 and a yellow stripe, white pants, and white shoes. He is holding a pen and appears to be reading a book. To the right of the desk, there is a stack of books and a sports ball. The background is plain and does not provide any additional context. There is no visible text in the image.
σιγανό ποταμάκι	Είναι σιγανό ποταμάκι ή για να κάνεις ράφτινγκ, είναι ξεροπόταμο ή έχει τους καταρράκτες του Νιαγάρα;		31760058245.png	The image depicts a serene natural landscape. A calm river meanders through the scene, reflecting the surrounding greenery. The river is flanked by lush trees and vegetation, with a variety of colors suggesting different types of plants. On the riverbank, there are rocks and patches of grass. The overall color palette is soothing, with a dominant use of greens and blues, creating a peaceful and tranquil atmosphere. There is no visible text in the image. The style of the image is illustrative, with a focus on the natural environment.	30891917657.png	The image depicts a serene landscape scene. In the foreground, there is a vibrant field of orange flowers with green stems and leaves. The flowers are in full bloom, creating a carpet of color. In the middle ground, there are several trees with green foliage, and a few are adorned with orange flowers. The background features a hazy, overcast sky, and in the distance, there is a small, quaint village with a red roofed house and a green roofed house. The overall style of the image is illustrative, with a soft, pastel color palette that gives it a gentle and peaceful atmosphere. There is no visible text in the image.	57066523099.png	The image depicts an outdoor scene where two individuals are engaged in painting. The central figure is a young person wearing an orange hat and a backpack, standing in front of an easel with a painting in progress. This individual is holding a paintbrush and appears to be painting. To the right of the easel, another person is seated on the ground, also engaged in painting, with a backpack and a paintbrush nearby.  In the background, there are several other people, some of whom are carrying handbags. The setting appears to be a public space, possibly a street or a park, with buildings in the distance. The style of the image is illustrative, with a focus on the subjects and their activities. There is no visible text in the image.	84727671574.png	The image depicts a natural landscape with a river flowing through a forested area. The river appears to be in motion, with visible whitecaps indicating rapid flow. The surrounding trees are lush and green, with some showing autumnal colors, suggesting the season might be fall. The sky is overcast, with a soft, diffused light that gives the scene a serene and somewhat misty atmosphere. There is no visible text in the image. The style of the image is a realistic photograph with a focus on the natural environment.	82651871064.png	The image depicts an animated character, a young man with curly hair, wearing glasses and headphones. He is seated at a desk with a laptop open in front of him. The character is dressed in a black jersey with the number 10 and a yellow stripe, white pants, and white shoes. He is holding a pen and appears to be reading a book. To the right of the desk, there is a stack of books and a sports ball. The background is plain and does not provide any additional context. There is no visible text in the image.
σιγανό ποταμάκι	Το μονοπάτι περνούσε δίπλα από ένα σιγανό ποταμάκι που κυλούσε ήρεμα μέσα στο δάσος.		57066523099.png	The image depicts an outdoor scene where two individuals are engaged in painting. The central figure is a young person wearing an orange hat and a backpack, standing in front of an easel with a painting in progress. This individual is holding a paintbrush and appears to be painting. To the right of the easel, another person is seated on the ground, also engaged in painting, with a backpack and a paintbrush nearby.  In the background, there are several other people, some of whom are carrying handbags. The setting appears to be a public space, possibly a street or a park, with buildings in the distance. The style of the image is illustrative, with a focus on the subjects and their activities. There is no visible text in the image.	82651871064.png	The image depicts an animated character, a young man with curly hair, wearing glasses and headphones. He is seated at a desk with a laptop open in front of him. The character is dressed in a black jersey with the number 10 and a yellow stripe, white pants, and white shoes. He is holding a pen and appears to be reading a book. To the right of the desk, there is a stack of books and a sports ball. The background is plain and does not provide any additional context. There is no visible text in the image.	31760058245.png	The image depicts a serene natural landscape. A calm river meanders through the scene, reflecting the surrounding greenery. The river is flanked by lush trees and vegetation, with a variety of colors suggesting different types of plants. On the riverbank, there are rocks and patches of grass. The overall color palette is soothing, with a dominant use of greens and blues, creating a peaceful and tranquil atmosphere. There is no visible text in the image. The style of the image is illustrative, with a focus on the natural environment.	84727671574.png	The image depicts a natural landscape with a river flowing through a forested area. The river appears to be in motion, with visible whitecaps indicating rapid flow. The surrounding trees are lush and green, with some showing autumnal colors, suggesting the season might be fall. The sky is overcast, with a soft, diffused light that gives the scene a serene and somewhat misty atmosphere. There is no visible text in the image. The style of the image is a realistic photograph with a focus on the natural environment.	30891917657.png	The image depicts a serene landscape scene. In the foreground, there is a vibrant field of orange flowers with green stems and leaves. The flowers are in full bloom, creating a carpet of color. In the middle ground, there are several trees with green foliage, and a few are adorned with orange flowers. The background features a hazy, overcast sky, and in the distance, there is a small, quaint village with a red roofed house and a green roofed house. The overall style of the image is illustrative, with a soft, pastel color palette that gives it a gentle and peaceful atmosphere. There is no visible text in the image.
την έβαψα	"Κι όταν με βούτηξε ένας όταν βγήκαμε έξω, λέω ""αμάν, την έβαψα ""."		43089191728.png	The image depicts an animated character, an older man with gray hair and a mustache, sitting on a worn, orange armchair. He is wearing glasses and a yellow shirt. The man is engaged in a crafting activity, using a hammer to work on a yellow and black object that appears to be a mechanical or electronic device. The chair has a wooden frame and is positioned against a plain, light background. The man's shadow is cast on the ground, suggesting a light source from the upper left side of the image. There is no visible text in the image.	12098527736.png	The image shows a cartoon-style depiction of a large orange bucket with a black handle. The bucket appears to be tipped over, with a small amount of orange liquid spilling out onto the white background. The handle is attached to the top of the bucket, and there is a wooden peg on the handle. The bucket has a textured surface, and the liquid has a glossy appearance. There is no visible text in the image.	37234863533.png	The image depicts an animated character, a young boy with brown hair and a surprised expression. He is wearing an orange shirt with a yellow emblem on the left side of his chest. The boy is sitting on the ground with his back against a brick wall, which has a large crack in it. The ground appears to be a concrete surface with some debris scattered around. The background is plain white, emphasizing the character and the wall. There is no visible text in the image.	55615550401.png	The image depicts an animated character, a man with a beard, wearing an orange raincoat and a backpack. He appears to be in distress or disbelief, with his arms outstretched and his mouth open as if shouting or calling out. The background is a muted gray with a subtle, misty effect, and there are several small, dark shapes that could be interpreted as birds or insects flying around him. The style of the image is illustrative and has a painterly quality.	76306640905.png	The image depicts a stylized illustration of a young girl and an older woman. The girl is seated on a small stool, holding a black object that resembles a paint palette. She is wearing an orange dress with a yellow collar and has a small orange flower in her hair. The woman is kneeling beside her, holding a paintbrush and applying makeup to the girl's face. The woman is wearing an orange dress with a patterned design and has her hair tied up in a bun. Both characters are smiling and appear to be engaged in a friendly, caring interaction. The background is plain white, emphasizing the subjects. There are no visible texts in the image.
την έβαψα	Μόνο να μην με βάλουνε στην πρώτη σειρά, γιατί την έβαψα.		55615550401.png	The image depicts an animated character, a man with a beard, wearing an orange raincoat and a backpack. He appears to be in distress or disbelief, with his arms outstretched and his mouth open as if shouting or calling out. The background is a muted gray with a subtle, misty effect, and there are several small, dark shapes that could be interpreted as birds or insects flying around him. The style of the image is illustrative and has a painterly quality.	37234863533.png	The image depicts an animated character, a young boy with brown hair and a surprised expression. He is wearing an orange shirt with a yellow emblem on the left side of his chest. The boy is sitting on the ground with his back against a brick wall, which has a large crack in it. The ground appears to be a concrete surface with some debris scattered around. The background is plain white, emphasizing the character and the wall. There is no visible text in the image.	12098527736.png	The image shows a cartoon-style depiction of a large orange bucket with a black handle. The bucket appears to be tipped over, with a small amount of orange liquid spilling out onto the white background. The handle is attached to the top of the bucket, and there is a wooden peg on the handle. The bucket has a textured surface, and the liquid has a glossy appearance. There is no visible text in the image.	43089191728.png	The image depicts an animated character, an older man with gray hair and a mustache, sitting on a worn, orange armchair. He is wearing glasses and a yellow shirt. The man is engaged in a crafting activity, using a hammer to work on a yellow and black object that appears to be a mechanical or electronic device. The chair has a wooden frame and is positioned against a plain, light background. The man's shadow is cast on the ground, suggesting a light source from the upper left side of the image. There is no visible text in the image.	76306640905.png	The image depicts a stylized illustration of a young girl and an older woman. The girl is seated on a small stool, holding a black object that resembles a paint palette. She is wearing an orange dress with a yellow collar and has a small orange flower in her hair. The woman is kneeling beside her, holding a paintbrush and applying makeup to the girl's face. The woman is wearing an orange dress with a patterned design and has her hair tied up in a bun. Both characters are smiling and appear to be engaged in a friendly, caring interaction. The background is plain white, emphasizing the subjects. There are no visible texts in the image.
την έβαψα	Η χαμηλή ντουλάπα που χρησιμοποιούσα ως λινοθήκη στην αποθήκη, βρήκε τη θέση της στο δωμάτιο της Φεγγαρένιας, αφού πρώτα την  έβαψα κι έντυσα το εσωτερικό της με ταπετσαρία.		12098527736.png	The image shows a cartoon-style depiction of a large orange bucket with a black handle. The bucket appears to be tipped over, with a small amount of orange liquid spilling out onto the white background. The handle is attached to the top of the bucket, and there is a wooden peg on the handle. The bucket has a textured surface, and the liquid has a glossy appearance. There is no visible text in the image.	37234863533.png	The image depicts an animated character, a young boy with brown hair and a surprised expression. He is wearing an orange shirt with a yellow emblem on the left side of his chest. The boy is sitting on the ground with his back against a brick wall, which has a large crack in it. The ground appears to be a concrete surface with some debris scattered around. The background is plain white, emphasizing the character and the wall. There is no visible text in the image.	43089191728.png	The image depicts an animated character, an older man with gray hair and a mustache, sitting on a worn, orange armchair. He is wearing glasses and a yellow shirt. The man is engaged in a crafting activity, using a hammer to work on a yellow and black object that appears to be a mechanical or electronic device. The chair has a wooden frame and is positioned against a plain, light background. The man's shadow is cast on the ground, suggesting a light source from the upper left side of the image. There is no visible text in the image.	55615550401.png	The image depicts an animated character, a man with a beard, wearing an orange raincoat and a backpack. He appears to be in distress or disbelief, with his arms outstretched and his mouth open as if shouting or calling out. The background is a muted gray with a subtle, misty effect, and there are several small, dark shapes that could be interpreted as birds or insects flying around him. The style of the image is illustrative and has a painterly quality.	76306640905.png	The image depicts a stylized illustration of a young girl and an older woman. The girl is seated on a small stool, holding a black object that resembles a paint palette. She is wearing an orange dress with a yellow collar and has a small orange flower in her hair. The woman is kneeling beside her, holding a paintbrush and applying makeup to the girl's face. The woman is wearing an orange dress with a patterned design and has her hair tied up in a bun. Both characters are smiling and appear to be engaged in a friendly, caring interaction. The background is plain white, emphasizing the subjects. There are no visible texts in the image.
την έβαψα	Όταν έχασα την αδερφή μου πήγα μέσα στο νεκροτομείο και την έντυσα με μια μπλούζα και μια φούστα που της άρεσε και την έβαψα.		43089191728.png	The image depicts an animated character, an older man with gray hair and a mustache, sitting on a worn, orange armchair. He is wearing glasses and a yellow shirt. The man is engaged in a crafting activity, using a hammer to work on a yellow and black object that appears to be a mechanical or electronic device. The chair has a wooden frame and is positioned against a plain, light background. The man's shadow is cast on the ground, suggesting a light source from the upper left side of the image. There is no visible text in the image.	12098527736.png	The image shows a cartoon-style depiction of a large orange bucket with a black handle. The bucket appears to be tipped over, with a small amount of orange liquid spilling out onto the white background. The handle is attached to the top of the bucket, and there is a wooden peg on the handle. The bucket has a textured surface, and the liquid has a glossy appearance. There is no visible text in the image.	37234863533.png	The image depicts an animated character, a young boy with brown hair and a surprised expression. He is wearing an orange shirt with a yellow emblem on the left side of his chest. The boy is sitting on the ground with his back against a brick wall, which has a large crack in it. The ground appears to be a concrete surface with some debris scattered around. The background is plain white, emphasizing the character and the wall. There is no visible text in the image.	76306640905.png	The image depicts a stylized illustration of a young girl and an older woman. The girl is seated on a small stool, holding a black object that resembles a paint palette. She is wearing an orange dress with a yellow collar and has a small orange flower in her hair. The woman is kneeling beside her, holding a paintbrush and applying makeup to the girl's face. The woman is wearing an orange dress with a patterned design and has her hair tied up in a bun. Both characters are smiling and appear to be engaged in a friendly, caring interaction. The background is plain white, emphasizing the subjects. There are no visible texts in the image.	55615550401.png	The image depicts an animated character, a man with a beard, wearing an orange raincoat and a backpack. He appears to be in distress or disbelief, with his arms outstretched and his mouth open as if shouting or calling out. The background is a muted gray with a subtle, misty effect, and there are several small, dark shapes that could be interpreted as birds or insects flying around him. The style of the image is illustrative and has a painterly quality.
πισώπλατη μαχαιριά	Γι' αυτόν ακριβώς το λόγο φωτογραφίζει την πλάτη του ιεράρχη!Πισώπλατη μαχαιριά δηλαδή.Αυτή είναι η συμπεριφορά του άγνωστου ανεπάγγελτου και αργόσχολου ματάκια, που τρυπώνει αθόρυβα στην Αρχιεπισκοπή Αθηνών.		92160823957.png	The image is a digital illustration featuring two animated male characters. The character on the left is wearing a dark suit and is holding a knife with a red blade. He appears to be in motion, possibly running, with his head turned to the side. The character on the right is wearing an orange jacket and has a surprised or shocked expression on his face. He is also in motion, with his arms outstretched and his legs apart, as if he is running away. There is no visible text in the image. The style of the illustration is cartoonish and simplistic, with a limited color palette and a lack of detail that is typical of this genre.	53558723059.png	"The image is a digital illustration featuring two animated characters, both male, standing in front of a door. The character on the left is smiling and has his hand on the door handle, which is labeled ""TRAP"" in orange. He is wearing a white shirt, brown pants, and brown shoes. The character on the right is also smiling and has his hand extended towards the door handle, as if offering assistance or warning. He is wearing a gray shirt, black pants, and black shoes. There is no visible text other than the ""TRAP"" label on the door handle. The style of the illustration is cartoonish and friendly, with a limited color palette."	94572229791.png	The image depicts two animated characters. On the left, there is a character with dark hair, wearing an orange coat and holding a knife with a red stain on it. The character is walking away from the viewer. On the right, there is another character with dark hair, wearing a brown coat and facing away from the viewer. The background is plain white. There is no visible text in the image.	98132393081.png	The image shows two animated characters, both dressed in business attire with suits and ties. The character on the left is standing upright with one hand extended towards the other character, who is lying on the ground with their head turned to the side, appearing to be in a state of distress or discomfort. The character on the ground is wearing a suit and tie, and their facial expression conveys a sense of pain or discomfort. The character standing is also wearing a suit and tie, and their facial expression is one of concern or surprise. There is no visible text in the image. The style of the image is cartoonish and appears to be a digital illustration.	47106438203.png	The image depicts an animated character, a woman with dark hair styled in a bun, wearing a brown apron over a white blouse with a collar. She is standing in front of a small wooden flower stand with a thatched roof. The stand is adorned with various potted plants, including orange flowers and green foliage. The woman is smiling and has her arms crossed. The background is plain white, emphasizing the subject. There is no visible text in the image.
πισώπλατη μαχαιριά	Χριστούγεννα 1942: Η πισώπλατη μαχαιριά της Τουρκίας του Λεωνίδα Κουμάκη.Όποιος δεν θυμάται το παρελθόν του, είναι καταδικασμένος να το ξαναζήσει.		47106438203.png	The image depicts an animated character, a woman with dark hair styled in a bun, wearing a brown apron over a white blouse with a collar. She is standing in front of a small wooden flower stand with a thatched roof. The stand is adorned with various potted plants, including orange flowers and green foliage. The woman is smiling and has her arms crossed. The background is plain white, emphasizing the subject. There is no visible text in the image.	92160823957.png	The image is a digital illustration featuring two animated male characters. The character on the left is wearing a dark suit and is holding a knife with a red blade. He appears to be in motion, possibly running, with his head turned to the side. The character on the right is wearing an orange jacket and has a surprised or shocked expression on his face. He is also in motion, with his arms outstretched and his legs apart, as if he is running away. There is no visible text in the image. The style of the illustration is cartoonish and simplistic, with a limited color palette and a lack of detail that is typical of this genre.	53558723059.png	"The image is a digital illustration featuring two animated characters, both male, standing in front of a door. The character on the left is smiling and has his hand on the door handle, which is labeled ""TRAP"" in orange. He is wearing a white shirt, brown pants, and brown shoes. The character on the right is also smiling and has his hand extended towards the door handle, as if offering assistance or warning. He is wearing a gray shirt, black pants, and black shoes. There is no visible text other than the ""TRAP"" label on the door handle. The style of the illustration is cartoonish and friendly, with a limited color palette."	94572229791.png	The image depicts two animated characters. On the left, there is a character with dark hair, wearing an orange coat and holding a knife with a red stain on it. The character is walking away from the viewer. On the right, there is another character with dark hair, wearing a brown coat and facing away from the viewer. The background is plain white. There is no visible text in the image.	98132393081.png	The image shows two animated characters, both dressed in business attire with suits and ties. The character on the left is standing upright with one hand extended towards the other character, who is lying on the ground with their head turned to the side, appearing to be in a state of distress or discomfort. The character on the ground is wearing a suit and tie, and their facial expression conveys a sense of pain or discomfort. The character standing is also wearing a suit and tie, and their facial expression is one of concern or surprise. There is no visible text in the image. The style of the image is cartoonish and appears to be a digital illustration.
πισώπλατη μαχαιριά	Η ηλικιωμένη βρέθηκε νεκρή στο σπίτι της, φέροντας πισώπλατη μαχαιριά, ενώ το σπίτι ήταν γεμάτο πατημασιές με αίμα.		92160823957.png	The image is a digital illustration featuring two animated male characters. The character on the left is wearing a dark suit and is holding a knife with a red blade. He appears to be in motion, possibly running, with his head turned to the side. The character on the right is wearing an orange jacket and has a surprised or shocked expression on his face. He is also in motion, with his arms outstretched and his legs apart, as if he is running away. There is no visible text in the image. The style of the illustration is cartoonish and simplistic, with a limited color palette and a lack of detail that is typical of this genre.	47106438203.png	The image depicts an animated character, a woman with dark hair styled in a bun, wearing a brown apron over a white blouse with a collar. She is standing in front of a small wooden flower stand with a thatched roof. The stand is adorned with various potted plants, including orange flowers and green foliage. The woman is smiling and has her arms crossed. The background is plain white, emphasizing the subject. There is no visible text in the image.	98132393081.png	The image shows two animated characters, both dressed in business attire with suits and ties. The character on the left is standing upright with one hand extended towards the other character, who is lying on the ground with their head turned to the side, appearing to be in a state of distress or discomfort. The character on the ground is wearing a suit and tie, and their facial expression conveys a sense of pain or discomfort. The character standing is also wearing a suit and tie, and their facial expression is one of concern or surprise. There is no visible text in the image. The style of the image is cartoonish and appears to be a digital illustration.	94572229791.png	The image depicts two animated characters. On the left, there is a character with dark hair, wearing an orange coat and holding a knife with a red stain on it. The character is walking away from the viewer. On the right, there is another character with dark hair, wearing a brown coat and facing away from the viewer. The background is plain white. There is no visible text in the image.	53558723059.png	"The image is a digital illustration featuring two animated characters, both male, standing in front of a door. The character on the left is smiling and has his hand on the door handle, which is labeled ""TRAP"" in orange. He is wearing a white shirt, brown pants, and brown shoes. The character on the right is also smiling and has his hand extended towards the door handle, as if offering assistance or warning. He is wearing a gray shirt, black pants, and black shoes. There is no visible text other than the ""TRAP"" label on the door handle. The style of the illustration is cartoonish and friendly, with a limited color palette."
πισώπλατη μαχαιριά	Με πισώπλατη μαχαιριά η Ρωσίδα σκότωσε τον 68χρονο σύζυγό της		94572229791.png	The image depicts two animated characters. On the left, there is a character with dark hair, wearing an orange coat and holding a knife with a red stain on it. The character is walking away from the viewer. On the right, there is another character with dark hair, wearing a brown coat and facing away from the viewer. The background is plain white. There is no visible text in the image.	98132393081.png	The image shows two animated characters, both dressed in business attire with suits and ties. The character on the left is standing upright with one hand extended towards the other character, who is lying on the ground with their head turned to the side, appearing to be in a state of distress or discomfort. The character on the ground is wearing a suit and tie, and their facial expression conveys a sense of pain or discomfort. The character standing is also wearing a suit and tie, and their facial expression is one of concern or surprise. There is no visible text in the image. The style of the image is cartoonish and appears to be a digital illustration.	92160823957.png	The image is a digital illustration featuring two animated male characters. The character on the left is wearing a dark suit and is holding a knife with a red blade. He appears to be in motion, possibly running, with his head turned to the side. The character on the right is wearing an orange jacket and has a surprised or shocked expression on his face. He is also in motion, with his arms outstretched and his legs apart, as if he is running away. There is no visible text in the image. The style of the illustration is cartoonish and simplistic, with a limited color palette and a lack of detail that is typical of this genre.	47106438203.png	The image depicts an animated character, a woman with dark hair styled in a bun, wearing a brown apron over a white blouse with a collar. She is standing in front of a small wooden flower stand with a thatched roof. The stand is adorned with various potted plants, including orange flowers and green foliage. The woman is smiling and has her arms crossed. The background is plain white, emphasizing the subject. There is no visible text in the image.	53558723059.png	"The image is a digital illustration featuring two animated characters, both male, standing in front of a door. The character on the left is smiling and has his hand on the door handle, which is labeled ""TRAP"" in orange. He is wearing a white shirt, brown pants, and brown shoes. The character on the right is also smiling and has his hand extended towards the door handle, as if offering assistance or warning. He is wearing a gray shirt, black pants, and black shoes. There is no visible text other than the ""TRAP"" label on the door handle. The style of the illustration is cartoonish and friendly, with a limited color palette."
διπλό χτύπημα	Έτσι η Γερμανία κατάφερε ένα διπλό χτύπημα , αξιοποιώντας τις φτωχές χώρες της Ευρώπης για να πλουτίσει τόσο από τα δάνεια όσο και από τις εξαγωγές των προϊόντων της.		62762622548.png	The image depicts an animated character, a young girl with brown hair, standing in front of a house that is on fire. The girl is wearing an orange dress and appears to be looking at the house with a concerned expression. The house has a thatched roof and is surrounded by water, suggesting that the fire has caused a flood. The flames are visible on the roof of the house, and there are embers flying in the air. The background is white, which contrasts with the darker tones of the house and the fire. There is no visible text in the image.	44922432138.png	The image is a digital illustration of a man sitting at a table. He has a beard and mustache, and his hair is styled in a messy manner. The man is wearing a dark jacket over a lighter shirt. He appears to be engaged in a card game, with several cards spread out on the table in front of him. There are also some orange shapes that resemble folded paper or cards flying around him, suggesting a sense of excitement or action. The background is plain and does not provide any additional context. There is no visible text in the image.	93535607972.png	The image features a stylized, cartoonish depiction of a boxing glove. The glove is predominantly orange with a glossy finish, and it has a large, open hole in the center, revealing a darker interior. The glove is attached to a brown belt with a buckle, which is visible at the bottom of the image. The belt has a black patch with a white cross on it. The background is a plain, light gray color. There is no visible text in the image.	26222331782.png	The image depicts two animated characters engaged in a boxing match. The character on the left is wearing orange shorts and white boxing gloves, with a determined expression. The character on the right is wearing brown shorts and white gloves, also with a focused expression. Both characters are in a fighting stance, with their fists raised, suggesting they are in the middle of a bout. The background is a plain, dark gray, which contrasts with the characters and highlights their actions. There is no visible text in the image.	56474215371.png	The image features a cartoon depiction of a man playing a drum set. The man has a beard and mustache, wears glasses, and is dressed in a plaid shirt and shorts. He is holding drumsticks in both hands and is seated on a stool. The drum set consists of a large orange drum and a smaller one, with cymbals attached to the top of the larger drum. The man appears to be in motion, possibly playing the drums. There is no visible text in the image.
διπλό χτύπημα	Διπλό χτύπημα Με τη Ρωσία να εξάγει κυρίως ενέργεια, οι γερμανικές βιομηχανίες θα δεχθούν διπλό χτύπημα σε περίπτωση διατάραξης των εμπορικών σχέσεων.		93535607972.png	The image features a stylized, cartoonish depiction of a boxing glove. The glove is predominantly orange with a glossy finish, and it has a large, open hole in the center, revealing a darker interior. The glove is attached to a brown belt with a buckle, which is visible at the bottom of the image. The belt has a black patch with a white cross on it. The background is a plain, light gray color. There is no visible text in the image.	26222331782.png	The image depicts two animated characters engaged in a boxing match. The character on the left is wearing orange shorts and white boxing gloves, with a determined expression. The character on the right is wearing brown shorts and white gloves, also with a focused expression. Both characters are in a fighting stance, with their fists raised, suggesting they are in the middle of a bout. The background is a plain, dark gray, which contrasts with the characters and highlights their actions. There is no visible text in the image.	56474215371.png	The image features a cartoon depiction of a man playing a drum set. The man has a beard and mustache, wears glasses, and is dressed in a plaid shirt and shorts. He is holding drumsticks in both hands and is seated on a stool. The drum set consists of a large orange drum and a smaller one, with cymbals attached to the top of the larger drum. The man appears to be in motion, possibly playing the drums. There is no visible text in the image.	44922432138.png	The image is a digital illustration of a man sitting at a table. He has a beard and mustache, and his hair is styled in a messy manner. The man is wearing a dark jacket over a lighter shirt. He appears to be engaged in a card game, with several cards spread out on the table in front of him. There are also some orange shapes that resemble folded paper or cards flying around him, suggesting a sense of excitement or action. The background is plain and does not provide any additional context. There is no visible text in the image.	62762622548.png	The image depicts an animated character, a young girl with brown hair, standing in front of a house that is on fire. The girl is wearing an orange dress and appears to be looking at the house with a concerned expression. The house has a thatched roof and is surrounded by water, suggesting that the fire has caused a flood. The flames are visible on the roof of the house, and there are embers flying in the air. The background is white, which contrasts with the darker tones of the house and the fire. There is no visible text in the image.
διπλό χτύπημα	Το τύμπανο αντήχησε δυνατά όταν ο μουσικός έδωσε ένα γρήγορο διπλό χτύπημα με τις μπαγκέτες.		62762622548.png	The image depicts an animated character, a young girl with brown hair, standing in front of a house that is on fire. The girl is wearing an orange dress and appears to be looking at the house with a concerned expression. The house has a thatched roof and is surrounded by water, suggesting that the fire has caused a flood. The flames are visible on the roof of the house, and there are embers flying in the air. The background is white, which contrasts with the darker tones of the house and the fire. There is no visible text in the image.	26222331782.png	The image depicts two animated characters engaged in a boxing match. The character on the left is wearing orange shorts and white boxing gloves, with a determined expression. The character on the right is wearing brown shorts and white gloves, also with a focused expression. Both characters are in a fighting stance, with their fists raised, suggesting they are in the middle of a bout. The background is a plain, dark gray, which contrasts with the characters and highlights their actions. There is no visible text in the image.	93535607972.png	The image features a stylized, cartoonish depiction of a boxing glove. The glove is predominantly orange with a glossy finish, and it has a large, open hole in the center, revealing a darker interior. The glove is attached to a brown belt with a buckle, which is visible at the bottom of the image. The belt has a black patch with a white cross on it. The background is a plain, light gray color. There is no visible text in the image.	44922432138.png	The image is a digital illustration of a man sitting at a table. He has a beard and mustache, and his hair is styled in a messy manner. The man is wearing a dark jacket over a lighter shirt. He appears to be engaged in a card game, with several cards spread out on the table in front of him. There are also some orange shapes that resemble folded paper or cards flying around him, suggesting a sense of excitement or action. The background is plain and does not provide any additional context. There is no visible text in the image.	56474215371.png	The image features a cartoon depiction of a man playing a drum set. The man has a beard and mustache, wears glasses, and is dressed in a plaid shirt and shorts. He is holding drumsticks in both hands and is seated on a stool. The drum set consists of a large orange drum and a smaller one, with cymbals attached to the top of the larger drum. The man appears to be in motion, possibly playing the drums. There is no visible text in the image.
διπλό χτύπημα	Ο πυγμάχος κατάφερε ένα διπλό χτύπημα στον αντίπαλό του μέσα σε λίγα δευτερόλεπτα.		56474215371.png	The image features a cartoon depiction of a man playing a drum set. The man has a beard and mustache, wears glasses, and is dressed in a plaid shirt and shorts. He is holding drumsticks in both hands and is seated on a stool. The drum set consists of a large orange drum and a smaller one, with cymbals attached to the top of the larger drum. The man appears to be in motion, possibly playing the drums. There is no visible text in the image.	62762622548.png	The image depicts an animated character, a young girl with brown hair, standing in front of a house that is on fire. The girl is wearing an orange dress and appears to be looking at the house with a concerned expression. The house has a thatched roof and is surrounded by water, suggesting that the fire has caused a flood. The flames are visible on the roof of the house, and there are embers flying in the air. The background is white, which contrasts with the darker tones of the house and the fire. There is no visible text in the image.	93535607972.png	The image features a stylized, cartoonish depiction of a boxing glove. The glove is predominantly orange with a glossy finish, and it has a large, open hole in the center, revealing a darker interior. The glove is attached to a brown belt with a buckle, which is visible at the bottom of the image. The belt has a black patch with a white cross on it. The background is a plain, light gray color. There is no visible text in the image.	44922432138.png	The image is a digital illustration of a man sitting at a table. He has a beard and mustache, and his hair is styled in a messy manner. The man is wearing a dark jacket over a lighter shirt. He appears to be engaged in a card game, with several cards spread out on the table in front of him. There are also some orange shapes that resemble folded paper or cards flying around him, suggesting a sense of excitement or action. The background is plain and does not provide any additional context. There is no visible text in the image.	26222331782.png	The image depicts two animated characters engaged in a boxing match. The character on the left is wearing orange shorts and white boxing gloves, with a determined expression. The character on the right is wearing brown shorts and white gloves, also with a focused expression. Both characters are in a fighting stance, with their fists raised, suggesting they are in the middle of a bout. The background is a plain, dark gray, which contrasts with the characters and highlights their actions. There is no visible text in the image.
ελέφαντας στο δωμάτιο	Αυτός ο μεγάλος ελέφαντας στο δωμάτιο με την πασμίνα στην μέση, τον οποίο κανείς δεν αναφέρει.		50413892115.png	The image is a digital illustration featuring two animated characters, a man and a woman, sitting at a table. The man is on the left, wearing a gray shirt and glasses, with his hands on a laptop. The woman is on the right, wearing a green shirt and glasses, with her hand on her chin. Both characters have brown hair and are depicted in a cartoon style.  The table is set with a coffee cup and a pen holder with pens. The background is white with orange bubbles floating around the characters, suggesting a creative or brainstorming environment. There is no visible text in the image. The characters appear to be engaged in a conversation or a collaborative activity.	66702831528.png	The image depicts an animated scene with a large, gray elephant standing in a doorway. The elephant is looking to the left with a slight smile, and its trunk is extended towards a lamp with an orange shade. The lamp is positioned on the right side of the doorway. The doorway is framed by a wooden structure with vines and flowers growing around it, adding a touch of nature to the scene. Inside the room, there is a single piece of furniture, an orange couch, visible through the doorway. The background of the room is not detailed, but it appears to be a simple, light-colored space. There is no visible text in the image. The style of the image is cartoonish and whimsical, with a focus on the interaction between the elephant and the lamp.	23078372748.png	The image depicts a cozy, small room with a large, orange bed in the center. On the bed, there is a white pillow and a book. To the right of the bed, there is a desk with a laptop, a cup, and a plant. Above the desk, a window with curtains is visible, allowing natural light into the room. On the left side of the bed, there is a nightstand with a clock and a lamp. The room is decorated with various items such as books, a vase, and a potted plant. The overall style of the image is illustrative and colorful.	17429600414.png	The image depicts a large, gray elephant walking towards the viewer, with a person in an orange dress standing in front of it. The elephant is in the foreground, and the person is positioned slightly to the right of the elephant. Behind the elephant, there is a crowd of people, and in the background, the United States Capitol building is visible. The style of the image is illustrative, with a limited color palette and a flat, two-dimensional appearance. There is no visible text in the image.	17540982620.png	The image is a cartoon illustration featuring a group of characters. In the center stands a large, overweight man with a surprised expression, wearing a black suit with a white shirt and a black bow tie. He has a bald head and is holding a cane. To his left is a woman in an orange dress with a surprised expression, and to his right is a man in a suit with a surprised expression. Behind the man in the suit, there is a woman in a brown dress with a surprised expression, and a man in a suit with a surprised expression. The background is a plain gray color. There is no visible text in the image. The style of the illustration is reminiscent of a comic or animated film.
ελέφαντας στο δωμάτιο	Εξακολουθεί να αγνοεί τον ελέφαντα στο δωμάτιο σε σχέση με τα δημοσιονομικά προβλήματα της Ελλάδας: τον τεράστιο και περιττό στρατιωτικό προϋπολογισμό της.		66702831528.png	The image depicts an animated scene with a large, gray elephant standing in a doorway. The elephant is looking to the left with a slight smile, and its trunk is extended towards a lamp with an orange shade. The lamp is positioned on the right side of the doorway. The doorway is framed by a wooden structure with vines and flowers growing around it, adding a touch of nature to the scene. Inside the room, there is a single piece of furniture, an orange couch, visible through the doorway. The background of the room is not detailed, but it appears to be a simple, light-colored space. There is no visible text in the image. The style of the image is cartoonish and whimsical, with a focus on the interaction between the elephant and the lamp.	17429600414.png	The image depicts a large, gray elephant walking towards the viewer, with a person in an orange dress standing in front of it. The elephant is in the foreground, and the person is positioned slightly to the right of the elephant. Behind the elephant, there is a crowd of people, and in the background, the United States Capitol building is visible. The style of the image is illustrative, with a limited color palette and a flat, two-dimensional appearance. There is no visible text in the image.	17540982620.png	The image is a cartoon illustration featuring a group of characters. In the center stands a large, overweight man with a surprised expression, wearing a black suit with a white shirt and a black bow tie. He has a bald head and is holding a cane. To his left is a woman in an orange dress with a surprised expression, and to his right is a man in a suit with a surprised expression. Behind the man in the suit, there is a woman in a brown dress with a surprised expression, and a man in a suit with a surprised expression. The background is a plain gray color. There is no visible text in the image. The style of the illustration is reminiscent of a comic or animated film.	50413892115.png	The image is a digital illustration featuring two animated characters, a man and a woman, sitting at a table. The man is on the left, wearing a gray shirt and glasses, with his hands on a laptop. The woman is on the right, wearing a green shirt and glasses, with her hand on her chin. Both characters have brown hair and are depicted in a cartoon style.  The table is set with a coffee cup and a pen holder with pens. The background is white with orange bubbles floating around the characters, suggesting a creative or brainstorming environment. There is no visible text in the image. The characters appear to be engaged in a conversation or a collaborative activity.	23078372748.png	The image depicts a cozy, small room with a large, orange bed in the center. On the bed, there is a white pillow and a book. To the right of the bed, there is a desk with a laptop, a cup, and a plant. Above the desk, a window with curtains is visible, allowing natural light into the room. On the left side of the bed, there is a nightstand with a clock and a lamp. The room is decorated with various items such as books, a vase, and a potted plant. The overall style of the image is illustrative and colorful.
ελέφαντας στο δωμάτιο	Όταν άνοιξα την πόρτα, αντίκρισα έναν ελέφαντα στο δωμάτιο, που έτρωγε τα λουλούδια από τη γλάστρα.		66702831528.png	The image depicts an animated scene with a large, gray elephant standing in a doorway. The elephant is looking to the left with a slight smile, and its trunk is extended towards a lamp with an orange shade. The lamp is positioned on the right side of the doorway. The doorway is framed by a wooden structure with vines and flowers growing around it, adding a touch of nature to the scene. Inside the room, there is a single piece of furniture, an orange couch, visible through the doorway. The background of the room is not detailed, but it appears to be a simple, light-colored space. There is no visible text in the image. The style of the image is cartoonish and whimsical, with a focus on the interaction between the elephant and the lamp.	17540982620.png	The image is a cartoon illustration featuring a group of characters. In the center stands a large, overweight man with a surprised expression, wearing a black suit with a white shirt and a black bow tie. He has a bald head and is holding a cane. To his left is a woman in an orange dress with a surprised expression, and to his right is a man in a suit with a surprised expression. Behind the man in the suit, there is a woman in a brown dress with a surprised expression, and a man in a suit with a surprised expression. The background is a plain gray color. There is no visible text in the image. The style of the illustration is reminiscent of a comic or animated film.	17429600414.png	The image depicts a large, gray elephant walking towards the viewer, with a person in an orange dress standing in front of it. The elephant is in the foreground, and the person is positioned slightly to the right of the elephant. Behind the elephant, there is a crowd of people, and in the background, the United States Capitol building is visible. The style of the image is illustrative, with a limited color palette and a flat, two-dimensional appearance. There is no visible text in the image.	23078372748.png	The image depicts a cozy, small room with a large, orange bed in the center. On the bed, there is a white pillow and a book. To the right of the bed, there is a desk with a laptop, a cup, and a plant. Above the desk, a window with curtains is visible, allowing natural light into the room. On the left side of the bed, there is a nightstand with a clock and a lamp. The room is decorated with various items such as books, a vase, and a potted plant. The overall style of the image is illustrative and colorful.	50413892115.png	The image is a digital illustration featuring two animated characters, a man and a woman, sitting at a table. The man is on the left, wearing a gray shirt and glasses, with his hands on a laptop. The woman is on the right, wearing a green shirt and glasses, with her hand on her chin. Both characters have brown hair and are depicted in a cartoon style.  The table is set with a coffee cup and a pen holder with pens. The background is white with orange bubbles floating around the characters, suggesting a creative or brainstorming environment. There is no visible text in the image. The characters appear to be engaged in a conversation or a collaborative activity.
ελέφαντας στο δωμάτιο	Ο ελέφαντας στο δωμάτιο χτυπούσε με τα πόδια του το πάτωμα και αναστάτωνε τα πάντα γύρω του.		50413892115.png	The image is a digital illustration featuring two animated characters, a man and a woman, sitting at a table. The man is on the left, wearing a gray shirt and glasses, with his hands on a laptop. The woman is on the right, wearing a green shirt and glasses, with her hand on her chin. Both characters have brown hair and are depicted in a cartoon style.  The table is set with a coffee cup and a pen holder with pens. The background is white with orange bubbles floating around the characters, suggesting a creative or brainstorming environment. There is no visible text in the image. The characters appear to be engaged in a conversation or a collaborative activity.	17540982620.png	The image is a cartoon illustration featuring a group of characters. In the center stands a large, overweight man with a surprised expression, wearing a black suit with a white shirt and a black bow tie. He has a bald head and is holding a cane. To his left is a woman in an orange dress with a surprised expression, and to his right is a man in a suit with a surprised expression. Behind the man in the suit, there is a woman in a brown dress with a surprised expression, and a man in a suit with a surprised expression. The background is a plain gray color. There is no visible text in the image. The style of the illustration is reminiscent of a comic or animated film.	17429600414.png	The image depicts a large, gray elephant walking towards the viewer, with a person in an orange dress standing in front of it. The elephant is in the foreground, and the person is positioned slightly to the right of the elephant. Behind the elephant, there is a crowd of people, and in the background, the United States Capitol building is visible. The style of the image is illustrative, with a limited color palette and a flat, two-dimensional appearance. There is no visible text in the image.	23078372748.png	The image depicts a cozy, small room with a large, orange bed in the center. On the bed, there is a white pillow and a book. To the right of the bed, there is a desk with a laptop, a cup, and a plant. Above the desk, a window with curtains is visible, allowing natural light into the room. On the left side of the bed, there is a nightstand with a clock and a lamp. The room is decorated with various items such as books, a vase, and a potted plant. The overall style of the image is illustrative and colorful.	66702831528.png	The image depicts an animated scene with a large, gray elephant standing in a doorway. The elephant is looking to the left with a slight smile, and its trunk is extended towards a lamp with an orange shade. The lamp is positioned on the right side of the doorway. The doorway is framed by a wooden structure with vines and flowers growing around it, adding a touch of nature to the scene. Inside the room, there is a single piece of furniture, an orange couch, visible through the doorway. The background of the room is not detailed, but it appears to be a simple, light-colored space. There is no visible text in the image. The style of the image is cartoonish and whimsical, with a focus on the interaction between the elephant and the lamp.
αποδιοπομπαίος τράγος	Χρησιμοποιήθηκε ως αποδιοπομπαίος τράγος για να εξορκίσει αμαρτίες ανθρώπων ή για να αποτελέσει άλλοθι σε εγκληματικές πράξεις;		73170936989.png	The image is a stylized illustration featuring a group of animated characters and a sheep. The characters are depicted in a cartoon style with exaggerated features, and they are dressed in what appears to be traditional or historical clothing. The characters are standing around a small, stone-like structure with a fire burning on top. A sheep is lying on the ground in front of the structure, and there is a bowl and a coconut nearby. The characters are smiling and seem to be engaged in a friendly or communal activity. The background is plain and does not provide any additional context. There is no visible text in the image.	58174646232.png	The image is a cartoon illustration featuring three animated characters. On the left, there is a man wearing glasses, a suit, and a tie, with his hands on his hips and his mouth open as if he is speaking or gesturing. In the center, there is a woman with her hair styled in a bun, wearing a dark suit and a white shirt, with her hands outstretched and her mouth open in a surprised or shocked expression. On the right, there is a boy with short hair, wearing a suit and a tie, sitting at a desk with a laptop open in front of him. He has a surprised or confused look on his face. The boy is pointing at the woman with his right hand. There is no visible text in the image. The style of the illustration is simplistic and colorful, with a focus on expressive facial features and body language.	26113402813.png	The image depicts an animated character, a young man with brown hair, wearing a white shirt and an orange tie, running with his mouth open as if crying or screaming. He is wearing brown shoes and has a distressed expression on his face. Behind him is a tall building with a waterfall cascading down its side, and there are green plants growing on the building's facade. The ground around the character is wet, suggesting that the waterfall has recently been active. There is no visible text in the image.	46947217005.png	The image is a stylized illustration featuring a man in a suit sitting on an orange couch. He is wearing glasses and has a beard. The man is holding his head with his hands, appearing relaxed or possibly tired. Behind him, there is a two-story house with a chimney, and in front of the house, there is a pile of money. The money is falling from the sky, creating a shower of bills around the man and the couch. The overall scene suggests a theme of wealth or financial success. There is no visible text in the image.	96409311905.png	The image features an illustration of a goat standing to the left of a large, dark-colored barrel. The goat has a brown and white coat, with prominent horns and a white face. It is smiling and appears to be looking at the viewer. The barrel is filled with various items, including what looks like trash and possibly some food items. The ground around the barrel is littered with more trash and debris. There is no visible text in the image. The style of the illustration is cartoonish and colorful.
αποδιοπομπαίος τράγος	Μην ψάχνουμε εξιλαστήρια θύματα, συνομωσίες και αποδιοπομπαίους τράγους.		96409311905.png	The image features an illustration of a goat standing to the left of a large, dark-colored barrel. The goat has a brown and white coat, with prominent horns and a white face. It is smiling and appears to be looking at the viewer. The barrel is filled with various items, including what looks like trash and possibly some food items. The ground around the barrel is littered with more trash and debris. There is no visible text in the image. The style of the illustration is cartoonish and colorful.	26113402813.png	The image depicts an animated character, a young man with brown hair, wearing a white shirt and an orange tie, running with his mouth open as if crying or screaming. He is wearing brown shoes and has a distressed expression on his face. Behind him is a tall building with a waterfall cascading down its side, and there are green plants growing on the building's facade. The ground around the character is wet, suggesting that the waterfall has recently been active. There is no visible text in the image.	46947217005.png	The image is a stylized illustration featuring a man in a suit sitting on an orange couch. He is wearing glasses and has a beard. The man is holding his head with his hands, appearing relaxed or possibly tired. Behind him, there is a two-story house with a chimney, and in front of the house, there is a pile of money. The money is falling from the sky, creating a shower of bills around the man and the couch. The overall scene suggests a theme of wealth or financial success. There is no visible text in the image.	73170936989.png	The image is a stylized illustration featuring a group of animated characters and a sheep. The characters are depicted in a cartoon style with exaggerated features, and they are dressed in what appears to be traditional or historical clothing. The characters are standing around a small, stone-like structure with a fire burning on top. A sheep is lying on the ground in front of the structure, and there is a bowl and a coconut nearby. The characters are smiling and seem to be engaged in a friendly or communal activity. The background is plain and does not provide any additional context. There is no visible text in the image.	58174646232.png	The image is a cartoon illustration featuring three animated characters. On the left, there is a man wearing glasses, a suit, and a tie, with his hands on his hips and his mouth open as if he is speaking or gesturing. In the center, there is a woman with her hair styled in a bun, wearing a dark suit and a white shirt, with her hands outstretched and her mouth open in a surprised or shocked expression. On the right, there is a boy with short hair, wearing a suit and a tie, sitting at a desk with a laptop open in front of him. He has a surprised or confused look on his face. The boy is pointing at the woman with his right hand. There is no visible text in the image. The style of the illustration is simplistic and colorful, with a focus on expressive facial features and body language.
αποδιοπομπαίος τράγος	Ο ένας θα θυσιαζόταν και ο άλλος θα γινόταν ο αποδιοπομπαίος τράγος.		26113402813.png	The image depicts an animated character, a young man with brown hair, wearing a white shirt and an orange tie, running with his mouth open as if crying or screaming. He is wearing brown shoes and has a distressed expression on his face. Behind him is a tall building with a waterfall cascading down its side, and there are green plants growing on the building's facade. The ground around the character is wet, suggesting that the waterfall has recently been active. There is no visible text in the image.	73170936989.png	The image is a stylized illustration featuring a group of animated characters and a sheep. The characters are depicted in a cartoon style with exaggerated features, and they are dressed in what appears to be traditional or historical clothing. The characters are standing around a small, stone-like structure with a fire burning on top. A sheep is lying on the ground in front of the structure, and there is a bowl and a coconut nearby. The characters are smiling and seem to be engaged in a friendly or communal activity. The background is plain and does not provide any additional context. There is no visible text in the image.	46947217005.png	The image is a stylized illustration featuring a man in a suit sitting on an orange couch. He is wearing glasses and has a beard. The man is holding his head with his hands, appearing relaxed or possibly tired. Behind him, there is a two-story house with a chimney, and in front of the house, there is a pile of money. The money is falling from the sky, creating a shower of bills around the man and the couch. The overall scene suggests a theme of wealth or financial success. There is no visible text in the image.	96409311905.png	The image features an illustration of a goat standing to the left of a large, dark-colored barrel. The goat has a brown and white coat, with prominent horns and a white face. It is smiling and appears to be looking at the viewer. The barrel is filled with various items, including what looks like trash and possibly some food items. The ground around the barrel is littered with more trash and debris. There is no visible text in the image. The style of the illustration is cartoonish and colorful.	58174646232.png	The image is a cartoon illustration featuring three animated characters. On the left, there is a man wearing glasses, a suit, and a tie, with his hands on his hips and his mouth open as if he is speaking or gesturing. In the center, there is a woman with her hair styled in a bun, wearing a dark suit and a white shirt, with her hands outstretched and her mouth open in a surprised or shocked expression. On the right, there is a boy with short hair, wearing a suit and a tie, sitting at a desk with a laptop open in front of him. He has a surprised or confused look on his face. The boy is pointing at the woman with his right hand. There is no visible text in the image. The style of the illustration is simplistic and colorful, with a focus on expressive facial features and body language.
αποδιοπομπαίος τράγος	Τελετουργίες του αποδιοπομπαίου τράγου, πού απομακρύνουν το κακό με ζώα ή ακόμα και με ανθρώπινα όντα, αναφέρονται σε πολλά μέρη του κόσμου.		73170936989.png	The image is a stylized illustration featuring a group of animated characters and a sheep. The characters are depicted in a cartoon style with exaggerated features, and they are dressed in what appears to be traditional or historical clothing. The characters are standing around a small, stone-like structure with a fire burning on top. A sheep is lying on the ground in front of the structure, and there is a bowl and a coconut nearby. The characters are smiling and seem to be engaged in a friendly or communal activity. The background is plain and does not provide any additional context. There is no visible text in the image.	58174646232.png	The image is a cartoon illustration featuring three animated characters. On the left, there is a man wearing glasses, a suit, and a tie, with his hands on his hips and his mouth open as if he is speaking or gesturing. In the center, there is a woman with her hair styled in a bun, wearing a dark suit and a white shirt, with her hands outstretched and her mouth open in a surprised or shocked expression. On the right, there is a boy with short hair, wearing a suit and a tie, sitting at a desk with a laptop open in front of him. He has a surprised or confused look on his face. The boy is pointing at the woman with his right hand. There is no visible text in the image. The style of the illustration is simplistic and colorful, with a focus on expressive facial features and body language.	96409311905.png	The image features an illustration of a goat standing to the left of a large, dark-colored barrel. The goat has a brown and white coat, with prominent horns and a white face. It is smiling and appears to be looking at the viewer. The barrel is filled with various items, including what looks like trash and possibly some food items. The ground around the barrel is littered with more trash and debris. There is no visible text in the image. The style of the illustration is cartoonish and colorful.	26113402813.png	The image depicts an animated character, a young man with brown hair, wearing a white shirt and an orange tie, running with his mouth open as if crying or screaming. He is wearing brown shoes and has a distressed expression on his face. Behind him is a tall building with a waterfall cascading down its side, and there are green plants growing on the building's facade. The ground around the character is wet, suggesting that the waterfall has recently been active. There is no visible text in the image.	46947217005.png	The image is a stylized illustration featuring a man in a suit sitting on an orange couch. He is wearing glasses and has a beard. The man is holding his head with his hands, appearing relaxed or possibly tired. Behind him, there is a two-story house with a chimney, and in front of the house, there is a pile of money. The money is falling from the sky, creating a shower of bills around the man and the couch. The overall scene suggests a theme of wealth or financial success. There is no visible text in the image.
λεπτή γραμμή	Είναι μια λεπτή γραμμή στις επιλογές ενός καλλιτέχνη, που καθορίζει και την όλη πορεία του.		27436191388.png	The image features two animated characters standing side by side against a white background. On the left is a character with short brown hair, wearing glasses, a black sweater, and brown pants. On the right is a character with brown hair, wearing an orange shirt with a yellow collar, black pants, and brown shoes. Both characters have a simplistic, cartoonish style. There is no visible text in the image.	88599956434.png	The image shows a close-up of a pen with a black barrel and a gold-colored grip. The pen is in the process of writing on a piece of paper, which has a series of orange circles aligned along its edge. The pen has a pointed nib and is angled towards the paper, indicating that it is in use. The background is plain and white, which contrasts with the pen and paper, making them the focal point of the image. There is no visible text in the image.	44700347514.png	The image features two animated characters that resemble rodents, one with a brown fur and the other with a mix of orange and white fur. They are standing side by side against a neutral background. Both characters have large, round eyes and a simple, cartoonish design. The brown rodent has a small, pink nose, while the orange rodent has a white nose. They appear to be facing the viewer directly. There is no visible text in the image.	99155291398.png	The image depicts a long, straight road with a double yellow line in the center, indicating no passing. The road is flanked by a series of orange cones on both sides, suggesting a temporary or restricted area. The road is set against a backdrop of a desert landscape with rocky formations and sparse vegetation. The sky is clear and blue, suggesting a sunny day. There is no visible text in the image. The style of the image is illustrative, with a focus on a clear and unobstructed view of the road and its surroundings.	85610819287.png	The image shows a slice of bread with a glossy, orange-colored substance spread on it. The bread appears to be toasted with a golden-brown crust. The substance on the bread has small bubbles and is shiny, suggesting it might be honey or a similar sticky substance. The background is plain white, which contrasts with the bread and the substance, making them the central focus of the image. There is no visible text in the image. The style of the image is illustrative, with a smooth and clean finish to the lines and colors.
λεπτή γραμμή	Είναι αλήθεια ότι μια λεπτή γραμμή μας χωρίζει όλους από την παραφροσύνη;		27436191388.png	The image features two animated characters standing side by side against a white background. On the left is a character with short brown hair, wearing glasses, a black sweater, and brown pants. On the right is a character with brown hair, wearing an orange shirt with a yellow collar, black pants, and brown shoes. Both characters have a simplistic, cartoonish style. There is no visible text in the image.	99155291398.png	The image depicts a long, straight road with a double yellow line in the center, indicating no passing. The road is flanked by a series of orange cones on both sides, suggesting a temporary or restricted area. The road is set against a backdrop of a desert landscape with rocky formations and sparse vegetation. The sky is clear and blue, suggesting a sunny day. There is no visible text in the image. The style of the image is illustrative, with a focus on a clear and unobstructed view of the road and its surroundings.	44700347514.png	The image features two animated characters that resemble rodents, one with a brown fur and the other with a mix of orange and white fur. They are standing side by side against a neutral background. Both characters have large, round eyes and a simple, cartoonish design. The brown rodent has a small, pink nose, while the orange rodent has a white nose. They appear to be facing the viewer directly. There is no visible text in the image.	85610819287.png	The image shows a slice of bread with a glossy, orange-colored substance spread on it. The bread appears to be toasted with a golden-brown crust. The substance on the bread has small bubbles and is shiny, suggesting it might be honey or a similar sticky substance. The background is plain white, which contrasts with the bread and the substance, making them the central focus of the image. There is no visible text in the image. The style of the image is illustrative, with a smooth and clean finish to the lines and colors.	88599956434.png	The image shows a close-up of a pen with a black barrel and a gold-colored grip. The pen is in the process of writing on a piece of paper, which has a series of orange circles aligned along its edge. The pen has a pointed nib and is angled towards the paper, indicating that it is in use. The background is plain and white, which contrasts with the pen and paper, making them the focal point of the image. There is no visible text in the image.
λεπτή γραμμή	Εφαρμόστε το eyeliner έξω από τη λεπτή γραμμή της βλεφαρίδας, έτσι ώστε ν' αποφύγετε την άμεση επαφή με το μάτι σας.		44700347514.png	The image features two animated characters that resemble rodents, one with a brown fur and the other with a mix of orange and white fur. They are standing side by side against a neutral background. Both characters have large, round eyes and a simple, cartoonish design. The brown rodent has a small, pink nose, while the orange rodent has a white nose. They appear to be facing the viewer directly. There is no visible text in the image.	27436191388.png	The image features two animated characters standing side by side against a white background. On the left is a character with short brown hair, wearing glasses, a black sweater, and brown pants. On the right is a character with brown hair, wearing an orange shirt with a yellow collar, black pants, and brown shoes. Both characters have a simplistic, cartoonish style. There is no visible text in the image.	88599956434.png	The image shows a close-up of a pen with a black barrel and a gold-colored grip. The pen is in the process of writing on a piece of paper, which has a series of orange circles aligned along its edge. The pen has a pointed nib and is angled towards the paper, indicating that it is in use. The background is plain and white, which contrasts with the pen and paper, making them the focal point of the image. There is no visible text in the image.	85610819287.png	The image shows a slice of bread with a glossy, orange-colored substance spread on it. The bread appears to be toasted with a golden-brown crust. The substance on the bread has small bubbles and is shiny, suggesting it might be honey or a similar sticky substance. The background is plain white, which contrasts with the bread and the substance, making them the central focus of the image. There is no visible text in the image. The style of the image is illustrative, with a smooth and clean finish to the lines and colors.	99155291398.png	The image depicts a long, straight road with a double yellow line in the center, indicating no passing. The road is flanked by a series of orange cones on both sides, suggesting a temporary or restricted area. The road is set against a backdrop of a desert landscape with rocky formations and sparse vegetation. The sky is clear and blue, suggesting a sunny day. There is no visible text in the image. The style of the image is illustrative, with a focus on a clear and unobstructed view of the road and its surroundings.
λεπτή γραμμή	Παρακολούθησα μια λεπτή γραμμή από χώμα που άφηνε πίσω της και την πρόλαβα πιο κάτω.		88599956434.png	The image shows a close-up of a pen with a black barrel and a gold-colored grip. The pen is in the process of writing on a piece of paper, which has a series of orange circles aligned along its edge. The pen has a pointed nib and is angled towards the paper, indicating that it is in use. The background is plain and white, which contrasts with the pen and paper, making them the focal point of the image. There is no visible text in the image.	85610819287.png	The image shows a slice of bread with a glossy, orange-colored substance spread on it. The bread appears to be toasted with a golden-brown crust. The substance on the bread has small bubbles and is shiny, suggesting it might be honey or a similar sticky substance. The background is plain white, which contrasts with the bread and the substance, making them the central focus of the image. There is no visible text in the image. The style of the image is illustrative, with a smooth and clean finish to the lines and colors.	99155291398.png	The image depicts a long, straight road with a double yellow line in the center, indicating no passing. The road is flanked by a series of orange cones on both sides, suggesting a temporary or restricted area. The road is set against a backdrop of a desert landscape with rocky formations and sparse vegetation. The sky is clear and blue, suggesting a sunny day. There is no visible text in the image. The style of the image is illustrative, with a focus on a clear and unobstructed view of the road and its surroundings.	44700347514.png	The image features two animated characters that resemble rodents, one with a brown fur and the other with a mix of orange and white fur. They are standing side by side against a neutral background. Both characters have large, round eyes and a simple, cartoonish design. The brown rodent has a small, pink nose, while the orange rodent has a white nose. They appear to be facing the viewer directly. There is no visible text in the image.	27436191388.png	The image features two animated characters standing side by side against a white background. On the left is a character with short brown hair, wearing glasses, a black sweater, and brown pants. On the right is a character with brown hair, wearing an orange shirt with a yellow collar, black pants, and brown shoes. Both characters have a simplistic, cartoonish style. There is no visible text in the image.
λεπτή ισορροπία	Η σεξουαλικότητα έχει μια λεπτή ισορροπία ανάμεσα σε συναισθηματικά και φυσικά αίτια.		91190134704.png	The image depicts a cartoon-style illustration of a man lying on a black couch. He is wearing a patterned orange shirt and dark pants. His arms are crossed over his chest, and he has a relaxed expression on his face. The man is resting his head on a yellow pillow. To the left of the couch, there is a small potted plant with green leaves. The background is plain white, which contrasts with the darker tones of the couch and the man's attire. There is no visible text in the image.	95948284528.png	The image features two animated characters that resemble rodents, one with a brown fur and the other with a mix of orange and white fur. They are standing side by side against a neutral background. Both characters have large, round eyes and a simple, cartoonish design. The brown rodent has a small, pink nose, while the orange rodent has a white nose. They appear to be facing the viewer directly. There is no visible text in the image.	50259941304.png	The image shows a stack of four coffee cups, each with a different color and pattern. The top cup is orange with a white interior and a black handle. Below it, the second cup is black with a white interior and a black handle. The third cup is orange with a white interior and a black handle. The bottom cup is brown with a white interior and a black handle. The cups are arranged in a vertical stack, with the top cup being the largest and the bottom cup being the smallest. There is no visible text in the image. The style of the image is illustrative, with a flat design and a limited color palette.	27555774267.png	The image features a cartoon character performing a balancing act on a tightrope. The character is dressed in a whimsical outfit that includes a top hat, a coat with a large collar, and striped pants with orange and white stripes. The character has a mustache and a beard, and is wearing black shoes with orange stripes. The tightrope is depicted as a thin, brown line, and the character is balancing on it with arms outstretched for balance. The background is plain and white, emphasizing the character and the tightrope. There is no visible text in the image.	63382484195.png	The image features two animated characters standing side by side against a white background. On the left is a character with short brown hair, wearing glasses, a black sweater, and brown pants. On the right is a character with brown hair, wearing an orange shirt with a yellow collar, black pants, and brown shoes. Both characters have a simplistic, cartoonish style. There is no visible text in the image.
λεπτή ισορροπία	Φυσικά αυτό είναι μια λεπτή ισορροπία που μπορεί εύκολα να διαταραχτεί με κάποια κακή επιρροή στον έκτο οίκο ή κακή θέση του Άρη από ζώδιο ή οίκο.		95948284528.png	The image features two animated characters that resemble rodents, one with a brown fur and the other with a mix of orange and white fur. They are standing side by side against a neutral background. Both characters have large, round eyes and a simple, cartoonish design. The brown rodent has a small, pink nose, while the orange rodent has a white nose. They appear to be facing the viewer directly. There is no visible text in the image.	91190134704.png	The image depicts a cartoon-style illustration of a man lying on a black couch. He is wearing a patterned orange shirt and dark pants. His arms are crossed over his chest, and he has a relaxed expression on his face. The man is resting his head on a yellow pillow. To the left of the couch, there is a small potted plant with green leaves. The background is plain white, which contrasts with the darker tones of the couch and the man's attire. There is no visible text in the image.	27555774267.png	The image features a cartoon character performing a balancing act on a tightrope. The character is dressed in a whimsical outfit that includes a top hat, a coat with a large collar, and striped pants with orange and white stripes. The character has a mustache and a beard, and is wearing black shoes with orange stripes. The tightrope is depicted as a thin, brown line, and the character is balancing on it with arms outstretched for balance. The background is plain and white, emphasizing the character and the tightrope. There is no visible text in the image.	63382484195.png	The image features two animated characters standing side by side against a white background. On the left is a character with short brown hair, wearing glasses, a black sweater, and brown pants. On the right is a character with brown hair, wearing an orange shirt with a yellow collar, black pants, and brown shoes. Both characters have a simplistic, cartoonish style. There is no visible text in the image.	50259941304.png	The image shows a stack of four coffee cups, each with a different color and pattern. The top cup is orange with a white interior and a black handle. Below it, the second cup is black with a white interior and a black handle. The third cup is orange with a white interior and a black handle. The bottom cup is brown with a white interior and a black handle. The cups are arranged in a vertical stack, with the top cup being the largest and the bottom cup being the smallest. There is no visible text in the image. The style of the image is illustrative, with a flat design and a limited color palette.
λεπτή ισορροπία	Η λεπτή ισορροπία νερού και αλατιού (ή νατρίου) μέσα και γύρω από τα κύτταρά είναι αυτό που θεωρείται ιδανικό.		27555774267.png	The image features a cartoon character performing a balancing act on a tightrope. The character is dressed in a whimsical outfit that includes a top hat, a coat with a large collar, and striped pants with orange and white stripes. The character has a mustache and a beard, and is wearing black shoes with orange stripes. The tightrope is depicted as a thin, brown line, and the character is balancing on it with arms outstretched for balance. The background is plain and white, emphasizing the character and the tightrope. There is no visible text in the image.	63382484195.png	The image features two animated characters standing side by side against a white background. On the left is a character with short brown hair, wearing glasses, a black sweater, and brown pants. On the right is a character with brown hair, wearing an orange shirt with a yellow collar, black pants, and brown shoes. Both characters have a simplistic, cartoonish style. There is no visible text in the image.	95948284528.png	The image features two animated characters that resemble rodents, one with a brown fur and the other with a mix of orange and white fur. They are standing side by side against a neutral background. Both characters have large, round eyes and a simple, cartoonish design. The brown rodent has a small, pink nose, while the orange rodent has a white nose. They appear to be facing the viewer directly. There is no visible text in the image.	91190134704.png	The image depicts a cartoon-style illustration of a man lying on a black couch. He is wearing a patterned orange shirt and dark pants. His arms are crossed over his chest, and he has a relaxed expression on his face. The man is resting his head on a yellow pillow. To the left of the couch, there is a small potted plant with green leaves. The background is plain white, which contrasts with the darker tones of the couch and the man's attire. There is no visible text in the image.	50259941304.png	The image shows a stack of four coffee cups, each with a different color and pattern. The top cup is orange with a white interior and a black handle. Below it, the second cup is black with a white interior and a black handle. The third cup is orange with a white interior and a black handle. The bottom cup is brown with a white interior and a black handle. The cups are arranged in a vertical stack, with the top cup being the largest and the bottom cup being the smallest. There is no visible text in the image. The style of the image is illustrative, with a flat design and a limited color palette.
λεπτή ισορροπία	Το βάζο στέκεται πάνω στο αιωρούμενο ράφι με λεπτή ισορροπία, και κάθε μικρή κίνηση κινδυνεύει να το ρίξει κάτω.		91190134704.png	The image depicts a cartoon-style illustration of a man lying on a black couch. He is wearing a patterned orange shirt and dark pants. His arms are crossed over his chest, and he has a relaxed expression on his face. The man is resting his head on a yellow pillow. To the left of the couch, there is a small potted plant with green leaves. The background is plain white, which contrasts with the darker tones of the couch and the man's attire. There is no visible text in the image.	95948284528.png	The image features two animated characters that resemble rodents, one with a brown fur and the other with a mix of orange and white fur. They are standing side by side against a neutral background. Both characters have large, round eyes and a simple, cartoonish design. The brown rodent has a small, pink nose, while the orange rodent has a white nose. They appear to be facing the viewer directly. There is no visible text in the image.	63382484195.png	The image features two animated characters standing side by side against a white background. On the left is a character with short brown hair, wearing glasses, a black sweater, and brown pants. On the right is a character with brown hair, wearing an orange shirt with a yellow collar, black pants, and brown shoes. Both characters have a simplistic, cartoonish style. There is no visible text in the image.	50259941304.png	The image shows a stack of four coffee cups, each with a different color and pattern. The top cup is orange with a white interior and a black handle. Below it, the second cup is black with a white interior and a black handle. The third cup is orange with a white interior and a black handle. The bottom cup is brown with a white interior and a black handle. The cups are arranged in a vertical stack, with the top cup being the largest and the bottom cup being the smallest. There is no visible text in the image. The style of the image is illustrative, with a flat design and a limited color palette.	27555774267.png	The image features a cartoon character performing a balancing act on a tightrope. The character is dressed in a whimsical outfit that includes a top hat, a coat with a large collar, and striped pants with orange and white stripes. The character has a mustache and a beard, and is wearing black shoes with orange stripes. The tightrope is depicted as a thin, brown line, and the character is balancing on it with arms outstretched for balance. The background is plain and white, emphasizing the character and the tightrope. There is no visible text in the image.
ψάρι έξω από το νερό	Ζω σαν το ψάρι έξω από το νερό όταν δεν προσεύχομαι.		88320218338.png	The image depicts a large, orange-brown fish with a spotted pattern lying on a patch of green grass near a body of water. The fish is facing towards the viewer with its mouth open, revealing its teeth. In the background, there is a faint outline of a city skyline with buildings and a tower, suggesting the scene is set near a coastline or riverbank. The overall style of the image is illustrative, with a muted color palette that gives it a calm and serene atmosphere.	64365224513.png	The image depicts a stylized, cartoon-like illustration of a tiger standing in a grassy field. The tiger is prominently featured in the foreground, with its distinctive orange and black stripes. It is facing the viewer, and its ears are perked up, suggesting alertness.  In the background, there are silhouettes of trees and mountains, which provide a sense of depth and a natural environment. The color palette is warm, with earth tones dominating the scene.  There is no visible text in the image. The style of the image is reminiscent of a digital painting or a high-quality digital illustration. The image does not contain any other animals or characters, and the focus is solely on the tiger and the serene landscape.	53194886325.png	The image is a digital illustration featuring a young boy standing in the center of a large crowd. The boy has short brown hair and is wearing a dark jacket. He appears to be speaking or presenting to the crowd, as suggested by his forward-facing posture and the attention of the people around him. The crowd consists of a diverse group of individuals, with various hairstyles and clothing colors. The background is plain and does not provide any additional context or setting. There is no visible text in the image. The style of the illustration is cartoonish with a limited color palette, emphasizing the boy and the crowd.	76696763289.png	The image depicts a vibrant and colorful underwater scene. It is a digital illustration that features a dense array of various types of fish, each with its own unique color and pattern. The fish are depicted in a realistic style, with some appearing to be swimming while others are floating or resting. The colors of the fish range from bright oranges and yellows to more subdued greens and blues, reflecting the diversity of marine life. The background is a darker blue, suggesting depth, and there are bubbles scattered throughout the scene, indicating the presence of air or the movement of the fish. The image does not contain any visible text. The overall impression is one of a lively and bustling underwater ecosystem.	48925001427.png	The image is a stylized illustration featuring a man standing in front of a large blackboard with an orange border. The man is smiling and gesturing with his right hand, which is raised slightly above his waist. He has short, curly hair and is wearing a dark sweater over a light-colored shirt.  In front of the man, there are four other individuals seated in a semi-circle. They appear to be listening to the man, with their attention directed towards him. The individuals are depicted in a simplified manner with minimal detail, suggesting a cartoon or graphic style.  The background is plain white, which contrasts with the blackboard and the characters, making them stand out. There is no visible text in the image. The overall style of the image is cartoonish and appears to be designed for educational or instructional purposes, given the presence of the blackboard and the man's teaching posture.
ψάρι έξω από το νερό	Κι οι δυό είχαν καλά τραγούδια, αλλά μου φαίνονταν σα ψάρια έξω από το νερό (εκτός αν με προκαταλάμβανε η νοσταλγία).		76696763289.png	The image depicts a vibrant and colorful underwater scene. It is a digital illustration that features a dense array of various types of fish, each with its own unique color and pattern. The fish are depicted in a realistic style, with some appearing to be swimming while others are floating or resting. The colors of the fish range from bright oranges and yellows to more subdued greens and blues, reflecting the diversity of marine life. The background is a darker blue, suggesting depth, and there are bubbles scattered throughout the scene, indicating the presence of air or the movement of the fish. The image does not contain any visible text. The overall impression is one of a lively and bustling underwater ecosystem.	88320218338.png	The image depicts a large, orange-brown fish with a spotted pattern lying on a patch of green grass near a body of water. The fish is facing towards the viewer with its mouth open, revealing its teeth. In the background, there is a faint outline of a city skyline with buildings and a tower, suggesting the scene is set near a coastline or riverbank. The overall style of the image is illustrative, with a muted color palette that gives it a calm and serene atmosphere.	48925001427.png	The image is a stylized illustration featuring a man standing in front of a large blackboard with an orange border. The man is smiling and gesturing with his right hand, which is raised slightly above his waist. He has short, curly hair and is wearing a dark sweater over a light-colored shirt.  In front of the man, there are four other individuals seated in a semi-circle. They appear to be listening to the man, with their attention directed towards him. The individuals are depicted in a simplified manner with minimal detail, suggesting a cartoon or graphic style.  The background is plain white, which contrasts with the blackboard and the characters, making them stand out. There is no visible text in the image. The overall style of the image is cartoonish and appears to be designed for educational or instructional purposes, given the presence of the blackboard and the man's teaching posture.	64365224513.png	The image depicts a stylized, cartoon-like illustration of a tiger standing in a grassy field. The tiger is prominently featured in the foreground, with its distinctive orange and black stripes. It is facing the viewer, and its ears are perked up, suggesting alertness.  In the background, there are silhouettes of trees and mountains, which provide a sense of depth and a natural environment. The color palette is warm, with earth tones dominating the scene.  There is no visible text in the image. The style of the image is reminiscent of a digital painting or a high-quality digital illustration. The image does not contain any other animals or characters, and the focus is solely on the tiger and the serene landscape.	53194886325.png	The image is a digital illustration featuring a young boy standing in the center of a large crowd. The boy has short brown hair and is wearing a dark jacket. He appears to be speaking or presenting to the crowd, as suggested by his forward-facing posture and the attention of the people around him. The crowd consists of a diverse group of individuals, with various hairstyles and clothing colors. The background is plain and does not provide any additional context or setting. There is no visible text in the image. The style of the illustration is cartoonish with a limited color palette, emphasizing the boy and the crowd.
ψάρι έξω από το νερό	"Ακόμα και αυτά που θεωρούνται δεδομένα, όπως ""το ψάρι έξω από το νερό δεν ζει"" είναι σχετικό."		48925001427.png	The image is a stylized illustration featuring a man standing in front of a large blackboard with an orange border. The man is smiling and gesturing with his right hand, which is raised slightly above his waist. He has short, curly hair and is wearing a dark sweater over a light-colored shirt.  In front of the man, there are four other individuals seated in a semi-circle. They appear to be listening to the man, with their attention directed towards him. The individuals are depicted in a simplified manner with minimal detail, suggesting a cartoon or graphic style.  The background is plain white, which contrasts with the blackboard and the characters, making them stand out. There is no visible text in the image. The overall style of the image is cartoonish and appears to be designed for educational or instructional purposes, given the presence of the blackboard and the man's teaching posture.	88320218338.png	The image depicts a large, orange-brown fish with a spotted pattern lying on a patch of green grass near a body of water. The fish is facing towards the viewer with its mouth open, revealing its teeth. In the background, there is a faint outline of a city skyline with buildings and a tower, suggesting the scene is set near a coastline or riverbank. The overall style of the image is illustrative, with a muted color palette that gives it a calm and serene atmosphere.	76696763289.png	The image depicts a vibrant and colorful underwater scene. It is a digital illustration that features a dense array of various types of fish, each with its own unique color and pattern. The fish are depicted in a realistic style, with some appearing to be swimming while others are floating or resting. The colors of the fish range from bright oranges and yellows to more subdued greens and blues, reflecting the diversity of marine life. The background is a darker blue, suggesting depth, and there are bubbles scattered throughout the scene, indicating the presence of air or the movement of the fish. The image does not contain any visible text. The overall impression is one of a lively and bustling underwater ecosystem.	53194886325.png	The image is a digital illustration featuring a young boy standing in the center of a large crowd. The boy has short brown hair and is wearing a dark jacket. He appears to be speaking or presenting to the crowd, as suggested by his forward-facing posture and the attention of the people around him. The crowd consists of a diverse group of individuals, with various hairstyles and clothing colors. The background is plain and does not provide any additional context or setting. There is no visible text in the image. The style of the illustration is cartoonish with a limited color palette, emphasizing the boy and the crowd.	64365224513.png	The image depicts a stylized, cartoon-like illustration of a tiger standing in a grassy field. The tiger is prominently featured in the foreground, with its distinctive orange and black stripes. It is facing the viewer, and its ears are perked up, suggesting alertness.  In the background, there are silhouettes of trees and mountains, which provide a sense of depth and a natural environment. The color palette is warm, with earth tones dominating the scene.  There is no visible text in the image. The style of the image is reminiscent of a digital painting or a high-quality digital illustration. The image does not contain any other animals or characters, and the focus is solely on the tiger and the serene landscape.
ψάρι έξω από το νερό	Τα ψάρια έξω από το νερό δεν αντέχουν παρά μόνο μερικά λεπτά, ενώ και τα πουλιά δεν ζουν χωρίς νερό.		48925001427.png	The image is a stylized illustration featuring a man standing in front of a large blackboard with an orange border. The man is smiling and gesturing with his right hand, which is raised slightly above his waist. He has short, curly hair and is wearing a dark sweater over a light-colored shirt.  In front of the man, there are four other individuals seated in a semi-circle. They appear to be listening to the man, with their attention directed towards him. The individuals are depicted in a simplified manner with minimal detail, suggesting a cartoon or graphic style.  The background is plain white, which contrasts with the blackboard and the characters, making them stand out. There is no visible text in the image. The overall style of the image is cartoonish and appears to be designed for educational or instructional purposes, given the presence of the blackboard and the man's teaching posture.	76696763289.png	The image depicts a vibrant and colorful underwater scene. It is a digital illustration that features a dense array of various types of fish, each with its own unique color and pattern. The fish are depicted in a realistic style, with some appearing to be swimming while others are floating or resting. The colors of the fish range from bright oranges and yellows to more subdued greens and blues, reflecting the diversity of marine life. The background is a darker blue, suggesting depth, and there are bubbles scattered throughout the scene, indicating the presence of air or the movement of the fish. The image does not contain any visible text. The overall impression is one of a lively and bustling underwater ecosystem.	64365224513.png	The image depicts a stylized, cartoon-like illustration of a tiger standing in a grassy field. The tiger is prominently featured in the foreground, with its distinctive orange and black stripes. It is facing the viewer, and its ears are perked up, suggesting alertness.  In the background, there are silhouettes of trees and mountains, which provide a sense of depth and a natural environment. The color palette is warm, with earth tones dominating the scene.  There is no visible text in the image. The style of the image is reminiscent of a digital painting or a high-quality digital illustration. The image does not contain any other animals or characters, and the focus is solely on the tiger and the serene landscape.	88320218338.png	The image depicts a large, orange-brown fish with a spotted pattern lying on a patch of green grass near a body of water. The fish is facing towards the viewer with its mouth open, revealing its teeth. In the background, there is a faint outline of a city skyline with buildings and a tower, suggesting the scene is set near a coastline or riverbank. The overall style of the image is illustrative, with a muted color palette that gives it a calm and serene atmosphere.	53194886325.png	The image is a digital illustration featuring a young boy standing in the center of a large crowd. The boy has short brown hair and is wearing a dark jacket. He appears to be speaking or presenting to the crowd, as suggested by his forward-facing posture and the attention of the people around him. The crowd consists of a diverse group of individuals, with various hairstyles and clothing colors. The background is plain and does not provide any additional context or setting. There is no visible text in the image. The style of the illustration is cartoonish with a limited color palette, emphasizing the boy and the crowd.
παραμύθια της Χαλιμάς	"Τελικά, αυτά τα περί ""οικονομικού θαύματος της χούντας"" δεν είναι απλά παραμύθια της Χαλιμάς , αλλά όσοι τα λένε προσπαθούν να βγάλουν λάδι, γκεμπελικά και προκλητικά, μια καταστροφική οικονομική περίοδο που βάλτωσε τη χώρα σε όλα τα επίπεδα."		42319514204.png	The image depicts a stylized, animated female figure in a dynamic pose, suggesting movement. She is wearing a traditional, ornate costume with a combination of orange and beige tones, adorned with intricate patterns and embellishments. The costume includes a long skirt, a shawl draped over one shoulder, and a headpiece with a veil. The figure has long, dark hair and is accessorized with jewelry, including earrings and a necklace. The background is plain and does not provide any context or setting. There is no visible text in the image. The style of the image is illustrative and appears to be designed to showcase the character's attire and the fluidity of her movement.	65412256696.png	The image shows a three-dimensional book with a vibrant, illustrated cover. The cover depicts a night scene with a large, illuminated dome in the background, resembling a mosque. In the foreground, there are three animated characters standing on a sandy surface with a few scattered rocks. The characters appear to be children, with one wearing a dress and the other two in what looks like traditional Middle Eastern clothing. Above them, the sky is filled with stars and a crescent moon. The book's spine is visible and is a solid color, contrasting with the colorful cover. There is no visible text on the book. The style of the image is illustrative and cartoonish, with a warm color palette that gives it a friendly and inviting appearance.	62197260607.png	The image depicts an animated character, a young boy with brown hair, wearing glasses and a plaid shirt, standing in front of a chalkboard. He is pointing to a mathematical equation on the board with his right hand. The chalkboard has various mathematical expressions written on it, including the equation he is pointing to, which appears to be a multiplication problem. The boy is also wearing dark pants and black shoes. The background is a plain white, and there are a few orange leaves scattered on the ground.	34155016729.png	The image is a digital illustration featuring a man and two women. The man is in the center, wearing glasses, a white shirt, and a black belt. He has a beard and is smiling broadly. To his left is a woman with short brown hair, wearing an orange top and looking at the man with a neutral expression. To his right is another woman with curly black hair, wearing an orange top and looking at the man with a frown. Above the man's head are three speech bubbles with dots, each containing a different facial expression: a neutral one, a frown, and a smile. The background is plain white.	80584109892.png	The image depicts an animated scene of a man sitting on a stool, teaching a group of children. The man has a beard and is wearing a brown shirt and black pants. He is holding a book and appears to be speaking or explaining something. The children are sitting on the floor in front of him, attentively listening. They are dressed in various colors and styles, suggesting a diverse group. The setting is simple, with a plain background that does not distract from the subjects. There is no visible text in the image. The style of the image is cartoonish, with exaggerated features and a limited color palette.
παραμύθια της Χαλιμάς	"Από κει και μετά ο φόβος περί ακροδεξιών ή κομμουνιστών, είναι παραμύθια της χαλιμάς , είναι μια ξεφτισμένη προπαγάνδα και ακόμα μια ""Ευρωπαϊκή Τρομοκρατία"" προκειμένου να κρατούν τους Πολίτες κοιμισμένους και αιώνια θύματα."		62197260607.png	The image depicts an animated character, a young boy with brown hair, wearing glasses and a plaid shirt, standing in front of a chalkboard. He is pointing to a mathematical equation on the board with his right hand. The chalkboard has various mathematical expressions written on it, including the equation he is pointing to, which appears to be a multiplication problem. The boy is also wearing dark pants and black shoes. The background is a plain white, and there are a few orange leaves scattered on the ground.	42319514204.png	The image depicts a stylized, animated female figure in a dynamic pose, suggesting movement. She is wearing a traditional, ornate costume with a combination of orange and beige tones, adorned with intricate patterns and embellishments. The costume includes a long skirt, a shawl draped over one shoulder, and a headpiece with a veil. The figure has long, dark hair and is accessorized with jewelry, including earrings and a necklace. The background is plain and does not provide any context or setting. There is no visible text in the image. The style of the image is illustrative and appears to be designed to showcase the character's attire and the fluidity of her movement.	65412256696.png	The image shows a three-dimensional book with a vibrant, illustrated cover. The cover depicts a night scene with a large, illuminated dome in the background, resembling a mosque. In the foreground, there are three animated characters standing on a sandy surface with a few scattered rocks. The characters appear to be children, with one wearing a dress and the other two in what looks like traditional Middle Eastern clothing. Above them, the sky is filled with stars and a crescent moon. The book's spine is visible and is a solid color, contrasting with the colorful cover. There is no visible text on the book. The style of the image is illustrative and cartoonish, with a warm color palette that gives it a friendly and inviting appearance.	80584109892.png	The image depicts an animated scene of a man sitting on a stool, teaching a group of children. The man has a beard and is wearing a brown shirt and black pants. He is holding a book and appears to be speaking or explaining something. The children are sitting on the floor in front of him, attentively listening. They are dressed in various colors and styles, suggesting a diverse group. The setting is simple, with a plain background that does not distract from the subjects. There is no visible text in the image. The style of the image is cartoonish, with exaggerated features and a limited color palette.	34155016729.png	The image is a digital illustration featuring a man and two women. The man is in the center, wearing glasses, a white shirt, and a black belt. He has a beard and is smiling broadly. To his left is a woman with short brown hair, wearing an orange top and looking at the man with a neutral expression. To his right is another woman with curly black hair, wearing an orange top and looking at the man with a frown. Above the man's head are three speech bubbles with dots, each containing a different facial expression: a neutral one, a frown, and a smile. The background is plain white.
παραμύθια της Χαλιμάς	"Τα λεγόμενα "" Παραμύθια της Χαλιμάς "" αποδίδουν στα ελληνικά τη μίξη δύο συγγενών, αλλά και ανταγωνιστικών, διάσημων διηγήσεων με ανατολική προέλευση, που είναι παγκόσμια γνωστές ως Χίλιες και Μία Νύχτες και Χίλιες και Μία Μέρες."		62197260607.png	The image depicts an animated character, a young boy with brown hair, wearing glasses and a plaid shirt, standing in front of a chalkboard. He is pointing to a mathematical equation on the board with his right hand. The chalkboard has various mathematical expressions written on it, including the equation he is pointing to, which appears to be a multiplication problem. The boy is also wearing dark pants and black shoes. The background is a plain white, and there are a few orange leaves scattered on the ground.	65412256696.png	The image shows a three-dimensional book with a vibrant, illustrated cover. The cover depicts a night scene with a large, illuminated dome in the background, resembling a mosque. In the foreground, there are three animated characters standing on a sandy surface with a few scattered rocks. The characters appear to be children, with one wearing a dress and the other two in what looks like traditional Middle Eastern clothing. Above them, the sky is filled with stars and a crescent moon. The book's spine is visible and is a solid color, contrasting with the colorful cover. There is no visible text on the book. The style of the image is illustrative and cartoonish, with a warm color palette that gives it a friendly and inviting appearance.	34155016729.png	The image is a digital illustration featuring a man and two women. The man is in the center, wearing glasses, a white shirt, and a black belt. He has a beard and is smiling broadly. To his left is a woman with short brown hair, wearing an orange top and looking at the man with a neutral expression. To his right is another woman with curly black hair, wearing an orange top and looking at the man with a frown. Above the man's head are three speech bubbles with dots, each containing a different facial expression: a neutral one, a frown, and a smile. The background is plain white.	80584109892.png	The image depicts an animated scene of a man sitting on a stool, teaching a group of children. The man has a beard and is wearing a brown shirt and black pants. He is holding a book and appears to be speaking or explaining something. The children are sitting on the floor in front of him, attentively listening. They are dressed in various colors and styles, suggesting a diverse group. The setting is simple, with a plain background that does not distract from the subjects. There is no visible text in the image. The style of the image is cartoonish, with exaggerated features and a limited color palette.	42319514204.png	The image depicts a stylized, animated female figure in a dynamic pose, suggesting movement. She is wearing a traditional, ornate costume with a combination of orange and beige tones, adorned with intricate patterns and embellishments. The costume includes a long skirt, a shawl draped over one shoulder, and a headpiece with a veil. The figure has long, dark hair and is accessorized with jewelry, including earrings and a necklace. The background is plain and does not provide any context or setting. There is no visible text in the image. The style of the image is illustrative and appears to be designed to showcase the character's attire and the fluidity of her movement.
παραμύθια της Χαλιμάς	Όπως ο μυθικός Σουλτάνος με τον βεζίρη του στα παραμύθια της Χαλιμάς , έτσι και εδώ- σα να επαναλαμβάνουν το παράδειγμα του παραμυθιού- τα δυο κεντρικά πρόσωπα της ιστορίας περιδιαβαίνουν τους δρόμους και τις συνοικίες της πρωτεύουσας για να αποκαλύψουν την πραγματική εικόνα της πόλης.		34155016729.png	The image is a digital illustration featuring a man and two women. The man is in the center, wearing glasses, a white shirt, and a black belt. He has a beard and is smiling broadly. To his left is a woman with short brown hair, wearing an orange top and looking at the man with a neutral expression. To his right is another woman with curly black hair, wearing an orange top and looking at the man with a frown. Above the man's head are three speech bubbles with dots, each containing a different facial expression: a neutral one, a frown, and a smile. The background is plain white.	42319514204.png	The image depicts a stylized, animated female figure in a dynamic pose, suggesting movement. She is wearing a traditional, ornate costume with a combination of orange and beige tones, adorned with intricate patterns and embellishments. The costume includes a long skirt, a shawl draped over one shoulder, and a headpiece with a veil. The figure has long, dark hair and is accessorized with jewelry, including earrings and a necklace. The background is plain and does not provide any context or setting. There is no visible text in the image. The style of the image is illustrative and appears to be designed to showcase the character's attire and the fluidity of her movement.	65412256696.png	The image shows a three-dimensional book with a vibrant, illustrated cover. The cover depicts a night scene with a large, illuminated dome in the background, resembling a mosque. In the foreground, there are three animated characters standing on a sandy surface with a few scattered rocks. The characters appear to be children, with one wearing a dress and the other two in what looks like traditional Middle Eastern clothing. Above them, the sky is filled with stars and a crescent moon. The book's spine is visible and is a solid color, contrasting with the colorful cover. There is no visible text on the book. The style of the image is illustrative and cartoonish, with a warm color palette that gives it a friendly and inviting appearance.	80584109892.png	The image depicts an animated scene of a man sitting on a stool, teaching a group of children. The man has a beard and is wearing a brown shirt and black pants. He is holding a book and appears to be speaking or explaining something. The children are sitting on the floor in front of him, attentively listening. They are dressed in various colors and styles, suggesting a diverse group. The setting is simple, with a plain background that does not distract from the subjects. There is no visible text in the image. The style of the image is cartoonish, with exaggerated features and a limited color palette.	62197260607.png	The image depicts an animated character, a young boy with brown hair, wearing glasses and a plaid shirt, standing in front of a chalkboard. He is pointing to a mathematical equation on the board with his right hand. The chalkboard has various mathematical expressions written on it, including the equation he is pointing to, which appears to be a multiplication problem. The boy is also wearing dark pants and black shoes. The background is a plain white, and there are a few orange leaves scattered on the ground.
γυάλινη οροφή	"Τριάντα χρόνια μετά την πτώση του Σιδηρού Παραπετάσματος άρχισε να ραγίζει η αποκαλούμενη "" γυάλινη οροφή "" (glass ceiling) της ανδρικής ισχύος με τις γυναίκες να καταλαμβάνουν θέσεις όχι διακοσμητικές αλλά ουσιαστικές."		32006020249.png	The image depicts a tranquil scene of a small, open-air space with a wooden floor. The floor is partially covered with orange tiles, and there are green plants growing on the floor and along the walls. The walls are made of concrete and are adorned with large, rectangular windows that are framed in wood. The windows are covered with a translucent material, allowing a soft light to filter into the space. The ceiling is made of wooden beams and is supported by a central wooden column. The overall atmosphere of the space is serene and inviting, with a sense of natural light and greenery.	80942885764.png	The image depicts a stylized illustration of a woman sitting at a desk. She has curly hair, wears glasses, and is dressed in a black blazer over a brown top, paired with black pants and black shoes. The woman is smiling and appears to be engaged in work or a task on a computer monitor in front of her. On the desk, there are various items including a coffee cup, a potted plant, a small orange box, and a computer mouse. The desk itself is a simple, flat surface with a wooden frame. The background is plain white, emphasizing the subject. There is no visible text in the image.	24497046148.png	The image is a digital illustration featuring two animated characters. On the left is a female character with brown hair styled in a bun, wearing a peach-colored blouse and a black skirt. She has a neutral expression and her arms are crossed. On the right is a male character with brown hair and glasses, wearing a dark suit and a light-colored shirt. He has a broad smile and his arms are crossed. Both characters are standing in front of a desk with a laptop and a monitor. The background is plain white. There is no visible text in the image.	49708356912.png	The image features a stylized, animated character of a man. He is wearing a hard hat and an orange vest, which is typical attire for construction workers. The vest is adorned with various tools and pouches, suggesting that he is a tradesman. The character has a beard and mustache, and his expression is neutral. He is standing with his hands on his hips, and his feet are apart, giving him a confident stance. There is no visible text in the image. The style of the image is cartoonish and appears to be designed for illustrative purposes, possibly for a game, book, or similar media.	87100558732.png	The image shows an interior space with a wooden floor and walls. The floor is made of light-colored wooden planks, and the walls are painted in a light gray tone. There are two windows with white frames and orange trim, allowing natural light to enter the room. The ceiling is constructed of wooden beams, and the overall style of the image is a digital rendering or illustration, rather than a photograph. There is no visible text in the image.
γυάλινη οροφή	Η γυάλινη οροφή είναι γεγονός, καθώς οι υψηλόβαθμες θέσεις, τόσο στο δημόσιο όσο και στον ιδιωτικό τομέα παραμένουν άβατο για τις περισσότερες γυναίκες.		80942885764.png	The image depicts a stylized illustration of a woman sitting at a desk. She has curly hair, wears glasses, and is dressed in a black blazer over a brown top, paired with black pants and black shoes. The woman is smiling and appears to be engaged in work or a task on a computer monitor in front of her. On the desk, there are various items including a coffee cup, a potted plant, a small orange box, and a computer mouse. The desk itself is a simple, flat surface with a wooden frame. The background is plain white, emphasizing the subject. There is no visible text in the image.	32006020249.png	The image depicts a tranquil scene of a small, open-air space with a wooden floor. The floor is partially covered with orange tiles, and there are green plants growing on the floor and along the walls. The walls are made of concrete and are adorned with large, rectangular windows that are framed in wood. The windows are covered with a translucent material, allowing a soft light to filter into the space. The ceiling is made of wooden beams and is supported by a central wooden column. The overall atmosphere of the space is serene and inviting, with a sense of natural light and greenery.	24497046148.png	The image is a digital illustration featuring two animated characters. On the left is a female character with brown hair styled in a bun, wearing a peach-colored blouse and a black skirt. She has a neutral expression and her arms are crossed. On the right is a male character with brown hair and glasses, wearing a dark suit and a light-colored shirt. He has a broad smile and his arms are crossed. Both characters are standing in front of a desk with a laptop and a monitor. The background is plain white. There is no visible text in the image.	87100558732.png	The image shows an interior space with a wooden floor and walls. The floor is made of light-colored wooden planks, and the walls are painted in a light gray tone. There are two windows with white frames and orange trim, allowing natural light to enter the room. The ceiling is constructed of wooden beams, and the overall style of the image is a digital rendering or illustration, rather than a photograph. There is no visible text in the image.	49708356912.png	The image features a stylized, animated character of a man. He is wearing a hard hat and an orange vest, which is typical attire for construction workers. The vest is adorned with various tools and pouches, suggesting that he is a tradesman. The character has a beard and mustache, and his expression is neutral. He is standing with his hands on his hips, and his feet are apart, giving him a confident stance. There is no visible text in the image. The style of the image is cartoonish and appears to be designed for illustrative purposes, possibly for a game, book, or similar media.
γυάλινη οροφή	Οι ρυπαντές αυτοί σχηματίζουν ένα είδος φράγματος που καλύπτει τη Γη και λειτουργεί σαν τη γυάλινη οροφή του θερμοκηπίου.		24497046148.png	The image is a digital illustration featuring two animated characters. On the left is a female character with brown hair styled in a bun, wearing a peach-colored blouse and a black skirt. She has a neutral expression and her arms are crossed. On the right is a male character with brown hair and glasses, wearing a dark suit and a light-colored shirt. He has a broad smile and his arms are crossed. Both characters are standing in front of a desk with a laptop and a monitor. The background is plain white. There is no visible text in the image.	87100558732.png	The image shows an interior space with a wooden floor and walls. The floor is made of light-colored wooden planks, and the walls are painted in a light gray tone. There are two windows with white frames and orange trim, allowing natural light to enter the room. The ceiling is constructed of wooden beams, and the overall style of the image is a digital rendering or illustration, rather than a photograph. There is no visible text in the image.	32006020249.png	The image depicts a tranquil scene of a small, open-air space with a wooden floor. The floor is partially covered with orange tiles, and there are green plants growing on the floor and along the walls. The walls are made of concrete and are adorned with large, rectangular windows that are framed in wood. The windows are covered with a translucent material, allowing a soft light to filter into the space. The ceiling is made of wooden beams and is supported by a central wooden column. The overall atmosphere of the space is serene and inviting, with a sense of natural light and greenery.	49708356912.png	The image features a stylized, animated character of a man. He is wearing a hard hat and an orange vest, which is typical attire for construction workers. The vest is adorned with various tools and pouches, suggesting that he is a tradesman. The character has a beard and mustache, and his expression is neutral. He is standing with his hands on his hips, and his feet are apart, giving him a confident stance. There is no visible text in the image. The style of the image is cartoonish and appears to be designed for illustrative purposes, possibly for a game, book, or similar media.	80942885764.png	The image depicts a stylized illustration of a woman sitting at a desk. She has curly hair, wears glasses, and is dressed in a black blazer over a brown top, paired with black pants and black shoes. The woman is smiling and appears to be engaged in work or a task on a computer monitor in front of her. On the desk, there are various items including a coffee cup, a potted plant, a small orange box, and a computer mouse. The desk itself is a simple, flat surface with a wooden frame. The background is plain white, emphasizing the subject. There is no visible text in the image.
γυάλινη οροφή	Η εκπληκτική γυάλινη οροφή της επιτρέπει την είσοδο του φυσικού φωτός δημιουργώντας μια μοναδική ατμόσφαιρα στο εσωτερικό της.		49708356912.png	The image features a stylized, animated character of a man. He is wearing a hard hat and an orange vest, which is typical attire for construction workers. The vest is adorned with various tools and pouches, suggesting that he is a tradesman. The character has a beard and mustache, and his expression is neutral. He is standing with his hands on his hips, and his feet are apart, giving him a confident stance. There is no visible text in the image. The style of the image is cartoonish and appears to be designed for illustrative purposes, possibly for a game, book, or similar media.	80942885764.png	The image depicts a stylized illustration of a woman sitting at a desk. She has curly hair, wears glasses, and is dressed in a black blazer over a brown top, paired with black pants and black shoes. The woman is smiling and appears to be engaged in work or a task on a computer monitor in front of her. On the desk, there are various items including a coffee cup, a potted plant, a small orange box, and a computer mouse. The desk itself is a simple, flat surface with a wooden frame. The background is plain white, emphasizing the subject. There is no visible text in the image.	24497046148.png	The image is a digital illustration featuring two animated characters. On the left is a female character with brown hair styled in a bun, wearing a peach-colored blouse and a black skirt. She has a neutral expression and her arms are crossed. On the right is a male character with brown hair and glasses, wearing a dark suit and a light-colored shirt. He has a broad smile and his arms are crossed. Both characters are standing in front of a desk with a laptop and a monitor. The background is plain white. There is no visible text in the image.	87100558732.png	The image shows an interior space with a wooden floor and walls. The floor is made of light-colored wooden planks, and the walls are painted in a light gray tone. There are two windows with white frames and orange trim, allowing natural light to enter the room. The ceiling is constructed of wooden beams, and the overall style of the image is a digital rendering or illustration, rather than a photograph. There is no visible text in the image.	32006020249.png	The image depicts a tranquil scene of a small, open-air space with a wooden floor. The floor is partially covered with orange tiles, and there are green plants growing on the floor and along the walls. The walls are made of concrete and are adorned with large, rectangular windows that are framed in wood. The windows are covered with a translucent material, allowing a soft light to filter into the space. The ceiling is made of wooden beams and is supported by a central wooden column. The overall atmosphere of the space is serene and inviting, with a sense of natural light and greenery.
χρυσή καρδιά	Όσοι έχουν χρυσή καρδιά κάνουν τη σωστή επιλογή όταν έρχεται η ώρα να επιλέξουν και όλοι οι επιβάτες εδώ έχουν αυτό το προσόν!		65550500296.png	The image features a large, transparent heart-shaped object with a golden-orange hue, filled with smaller, irregularly shaped hearts that appear to be floating or suspended within it. The larger heart is set against a dark background, and there are smaller hearts in various shades of orange and pink that are scattered around the larger heart, giving the impression of a dynamic, heart-themed scene. The style of the image is illustrative and appears to be a digital artwork or graphic design.	49065580304.png	The image depicts an animated scene of two characters engaged in a conversation. On the left, there is a male character with short black hair, wearing a yellow shirt and brown pants, seated on a chair. On the right, there is a female character with short brown hair, wearing glasses, a black shirt, and brown pants, seated on a larger, orange chair. She is holding a tablet or book in her hands. Between them, on the floor, is a small potted plant. The background is minimal, featuring a simple white wall and a green plant on the left side. There is no visible text in the image. The style of the image is cartoonish and appears to be a digital illustration.	67925295821.png	The image is a stylized illustration of two animated characters. On the left is an elderly woman with gray hair, wearing glasses, a yellow dress with orange polka dots, and black shoes with orange soles. She is carrying a brown purse. On the right is a man with a beard and mustache, wearing glasses, a brown jacket, blue jeans, and brown shoes with white soles. He is holding a brown cane. Both characters are walking on a gray sidewalk with a brick pattern. The background is plain white. There is no visible text in the image.	91878865871.png	The image shows a stylized, three-dimensional representation of a coffee cup with a handle on the right side. The cup appears to be made of a material that resembles stone or rock, with a rough, textured surface. The color palette is muted, with shades of gray, brown, and orange, suggesting a natural, earthy theme. The cup is placed on a base that seems to be a solid, flat rock, which is also textured and colored in a similar manner. The background is plain and white, which contrasts with the cup and base, making them the focal point of the image. There is no visible text in the image. The style of the image is digital art, with a realistic yet artistic rendering of the objects.	45728965092.png	The image features a stylized illustration of a heart. The heart is depicted in a three-dimensional perspective, with a prominent orange color and a glossy texture. It has a realistic appearance with visible veins and arteries, and it is shown with a slight tilt to the left. The background is plain and does not contain any text or additional objects. The style of the image is graphic and appears to be designed for visual appeal or possibly for educational purposes.
χρυσή καρδιά	Ένα παιδί με χρυσή καρδιά και σπάνια ψυχικά χαρίσματα, μα κι ένα βαθιά φιλοσοφημένο άτομο.		45728965092.png	The image features a stylized illustration of a heart. The heart is depicted in a three-dimensional perspective, with a prominent orange color and a glossy texture. It has a realistic appearance with visible veins and arteries, and it is shown with a slight tilt to the left. The background is plain and does not contain any text or additional objects. The style of the image is graphic and appears to be designed for visual appeal or possibly for educational purposes.	65550500296.png	The image features a large, transparent heart-shaped object with a golden-orange hue, filled with smaller, irregularly shaped hearts that appear to be floating or suspended within it. The larger heart is set against a dark background, and there are smaller hearts in various shades of orange and pink that are scattered around the larger heart, giving the impression of a dynamic, heart-themed scene. The style of the image is illustrative and appears to be a digital artwork or graphic design.	67925295821.png	The image is a stylized illustration of two animated characters. On the left is an elderly woman with gray hair, wearing glasses, a yellow dress with orange polka dots, and black shoes with orange soles. She is carrying a brown purse. On the right is a man with a beard and mustache, wearing glasses, a brown jacket, blue jeans, and brown shoes with white soles. He is holding a brown cane. Both characters are walking on a gray sidewalk with a brick pattern. The background is plain white. There is no visible text in the image.	91878865871.png	The image shows a stylized, three-dimensional representation of a coffee cup with a handle on the right side. The cup appears to be made of a material that resembles stone or rock, with a rough, textured surface. The color palette is muted, with shades of gray, brown, and orange, suggesting a natural, earthy theme. The cup is placed on a base that seems to be a solid, flat rock, which is also textured and colored in a similar manner. The background is plain and white, which contrasts with the cup and base, making them the focal point of the image. There is no visible text in the image. The style of the image is digital art, with a realistic yet artistic rendering of the objects.	49065580304.png	The image depicts an animated scene of two characters engaged in a conversation. On the left, there is a male character with short black hair, wearing a yellow shirt and brown pants, seated on a chair. On the right, there is a female character with short brown hair, wearing glasses, a black shirt, and brown pants, seated on a larger, orange chair. She is holding a tablet or book in her hands. Between them, on the floor, is a small potted plant. The background is minimal, featuring a simple white wall and a green plant on the left side. There is no visible text in the image. The style of the image is cartoonish and appears to be a digital illustration.
χρυσή καρδιά	Συνδυάστε κάθε χρυσή καρδιά με μια αλυσίδα της προτίμησής σας και δωρίστε ένα μοναδικό κολιέ που ξέρει να κερδίζει τις εντυπώσεις.		45728965092.png	The image features a stylized illustration of a heart. The heart is depicted in a three-dimensional perspective, with a prominent orange color and a glossy texture. It has a realistic appearance with visible veins and arteries, and it is shown with a slight tilt to the left. The background is plain and does not contain any text or additional objects. The style of the image is graphic and appears to be designed for visual appeal or possibly for educational purposes.	49065580304.png	The image depicts an animated scene of two characters engaged in a conversation. On the left, there is a male character with short black hair, wearing a yellow shirt and brown pants, seated on a chair. On the right, there is a female character with short brown hair, wearing glasses, a black shirt, and brown pants, seated on a larger, orange chair. She is holding a tablet or book in her hands. Between them, on the floor, is a small potted plant. The background is minimal, featuring a simple white wall and a green plant on the left side. There is no visible text in the image. The style of the image is cartoonish and appears to be a digital illustration.	65550500296.png	The image features a large, transparent heart-shaped object with a golden-orange hue, filled with smaller, irregularly shaped hearts that appear to be floating or suspended within it. The larger heart is set against a dark background, and there are smaller hearts in various shades of orange and pink that are scattered around the larger heart, giving the impression of a dynamic, heart-themed scene. The style of the image is illustrative and appears to be a digital artwork or graphic design.	67925295821.png	The image is a stylized illustration of two animated characters. On the left is an elderly woman with gray hair, wearing glasses, a yellow dress with orange polka dots, and black shoes with orange soles. She is carrying a brown purse. On the right is a man with a beard and mustache, wearing glasses, a brown jacket, blue jeans, and brown shoes with white soles. He is holding a brown cane. Both characters are walking on a gray sidewalk with a brick pattern. The background is plain white. There is no visible text in the image.	91878865871.png	The image shows a stylized, three-dimensional representation of a coffee cup with a handle on the right side. The cup appears to be made of a material that resembles stone or rock, with a rough, textured surface. The color palette is muted, with shades of gray, brown, and orange, suggesting a natural, earthy theme. The cup is placed on a base that seems to be a solid, flat rock, which is also textured and colored in a similar manner. The background is plain and white, which contrasts with the cup and base, making them the focal point of the image. There is no visible text in the image. The style of the image is digital art, with a realistic yet artistic rendering of the objects.
χρυσή καρδιά	Κάντε δική σας τη χρυσή καρδιά που επιθυμείτε, με την εγγύηση της καλύτερης τιμής στην αγορά.		49065580304.png	The image depicts an animated scene of two characters engaged in a conversation. On the left, there is a male character with short black hair, wearing a yellow shirt and brown pants, seated on a chair. On the right, there is a female character with short brown hair, wearing glasses, a black shirt, and brown pants, seated on a larger, orange chair. She is holding a tablet or book in her hands. Between them, on the floor, is a small potted plant. The background is minimal, featuring a simple white wall and a green plant on the left side. There is no visible text in the image. The style of the image is cartoonish and appears to be a digital illustration.	91878865871.png	The image shows a stylized, three-dimensional representation of a coffee cup with a handle on the right side. The cup appears to be made of a material that resembles stone or rock, with a rough, textured surface. The color palette is muted, with shades of gray, brown, and orange, suggesting a natural, earthy theme. The cup is placed on a base that seems to be a solid, flat rock, which is also textured and colored in a similar manner. The background is plain and white, which contrasts with the cup and base, making them the focal point of the image. There is no visible text in the image. The style of the image is digital art, with a realistic yet artistic rendering of the objects.	67925295821.png	The image is a stylized illustration of two animated characters. On the left is an elderly woman with gray hair, wearing glasses, a yellow dress with orange polka dots, and black shoes with orange soles. She is carrying a brown purse. On the right is a man with a beard and mustache, wearing glasses, a brown jacket, blue jeans, and brown shoes with white soles. He is holding a brown cane. Both characters are walking on a gray sidewalk with a brick pattern. The background is plain white. There is no visible text in the image.	65550500296.png	The image features a large, transparent heart-shaped object with a golden-orange hue, filled with smaller, irregularly shaped hearts that appear to be floating or suspended within it. The larger heart is set against a dark background, and there are smaller hearts in various shades of orange and pink that are scattered around the larger heart, giving the impression of a dynamic, heart-themed scene. The style of the image is illustrative and appears to be a digital artwork or graphic design.	45728965092.png	The image features a stylized illustration of a heart. The heart is depicted in a three-dimensional perspective, with a prominent orange color and a glossy texture. It has a realistic appearance with visible veins and arteries, and it is shown with a slight tilt to the left. The background is plain and does not contain any text or additional objects. The style of the image is graphic and appears to be designed for visual appeal or possibly for educational purposes.
καρδιά από πέτρα	Αν ποτέ ερωτευτείς ξανά, να βρεις άνθρωπο που δεν έχει καρδιά από πέτρα.		17304185988.png	The image is a digital illustration featuring two stylized characters. On the left is a female character with brown hair tied in a bun, wearing a bright orange dress with a pattern of darker orange spots. She has a sad expression with closed eyes and a frown. On the right is a male character with a beard and mustache, wearing glasses and a dark shirt. He has a contemplative expression with his eyes closed and a slight frown. Both characters are depicted with a limited color palette and a hand-drawn, sketch-like quality. There is no visible text in the image.	84985736095.png	The image features a large, cracked rock with a heart-shaped void in the center. The rock is predominantly gray with orange and brown speckles, suggesting a natural, weathered appearance. Inside the heart-shaped void, there is a small, vibrant orange heart with a white outline. Surrounding the base of the rock are small plants with yellow and orange flowers, and scattered rocks and pebbles. The background is a plain, light gray color, providing a neutral backdrop that contrasts with the rock and plants. There is no visible text in the image. The overall style of the image is illustrative and appears to be a digital artwork.	28228789682.png	The image features two animated characters, a boy and a girl, standing side by side. The boy is on the left and the girl is on the right. The boy is wearing a brown outfit with a backpack and an orange scarf. He has short brown hair and is smiling. The girl is wearing an orange dress and has her hands covering her face, suggesting she is crying. She has long brown hair and is also wearing a backpack. Both characters appear to be in a cheerful mood, despite the girl's tears. There is no visible text in the image.	77096478023.png	The image features a stylized illustration of a heart with a textured appearance, resembling a watercolor or paint splatter effect. The heart is predominantly orange with a lighter orange center and darker orange veins. It has a three-dimensional quality with a glossy sheen, giving it a somewhat wet or glistening look. The background is a dark gray with a subtle pattern that does not distract from the heart. There is no visible text in the image. The style of the image is artistic and graphic, with a focus on the heart as the central subject.	15211727851.png	The image features a vase with a bouquet of flowers. The vase is a solid, light pink color and has a reflective surface that suggests a glossy finish. It is placed on a white background. The bouquet consists of orange flowers with a yellow center, interspersed with white flowers that have a pink center. The stems of the flowers are visible and appear to be a darker shade of pink or purple. The flowers are arranged in a way that suggests a natural, organic growth pattern, with some flowers facing upwards and others facing downwards. There is no visible text in the image. The style of the image is a digital illustration with a focus on realism, particularly in the rendering of the flowers and the vase.
καρδιά από πέτρα	"Πρέπει όντως να έχει κάποιος καρδιά από πέτρα για να μην τον αγγίξουν οι ιστορίες που ακούμε σε αυτήν την ερευνητική επιτροπή"", είπε."		84985736095.png	The image features a large, cracked rock with a heart-shaped void in the center. The rock is predominantly gray with orange and brown speckles, suggesting a natural, weathered appearance. Inside the heart-shaped void, there is a small, vibrant orange heart with a white outline. Surrounding the base of the rock are small plants with yellow and orange flowers, and scattered rocks and pebbles. The background is a plain, light gray color, providing a neutral backdrop that contrasts with the rock and plants. There is no visible text in the image. The overall style of the image is illustrative and appears to be a digital artwork.	77096478023.png	The image features a stylized illustration of a heart with a textured appearance, resembling a watercolor or paint splatter effect. The heart is predominantly orange with a lighter orange center and darker orange veins. It has a three-dimensional quality with a glossy sheen, giving it a somewhat wet or glistening look. The background is a dark gray with a subtle pattern that does not distract from the heart. There is no visible text in the image. The style of the image is artistic and graphic, with a focus on the heart as the central subject.	15211727851.png	The image features a vase with a bouquet of flowers. The vase is a solid, light pink color and has a reflective surface that suggests a glossy finish. It is placed on a white background. The bouquet consists of orange flowers with a yellow center, interspersed with white flowers that have a pink center. The stems of the flowers are visible and appear to be a darker shade of pink or purple. The flowers are arranged in a way that suggests a natural, organic growth pattern, with some flowers facing upwards and others facing downwards. There is no visible text in the image. The style of the image is a digital illustration with a focus on realism, particularly in the rendering of the flowers and the vase.	28228789682.png	The image features two animated characters, a boy and a girl, standing side by side. The boy is on the left and the girl is on the right. The boy is wearing a brown outfit with a backpack and an orange scarf. He has short brown hair and is smiling. The girl is wearing an orange dress and has her hands covering her face, suggesting she is crying. She has long brown hair and is also wearing a backpack. Both characters appear to be in a cheerful mood, despite the girl's tears. There is no visible text in the image.	17304185988.png	The image is a digital illustration featuring two stylized characters. On the left is a female character with brown hair tied in a bun, wearing a bright orange dress with a pattern of darker orange spots. She has a sad expression with closed eyes and a frown. On the right is a male character with a beard and mustache, wearing glasses and a dark shirt. He has a contemplative expression with his eyes closed and a slight frown. Both characters are depicted with a limited color palette and a hand-drawn, sketch-like quality. There is no visible text in the image.
καρδιά από πέτρα	Στο μουσείο εκτίθεται ένα αρχαίο ειδώλιο με μια καρδιά από πέτρα χαραγμένη στο κέντρο του στήθους.		17304185988.png	The image is a digital illustration featuring two stylized characters. On the left is a female character with brown hair tied in a bun, wearing a bright orange dress with a pattern of darker orange spots. She has a sad expression with closed eyes and a frown. On the right is a male character with a beard and mustache, wearing glasses and a dark shirt. He has a contemplative expression with his eyes closed and a slight frown. Both characters are depicted with a limited color palette and a hand-drawn, sketch-like quality. There is no visible text in the image.	15211727851.png	The image features a vase with a bouquet of flowers. The vase is a solid, light pink color and has a reflective surface that suggests a glossy finish. It is placed on a white background. The bouquet consists of orange flowers with a yellow center, interspersed with white flowers that have a pink center. The stems of the flowers are visible and appear to be a darker shade of pink or purple. The flowers are arranged in a way that suggests a natural, organic growth pattern, with some flowers facing upwards and others facing downwards. There is no visible text in the image. The style of the image is a digital illustration with a focus on realism, particularly in the rendering of the flowers and the vase.	84985736095.png	The image features a large, cracked rock with a heart-shaped void in the center. The rock is predominantly gray with orange and brown speckles, suggesting a natural, weathered appearance. Inside the heart-shaped void, there is a small, vibrant orange heart with a white outline. Surrounding the base of the rock are small plants with yellow and orange flowers, and scattered rocks and pebbles. The background is a plain, light gray color, providing a neutral backdrop that contrasts with the rock and plants. There is no visible text in the image. The overall style of the image is illustrative and appears to be a digital artwork.	77096478023.png	The image features a stylized illustration of a heart with a textured appearance, resembling a watercolor or paint splatter effect. The heart is predominantly orange with a lighter orange center and darker orange veins. It has a three-dimensional quality with a glossy sheen, giving it a somewhat wet or glistening look. The background is a dark gray with a subtle pattern that does not distract from the heart. There is no visible text in the image. The style of the image is artistic and graphic, with a focus on the heart as the central subject.	28228789682.png	The image features two animated characters, a boy and a girl, standing side by side. The boy is on the left and the girl is on the right. The boy is wearing a brown outfit with a backpack and an orange scarf. He has short brown hair and is smiling. The girl is wearing an orange dress and has her hands covering her face, suggesting she is crying. She has long brown hair and is also wearing a backpack. Both characters appear to be in a cheerful mood, despite the girl's tears. There is no visible text in the image.
καρδιά από πέτρα	Ο γλύπτης δημιούργησε ένα άγαλμα ανθρώπου που κρατά στο χέρι του μια καρδιά από πέτρα, σμιλεμένη από γρανίτη.		28228789682.png	The image features two animated characters, a boy and a girl, standing side by side. The boy is on the left and the girl is on the right. The boy is wearing a brown outfit with a backpack and an orange scarf. He has short brown hair and is smiling. The girl is wearing an orange dress and has her hands covering her face, suggesting she is crying. She has long brown hair and is also wearing a backpack. Both characters appear to be in a cheerful mood, despite the girl's tears. There is no visible text in the image.	15211727851.png	The image features a vase with a bouquet of flowers. The vase is a solid, light pink color and has a reflective surface that suggests a glossy finish. It is placed on a white background. The bouquet consists of orange flowers with a yellow center, interspersed with white flowers that have a pink center. The stems of the flowers are visible and appear to be a darker shade of pink or purple. The flowers are arranged in a way that suggests a natural, organic growth pattern, with some flowers facing upwards and others facing downwards. There is no visible text in the image. The style of the image is a digital illustration with a focus on realism, particularly in the rendering of the flowers and the vase.	84985736095.png	The image features a large, cracked rock with a heart-shaped void in the center. The rock is predominantly gray with orange and brown speckles, suggesting a natural, weathered appearance. Inside the heart-shaped void, there is a small, vibrant orange heart with a white outline. Surrounding the base of the rock are small plants with yellow and orange flowers, and scattered rocks and pebbles. The background is a plain, light gray color, providing a neutral backdrop that contrasts with the rock and plants. There is no visible text in the image. The overall style of the image is illustrative and appears to be a digital artwork.	77096478023.png	The image features a stylized illustration of a heart with a textured appearance, resembling a watercolor or paint splatter effect. The heart is predominantly orange with a lighter orange center and darker orange veins. It has a three-dimensional quality with a glossy sheen, giving it a somewhat wet or glistening look. The background is a dark gray with a subtle pattern that does not distract from the heart. There is no visible text in the image. The style of the image is artistic and graphic, with a focus on the heart as the central subject.	17304185988.png	The image is a digital illustration featuring two stylized characters. On the left is a female character with brown hair tied in a bun, wearing a bright orange dress with a pattern of darker orange spots. She has a sad expression with closed eyes and a frown. On the right is a male character with a beard and mustache, wearing glasses and a dark shirt. He has a contemplative expression with his eyes closed and a slight frown. Both characters are depicted with a limited color palette and a hand-drawn, sketch-like quality. There is no visible text in the image.
σηκώνω σταυρό	Γιατί, χωρίς να σηκώσουμε σταυρό , δεν μπαίνουμε στον Παράδεισο.		43705364891.png	The image is a digital illustration of a man. He has a beard and mustache, and is wearing glasses. The man is dressed in a white t-shirt and has a necklace with a cross pendant around his neck. The necklace features orange beads. The background is plain and white, which contrasts with the man's dark skin tone. There is no visible text in the image.	17412023556.png	The image features a cartoon character, a man with glasses and a white shirt, standing in front of a stack of papers. The papers are organized in a way that suggests they are being sorted or processed. The man has his arms crossed, which could indicate a sense of authority or confidence. The background is plain and does not distract from the main subject. There is no visible text in the image. The style of the image is illustrative and appears to be designed for a digital medium, possibly for a website or a mobile application.	64670047480.png	The image depicts two animated characters in a room that appears to be in a state of disrepair. The character on the left is seated in an orange armchair, wearing a white shirt and a red tie, with his hand on his chin and a contemplative expression. The character on the right is standing, wearing a white shirt and a yellow tie, with his hands clasped together and a concerned or worried expression.  The room has a gray, dilapidated wall with visible cracks and peeling paint. There are several items scattered around the room, including books, a cup, a bottle, and a vase. The floor is littered with various objects, including papers, a book, and a pair of shoes. The overall atmosphere of the image is one of disarray and possibly a sense of urgency or concern.	61014862209.png	The image features a cartoon character resembling a bearded man with glasses, wearing a brown robe and sandals. He is holding a large wooden cross with both hands. The character is smiling and appears to be standing against a plain white background. There is no visible text in the image.	58729933330.png	The image depicts a stylized illustration of a person standing in a field of orange and white flowers. The person is wearing a straw hat, a backpack, and shorts, and is holding a bouquet of orange flowers. In the background, there is a small town with houses and trees, and mountains can be seen in the distance. The sky is clear and blue. There is no visible text in the image.
σηκώνω σταυρό	Μα πώς θ' αντέξω να σηκώνω σταυρό ξένο, χώρια που έχω και δικό μου βαρύ σταυρό στη ζωή;		61014862209.png	The image features a cartoon character resembling a bearded man with glasses, wearing a brown robe and sandals. He is holding a large wooden cross with both hands. The character is smiling and appears to be standing against a plain white background. There is no visible text in the image.	64670047480.png	The image depicts two animated characters in a room that appears to be in a state of disrepair. The character on the left is seated in an orange armchair, wearing a white shirt and a red tie, with his hand on his chin and a contemplative expression. The character on the right is standing, wearing a white shirt and a yellow tie, with his hands clasped together and a concerned or worried expression.  The room has a gray, dilapidated wall with visible cracks and peeling paint. There are several items scattered around the room, including books, a cup, a bottle, and a vase. The floor is littered with various objects, including papers, a book, and a pair of shoes. The overall atmosphere of the image is one of disarray and possibly a sense of urgency or concern.	43705364891.png	The image is a digital illustration of a man. He has a beard and mustache, and is wearing glasses. The man is dressed in a white t-shirt and has a necklace with a cross pendant around his neck. The necklace features orange beads. The background is plain and white, which contrasts with the man's dark skin tone. There is no visible text in the image.	58729933330.png	The image depicts a stylized illustration of a person standing in a field of orange and white flowers. The person is wearing a straw hat, a backpack, and shorts, and is holding a bouquet of orange flowers. In the background, there is a small town with houses and trees, and mountains can be seen in the distance. The sky is clear and blue. There is no visible text in the image.	17412023556.png	The image features a cartoon character, a man with glasses and a white shirt, standing in front of a stack of papers. The papers are organized in a way that suggests they are being sorted or processed. The man has his arms crossed, which could indicate a sense of authority or confidence. The background is plain and does not distract from the main subject. There is no visible text in the image. The style of the image is illustrative and appears to be designed for a digital medium, possibly for a website or a mobile application.
σηκώνω σταυρό	Κατά τη διάρκεια της θρησκευτικής τελετής, ο παπάς σήκωσε σταυρό από ξύλο για να τον τοποθετήσει στο κέντρο της εκκλησίας.		43705364891.png	The image is a digital illustration of a man. He has a beard and mustache, and is wearing glasses. The man is dressed in a white t-shirt and has a necklace with a cross pendant around his neck. The necklace features orange beads. The background is plain and white, which contrasts with the man's dark skin tone. There is no visible text in the image.	61014862209.png	The image features a cartoon character resembling a bearded man with glasses, wearing a brown robe and sandals. He is holding a large wooden cross with both hands. The character is smiling and appears to be standing against a plain white background. There is no visible text in the image.	64670047480.png	The image depicts two animated characters in a room that appears to be in a state of disrepair. The character on the left is seated in an orange armchair, wearing a white shirt and a red tie, with his hand on his chin and a contemplative expression. The character on the right is standing, wearing a white shirt and a yellow tie, with his hands clasped together and a concerned or worried expression.  The room has a gray, dilapidated wall with visible cracks and peeling paint. There are several items scattered around the room, including books, a cup, a bottle, and a vase. The floor is littered with various objects, including papers, a book, and a pair of shoes. The overall atmosphere of the image is one of disarray and possibly a sense of urgency or concern.	17412023556.png	The image features a cartoon character, a man with glasses and a white shirt, standing in front of a stack of papers. The papers are organized in a way that suggests they are being sorted or processed. The man has his arms crossed, which could indicate a sense of authority or confidence. The background is plain and does not distract from the main subject. There is no visible text in the image. The style of the image is illustrative and appears to be designed for a digital medium, possibly for a website or a mobile application.	58729933330.png	The image depicts a stylized illustration of a person standing in a field of orange and white flowers. The person is wearing a straw hat, a backpack, and shorts, and is holding a bouquet of orange flowers. In the background, there is a small town with houses and trees, and mountains can be seen in the distance. The sky is clear and blue. There is no visible text in the image.
σηκώνω σταυρό	Ο εργάτης σήκωσε τον βαρύ μεταλλικό σταυρό για να τον τοποθετήσει στην κορυφή του ναού.		61014862209.png	The image features a cartoon character resembling a bearded man with glasses, wearing a brown robe and sandals. He is holding a large wooden cross with both hands. The character is smiling and appears to be standing against a plain white background. There is no visible text in the image.	58729933330.png	The image depicts a stylized illustration of a person standing in a field of orange and white flowers. The person is wearing a straw hat, a backpack, and shorts, and is holding a bouquet of orange flowers. In the background, there is a small town with houses and trees, and mountains can be seen in the distance. The sky is clear and blue. There is no visible text in the image.	17412023556.png	The image features a cartoon character, a man with glasses and a white shirt, standing in front of a stack of papers. The papers are organized in a way that suggests they are being sorted or processed. The man has his arms crossed, which could indicate a sense of authority or confidence. The background is plain and does not distract from the main subject. There is no visible text in the image. The style of the image is illustrative and appears to be designed for a digital medium, possibly for a website or a mobile application.	64670047480.png	The image depicts two animated characters in a room that appears to be in a state of disrepair. The character on the left is seated in an orange armchair, wearing a white shirt and a red tie, with his hand on his chin and a contemplative expression. The character on the right is standing, wearing a white shirt and a yellow tie, with his hands clasped together and a concerned or worried expression.  The room has a gray, dilapidated wall with visible cracks and peeling paint. There are several items scattered around the room, including books, a cup, a bottle, and a vase. The floor is littered with various objects, including papers, a book, and a pair of shoes. The overall atmosphere of the image is one of disarray and possibly a sense of urgency or concern.	43705364891.png	The image is a digital illustration of a man. He has a beard and mustache, and is wearing glasses. The man is dressed in a white t-shirt and has a necklace with a cross pendant around his neck. The necklace features orange beads. The background is plain and white, which contrasts with the man's dark skin tone. There is no visible text in the image.
καυτή πατάτα	Τα πράγματα τότε ήταν καλύτερα , έπρεπε να παρθούν μέτρα, και όχι να περιμένουν το νέο πρόεδρο για να του φορτώσουν την καυτή πατάτα της οικονομίας.		79723562738.png	The image features a cartoon character of an older man with a beard and mustache, wearing glasses and a suit. He has his arms outstretched and appears to be in a state of surprise or shock. Behind him is a large screen displaying various charts and graphs, suggesting a financial or business context. The character is standing in front of the screen, which is mounted on a wall. The overall style of the image is illustrative and appears to be designed for a humorous or satirical purpose.	57593686545.png	The image depicts a cartoon-style illustration of a microwave oven with a whimsical twist. Inside the microwave, there is a large, orange, spherical object that resembles a fruit, possibly an orange or a tangerine, with a face drawn on it. The face has two eyes and a small mouth, giving it a cheerful expression. The fruit is sitting on a white plate, and there are green leaves sprouting from the top, suggesting it is fresh or alive. The microwave has a black exterior with a clear glass door through which the fruit is visible. The microwave is placed on a gray surface, and the background is a neutral gray with a subtle grid pattern. There is no visible text in the image. The overall style is playful and imaginative, combining everyday objects with anthropomorphic elements.	68989363013.png	The image depicts a stylized illustration of an orange with a few leaves attached to it. The orange has a textured surface with visible pores and a smooth, shiny appearance. The leaves are green with a simple, flat design, and there are small brown spots on the orange's surface. The background is plain white, which contrasts with the orange and leaves, making them the central focus of the image. There is no visible text in the image.	95375952288.png	The image depicts a cartoon of a man sitting in an orange armchair. He has a beard and is wearing a dark t-shirt and plaid pants. His arms are crossed over his chest, and he is looking to the side with a relaxed expression. In front of him is a small table with a bowl of fruit and a cup. To his right, there is a potted plant with green leaves. Behind him, there is a larger plant and a computer monitor on a stand. The background is plain and does not provide any additional context. There is no visible text in the image.	81506696303.png	The image features an animated character, a woman with curly hair and glasses, standing next to a large, orange thermometer. She is dressed in a black dress with a patterned design and is wearing yellow shoes. The woman appears surprised or shocked, as indicated by her wide-open mouth and raised eyebrows. The thermometer has a red needle pointing to the number 100. The background is plain and white, emphasizing the subject.
καυτή πατάτα	Εδώ μόλις είδαν τα πολύ σκούρα πετάξανε την καυτή πατάτα να την καθαρίσει άλλος.		68989363013.png	The image depicts a stylized illustration of an orange with a few leaves attached to it. The orange has a textured surface with visible pores and a smooth, shiny appearance. The leaves are green with a simple, flat design, and there are small brown spots on the orange's surface. The background is plain white, which contrasts with the orange and leaves, making them the central focus of the image. There is no visible text in the image.	57593686545.png	The image depicts a cartoon-style illustration of a microwave oven with a whimsical twist. Inside the microwave, there is a large, orange, spherical object that resembles a fruit, possibly an orange or a tangerine, with a face drawn on it. The face has two eyes and a small mouth, giving it a cheerful expression. The fruit is sitting on a white plate, and there are green leaves sprouting from the top, suggesting it is fresh or alive. The microwave has a black exterior with a clear glass door through which the fruit is visible. The microwave is placed on a gray surface, and the background is a neutral gray with a subtle grid pattern. There is no visible text in the image. The overall style is playful and imaginative, combining everyday objects with anthropomorphic elements.	79723562738.png	The image features a cartoon character of an older man with a beard and mustache, wearing glasses and a suit. He has his arms outstretched and appears to be in a state of surprise or shock. Behind him is a large screen displaying various charts and graphs, suggesting a financial or business context. The character is standing in front of the screen, which is mounted on a wall. The overall style of the image is illustrative and appears to be designed for a humorous or satirical purpose.	81506696303.png	The image features an animated character, a woman with curly hair and glasses, standing next to a large, orange thermometer. She is dressed in a black dress with a patterned design and is wearing yellow shoes. The woman appears surprised or shocked, as indicated by her wide-open mouth and raised eyebrows. The thermometer has a red needle pointing to the number 100. The background is plain and white, emphasizing the subject.	95375952288.png	The image depicts a cartoon of a man sitting in an orange armchair. He has a beard and is wearing a dark t-shirt and plaid pants. His arms are crossed over his chest, and he is looking to the side with a relaxed expression. In front of him is a small table with a bowl of fruit and a cup. To his right, there is a potted plant with green leaves. Behind him, there is a larger plant and a computer monitor on a stand. The background is plain and does not provide any additional context. There is no visible text in the image.
καυτή πατάτα	"Όπως είναι η χαρακτηριστική σβωλώδης ομιλία (όπως χαρακτηριστικά λέγεται ""φωνή ζεστής πατάτας"" σας να υπάρχει μια καυτή πατάτα στο στόμα του ασθενή."		79723562738.png	The image features a cartoon character of an older man with a beard and mustache, wearing glasses and a suit. He has his arms outstretched and appears to be in a state of surprise or shock. Behind him is a large screen displaying various charts and graphs, suggesting a financial or business context. The character is standing in front of the screen, which is mounted on a wall. The overall style of the image is illustrative and appears to be designed for a humorous or satirical purpose.	81506696303.png	The image features an animated character, a woman with curly hair and glasses, standing next to a large, orange thermometer. She is dressed in a black dress with a patterned design and is wearing yellow shoes. The woman appears surprised or shocked, as indicated by her wide-open mouth and raised eyebrows. The thermometer has a red needle pointing to the number 100. The background is plain and white, emphasizing the subject.	95375952288.png	The image depicts a cartoon of a man sitting in an orange armchair. He has a beard and is wearing a dark t-shirt and plaid pants. His arms are crossed over his chest, and he is looking to the side with a relaxed expression. In front of him is a small table with a bowl of fruit and a cup. To his right, there is a potted plant with green leaves. Behind him, there is a larger plant and a computer monitor on a stand. The background is plain and does not provide any additional context. There is no visible text in the image.	57593686545.png	The image depicts a cartoon-style illustration of a microwave oven with a whimsical twist. Inside the microwave, there is a large, orange, spherical object that resembles a fruit, possibly an orange or a tangerine, with a face drawn on it. The face has two eyes and a small mouth, giving it a cheerful expression. The fruit is sitting on a white plate, and there are green leaves sprouting from the top, suggesting it is fresh or alive. The microwave has a black exterior with a clear glass door through which the fruit is visible. The microwave is placed on a gray surface, and the background is a neutral gray with a subtle grid pattern. There is no visible text in the image. The overall style is playful and imaginative, combining everyday objects with anthropomorphic elements.	68989363013.png	The image depicts a stylized illustration of an orange with a few leaves attached to it. The orange has a textured surface with visible pores and a smooth, shiny appearance. The leaves are green with a simple, flat design, and there are small brown spots on the orange's surface. The background is plain white, which contrasts with the orange and leaves, making them the central focus of the image. There is no visible text in the image.
καυτή πατάτα	Η μαμά μου έβαλε στο πιάτο μια καυτή πατάτα και μου είπε να την φάω αργά για να μην καώ τη γλώσσα μου.		95375952288.png	The image depicts a cartoon of a man sitting in an orange armchair. He has a beard and is wearing a dark t-shirt and plaid pants. His arms are crossed over his chest, and he is looking to the side with a relaxed expression. In front of him is a small table with a bowl of fruit and a cup. To his right, there is a potted plant with green leaves. Behind him, there is a larger plant and a computer monitor on a stand. The background is plain and does not provide any additional context. There is no visible text in the image.	81506696303.png	The image features an animated character, a woman with curly hair and glasses, standing next to a large, orange thermometer. She is dressed in a black dress with a patterned design and is wearing yellow shoes. The woman appears surprised or shocked, as indicated by her wide-open mouth and raised eyebrows. The thermometer has a red needle pointing to the number 100. The background is plain and white, emphasizing the subject.	79723562738.png	The image features a cartoon character of an older man with a beard and mustache, wearing glasses and a suit. He has his arms outstretched and appears to be in a state of surprise or shock. Behind him is a large screen displaying various charts and graphs, suggesting a financial or business context. The character is standing in front of the screen, which is mounted on a wall. The overall style of the image is illustrative and appears to be designed for a humorous or satirical purpose.	68989363013.png	The image depicts a stylized illustration of an orange with a few leaves attached to it. The orange has a textured surface with visible pores and a smooth, shiny appearance. The leaves are green with a simple, flat design, and there are small brown spots on the orange's surface. The background is plain white, which contrasts with the orange and leaves, making them the central focus of the image. There is no visible text in the image.	57593686545.png	The image depicts a cartoon-style illustration of a microwave oven with a whimsical twist. Inside the microwave, there is a large, orange, spherical object that resembles a fruit, possibly an orange or a tangerine, with a face drawn on it. The face has two eyes and a small mouth, giving it a cheerful expression. The fruit is sitting on a white plate, and there are green leaves sprouting from the top, suggesting it is fresh or alive. The microwave has a black exterior with a clear glass door through which the fruit is visible. The microwave is placed on a gray surface, and the background is a neutral gray with a subtle grid pattern. There is no visible text in the image. The overall style is playful and imaginative, combining everyday objects with anthropomorphic elements.
μοναχικός λύκος	Πάντως, αυτό που τρομάζει στο συγκεκριμένο νόμο είναι η ίδια η φύση του Έλληνα ο οποίος είναι μοναχικός λύκος και δεν μπορεί εύκολα να δουλέψει ομαδικά.		55896945636.png	The image depicts a large crowd of people in a bustling urban setting. The crowd is dense, with individuals dressed in a variety of colors and styles, suggesting a diverse group. Some people are carrying backpacks and handbags, indicating they might be commuters or travelers. The architecture in the background appears to be informal and possibly makeshift, with a mix of structures that could be homes or small businesses. The sky is overcast, and the overall atmosphere is one of movement and activity. There is no visible text in the image. The style of the image is illustrative, with a focus on color and texture to convey the scene.	72022802864.png	The image depicts a stylized, anthropomorphic dog with a predominantly white coat, adorned with orange and black markings. The dog's eyes are closed, and it appears to be in a state of relaxation or contentment. Its tongue is extended out, suggesting a panting or panting behavior. The dog's ears are perked up, and it has a friendly expression. The background is plain and does not provide any additional context or information. The image is a digital illustration with a soft, rounded style, and there is no visible text.	57238697907.png	The image depicts a person walking through a misty forest. The individual is wearing an orange jacket and a backpack, and is walking away from the viewer. The forest is dense with trees and undergrowth, and the ground is covered with fallen leaves. The mist gives the scene a serene and somewhat mysterious atmosphere. There is no visible text in the image.	68669616695.png	The image depicts a group of five anthropomorphic wolves, each with a distinct fur color and style. From left to right, the first wolf has a light brown coat with a darker brown muzzle and ears. The second wolf is gray with a white muzzle and ears. The third wolf is black with a white muzzle and ears. The fourth wolf has an orange coat with a white muzzle and ears. The fifth wolf is also orange but with a darker orange muzzle and ears. They are all sitting upright, facing the viewer, and appear to be in a line. There is no visible text in the image. The style of the image is illustrative, with a focus on the characters' fur textures and facial expressions.	32889678051.png	The image depicts a stylized, digital artwork of a wolf standing atop a rocky outcrop. The wolf is facing towards the right side of the image, with its head turned to look at the viewer. The outcrop is situated in a landscape that includes a few small trees and a scattering of rocks.  In the background, there is a large, glowing moon that dominates the sky, casting a warm, orange light over the scene. The moon is depicted with a textured surface, giving it a three-dimensional appearance. Below the moon, the sky transitions from a warm orange to a cooler blue, suggesting either dawn or dusk.  The clouds are rendered in a soft, pastel style, with a mix of white and light blue hues, adding to the serene and somewhat mystical atmosphere of the image. The overall style of the artwork is illustrative, with a focus on soft shading and a limited color palette that emphasizes the warm tones of the moon and the cooler tones of the sky and clouds.
μοναχικός λύκος	Παρουσιάζουν τον εαυτό τους σαν ξερόλα, μοναχικό λύκο που θα έρθει στην εταιρεία να δώσει το στίγμα του και λύσεις σε κάθε τι.		55896945636.png	The image depicts a large crowd of people in a bustling urban setting. The crowd is dense, with individuals dressed in a variety of colors and styles, suggesting a diverse group. Some people are carrying backpacks and handbags, indicating they might be commuters or travelers. The architecture in the background appears to be informal and possibly makeshift, with a mix of structures that could be homes or small businesses. The sky is overcast, and the overall atmosphere is one of movement and activity. There is no visible text in the image. The style of the image is illustrative, with a focus on color and texture to convey the scene.	57238697907.png	The image depicts a person walking through a misty forest. The individual is wearing an orange jacket and a backpack, and is walking away from the viewer. The forest is dense with trees and undergrowth, and the ground is covered with fallen leaves. The mist gives the scene a serene and somewhat mysterious atmosphere. There is no visible text in the image.	72022802864.png	The image depicts a stylized, anthropomorphic dog with a predominantly white coat, adorned with orange and black markings. The dog's eyes are closed, and it appears to be in a state of relaxation or contentment. Its tongue is extended out, suggesting a panting or panting behavior. The dog's ears are perked up, and it has a friendly expression. The background is plain and does not provide any additional context or information. The image is a digital illustration with a soft, rounded style, and there is no visible text.	32889678051.png	The image depicts a stylized, digital artwork of a wolf standing atop a rocky outcrop. The wolf is facing towards the right side of the image, with its head turned to look at the viewer. The outcrop is situated in a landscape that includes a few small trees and a scattering of rocks.  In the background, there is a large, glowing moon that dominates the sky, casting a warm, orange light over the scene. The moon is depicted with a textured surface, giving it a three-dimensional appearance. Below the moon, the sky transitions from a warm orange to a cooler blue, suggesting either dawn or dusk.  The clouds are rendered in a soft, pastel style, with a mix of white and light blue hues, adding to the serene and somewhat mystical atmosphere of the image. The overall style of the artwork is illustrative, with a focus on soft shading and a limited color palette that emphasizes the warm tones of the moon and the cooler tones of the sky and clouds.	68669616695.png	The image depicts a group of five anthropomorphic wolves, each with a distinct fur color and style. From left to right, the first wolf has a light brown coat with a darker brown muzzle and ears. The second wolf is gray with a white muzzle and ears. The third wolf is black with a white muzzle and ears. The fourth wolf has an orange coat with a white muzzle and ears. The fifth wolf is also orange but with a darker orange muzzle and ears. They are all sitting upright, facing the viewer, and appear to be in a line. There is no visible text in the image. The style of the image is illustrative, with a focus on the characters' fur textures and facial expressions.
μοναχικός λύκος	Όταν το φεγγάρι κρύβεται υπάρχει πάντα ένας μοναχικός λύκος που συνεχίζει να ουρλιάζει.		55896945636.png	The image depicts a large crowd of people in a bustling urban setting. The crowd is dense, with individuals dressed in a variety of colors and styles, suggesting a diverse group. Some people are carrying backpacks and handbags, indicating they might be commuters or travelers. The architecture in the background appears to be informal and possibly makeshift, with a mix of structures that could be homes or small businesses. The sky is overcast, and the overall atmosphere is one of movement and activity. There is no visible text in the image. The style of the image is illustrative, with a focus on color and texture to convey the scene.	57238697907.png	The image depicts a person walking through a misty forest. The individual is wearing an orange jacket and a backpack, and is walking away from the viewer. The forest is dense with trees and undergrowth, and the ground is covered with fallen leaves. The mist gives the scene a serene and somewhat mysterious atmosphere. There is no visible text in the image.	32889678051.png	The image depicts a stylized, digital artwork of a wolf standing atop a rocky outcrop. The wolf is facing towards the right side of the image, with its head turned to look at the viewer. The outcrop is situated in a landscape that includes a few small trees and a scattering of rocks.  In the background, there is a large, glowing moon that dominates the sky, casting a warm, orange light over the scene. The moon is depicted with a textured surface, giving it a three-dimensional appearance. Below the moon, the sky transitions from a warm orange to a cooler blue, suggesting either dawn or dusk.  The clouds are rendered in a soft, pastel style, with a mix of white and light blue hues, adding to the serene and somewhat mystical atmosphere of the image. The overall style of the artwork is illustrative, with a focus on soft shading and a limited color palette that emphasizes the warm tones of the moon and the cooler tones of the sky and clouds.	68669616695.png	The image depicts a group of five anthropomorphic wolves, each with a distinct fur color and style. From left to right, the first wolf has a light brown coat with a darker brown muzzle and ears. The second wolf is gray with a white muzzle and ears. The third wolf is black with a white muzzle and ears. The fourth wolf has an orange coat with a white muzzle and ears. The fifth wolf is also orange but with a darker orange muzzle and ears. They are all sitting upright, facing the viewer, and appear to be in a line. There is no visible text in the image. The style of the image is illustrative, with a focus on the characters' fur textures and facial expressions.	72022802864.png	The image depicts a stylized, anthropomorphic dog with a predominantly white coat, adorned with orange and black markings. The dog's eyes are closed, and it appears to be in a state of relaxation or contentment. Its tongue is extended out, suggesting a panting or panting behavior. The dog's ears are perked up, and it has a friendly expression. The background is plain and does not provide any additional context or information. The image is a digital illustration with a soft, rounded style, and there is no visible text.
μοναχικός λύκος	Όταν δειλά-δειλά δαμάζει ένα μοναχικό λύκο , εγκαταλειμμένο από την αγέλη του, οι δύο γίνονται αναπάντεχοι σύμμαχοι και μαθαίνουν να βασίζονται ο ένας στον άλλο.		68669616695.png	The image depicts a group of five anthropomorphic wolves, each with a distinct fur color and style. From left to right, the first wolf has a light brown coat with a darker brown muzzle and ears. The second wolf is gray with a white muzzle and ears. The third wolf is black with a white muzzle and ears. The fourth wolf has an orange coat with a white muzzle and ears. The fifth wolf is also orange but with a darker orange muzzle and ears. They are all sitting upright, facing the viewer, and appear to be in a line. There is no visible text in the image. The style of the image is illustrative, with a focus on the characters' fur textures and facial expressions.	55896945636.png	The image depicts a large crowd of people in a bustling urban setting. The crowd is dense, with individuals dressed in a variety of colors and styles, suggesting a diverse group. Some people are carrying backpacks and handbags, indicating they might be commuters or travelers. The architecture in the background appears to be informal and possibly makeshift, with a mix of structures that could be homes or small businesses. The sky is overcast, and the overall atmosphere is one of movement and activity. There is no visible text in the image. The style of the image is illustrative, with a focus on color and texture to convey the scene.	57238697907.png	The image depicts a person walking through a misty forest. The individual is wearing an orange jacket and a backpack, and is walking away from the viewer. The forest is dense with trees and undergrowth, and the ground is covered with fallen leaves. The mist gives the scene a serene and somewhat mysterious atmosphere. There is no visible text in the image.	72022802864.png	The image depicts a stylized, anthropomorphic dog with a predominantly white coat, adorned with orange and black markings. The dog's eyes are closed, and it appears to be in a state of relaxation or contentment. Its tongue is extended out, suggesting a panting or panting behavior. The dog's ears are perked up, and it has a friendly expression. The background is plain and does not provide any additional context or information. The image is a digital illustration with a soft, rounded style, and there is no visible text.	32889678051.png	The image depicts a stylized, digital artwork of a wolf standing atop a rocky outcrop. The wolf is facing towards the right side of the image, with its head turned to look at the viewer. The outcrop is situated in a landscape that includes a few small trees and a scattering of rocks.  In the background, there is a large, glowing moon that dominates the sky, casting a warm, orange light over the scene. The moon is depicted with a textured surface, giving it a three-dimensional appearance. Below the moon, the sky transitions from a warm orange to a cooler blue, suggesting either dawn or dusk.  The clouds are rendered in a soft, pastel style, with a mix of white and light blue hues, adding to the serene and somewhat mystical atmosphere of the image. The overall style of the artwork is illustrative, with a focus on soft shading and a limited color palette that emphasizes the warm tones of the moon and the cooler tones of the sky and clouds.
νέο αίμα	Επιτέλους νέο αίμα στην ελληνική τηλεόραση.		21481936152.png	The image depicts two animated characters, one male and one female, both dressed in orange medical uniforms with a red cross symbol on their hats. The male character is standing and holding a red IV drip bag with a clear fluid inside, connected to a black stand with a clear fluid bag hanging from it. The female character is seated in a black office chair and appears to be receiving the IV drip, as indicated by the fluid bag hanging from the stand next to her. The characters are smiling and seem to be in a positive mood. There is no visible text in the image. The style of the image is cartoonish and colorful, with a focus on the characters and their interaction with medical equipment.	69683935273.png	The image depicts a group of cartoon-style characters standing in front of a small, colorful building with a thatched roof. The characters are dressed in various outfits, predominantly in shades of orange and blue, and appear to be children. They are arranged in a line, with some characters holding hands. The building has a large window on the left side and a smaller one on the right. Above the building, there is a tree with green leaves. On the roof of the building, there are several potted plants. To the right of the building, there is a small archway with a plant on top. The background is plain white, emphasizing the colorful scene in the foreground.	50304171554.png	The image features a stylized, cartoonish depiction of a baby with a large head and big, expressive eyes. The baby has a small tuft of hair on the top of its head and is wearing a white garment that could be interpreted as a blanket or a diaper. The baby's expression is neutral with a slight frown. The background is a plain, light gray color. There is no visible text in the image.	91294889397.png	"The image is a stylized illustration featuring a man in a suit and tie standing on a round, black platform with the word ""WELCOME!"" in orange letters. He is smiling and gesturing with his right hand. To his left, there are four animated characters, two men and two women, all dressed in business attire. They are standing and appear to be listening to the man. The characters are drawn in a cartoon style with exaggerated features and are smiling. The background is plain white."	10252137948.png	The image displays a collection of orange spheres with a glossy surface, suggesting a shiny or wet appearance. The spheres vary in size, with some larger and others smaller, and they are scattered across the white background. The largest sphere is centrally positioned, while the smaller ones are dispersed around it, creating a sense of movement or action. The style of the image is illustrative and appears to be designed for a digital medium, possibly for use in a game or an interactive application.
νέο αίμα	Ακόμα και αν κουραστούν οι παλιοί, θα έρθει νέο αίμα.		50304171554.png	The image features a stylized, cartoonish depiction of a baby with a large head and big, expressive eyes. The baby has a small tuft of hair on the top of its head and is wearing a white garment that could be interpreted as a blanket or a diaper. The baby's expression is neutral with a slight frown. The background is a plain, light gray color. There is no visible text in the image.	21481936152.png	The image depicts two animated characters, one male and one female, both dressed in orange medical uniforms with a red cross symbol on their hats. The male character is standing and holding a red IV drip bag with a clear fluid inside, connected to a black stand with a clear fluid bag hanging from it. The female character is seated in a black office chair and appears to be receiving the IV drip, as indicated by the fluid bag hanging from the stand next to her. The characters are smiling and seem to be in a positive mood. There is no visible text in the image. The style of the image is cartoonish and colorful, with a focus on the characters and their interaction with medical equipment.	69683935273.png	The image depicts a group of cartoon-style characters standing in front of a small, colorful building with a thatched roof. The characters are dressed in various outfits, predominantly in shades of orange and blue, and appear to be children. They are arranged in a line, with some characters holding hands. The building has a large window on the left side and a smaller one on the right. Above the building, there is a tree with green leaves. On the roof of the building, there are several potted plants. To the right of the building, there is a small archway with a plant on top. The background is plain white, emphasizing the colorful scene in the foreground.	10252137948.png	The image displays a collection of orange spheres with a glossy surface, suggesting a shiny or wet appearance. The spheres vary in size, with some larger and others smaller, and they are scattered across the white background. The largest sphere is centrally positioned, while the smaller ones are dispersed around it, creating a sense of movement or action. The style of the image is illustrative and appears to be designed for a digital medium, possibly for use in a game or an interactive application.	91294889397.png	"The image is a stylized illustration featuring a man in a suit and tie standing on a round, black platform with the word ""WELCOME!"" in orange letters. He is smiling and gesturing with his right hand. To his left, there are four animated characters, two men and two women, all dressed in business attire. They are standing and appear to be listening to the man. The characters are drawn in a cartoon style with exaggerated features and are smiling. The background is plain white."
νέο αίμα	Καθαρίζει το αίμα, δημιουργεί νέο αίμα και προάγει τη κυκλοφορία.		21481936152.png	The image depicts two animated characters, one male and one female, both dressed in orange medical uniforms with a red cross symbol on their hats. The male character is standing and holding a red IV drip bag with a clear fluid inside, connected to a black stand with a clear fluid bag hanging from it. The female character is seated in a black office chair and appears to be receiving the IV drip, as indicated by the fluid bag hanging from the stand next to her. The characters are smiling and seem to be in a positive mood. There is no visible text in the image. The style of the image is cartoonish and colorful, with a focus on the characters and their interaction with medical equipment.	69683935273.png	The image depicts a group of cartoon-style characters standing in front of a small, colorful building with a thatched roof. The characters are dressed in various outfits, predominantly in shades of orange and blue, and appear to be children. They are arranged in a line, with some characters holding hands. The building has a large window on the left side and a smaller one on the right. Above the building, there is a tree with green leaves. On the roof of the building, there are several potted plants. To the right of the building, there is a small archway with a plant on top. The background is plain white, emphasizing the colorful scene in the foreground.	91294889397.png	"The image is a stylized illustration featuring a man in a suit and tie standing on a round, black platform with the word ""WELCOME!"" in orange letters. He is smiling and gesturing with his right hand. To his left, there are four animated characters, two men and two women, all dressed in business attire. They are standing and appear to be listening to the man. The characters are drawn in a cartoon style with exaggerated features and are smiling. The background is plain white."	10252137948.png	The image displays a collection of orange spheres with a glossy surface, suggesting a shiny or wet appearance. The spheres vary in size, with some larger and others smaller, and they are scattered across the white background. The largest sphere is centrally positioned, while the smaller ones are dispersed around it, creating a sense of movement or action. The style of the image is illustrative and appears to be designed for a digital medium, possibly for use in a game or an interactive application.	50304171554.png	The image features a stylized, cartoonish depiction of a baby with a large head and big, expressive eyes. The baby has a small tuft of hair on the top of its head and is wearing a white garment that could be interpreted as a blanket or a diaper. The baby's expression is neutral with a slight frown. The background is a plain, light gray color. There is no visible text in the image.
νέο αίμα	Το νέο αίμα που πλημμυρίζει τη περιοχή έχει σκοπό να διώξει τα νεκρά κύτταρα και να επουλώσει τον τραυματισμένο ιστό.		91294889397.png	"The image is a stylized illustration featuring a man in a suit and tie standing on a round, black platform with the word ""WELCOME!"" in orange letters. He is smiling and gesturing with his right hand. To his left, there are four animated characters, two men and two women, all dressed in business attire. They are standing and appear to be listening to the man. The characters are drawn in a cartoon style with exaggerated features and are smiling. The background is plain white."	21481936152.png	The image depicts two animated characters, one male and one female, both dressed in orange medical uniforms with a red cross symbol on their hats. The male character is standing and holding a red IV drip bag with a clear fluid inside, connected to a black stand with a clear fluid bag hanging from it. The female character is seated in a black office chair and appears to be receiving the IV drip, as indicated by the fluid bag hanging from the stand next to her. The characters are smiling and seem to be in a positive mood. There is no visible text in the image. The style of the image is cartoonish and colorful, with a focus on the characters and their interaction with medical equipment.	10252137948.png	The image displays a collection of orange spheres with a glossy surface, suggesting a shiny or wet appearance. The spheres vary in size, with some larger and others smaller, and they are scattered across the white background. The largest sphere is centrally positioned, while the smaller ones are dispersed around it, creating a sense of movement or action. The style of the image is illustrative and appears to be designed for a digital medium, possibly for use in a game or an interactive application.	69683935273.png	The image depicts a group of cartoon-style characters standing in front of a small, colorful building with a thatched roof. The characters are dressed in various outfits, predominantly in shades of orange and blue, and appear to be children. They are arranged in a line, with some characters holding hands. The building has a large window on the left side and a smaller one on the right. Above the building, there is a tree with green leaves. On the roof of the building, there are several potted plants. To the right of the building, there is a small archway with a plant on top. The background is plain white, emphasizing the colorful scene in the foreground.	50304171554.png	The image features a stylized, cartoonish depiction of a baby with a large head and big, expressive eyes. The baby has a small tuft of hair on the top of its head and is wearing a white garment that could be interpreted as a blanket or a diaper. The baby's expression is neutral with a slight frown. The background is a plain, light gray color. There is no visible text in the image.
ανοιχτό βιβλίο	Όλα μου τα συναισθήματα, σαν ανοιχτό βιβλίο διαβάζονται στον πρόσωπό μου και κατά συνέπεια στο βιβλίο μου.		45767790239.png	The image shows a stylized, cartoonish depiction of a suitcase. The suitcase is predominantly orange with a dark brown trim. It features a metal latch and a metal handle, both of which are in a central position. The suitcase has a weathered appearance, with visible signs of wear and tear, such as scratches and a slightly worn texture. There are no visible texts or brands on the suitcase. The style of the image is illustrative, with a focus on a three-dimensional rendering that gives the suitcase a tactile quality.	35546547606.png	The image depicts a large, open book with a vibrant orange cover resting on a wooden table. The book is open to a blank page, and a yellow bookmark is inserted into the pages. To the right of the book, there is a small stack of books and a white mug with a blue lid. The table has a simple, flat design with four legs. The background is plain and white, emphasizing the objects on the table. There is no visible text in the image. The style of the image is illustrative, with a focus on clean lines and a limited color palette.	37370739094.png	The image depicts an open book with a worn, aged appearance, resting on a wooden desk. The book is open to a page with visible text, but the text is not legible in the image. The desk is equipped with a chair and a computer monitor. In the background, there is a window with a view of a building, and a shelf with various items, including books and a cup. The overall style of the image is illustrative, with a soft, pastel color palette.	88558894220.png	The image features two animated female characters. The character on the left has dark hair styled in a bun, wears a black top, and has a cheerful expression. She is pointing with her right hand. The character on the right has curly brown hair, wears an orange top with a black vest, and has a wide smile. Both characters have large, expressive eyes and are looking towards each other. Between them is a speech bubble with an orange background and a simple outline, suggesting a conversation or exchange of ideas. The style of the image is cartoonish and friendly, with a limited color palette.	57461831666.png	The image is a digital illustration featuring two animated characters. On the left is a character with a beard and mustache, wearing a dark-colored shirt and light-colored pants, with a joyful expression. On the right is a character with short hair, wearing an orange hoodie and dark pants, with a surprised or shocked expression. Above the character on the right is a speech bubble with a sad face and a tear drop, suggesting a negative or upsetting emotion. The style of the illustration is cartoonish and simplistic, with a limited color palette. There is no visible text in the image.
ανοιχτό βιβλίο	Δε χρειάζεται να είστε ανοιχτό βιβλίο , γιατί ίσως τα λόγια σας να στραφούν εναντίον σας.		35546547606.png	The image depicts a large, open book with a vibrant orange cover resting on a wooden table. The book is open to a blank page, and a yellow bookmark is inserted into the pages. To the right of the book, there is a small stack of books and a white mug with a blue lid. The table has a simple, flat design with four legs. The background is plain and white, emphasizing the objects on the table. There is no visible text in the image. The style of the image is illustrative, with a focus on clean lines and a limited color palette.	57461831666.png	The image is a digital illustration featuring two animated characters. On the left is a character with a beard and mustache, wearing a dark-colored shirt and light-colored pants, with a joyful expression. On the right is a character with short hair, wearing an orange hoodie and dark pants, with a surprised or shocked expression. Above the character on the right is a speech bubble with a sad face and a tear drop, suggesting a negative or upsetting emotion. The style of the illustration is cartoonish and simplistic, with a limited color palette. There is no visible text in the image.	37370739094.png	The image depicts an open book with a worn, aged appearance, resting on a wooden desk. The book is open to a page with visible text, but the text is not legible in the image. The desk is equipped with a chair and a computer monitor. In the background, there is a window with a view of a building, and a shelf with various items, including books and a cup. The overall style of the image is illustrative, with a soft, pastel color palette.	45767790239.png	The image shows a stylized, cartoonish depiction of a suitcase. The suitcase is predominantly orange with a dark brown trim. It features a metal latch and a metal handle, both of which are in a central position. The suitcase has a weathered appearance, with visible signs of wear and tear, such as scratches and a slightly worn texture. There are no visible texts or brands on the suitcase. The style of the image is illustrative, with a focus on a three-dimensional rendering that gives the suitcase a tactile quality.	88558894220.png	The image features two animated female characters. The character on the left has dark hair styled in a bun, wears a black top, and has a cheerful expression. She is pointing with her right hand. The character on the right has curly brown hair, wears an orange top with a black vest, and has a wide smile. Both characters have large, expressive eyes and are looking towards each other. Between them is a speech bubble with an orange background and a simple outline, suggesting a conversation or exchange of ideas. The style of the image is cartoonish and friendly, with a limited color palette.
ανοιχτό βιβλίο	Το διάβασμα στην παραλία δίνει την θέση του στο ανοιχτό βιβλίο δίπλα στο κομοδίνο ή στο μετρό.		37370739094.png	The image depicts an open book with a worn, aged appearance, resting on a wooden desk. The book is open to a page with visible text, but the text is not legible in the image. The desk is equipped with a chair and a computer monitor. In the background, there is a window with a view of a building, and a shelf with various items, including books and a cup. The overall style of the image is illustrative, with a soft, pastel color palette.	88558894220.png	The image features two animated female characters. The character on the left has dark hair styled in a bun, wears a black top, and has a cheerful expression. She is pointing with her right hand. The character on the right has curly brown hair, wears an orange top with a black vest, and has a wide smile. Both characters have large, expressive eyes and are looking towards each other. Between them is a speech bubble with an orange background and a simple outline, suggesting a conversation or exchange of ideas. The style of the image is cartoonish and friendly, with a limited color palette.	57461831666.png	The image is a digital illustration featuring two animated characters. On the left is a character with a beard and mustache, wearing a dark-colored shirt and light-colored pants, with a joyful expression. On the right is a character with short hair, wearing an orange hoodie and dark pants, with a surprised or shocked expression. Above the character on the right is a speech bubble with a sad face and a tear drop, suggesting a negative or upsetting emotion. The style of the illustration is cartoonish and simplistic, with a limited color palette. There is no visible text in the image.	35546547606.png	The image depicts a large, open book with a vibrant orange cover resting on a wooden table. The book is open to a blank page, and a yellow bookmark is inserted into the pages. To the right of the book, there is a small stack of books and a white mug with a blue lid. The table has a simple, flat design with four legs. The background is plain and white, emphasizing the objects on the table. There is no visible text in the image. The style of the image is illustrative, with a focus on clean lines and a limited color palette.	45767790239.png	The image shows a stylized, cartoonish depiction of a suitcase. The suitcase is predominantly orange with a dark brown trim. It features a metal latch and a metal handle, both of which are in a central position. The suitcase has a weathered appearance, with visible signs of wear and tear, such as scratches and a slightly worn texture. There are no visible texts or brands on the suitcase. The style of the image is illustrative, with a focus on a three-dimensional rendering that gives the suitcase a tactile quality.
ανοιχτό βιβλίο	Εδώ και με ανοιχτό βιβλίο πάλι δεν θα γράφαμε.		57461831666.png	The image is a digital illustration featuring two animated characters. On the left is a character with a beard and mustache, wearing a dark-colored shirt and light-colored pants, with a joyful expression. On the right is a character with short hair, wearing an orange hoodie and dark pants, with a surprised or shocked expression. Above the character on the right is a speech bubble with a sad face and a tear drop, suggesting a negative or upsetting emotion. The style of the illustration is cartoonish and simplistic, with a limited color palette. There is no visible text in the image.	88558894220.png	The image features two animated female characters. The character on the left has dark hair styled in a bun, wears a black top, and has a cheerful expression. She is pointing with her right hand. The character on the right has curly brown hair, wears an orange top with a black vest, and has a wide smile. Both characters have large, expressive eyes and are looking towards each other. Between them is a speech bubble with an orange background and a simple outline, suggesting a conversation or exchange of ideas. The style of the image is cartoonish and friendly, with a limited color palette.	37370739094.png	The image depicts an open book with a worn, aged appearance, resting on a wooden desk. The book is open to a page with visible text, but the text is not legible in the image. The desk is equipped with a chair and a computer monitor. In the background, there is a window with a view of a building, and a shelf with various items, including books and a cup. The overall style of the image is illustrative, with a soft, pastel color palette.	45767790239.png	The image shows a stylized, cartoonish depiction of a suitcase. The suitcase is predominantly orange with a dark brown trim. It features a metal latch and a metal handle, both of which are in a central position. The suitcase has a weathered appearance, with visible signs of wear and tear, such as scratches and a slightly worn texture. There are no visible texts or brands on the suitcase. The style of the image is illustrative, with a focus on a three-dimensional rendering that gives the suitcase a tactile quality.	35546547606.png	The image depicts a large, open book with a vibrant orange cover resting on a wooden table. The book is open to a blank page, and a yellow bookmark is inserted into the pages. To the right of the book, there is a small stack of books and a white mug with a blue lid. The table has a simple, flat design with four legs. The background is plain and white, emphasizing the objects on the table. There is no visible text in the image. The style of the image is illustrative, with a focus on clean lines and a limited color palette.
κουτί της Πανδώρας	Προφανώς, είναι πολύ νωρίς για να βγάλει κανείς ασφαλή συμπεράσματα, αλλά είναι βέβαιο ότι το κουτί της Πανδώρας έχει ανοίξει για τα καλά.		69331026203.png	The image depicts an animated character, a young man, engaged in a task at a sink. He is wearing a hard hat, a plaid shirt, and overalls. The character is holding a wrench and appears to be working on a toolbox that is open on the floor next to him. The sink is equipped with a faucet and a soap dispenser. There are also a few tools scattered around the area, including a hammer and a screwdriver. The character's expression is focused and determined. The background is plain and does not provide any additional context.	74765735940.png	The image shows a person from the waist down, holding a large, old-fashioned wooden trunk with metal fittings. The trunk is orange with visible signs of wear and age. The person is wearing a light-colored dress and black stockings. The background is a neutral, light gray color. There is no visible text in the image.	32978796860.png	The image features a tall, orange vase with a glossy finish, placed against a white background. The vase is adorned with small flowers and leaves, including orange and pink flowers, white and yellow flowers, and green leaves. The flowers are arranged in a natural, somewhat wild manner, with some blooms facing upwards and others angled downwards. The overall style of the image is a digital illustration with a realistic aesthetic. There is no visible text in the image.	22979193424.png	The image depicts a stylized illustration of a family of four seated around a round dining table. The father, on the left, is wearing a patterned shirt and has a beard. He is gesturing with his hands. The mother, in the center, is wearing a yellow top and has her hands on her face, expressing a surprised or shocked expression. The daughter, on the right, is wearing a patterned top and has her hands on her cheeks, also looking surprised. The son, seated across from the mother, is wearing a brown top and has a neutral expression. The table is set with various dishes, cups, and a teapot. The chairs are modern with a simple design. There is no visible text in the image. The style of the illustration is cartoonish with a limited color palette.	17954273869.png	The image features a stylized, three-dimensional wooden treasure chest with a visible lock and a handle on top. The chest is open, revealing a cloud of smoke or steam billowing out from within. The background is a dark, textured surface that contrasts with the chest's warm, orange hue. There is no visible text in the image. The style of the image is illustrative and appears to be designed for a digital medium, possibly for a game or a storybook.
κουτί της Πανδώρας	Διότι ηγέτες ανά τον κόσμο δεν διστάζουν να ανοίγουν το κουτί της Πανδώρας , αδιαφορώντας για τα επίχειρα των επιλογών τους.		17954273869.png	The image features a stylized, three-dimensional wooden treasure chest with a visible lock and a handle on top. The chest is open, revealing a cloud of smoke or steam billowing out from within. The background is a dark, textured surface that contrasts with the chest's warm, orange hue. There is no visible text in the image. The style of the image is illustrative and appears to be designed for a digital medium, possibly for a game or a storybook.	69331026203.png	The image depicts an animated character, a young man, engaged in a task at a sink. He is wearing a hard hat, a plaid shirt, and overalls. The character is holding a wrench and appears to be working on a toolbox that is open on the floor next to him. The sink is equipped with a faucet and a soap dispenser. There are also a few tools scattered around the area, including a hammer and a screwdriver. The character's expression is focused and determined. The background is plain and does not provide any additional context.	32978796860.png	The image features a tall, orange vase with a glossy finish, placed against a white background. The vase is adorned with small flowers and leaves, including orange and pink flowers, white and yellow flowers, and green leaves. The flowers are arranged in a natural, somewhat wild manner, with some blooms facing upwards and others angled downwards. The overall style of the image is a digital illustration with a realistic aesthetic. There is no visible text in the image.	22979193424.png	The image depicts a stylized illustration of a family of four seated around a round dining table. The father, on the left, is wearing a patterned shirt and has a beard. He is gesturing with his hands. The mother, in the center, is wearing a yellow top and has her hands on her face, expressing a surprised or shocked expression. The daughter, on the right, is wearing a patterned top and has her hands on her cheeks, also looking surprised. The son, seated across from the mother, is wearing a brown top and has a neutral expression. The table is set with various dishes, cups, and a teapot. The chairs are modern with a simple design. There is no visible text in the image. The style of the illustration is cartoonish with a limited color palette.	74765735940.png	The image shows a person from the waist down, holding a large, old-fashioned wooden trunk with metal fittings. The trunk is orange with visible signs of wear and age. The person is wearing a light-colored dress and black stockings. The background is a neutral, light gray color. There is no visible text in the image.
κουτί της Πανδώρας	Αν και σήμερα αυτός ο μύθος είναι γνωστός ως το κουτί της Πανδώρας η λέξη που χρησιμοποίησε ο Ησίοδος για να περιγράψει το δοχείο ήταν «πίθος» που στα νεοελληνικά μεταφράζεται ως πιθάρι.		32978796860.png	The image features a tall, orange vase with a glossy finish, placed against a white background. The vase is adorned with small flowers and leaves, including orange and pink flowers, white and yellow flowers, and green leaves. The flowers are arranged in a natural, somewhat wild manner, with some blooms facing upwards and others angled downwards. The overall style of the image is a digital illustration with a realistic aesthetic. There is no visible text in the image.	74765735940.png	The image shows a person from the waist down, holding a large, old-fashioned wooden trunk with metal fittings. The trunk is orange with visible signs of wear and age. The person is wearing a light-colored dress and black stockings. The background is a neutral, light gray color. There is no visible text in the image.	69331026203.png	The image depicts an animated character, a young man, engaged in a task at a sink. He is wearing a hard hat, a plaid shirt, and overalls. The character is holding a wrench and appears to be working on a toolbox that is open on the floor next to him. The sink is equipped with a faucet and a soap dispenser. There are also a few tools scattered around the area, including a hammer and a screwdriver. The character's expression is focused and determined. The background is plain and does not provide any additional context.	17954273869.png	The image features a stylized, three-dimensional wooden treasure chest with a visible lock and a handle on top. The chest is open, revealing a cloud of smoke or steam billowing out from within. The background is a dark, textured surface that contrasts with the chest's warm, orange hue. There is no visible text in the image. The style of the image is illustrative and appears to be designed for a digital medium, possibly for a game or a storybook.	22979193424.png	The image depicts a stylized illustration of a family of four seated around a round dining table. The father, on the left, is wearing a patterned shirt and has a beard. He is gesturing with his hands. The mother, in the center, is wearing a yellow top and has her hands on her face, expressing a surprised or shocked expression. The daughter, on the right, is wearing a patterned top and has her hands on her cheeks, also looking surprised. The son, seated across from the mother, is wearing a brown top and has a neutral expression. The table is set with various dishes, cups, and a teapot. The chairs are modern with a simple design. There is no visible text in the image. The style of the illustration is cartoonish with a limited color palette.
κουτί της Πανδώρας	Φτάνει να θυμηθείτε το κουτί της Πανδώρας – το γαμήλιο «δώρο» που έστειλε στους μελλόνυμφους Προμηθέα και Πανδώρα ο Δίας, οργισμένος επειδή ο τιτάνας είχε πλάσει τους ανθρώπους.		22979193424.png	The image depicts a stylized illustration of a family of four seated around a round dining table. The father, on the left, is wearing a patterned shirt and has a beard. He is gesturing with his hands. The mother, in the center, is wearing a yellow top and has her hands on her face, expressing a surprised or shocked expression. The daughter, on the right, is wearing a patterned top and has her hands on her cheeks, also looking surprised. The son, seated across from the mother, is wearing a brown top and has a neutral expression. The table is set with various dishes, cups, and a teapot. The chairs are modern with a simple design. There is no visible text in the image. The style of the illustration is cartoonish with a limited color palette.	74765735940.png	The image shows a person from the waist down, holding a large, old-fashioned wooden trunk with metal fittings. The trunk is orange with visible signs of wear and age. The person is wearing a light-colored dress and black stockings. The background is a neutral, light gray color. There is no visible text in the image.	17954273869.png	The image features a stylized, three-dimensional wooden treasure chest with a visible lock and a handle on top. The chest is open, revealing a cloud of smoke or steam billowing out from within. The background is a dark, textured surface that contrasts with the chest's warm, orange hue. There is no visible text in the image. The style of the image is illustrative and appears to be designed for a digital medium, possibly for a game or a storybook.	32978796860.png	The image features a tall, orange vase with a glossy finish, placed against a white background. The vase is adorned with small flowers and leaves, including orange and pink flowers, white and yellow flowers, and green leaves. The flowers are arranged in a natural, somewhat wild manner, with some blooms facing upwards and others angled downwards. The overall style of the image is a digital illustration with a realistic aesthetic. There is no visible text in the image.	69331026203.png	The image depicts an animated character, a young man, engaged in a task at a sink. He is wearing a hard hat, a plaid shirt, and overalls. The character is holding a wrench and appears to be working on a toolbox that is open on the floor next to him. The sink is equipped with a faucet and a soap dispenser. There are also a few tools scattered around the area, including a hammer and a screwdriver. The character's expression is focused and determined. The background is plain and does not provide any additional context.
κάνω την τρίχα τριχιά	"Όπου παιχνίδια θα γίνονται κανονικά, επειδή ο ""χ"" ή ο ""ψ"" Αναστασίου δεν έκανε τη Μάρθα Βούρτση για να πάει στο νοσοκομείο ή ο ""Βίγια"" δεν έκανε την τρίχα τριχιά προσποιούμενος ζαλάδες ή περίοδο από την κροτίδα που έσκασε εκατοστά δίπλα του στο Κύπελλο."		43543413186.png	The image features a cartoon character, a young man with black hair and a surprised expression. He is dressed in a black suit with a white shirt and a red tie. In his right hand, he holds a black megaphone with an orange cone. Above his head, there are three orange stars. The background is plain white.	76114066718.png	The image depicts a stylized, animated character of an older man with a white beard and mustache, wearing glasses and a bright orange jacket. He is holding a fishing rod with a fish on it and has a camera around his neck. The man is also carrying a brown bag and has a fishing tackle box attached to his belt. He is standing on a flat surface with a shadow cast beneath him. The background is plain and does not provide any additional context. There is no visible text in the image.	75756028762.png	The image features a stylized animated character, a young girl with orange hair, wearing a brown outfit with orange accents. She is performing a balancing act on a tightrope. The girl has her arms outstretched for balance and is wearing orange socks with brown straps. The tightrope is depicted with a series of brown beads. The background is plain white, emphasizing the character and her activity. There is no visible text in the image.	92276958147.png	The image depicts an animated character, a young girl with brown hair tied in a bun, wearing an orange kimono with a patterned design. She is sitting on a rope with her legs dangling over the side. The rope is adorned with small yellow flowers. The background is a plain, light gray color. The style of the image is illustrative and cartoonish.	84290253398.png	The image features a stylized, abstract representation of a rope with a wavy, curly texture. The rope is predominantly black with a woven pattern, and it is adorned with a large, intricate, and colorful knot. The knot is composed of intertwined strands that resemble hair or fibers, rendered in shades of orange and yellow. The background is a uniform gray, providing a stark contrast to the vibrant colors of the knot. The image has a digital art style, with a focus on the interplay of light and shadow to give the knot a three-dimensional appearance.
κάνω την τρίχα τριχιά	Εκεί που πριν η ίδια αυτή δημοσιογραφία ήλεγχε ακόμα και το σώβρακο του Καρανίκα, το τσιγάρο του Πολάκη και έκανε την τρίχα τριχιά , τώρα έχει αφήσει την εξουσία, όχι μόνο παντελώς ανεξέλεγκτη, αλλά και συνειδητά αποκρύπτει τα θρασύτατα ψέματα της.		43543413186.png	The image features a cartoon character, a young man with black hair and a surprised expression. He is dressed in a black suit with a white shirt and a red tie. In his right hand, he holds a black megaphone with an orange cone. Above his head, there are three orange stars. The background is plain white.	76114066718.png	The image depicts a stylized, animated character of an older man with a white beard and mustache, wearing glasses and a bright orange jacket. He is holding a fishing rod with a fish on it and has a camera around his neck. The man is also carrying a brown bag and has a fishing tackle box attached to his belt. He is standing on a flat surface with a shadow cast beneath him. The background is plain and does not provide any additional context. There is no visible text in the image.	92276958147.png	The image depicts an animated character, a young girl with brown hair tied in a bun, wearing an orange kimono with a patterned design. She is sitting on a rope with her legs dangling over the side. The rope is adorned with small yellow flowers. The background is a plain, light gray color. The style of the image is illustrative and cartoonish.	84290253398.png	The image features a stylized, abstract representation of a rope with a wavy, curly texture. The rope is predominantly black with a woven pattern, and it is adorned with a large, intricate, and colorful knot. The knot is composed of intertwined strands that resemble hair or fibers, rendered in shades of orange and yellow. The background is a uniform gray, providing a stark contrast to the vibrant colors of the knot. The image has a digital art style, with a focus on the interplay of light and shadow to give the knot a three-dimensional appearance.	75756028762.png	The image features a stylized animated character, a young girl with orange hair, wearing a brown outfit with orange accents. She is performing a balancing act on a tightrope. The girl has her arms outstretched for balance and is wearing orange socks with brown straps. The tightrope is depicted with a series of brown beads. The background is plain white, emphasizing the character and her activity. There is no visible text in the image.
κάνω την τρίχα τριχιά	Στο εργαστήριο παραδοσιακών υφαντουργικών τεχνικών, ο τεχνίτης έδειξε πώς έκανε την τρίχα τριχιά στρίβοντας πολλές λεπτές τρίχες μαζί.		92276958147.png	The image depicts an animated character, a young girl with brown hair tied in a bun, wearing an orange kimono with a patterned design. She is sitting on a rope with her legs dangling over the side. The rope is adorned with small yellow flowers. The background is a plain, light gray color. The style of the image is illustrative and cartoonish.	84290253398.png	The image features a stylized, abstract representation of a rope with a wavy, curly texture. The rope is predominantly black with a woven pattern, and it is adorned with a large, intricate, and colorful knot. The knot is composed of intertwined strands that resemble hair or fibers, rendered in shades of orange and yellow. The background is a uniform gray, providing a stark contrast to the vibrant colors of the knot. The image has a digital art style, with a focus on the interplay of light and shadow to give the knot a three-dimensional appearance.	43543413186.png	The image features a cartoon character, a young man with black hair and a surprised expression. He is dressed in a black suit with a white shirt and a red tie. In his right hand, he holds a black megaphone with an orange cone. Above his head, there are three orange stars. The background is plain white.	75756028762.png	The image features a stylized animated character, a young girl with orange hair, wearing a brown outfit with orange accents. She is performing a balancing act on a tightrope. The girl has her arms outstretched for balance and is wearing orange socks with brown straps. The tightrope is depicted with a series of brown beads. The background is plain white, emphasizing the character and her activity. There is no visible text in the image.	76114066718.png	The image depicts a stylized, animated character of an older man with a white beard and mustache, wearing glasses and a bright orange jacket. He is holding a fishing rod with a fish on it and has a camera around his neck. The man is also carrying a brown bag and has a fishing tackle box attached to his belt. He is standing on a flat surface with a shadow cast beneath him. The background is plain and does not provide any additional context. There is no visible text in the image.
κάνω την τρίχα τριχιά	Η γιαγιά εξηγούσε στα παιδιά πώς παλιά έκαναν την τρίχα τριχιά για να φτιάχνουν γερά κορδόνια.		43543413186.png	The image features a cartoon character, a young man with black hair and a surprised expression. He is dressed in a black suit with a white shirt and a red tie. In his right hand, he holds a black megaphone with an orange cone. Above his head, there are three orange stars. The background is plain white.	75756028762.png	The image features a stylized animated character, a young girl with orange hair, wearing a brown outfit with orange accents. She is performing a balancing act on a tightrope. The girl has her arms outstretched for balance and is wearing orange socks with brown straps. The tightrope is depicted with a series of brown beads. The background is plain white, emphasizing the character and her activity. There is no visible text in the image.	76114066718.png	The image depicts a stylized, animated character of an older man with a white beard and mustache, wearing glasses and a bright orange jacket. He is holding a fishing rod with a fish on it and has a camera around his neck. The man is also carrying a brown bag and has a fishing tackle box attached to his belt. He is standing on a flat surface with a shadow cast beneath him. The background is plain and does not provide any additional context. There is no visible text in the image.	92276958147.png	The image depicts an animated character, a young girl with brown hair tied in a bun, wearing an orange kimono with a patterned design. She is sitting on a rope with her legs dangling over the side. The rope is adorned with small yellow flowers. The background is a plain, light gray color. The style of the image is illustrative and cartoonish.	84290253398.png	The image features a stylized, abstract representation of a rope with a wavy, curly texture. The rope is predominantly black with a woven pattern, and it is adorned with a large, intricate, and colorful knot. The knot is composed of intertwined strands that resemble hair or fibers, rendered in shades of orange and yellow. The background is a uniform gray, providing a stark contrast to the vibrant colors of the knot. The image has a digital art style, with a focus on the interplay of light and shadow to give the knot a three-dimensional appearance.
μετράω προβατάκια	Η μαμά όμως της λέει να κλείσει τα ματάκια της και να μετρήσει προβατάκια !		11567871443.png	"The image depicts a man lying in bed with his eyes closed, suggesting he is asleep. He has a beard and mustache, and is wearing a green shirt. The bed has a wooden headboard and is covered with a patterned blanket. Above the man's head, there is a thought bubble with three sheep inside, each with a different expression: one is smiling, one is frowning, and one is sleeping. The thought bubble has a cloud-like shape with a light brown color and a few scattered leaves. The text ""13-2-4"" is visible in the thought bubble, indicating a date or sequence of numbers. The overall style of the image is cartoonish and whimsical."	43606019188.png	The image features a cartoon depiction of a shepherd standing in the center, with three sheep floating above his head. The shepherd is wearing a brown hat, a brown shirt, and brown pants with a belt. He has a cheerful expression and is pointing upwards with his right hand. The sheep have white wool and are labeled with numbers: one has the number 24, another has the number 5, and the third has the number 2. The background is plain white.	85297074855.png	The image depicts a whimsical scene of a small, black house with a pointed roof, situated in a garden. The house has a large glass window on the front, through which the interior is visible. Inside, there are four white sheep with fluffy wool, lying down and appearing to be asleep. The garden is lush with green grass and orange flowers, adding a vibrant contrast to the house and the sheep. The overall style of the image is cartoonish and colorful, with a clear focus on the house and the sheep. There is no visible text in the image.	89713986141.png	The image depicts an illustration of a young boy lying in bed, with his eyes closed and a peaceful expression. Above him, there is a whimsical scene of numerous cats of various colors and patterns, seemingly floating or flying in the air. The cats are depicted in a playful manner, with some appearing to be in mid-air and others looking down at the boy. The boy is wearing a green shirt and is lying on a bed with a white comforter. The background is a neutral gray, which contrasts with the vibrant colors of the cats. There is no visible text in the image. The style of the illustration is cartoonish and whimsical, with a focus on the fantastical element of the cats appearing to be in the air.	57424610911.png	The image depicts a stylized, animated male character in mid-run. He has a beard and mustache, and is wearing headphones. The character is dressed in a short-sleeved shirt with orange accents and black shorts. He is also wearing orange sneakers. The character is smiling and appears to be enjoying the run. There is no visible text in the image.
μετράω προβατάκια	Ο ποδηλάτης μπορεί να μετρήσει όπως μετράμε προβατάκια για να μας πάρει ο ύπνος.		57424610911.png	The image depicts a stylized, animated male character in mid-run. He has a beard and mustache, and is wearing headphones. The character is dressed in a short-sleeved shirt with orange accents and black shorts. He is also wearing orange sneakers. The character is smiling and appears to be enjoying the run. There is no visible text in the image.	43606019188.png	The image features a cartoon depiction of a shepherd standing in the center, with three sheep floating above his head. The shepherd is wearing a brown hat, a brown shirt, and brown pants with a belt. He has a cheerful expression and is pointing upwards with his right hand. The sheep have white wool and are labeled with numbers: one has the number 24, another has the number 5, and the third has the number 2. The background is plain white.	85297074855.png	The image depicts a whimsical scene of a small, black house with a pointed roof, situated in a garden. The house has a large glass window on the front, through which the interior is visible. Inside, there are four white sheep with fluffy wool, lying down and appearing to be asleep. The garden is lush with green grass and orange flowers, adding a vibrant contrast to the house and the sheep. The overall style of the image is cartoonish and colorful, with a clear focus on the house and the sheep. There is no visible text in the image.	89713986141.png	The image depicts an illustration of a young boy lying in bed, with his eyes closed and a peaceful expression. Above him, there is a whimsical scene of numerous cats of various colors and patterns, seemingly floating or flying in the air. The cats are depicted in a playful manner, with some appearing to be in mid-air and others looking down at the boy. The boy is wearing a green shirt and is lying on a bed with a white comforter. The background is a neutral gray, which contrasts with the vibrant colors of the cats. There is no visible text in the image. The style of the illustration is cartoonish and whimsical, with a focus on the fantastical element of the cats appearing to be in the air.	11567871443.png	"The image depicts a man lying in bed with his eyes closed, suggesting he is asleep. He has a beard and mustache, and is wearing a green shirt. The bed has a wooden headboard and is covered with a patterned blanket. Above the man's head, there is a thought bubble with three sheep inside, each with a different expression: one is smiling, one is frowning, and one is sleeping. The thought bubble has a cloud-like shape with a light brown color and a few scattered leaves. The text ""13-2-4"" is visible in the thought bubble, indicating a date or sequence of numbers. The overall style of the image is cartoonish and whimsical."
μετράω προβατάκια	Τσοπάνηδες μετρούν προβατάκια , μικρομαγαζάτορες μετρούν χρέη, εργαζόμενοι μετρούν απώλειες, Έλληνες ταγοί μετρούν επικυρίαρχους.		11567871443.png	"The image depicts a man lying in bed with his eyes closed, suggesting he is asleep. He has a beard and mustache, and is wearing a green shirt. The bed has a wooden headboard and is covered with a patterned blanket. Above the man's head, there is a thought bubble with three sheep inside, each with a different expression: one is smiling, one is frowning, and one is sleeping. The thought bubble has a cloud-like shape with a light brown color and a few scattered leaves. The text ""13-2-4"" is visible in the thought bubble, indicating a date or sequence of numbers. The overall style of the image is cartoonish and whimsical."	89713986141.png	The image depicts an illustration of a young boy lying in bed, with his eyes closed and a peaceful expression. Above him, there is a whimsical scene of numerous cats of various colors and patterns, seemingly floating or flying in the air. The cats are depicted in a playful manner, with some appearing to be in mid-air and others looking down at the boy. The boy is wearing a green shirt and is lying on a bed with a white comforter. The background is a neutral gray, which contrasts with the vibrant colors of the cats. There is no visible text in the image. The style of the illustration is cartoonish and whimsical, with a focus on the fantastical element of the cats appearing to be in the air.	57424610911.png	The image depicts a stylized, animated male character in mid-run. He has a beard and mustache, and is wearing headphones. The character is dressed in a short-sleeved shirt with orange accents and black shorts. He is also wearing orange sneakers. The character is smiling and appears to be enjoying the run. There is no visible text in the image.	43606019188.png	The image features a cartoon depiction of a shepherd standing in the center, with three sheep floating above his head. The shepherd is wearing a brown hat, a brown shirt, and brown pants with a belt. He has a cheerful expression and is pointing upwards with his right hand. The sheep have white wool and are labeled with numbers: one has the number 24, another has the number 5, and the third has the number 2. The background is plain white.	85297074855.png	The image depicts a whimsical scene of a small, black house with a pointed roof, situated in a garden. The house has a large glass window on the front, through which the interior is visible. Inside, there are four white sheep with fluffy wool, lying down and appearing to be asleep. The garden is lush with green grass and orange flowers, adding a vibrant contrast to the house and the sheep. The overall style of the image is cartoonish and colorful, with a clear focus on the house and the sheep. There is no visible text in the image.
μετράω προβατάκια	Κάθε βράδυ στο αγρόκτημα, πριν τα ταΐσω, κάθομαι στην αυλή και μετράω προβατάκια για να βεβαιωθώ ότι κανένα δεν λείπει.		11567871443.png	"The image depicts a man lying in bed with his eyes closed, suggesting he is asleep. He has a beard and mustache, and is wearing a green shirt. The bed has a wooden headboard and is covered with a patterned blanket. Above the man's head, there is a thought bubble with three sheep inside, each with a different expression: one is smiling, one is frowning, and one is sleeping. The thought bubble has a cloud-like shape with a light brown color and a few scattered leaves. The text ""13-2-4"" is visible in the thought bubble, indicating a date or sequence of numbers. The overall style of the image is cartoonish and whimsical."	89713986141.png	The image depicts an illustration of a young boy lying in bed, with his eyes closed and a peaceful expression. Above him, there is a whimsical scene of numerous cats of various colors and patterns, seemingly floating or flying in the air. The cats are depicted in a playful manner, with some appearing to be in mid-air and others looking down at the boy. The boy is wearing a green shirt and is lying on a bed with a white comforter. The background is a neutral gray, which contrasts with the vibrant colors of the cats. There is no visible text in the image. The style of the illustration is cartoonish and whimsical, with a focus on the fantastical element of the cats appearing to be in the air.	43606019188.png	The image features a cartoon depiction of a shepherd standing in the center, with three sheep floating above his head. The shepherd is wearing a brown hat, a brown shirt, and brown pants with a belt. He has a cheerful expression and is pointing upwards with his right hand. The sheep have white wool and are labeled with numbers: one has the number 24, another has the number 5, and the third has the number 2. The background is plain white.	57424610911.png	The image depicts a stylized, animated male character in mid-run. He has a beard and mustache, and is wearing headphones. The character is dressed in a short-sleeved shirt with orange accents and black shorts. He is also wearing orange sneakers. The character is smiling and appears to be enjoying the run. There is no visible text in the image.	85297074855.png	The image depicts a whimsical scene of a small, black house with a pointed roof, situated in a garden. The house has a large glass window on the front, through which the interior is visible. Inside, there are four white sheep with fluffy wool, lying down and appearing to be asleep. The garden is lush with green grass and orange flowers, adding a vibrant contrast to the house and the sheep. The overall style of the image is cartoonish and colorful, with a clear focus on the house and the sheep. There is no visible text in the image.
