compound	sentence	expected_order	image1_name	image1_caption	image2_name	image2_caption	image3_name	image3_caption	image4_name	image4_caption	image5_name	image5_caption
velika riba	Zlasti pa jim jemlje zaupanje dejstvo, da nobena » velika riba « doslej še ni bila obsojena.		47994717737.png	The image features a 3D animated character of a man dressed in a military uniform. The uniform consists of a brown shirt, brown trousers, a brown cap with a badge on the front, and black shoes. The character has a stern expression with his mouth open, as if shouting or speaking loudly. The character is standing against a plain white background. There is no visible text in the image.	13810031717.png	The image features a stylized, animated character of a woman standing on a circular platform. She is dressed in a black suit with an orange shirt and tie, and she is holding a tablet with both hands. The character has brown hair, is smiling, and appears to be presenting or demonstrating something on the tablet. The background is plain white, emphasizing the character and the platform she is standing on. There is no visible text in the image.	27306902558.png	The image shows a rectangular metal container with a lid, containing a cooked dish. The dish appears to be a type of fish, possibly sardines, with a golden-brown color suggesting they have been roasted or grilled. The fish are arranged in a single layer, and there are visible seasonings or spices on top of the fish. The container is placed on a white surface, and the image is a digital illustration with a realistic style. There is no visible text in the image.	14903236831.png	The image features a cartoon depiction of a shark and a fish. The shark is large, with a black body and a white underbelly, and is adorned with small white spots. It has a wide mouth with sharp teeth and is swimming towards the right side of the image. Below the shark, there is a smaller fish with an orange body and a white underbelly. The fish is swimming towards the left side of the image. Both the shark and the fish are surrounded by bubbles, suggesting they are underwater. The background is a plain white, and there are green plants visible at the bottom of the image. The image is stylized and does not depict a realistic scene.	88917016408.png	The image depicts a stylized illustration of a baby in a stroller. The baby has a rosy complexion, closed eyes, and a small, contented smile. The baby's hair is a light brown color, and the stroller has a modern design with a black frame and orange accents. The stroller's seat is visible, and the baby's hands are resting on the stroller's handle. There is no visible text in the image. The style of the illustration is cartoonish and appears to be designed for a child-friendly audience.
velika riba	No, Mac je nemara že bil velika riba v kongresu, toda o Severni Dakoti ve samo tisto, kar je izvedel iz sposojenega posnetka Farga, je rekel sam pri sebi in ni več mislil za ženinega deda.		27306902558.png	The image shows a rectangular metal container with a lid, containing a cooked dish. The dish appears to be a type of fish, possibly sardines, with a golden-brown color suggesting they have been roasted or grilled. The fish are arranged in a single layer, and there are visible seasonings or spices on top of the fish. The container is placed on a white surface, and the image is a digital illustration with a realistic style. There is no visible text in the image.	47994717737.png	The image features a 3D animated character of a man dressed in a military uniform. The uniform consists of a brown shirt, brown trousers, a brown cap with a badge on the front, and black shoes. The character has a stern expression with his mouth open, as if shouting or speaking loudly. The character is standing against a plain white background. There is no visible text in the image.	14903236831.png	The image features a cartoon depiction of a shark and a fish. The shark is large, with a black body and a white underbelly, and is adorned with small white spots. It has a wide mouth with sharp teeth and is swimming towards the right side of the image. Below the shark, there is a smaller fish with an orange body and a white underbelly. The fish is swimming towards the left side of the image. Both the shark and the fish are surrounded by bubbles, suggesting they are underwater. The background is a plain white, and there are green plants visible at the bottom of the image. The image is stylized and does not depict a realistic scene.	13810031717.png	The image features a stylized, animated character of a woman standing on a circular platform. She is dressed in a black suit with an orange shirt and tie, and she is holding a tablet with both hands. The character has brown hair, is smiling, and appears to be presenting or demonstrating something on the tablet. The background is plain white, emphasizing the character and the platform she is standing on. There is no visible text in the image.	88917016408.png	The image depicts a stylized illustration of a baby in a stroller. The baby has a rosy complexion, closed eyes, and a small, contented smile. The baby's hair is a light brown color, and the stroller has a modern design with a black frame and orange accents. The stroller's seat is visible, and the baby's hands are resting on the stroller's handle. There is no visible text in the image. The style of the illustration is cartoonish and appears to be designed for a child-friendly audience.
velika riba	Je razmeroma velika riba , široka za polovico telesne dolžine.		88917016408.png	The image depicts a stylized illustration of a baby in a stroller. The baby has a rosy complexion, closed eyes, and a small, contented smile. The baby's hair is a light brown color, and the stroller has a modern design with a black frame and orange accents. The stroller's seat is visible, and the baby's hands are resting on the stroller's handle. There is no visible text in the image. The style of the illustration is cartoonish and appears to be designed for a child-friendly audience.	27306902558.png	The image shows a rectangular metal container with a lid, containing a cooked dish. The dish appears to be a type of fish, possibly sardines, with a golden-brown color suggesting they have been roasted or grilled. The fish are arranged in a single layer, and there are visible seasonings or spices on top of the fish. The container is placed on a white surface, and the image is a digital illustration with a realistic style. There is no visible text in the image.	13810031717.png	The image features a stylized, animated character of a woman standing on a circular platform. She is dressed in a black suit with an orange shirt and tie, and she is holding a tablet with both hands. The character has brown hair, is smiling, and appears to be presenting or demonstrating something on the tablet. The background is plain white, emphasizing the character and the platform she is standing on. There is no visible text in the image.	47994717737.png	The image features a 3D animated character of a man dressed in a military uniform. The uniform consists of a brown shirt, brown trousers, a brown cap with a badge on the front, and black shoes. The character has a stern expression with his mouth open, as if shouting or speaking loudly. The character is standing against a plain white background. There is no visible text in the image.	14903236831.png	The image features a cartoon depiction of a shark and a fish. The shark is large, with a black body and a white underbelly, and is adorned with small white spots. It has a wide mouth with sharp teeth and is swimming towards the right side of the image. Below the shark, there is a smaller fish with an orange body and a white underbelly. The fish is swimming towards the left side of the image. Both the shark and the fish are surrounded by bubbles, suggesting they are underwater. The background is a plain white, and there are green plants visible at the bottom of the image. The image is stylized and does not depict a realistic scene.
velika riba	Ko je bila velika riba oddaljena približno 6 metrov, pa se je z vso silo pognala v potapljača.		88917016408.png	The image depicts a stylized illustration of a baby in a stroller. The baby has a rosy complexion, closed eyes, and a small, contented smile. The baby's hair is a light brown color, and the stroller has a modern design with a black frame and orange accents. The stroller's seat is visible, and the baby's hands are resting on the stroller's handle. There is no visible text in the image. The style of the illustration is cartoonish and appears to be designed for a child-friendly audience.	13810031717.png	The image features a stylized, animated character of a woman standing on a circular platform. She is dressed in a black suit with an orange shirt and tie, and she is holding a tablet with both hands. The character has brown hair, is smiling, and appears to be presenting or demonstrating something on the tablet. The background is plain white, emphasizing the character and the platform she is standing on. There is no visible text in the image.	47994717737.png	The image features a 3D animated character of a man dressed in a military uniform. The uniform consists of a brown shirt, brown trousers, a brown cap with a badge on the front, and black shoes. The character has a stern expression with his mouth open, as if shouting or speaking loudly. The character is standing against a plain white background. There is no visible text in the image.	14903236831.png	The image features a cartoon depiction of a shark and a fish. The shark is large, with a black body and a white underbelly, and is adorned with small white spots. It has a wide mouth with sharp teeth and is swimming towards the right side of the image. Below the shark, there is a smaller fish with an orange body and a white underbelly. The fish is swimming towards the left side of the image. Both the shark and the fish are surrounded by bubbles, suggesting they are underwater. The background is a plain white, and there are green plants visible at the bottom of the image. The image is stylized and does not depict a realistic scene.	27306902558.png	The image shows a rectangular metal container with a lid, containing a cooked dish. The dish appears to be a type of fish, possibly sardines, with a golden-brown color suggesting they have been roasted or grilled. The fish are arranged in a single layer, and there are visible seasonings or spices on top of the fish. The container is placed on a white surface, and the image is a digital illustration with a realistic style. There is no visible text in the image.
črna škatla	"Kaj dejansko se s temi podatki dogaja, je za posameznika kot črna škatla , kot temu pravi Frank Pasquale, in v to nimamo vpogleda,"" poudarja Helena Uršič."		66990352988.png	The image shows a black rectangular box with a visible orange tag on the front, placed on a wooden table. The table has a simple, round shape and is set against a plain, light background. The box appears to be a gift box, and the tag might indicate a message or a price. The image is a clear, isolated product shot with a focus on the box and the table.	16945646062.png	The image shows a cardboard box with its flaps open, revealing the interior. The box appears to be empty and is set against a plain white background. The box is a standard rectangular shape with a visible barcode on the bottom right corner. The cardboard has a textured surface, and the color is a uniform light brown. There are no visible texts or brands on the box. The style of the image is a clear, isolated product shot with a focus on the box itself.	37800013074.png	The image features a stylized, cartoon-like depiction of a small dog with a predominantly orange and white coat. The dog has large, round, black eyes and a small, black nose. It has a red collar around its neck and a curly tail. The dog is standing on all fours and appears to be smiling or panting with its mouth open. The background is plain and white, which contrasts with the dog's colorful fur. There is no visible text in the image.	31481056544.png	The image depicts a stylized computer setup on a white surface. There is a computer monitor with a dark brown frame and a black screen. Below the monitor, there is a keyboard with a dark gray color and a light gray backlight. To the right of the keyboard, there is a computer mouse with a dark gray color and a light gray backlight.  In front of the monitor, there is a collection of items. On the left, there is a brown mug with a handle. To the right of the mug, there is a brown pencil holder with various pencils and a pen. In front of the pencil holder, there is a small orange robot figurine. To the right of the robot, there is a small orange cup with a handle.  In the bottom left corner, there is a small orange book with a white cover. The objects are arranged in a casual manner, suggesting a personal workspace. There is no visible text in the image. The style of the image is illustrative and appears to be designed for a digital medium, possibly for a website or a graphic design project.	64128909044.png	The image depicts an animated scene of a man in an orange hard hat standing at a conveyor belt. The conveyor belt is carrying red apples. The man appears to be observing the apples as they pass by. In the background, there is a large machine with a control panel and a lever, suggesting an industrial setting. The machine has a cylindrical shape with a black and orange striped pattern on its side. The man is wearing a white shirt and dark pants. There is no visible text in the image. The style of the image is cartoonish and appears to be designed for illustrative purposes, possibly for a storyboard or an educational material.
črna škatla	S tem črna škatla , ki naj prinese razvojno strategijo, ne bo več tako skrivnostna in vedeli bomo, kaj v njej iskati.		66990352988.png	The image shows a black rectangular box with a visible orange tag on the front, placed on a wooden table. The table has a simple, round shape and is set against a plain, light background. The box appears to be a gift box, and the tag might indicate a message or a price. The image is a clear, isolated product shot with a focus on the box and the table.	16945646062.png	The image shows a cardboard box with its flaps open, revealing the interior. The box appears to be empty and is set against a plain white background. The box is a standard rectangular shape with a visible barcode on the bottom right corner. The cardboard has a textured surface, and the color is a uniform light brown. There are no visible texts or brands on the box. The style of the image is a clear, isolated product shot with a focus on the box itself.	31481056544.png	The image depicts a stylized computer setup on a white surface. There is a computer monitor with a dark brown frame and a black screen. Below the monitor, there is a keyboard with a dark gray color and a light gray backlight. To the right of the keyboard, there is a computer mouse with a dark gray color and a light gray backlight.  In front of the monitor, there is a collection of items. On the left, there is a brown mug with a handle. To the right of the mug, there is a brown pencil holder with various pencils and a pen. In front of the pencil holder, there is a small orange robot figurine. To the right of the robot, there is a small orange cup with a handle.  In the bottom left corner, there is a small orange book with a white cover. The objects are arranged in a casual manner, suggesting a personal workspace. There is no visible text in the image. The style of the image is illustrative and appears to be designed for a digital medium, possibly for a website or a graphic design project.	64128909044.png	The image depicts an animated scene of a man in an orange hard hat standing at a conveyor belt. The conveyor belt is carrying red apples. The man appears to be observing the apples as they pass by. In the background, there is a large machine with a control panel and a lever, suggesting an industrial setting. The machine has a cylindrical shape with a black and orange striped pattern on its side. The man is wearing a white shirt and dark pants. There is no visible text in the image. The style of the image is cartoonish and appears to be designed for illustrative purposes, possibly for a storyboard or an educational material.	37800013074.png	The image features a stylized, cartoon-like depiction of a small dog with a predominantly orange and white coat. The dog has large, round, black eyes and a small, black nose. It has a red collar around its neck and a curly tail. The dog is standing on all fours and appears to be smiling or panting with its mouth open. The background is plain and white, which contrasts with the dog's colorful fur. There is no visible text in the image.
črna škatla	Sredi džungle pade iz tovornjaka črna škatla .		31481056544.png	The image depicts a stylized computer setup on a white surface. There is a computer monitor with a dark brown frame and a black screen. Below the monitor, there is a keyboard with a dark gray color and a light gray backlight. To the right of the keyboard, there is a computer mouse with a dark gray color and a light gray backlight.  In front of the monitor, there is a collection of items. On the left, there is a brown mug with a handle. To the right of the mug, there is a brown pencil holder with various pencils and a pen. In front of the pencil holder, there is a small orange robot figurine. To the right of the robot, there is a small orange cup with a handle.  In the bottom left corner, there is a small orange book with a white cover. The objects are arranged in a casual manner, suggesting a personal workspace. There is no visible text in the image. The style of the image is illustrative and appears to be designed for a digital medium, possibly for a website or a graphic design project.	37800013074.png	The image features a stylized, cartoon-like depiction of a small dog with a predominantly orange and white coat. The dog has large, round, black eyes and a small, black nose. It has a red collar around its neck and a curly tail. The dog is standing on all fours and appears to be smiling or panting with its mouth open. The background is plain and white, which contrasts with the dog's colorful fur. There is no visible text in the image.	16945646062.png	The image shows a cardboard box with its flaps open, revealing the interior. The box appears to be empty and is set against a plain white background. The box is a standard rectangular shape with a visible barcode on the bottom right corner. The cardboard has a textured surface, and the color is a uniform light brown. There are no visible texts or brands on the box. The style of the image is a clear, isolated product shot with a focus on the box itself.	66990352988.png	The image shows a black rectangular box with a visible orange tag on the front, placed on a wooden table. The table has a simple, round shape and is set against a plain, light background. The box appears to be a gift box, and the tag might indicate a message or a price. The image is a clear, isolated product shot with a focus on the box and the table.	64128909044.png	The image depicts an animated scene of a man in an orange hard hat standing at a conveyor belt. The conveyor belt is carrying red apples. The man appears to be observing the apples as they pass by. In the background, there is a large machine with a control panel and a lever, suggesting an industrial setting. The machine has a cylindrical shape with a black and orange striped pattern on its side. The man is wearing a white shirt and dark pants. There is no visible text in the image. The style of the image is cartoonish and appears to be designed for illustrative purposes, possibly for a storyboard or an educational material.
črna škatla	Sprva ni opazil ničesar, potem pa je njegovo pozornost pritegnila majhna črna škatla na zidu neke stavbe.		64128909044.png	The image depicts an animated scene of a man in an orange hard hat standing at a conveyor belt. The conveyor belt is carrying red apples. The man appears to be observing the apples as they pass by. In the background, there is a large machine with a control panel and a lever, suggesting an industrial setting. The machine has a cylindrical shape with a black and orange striped pattern on its side. The man is wearing a white shirt and dark pants. There is no visible text in the image. The style of the image is cartoonish and appears to be designed for illustrative purposes, possibly for a storyboard or an educational material.	31481056544.png	The image depicts a stylized computer setup on a white surface. There is a computer monitor with a dark brown frame and a black screen. Below the monitor, there is a keyboard with a dark gray color and a light gray backlight. To the right of the keyboard, there is a computer mouse with a dark gray color and a light gray backlight.  In front of the monitor, there is a collection of items. On the left, there is a brown mug with a handle. To the right of the mug, there is a brown pencil holder with various pencils and a pen. In front of the pencil holder, there is a small orange robot figurine. To the right of the robot, there is a small orange cup with a handle.  In the bottom left corner, there is a small orange book with a white cover. The objects are arranged in a casual manner, suggesting a personal workspace. There is no visible text in the image. The style of the image is illustrative and appears to be designed for a digital medium, possibly for a website or a graphic design project.	37800013074.png	The image features a stylized, cartoon-like depiction of a small dog with a predominantly orange and white coat. The dog has large, round, black eyes and a small, black nose. It has a red collar around its neck and a curly tail. The dog is standing on all fours and appears to be smiling or panting with its mouth open. The background is plain and white, which contrasts with the dog's colorful fur. There is no visible text in the image.	16945646062.png	The image shows a cardboard box with its flaps open, revealing the interior. The box appears to be empty and is set against a plain white background. The box is a standard rectangular shape with a visible barcode on the bottom right corner. The cardboard has a textured surface, and the color is a uniform light brown. There are no visible texts or brands on the box. The style of the image is a clear, isolated product shot with a focus on the box itself.	66990352988.png	The image shows a black rectangular box with a visible orange tag on the front, placed on a wooden table. The table has a simple, round shape and is set against a plain, light background. The box appears to be a gift box, and the tag might indicate a message or a price. The image is a clear, isolated product shot with a focus on the box and the table.
vsakdanji kruh	Še nikoli ni tako velik odstotek ljudi služil vsakdanjega kruha s tem, da je spreminjal podobe drugih ljudi.		65295528175.png	The image shows a croissant with a golden-brown crust and a flaky texture, placed on a white plate. The croissant is curled and has a glossy sheen, suggesting it is freshly baked. The background is a neutral gray, providing a contrast that highlights the croissant. There is no visible text in the image. The croissant is the central object in the image, and its position on the plate suggests it is ready to be eaten. The image is a digital illustration with a realistic style.	19985733495.png	The image is a digital illustration featuring two animated characters. On the left is a female character with short brown hair, wearing a black blazer over an orange top, black pants, and black high heels. She is smiling and holding a small trophy with a golden base and a golden trophy head. On the right is a male character wearing a hard hat, a black suit jacket, a yellow shirt, and black pants. He is also smiling and holding the same trophy with both hands. The background is plain white. There is no visible text in the image. The style of the illustration is cartoonish and friendly, with a focus on the characters' expressions and the trophy they are sharing.	48447879472.png	The image shows two construction workers on a brick wall. They are wearing hard hats and safety vests, indicating a focus on safety. The worker on the left is standing on a scaffolding structure, which is made of metal bars and wooden planks. The worker on the right is holding onto the scaffolding and appears to be in the process of climbing up. Both workers are engaged in the construction process, as suggested by the tools and materials around them. The background is a clear sky, which contrasts with the brick wall and the industrial nature of the scene. There is no visible text in the image.	60872681732.png	The image depicts a stylized illustration of a cornfield. The corn plants are tall and green, with golden-yellow ears of corn at the top. The field is bordered by a line of trees and bushes with green leaves and orange flowers. The sky is a pale blue with a few scattered clouds. There are no visible texts on the image. The style of the image is cartoonish with a limited color palette, emphasizing the contrast between the green of the plants and the orange of the flowers and leaves.	11786115000.png	The image depicts a stylized illustration of a loaf of bread with a golden-brown crust, placed on a wooden table. The bread is adorned with a few white specks, suggesting a dusting of flour or salt. To the right of the bread, there is a single grain of wheat with a long, slender shape. The table is covered with a checkered cloth in shades of orange and white. The background is plain and does not contain any text or additional objects. The style of the image is cartoonish and appears to be designed for a casual or whimsical setting.
vsakdanji kruh	Slovenski glasbeniki se bojujejo za vsakdanji kruh na dokaj majhnem trgu.		11786115000.png	The image depicts a stylized illustration of a loaf of bread with a golden-brown crust, placed on a wooden table. The bread is adorned with a few white specks, suggesting a dusting of flour or salt. To the right of the bread, there is a single grain of wheat with a long, slender shape. The table is covered with a checkered cloth in shades of orange and white. The background is plain and does not contain any text or additional objects. The style of the image is cartoonish and appears to be designed for a casual or whimsical setting.	60872681732.png	The image depicts a stylized illustration of a cornfield. The corn plants are tall and green, with golden-yellow ears of corn at the top. The field is bordered by a line of trees and bushes with green leaves and orange flowers. The sky is a pale blue with a few scattered clouds. There are no visible texts on the image. The style of the image is cartoonish with a limited color palette, emphasizing the contrast between the green of the plants and the orange of the flowers and leaves.	48447879472.png	The image shows two construction workers on a brick wall. They are wearing hard hats and safety vests, indicating a focus on safety. The worker on the left is standing on a scaffolding structure, which is made of metal bars and wooden planks. The worker on the right is holding onto the scaffolding and appears to be in the process of climbing up. Both workers are engaged in the construction process, as suggested by the tools and materials around them. The background is a clear sky, which contrasts with the brick wall and the industrial nature of the scene. There is no visible text in the image.	65295528175.png	The image shows a croissant with a golden-brown crust and a flaky texture, placed on a white plate. The croissant is curled and has a glossy sheen, suggesting it is freshly baked. The background is a neutral gray, providing a contrast that highlights the croissant. There is no visible text in the image. The croissant is the central object in the image, and its position on the plate suggests it is ready to be eaten. The image is a digital illustration with a realistic style.	19985733495.png	The image is a digital illustration featuring two animated characters. On the left is a female character with short brown hair, wearing a black blazer over an orange top, black pants, and black high heels. She is smiling and holding a small trophy with a golden base and a golden trophy head. On the right is a male character wearing a hard hat, a black suit jacket, a yellow shirt, and black pants. He is also smiling and holding the same trophy with both hands. The background is plain white. There is no visible text in the image. The style of the illustration is cartoonish and friendly, with a focus on the characters' expressions and the trophy they are sharing.
vsakdanji kruh	Babica je vsako jutro spekla svoj vsakdanji kruh, navaden bel hlebec, ki je dišal po celi kuhinji.		48447879472.png	The image shows two construction workers on a brick wall. They are wearing hard hats and safety vests, indicating a focus on safety. The worker on the left is standing on a scaffolding structure, which is made of metal bars and wooden planks. The worker on the right is holding onto the scaffolding and appears to be in the process of climbing up. Both workers are engaged in the construction process, as suggested by the tools and materials around them. The background is a clear sky, which contrasts with the brick wall and the industrial nature of the scene. There is no visible text in the image.	60872681732.png	The image depicts a stylized illustration of a cornfield. The corn plants are tall and green, with golden-yellow ears of corn at the top. The field is bordered by a line of trees and bushes with green leaves and orange flowers. The sky is a pale blue with a few scattered clouds. There are no visible texts on the image. The style of the image is cartoonish with a limited color palette, emphasizing the contrast between the green of the plants and the orange of the flowers and leaves.	11786115000.png	The image depicts a stylized illustration of a loaf of bread with a golden-brown crust, placed on a wooden table. The bread is adorned with a few white specks, suggesting a dusting of flour or salt. To the right of the bread, there is a single grain of wheat with a long, slender shape. The table is covered with a checkered cloth in shades of orange and white. The background is plain and does not contain any text or additional objects. The style of the image is cartoonish and appears to be designed for a casual or whimsical setting.	19985733495.png	The image is a digital illustration featuring two animated characters. On the left is a female character with short brown hair, wearing a black blazer over an orange top, black pants, and black high heels. She is smiling and holding a small trophy with a golden base and a golden trophy head. On the right is a male character wearing a hard hat, a black suit jacket, a yellow shirt, and black pants. He is also smiling and holding the same trophy with both hands. The background is plain white. There is no visible text in the image. The style of the illustration is cartoonish and friendly, with a focus on the characters' expressions and the trophy they are sharing.	65295528175.png	The image shows a croissant with a golden-brown crust and a flaky texture, placed on a white plate. The croissant is curled and has a glossy sheen, suggesting it is freshly baked. The background is a neutral gray, providing a contrast that highlights the croissant. There is no visible text in the image. The croissant is the central object in the image, and its position on the plate suggests it is ready to be eaten. The image is a digital illustration with a realistic style.
vsakdanji kruh	Pekarna je prodajala preprosti vsakdanji kruh, ki so ga domačini vsak dan razgrabili že pred kosilom.		11786115000.png	The image depicts a stylized illustration of a loaf of bread with a golden-brown crust, placed on a wooden table. The bread is adorned with a few white specks, suggesting a dusting of flour or salt. To the right of the bread, there is a single grain of wheat with a long, slender shape. The table is covered with a checkered cloth in shades of orange and white. The background is plain and does not contain any text or additional objects. The style of the image is cartoonish and appears to be designed for a casual or whimsical setting.	60872681732.png	The image depicts a stylized illustration of a cornfield. The corn plants are tall and green, with golden-yellow ears of corn at the top. The field is bordered by a line of trees and bushes with green leaves and orange flowers. The sky is a pale blue with a few scattered clouds. There are no visible texts on the image. The style of the image is cartoonish with a limited color palette, emphasizing the contrast between the green of the plants and the orange of the flowers and leaves.	48447879472.png	The image shows two construction workers on a brick wall. They are wearing hard hats and safety vests, indicating a focus on safety. The worker on the left is standing on a scaffolding structure, which is made of metal bars and wooden planks. The worker on the right is holding onto the scaffolding and appears to be in the process of climbing up. Both workers are engaged in the construction process, as suggested by the tools and materials around them. The background is a clear sky, which contrasts with the brick wall and the industrial nature of the scene. There is no visible text in the image.	65295528175.png	The image shows a croissant with a golden-brown crust and a flaky texture, placed on a white plate. The croissant is curled and has a glossy sheen, suggesting it is freshly baked. The background is a neutral gray, providing a contrast that highlights the croissant. There is no visible text in the image. The croissant is the central object in the image, and its position on the plate suggests it is ready to be eaten. The image is a digital illustration with a realistic style.	19985733495.png	The image is a digital illustration featuring two animated characters. On the left is a female character with short brown hair, wearing a black blazer over an orange top, black pants, and black high heels. She is smiling and holding a small trophy with a golden base and a golden trophy head. On the right is a male character wearing a hard hat, a black suit jacket, a yellow shirt, and black pants. He is also smiling and holding the same trophy with both hands. The background is plain white. There is no visible text in the image. The style of the illustration is cartoonish and friendly, with a focus on the characters' expressions and the trophy they are sharing.
mačje oko	Mačje oko je še najlepše vidno, če površino zgladimo.		34872333354.png	The image depicts a 3D rendering of a street scene. There are two buildings on either side of the street, both with a similar architectural style, featuring flat roofs and large windows. The buildings are rendered in a warm, earthy color palette, with the left building in a lighter shade and the right building in a darker shade.  The street itself is a two-lane road with a yellow center line. The road is flanked by a sidewalk on the left side, which is not detailed in the image. The street appears to be empty, with no visible vehicles or pedestrians.  The sky is a plain white, suggesting a clear day with no clouds. There are no visible texts or distinguishing marks that provide additional context or information about the location or the image itself. The style of the image is realistic with a focus on clean lines and a lack of texture, which is typical for 3D renderings.	11575214077.png	The image features a stylized depiction of an orange traffic cone with a white stripe running down its center. On the white stripe, there is a small graphic of a red flag with a black outline and a yellow border. The cone is placed on a black surface that has a slight shadow beneath it, suggesting a light source from above. The background is plain white, emphasizing the cone as the central object in the image. There is no visible text in the image. The style of the image is graphic and appears to be a digital illustration.	33808674305.png	The image depicts a nighttime scene of a road with a series of streetlights lining the sides. The road appears to be a highway or a major road, as indicated by the presence of a center divider. The streetlights are illuminated, casting a warm glow on the road surface. There are no visible texts or distinctive markings on the road. The background is dark, emphasizing the lights and the road itself. The image is a digital rendering or illustration, not a photograph.	84926852428.png	The image features a close-up of a cat's face, focusing on its eyes and nose. The cat has striking orange eyes with a black pupil, and its fur appears to be a mix of white and orange, with the white fur being more prominent. The cat's nose is pink, and it has long, white whiskers. The background is plain and white, which contrasts with the cat's fur and highlights its features. There is no visible text in the image.	38524198728.png	The image depicts a stylized illustration of an orange and white cat curled up and sleeping on a chair. The chair has a patterned upholstery with a dark brown background and lighter brown spots. The cat's eyes are closed, and it appears to be in a peaceful state of rest. There is no visible text in the image. The style of the illustration is cartoonish and simplistic, with a focus on the cat and the chair.
mačje oko	In se zadovoljno peljem po popolnoma prazni cesti, s katere levega in desnega roba žarijo vame malo rabljena mačja očesa .		38524198728.png	The image depicts a stylized illustration of an orange and white cat curled up and sleeping on a chair. The chair has a patterned upholstery with a dark brown background and lighter brown spots. The cat's eyes are closed, and it appears to be in a peaceful state of rest. There is no visible text in the image. The style of the illustration is cartoonish and simplistic, with a focus on the cat and the chair.	33808674305.png	The image depicts a nighttime scene of a road with a series of streetlights lining the sides. The road appears to be a highway or a major road, as indicated by the presence of a center divider. The streetlights are illuminated, casting a warm glow on the road surface. There are no visible texts or distinctive markings on the road. The background is dark, emphasizing the lights and the road itself. The image is a digital rendering or illustration, not a photograph.	34872333354.png	The image depicts a 3D rendering of a street scene. There are two buildings on either side of the street, both with a similar architectural style, featuring flat roofs and large windows. The buildings are rendered in a warm, earthy color palette, with the left building in a lighter shade and the right building in a darker shade.  The street itself is a two-lane road with a yellow center line. The road is flanked by a sidewalk on the left side, which is not detailed in the image. The street appears to be empty, with no visible vehicles or pedestrians.  The sky is a plain white, suggesting a clear day with no clouds. There are no visible texts or distinguishing marks that provide additional context or information about the location or the image itself. The style of the image is realistic with a focus on clean lines and a lack of texture, which is typical for 3D renderings.	11575214077.png	The image features a stylized depiction of an orange traffic cone with a white stripe running down its center. On the white stripe, there is a small graphic of a red flag with a black outline and a yellow border. The cone is placed on a black surface that has a slight shadow beneath it, suggesting a light source from above. The background is plain white, emphasizing the cone as the central object in the image. There is no visible text in the image. The style of the image is graphic and appears to be a digital illustration.	84926852428.png	The image features a close-up of a cat's face, focusing on its eyes and nose. The cat has striking orange eyes with a black pupil, and its fur appears to be a mix of white and orange, with the white fur being more prominent. The cat's nose is pink, and it has long, white whiskers. The background is plain and white, which contrasts with the cat's fur and highlights its features. There is no visible text in the image.
mačje oko	Tigrovo oko je primerno ime za ta kristal, saj je videti kot mačje oko .		84926852428.png	The image features a close-up of a cat's face, focusing on its eyes and nose. The cat has striking orange eyes with a black pupil, and its fur appears to be a mix of white and orange, with the white fur being more prominent. The cat's nose is pink, and it has long, white whiskers. The background is plain and white, which contrasts with the cat's fur and highlights its features. There is no visible text in the image.	11575214077.png	The image features a stylized depiction of an orange traffic cone with a white stripe running down its center. On the white stripe, there is a small graphic of a red flag with a black outline and a yellow border. The cone is placed on a black surface that has a slight shadow beneath it, suggesting a light source from above. The background is plain white, emphasizing the cone as the central object in the image. There is no visible text in the image. The style of the image is graphic and appears to be a digital illustration.	34872333354.png	The image depicts a 3D rendering of a street scene. There are two buildings on either side of the street, both with a similar architectural style, featuring flat roofs and large windows. The buildings are rendered in a warm, earthy color palette, with the left building in a lighter shade and the right building in a darker shade.  The street itself is a two-lane road with a yellow center line. The road is flanked by a sidewalk on the left side, which is not detailed in the image. The street appears to be empty, with no visible vehicles or pedestrians.  The sky is a plain white, suggesting a clear day with no clouds. There are no visible texts or distinguishing marks that provide additional context or information about the location or the image itself. The style of the image is realistic with a focus on clean lines and a lack of texture, which is typical for 3D renderings.	38524198728.png	The image depicts a stylized illustration of an orange and white cat curled up and sleeping on a chair. The chair has a patterned upholstery with a dark brown background and lighter brown spots. The cat's eyes are closed, and it appears to be in a peaceful state of rest. There is no visible text in the image. The style of the illustration is cartoonish and simplistic, with a focus on the cat and the chair.	33808674305.png	The image depicts a nighttime scene of a road with a series of streetlights lining the sides. The road appears to be a highway or a major road, as indicated by the presence of a center divider. The streetlights are illuminated, casting a warm glow on the road surface. There are no visible texts or distinctive markings on the road. The background is dark, emphasizing the lights and the road itself. The image is a digital rendering or illustration, not a photograph.
mačje oko	V primerjavi s človeškim očesom ima mačje oko več paličic kot čepnic, zato mačke dobro vidijo v temi.		33808674305.png	The image depicts a nighttime scene of a road with a series of streetlights lining the sides. The road appears to be a highway or a major road, as indicated by the presence of a center divider. The streetlights are illuminated, casting a warm glow on the road surface. There are no visible texts or distinctive markings on the road. The background is dark, emphasizing the lights and the road itself. The image is a digital rendering or illustration, not a photograph.	38524198728.png	The image depicts a stylized illustration of an orange and white cat curled up and sleeping on a chair. The chair has a patterned upholstery with a dark brown background and lighter brown spots. The cat's eyes are closed, and it appears to be in a peaceful state of rest. There is no visible text in the image. The style of the illustration is cartoonish and simplistic, with a focus on the cat and the chair.	11575214077.png	The image features a stylized depiction of an orange traffic cone with a white stripe running down its center. On the white stripe, there is a small graphic of a red flag with a black outline and a yellow border. The cone is placed on a black surface that has a slight shadow beneath it, suggesting a light source from above. The background is plain white, emphasizing the cone as the central object in the image. There is no visible text in the image. The style of the image is graphic and appears to be a digital illustration.	34872333354.png	The image depicts a 3D rendering of a street scene. There are two buildings on either side of the street, both with a similar architectural style, featuring flat roofs and large windows. The buildings are rendered in a warm, earthy color palette, with the left building in a lighter shade and the right building in a darker shade.  The street itself is a two-lane road with a yellow center line. The road is flanked by a sidewalk on the left side, which is not detailed in the image. The street appears to be empty, with no visible vehicles or pedestrians.  The sky is a plain white, suggesting a clear day with no clouds. There are no visible texts or distinguishing marks that provide additional context or information about the location or the image itself. The style of the image is realistic with a focus on clean lines and a lack of texture, which is typical for 3D renderings.	84926852428.png	The image features a close-up of a cat's face, focusing on its eyes and nose. The cat has striking orange eyes with a black pupil, and its fur appears to be a mix of white and orange, with the white fur being more prominent. The cat's nose is pink, and it has long, white whiskers. The background is plain and white, which contrasts with the cat's fur and highlights its features. There is no visible text in the image.
iti za las	Ko je prišlo do glasovanja, je šlo za las .		33946381467.png	The image depicts an animated scene with a young boy on a bicycle. The boy is wearing a black helmet, glasses, and an orange vest. He is riding a bright orange bicycle with black tires. The bicycle is positioned in front of a gray Toyota car, which is parked on a street with an orange traffic cone to the right of the car. The boy appears to be looking at the car with a slight frown on his face. There is no visible text in the image. The style of the image is cartoonish and colorful.	98486756458.png	The image shows a black gift box with a bright orange ribbon tied in a bow on top. The ribbon has a pattern of small white dots. The box appears to be a simple, rectangular shape with a smooth surface. The background is plain and white, which contrasts with the dark color of the box and the vibrant orange of the ribbon. There is no visible text in the image. The style of the image is a digital illustration with a clean and simple aesthetic.	29908637808.png	The image depicts an animated character, a young girl with curly hair, sitting on the floor in front of a mirror. She is wearing an orange long-sleeved top and black pants. Her hair is styled with a hairband and she appears to be looking at her reflection in the mirror. The girl is also wearing orange shoes with white soles. The background is plain and white, which contrasts with the colorful attire of the character. There are no visible texts in the image. The style of the image is cartoonish and it seems to be a digital illustration.	96373755691.png	The image depicts a stylized street scene. On the left, there is a two-story building with a brick facade and two arched windows on the upper floor. The building has a green awning with orange stripes. In front of the building, there is a small outdoor seating area with a table and two chairs. A man is walking on the sidewalk in front of the building, wearing a yellow sweater and brown pants.  In the foreground, there is a parked orange sports car with a black roof and black wheels. The car is positioned on the right side of the image. The street appears to be a quiet residential area with no visible traffic. The overall style of the image is illustrative and appears to be designed for a digital medium, possibly for a video game or a similar type of artwork.	54950707789.png	The image features a cartoon character, a bald man with a surprised expression. He is wearing a black robe with an orange belt and is holding a pair of scissors in his right hand. The character appears to be in a state of shock or disbelief. The background is plain and white, which contrasts with the character's attire and the scissors. There is no visible text in the image.
iti za las	Banham je skorajda dosegel še svoj drugi zadetek, a je šel plošček za las mimo gola.		96373755691.png	The image depicts a stylized street scene. On the left, there is a two-story building with a brick facade and two arched windows on the upper floor. The building has a green awning with orange stripes. In front of the building, there is a small outdoor seating area with a table and two chairs. A man is walking on the sidewalk in front of the building, wearing a yellow sweater and brown pants.  In the foreground, there is a parked orange sports car with a black roof and black wheels. The car is positioned on the right side of the image. The street appears to be a quiet residential area with no visible traffic. The overall style of the image is illustrative and appears to be designed for a digital medium, possibly for a video game or a similar type of artwork.	54950707789.png	The image features a cartoon character, a bald man with a surprised expression. He is wearing a black robe with an orange belt and is holding a pair of scissors in his right hand. The character appears to be in a state of shock or disbelief. The background is plain and white, which contrasts with the character's attire and the scissors. There is no visible text in the image.	98486756458.png	The image shows a black gift box with a bright orange ribbon tied in a bow on top. The ribbon has a pattern of small white dots. The box appears to be a simple, rectangular shape with a smooth surface. The background is plain and white, which contrasts with the dark color of the box and the vibrant orange of the ribbon. There is no visible text in the image. The style of the image is a digital illustration with a clean and simple aesthetic.	29908637808.png	The image depicts an animated character, a young girl with curly hair, sitting on the floor in front of a mirror. She is wearing an orange long-sleeved top and black pants. Her hair is styled with a hairband and she appears to be looking at her reflection in the mirror. The girl is also wearing orange shoes with white soles. The background is plain and white, which contrasts with the colorful attire of the character. There are no visible texts in the image. The style of the image is cartoonish and it seems to be a digital illustration.	33946381467.png	The image depicts an animated scene with a young boy on a bicycle. The boy is wearing a black helmet, glasses, and an orange vest. He is riding a bright orange bicycle with black tires. The bicycle is positioned in front of a gray Toyota car, which is parked on a street with an orange traffic cone to the right of the car. The boy appears to be looking at the car with a slight frown on his face. There is no visible text in the image. The style of the image is cartoonish and colorful.
iti za las	Dolgo v noč sta govorili o lepotnih trikih, šlo je za lase.		98486756458.png	The image shows a black gift box with a bright orange ribbon tied in a bow on top. The ribbon has a pattern of small white dots. The box appears to be a simple, rectangular shape with a smooth surface. The background is plain and white, which contrasts with the dark color of the box and the vibrant orange of the ribbon. There is no visible text in the image. The style of the image is a digital illustration with a clean and simple aesthetic.	54950707789.png	The image features a cartoon character, a bald man with a surprised expression. He is wearing a black robe with an orange belt and is holding a pair of scissors in his right hand. The character appears to be in a state of shock or disbelief. The background is plain and white, which contrasts with the character's attire and the scissors. There is no visible text in the image.	96373755691.png	The image depicts a stylized street scene. On the left, there is a two-story building with a brick facade and two arched windows on the upper floor. The building has a green awning with orange stripes. In front of the building, there is a small outdoor seating area with a table and two chairs. A man is walking on the sidewalk in front of the building, wearing a yellow sweater and brown pants.  In the foreground, there is a parked orange sports car with a black roof and black wheels. The car is positioned on the right side of the image. The street appears to be a quiet residential area with no visible traffic. The overall style of the image is illustrative and appears to be designed for a digital medium, possibly for a video game or a similar type of artwork.	29908637808.png	The image depicts an animated character, a young girl with curly hair, sitting on the floor in front of a mirror. She is wearing an orange long-sleeved top and black pants. Her hair is styled with a hairband and she appears to be looking at her reflection in the mirror. The girl is also wearing orange shoes with white soles. The background is plain and white, which contrasts with the colorful attire of the character. There are no visible texts in the image. The style of the image is cartoonish and it seems to be a digital illustration.	33946381467.png	The image depicts an animated scene with a young boy on a bicycle. The boy is wearing a black helmet, glasses, and an orange vest. He is riding a bright orange bicycle with black tires. The bicycle is positioned in front of a gray Toyota car, which is parked on a street with an orange traffic cone to the right of the car. The boy appears to be looking at the car with a slight frown on his face. There is no visible text in the image. The style of the image is cartoonish and colorful.
iti za las	Pritožuje se, da je že ves siv, a v resnici je šlo za en sam las.		98486756458.png	The image shows a black gift box with a bright orange ribbon tied in a bow on top. The ribbon has a pattern of small white dots. The box appears to be a simple, rectangular shape with a smooth surface. The background is plain and white, which contrasts with the dark color of the box and the vibrant orange of the ribbon. There is no visible text in the image. The style of the image is a digital illustration with a clean and simple aesthetic.	54950707789.png	The image features a cartoon character, a bald man with a surprised expression. He is wearing a black robe with an orange belt and is holding a pair of scissors in his right hand. The character appears to be in a state of shock or disbelief. The background is plain and white, which contrasts with the character's attire and the scissors. There is no visible text in the image.	29908637808.png	The image depicts an animated character, a young girl with curly hair, sitting on the floor in front of a mirror. She is wearing an orange long-sleeved top and black pants. Her hair is styled with a hairband and she appears to be looking at her reflection in the mirror. The girl is also wearing orange shoes with white soles. The background is plain and white, which contrasts with the colorful attire of the character. There are no visible texts in the image. The style of the image is cartoonish and it seems to be a digital illustration.	33946381467.png	The image depicts an animated scene with a young boy on a bicycle. The boy is wearing a black helmet, glasses, and an orange vest. He is riding a bright orange bicycle with black tires. The bicycle is positioned in front of a gray Toyota car, which is parked on a street with an orange traffic cone to the right of the car. The boy appears to be looking at the car with a slight frown on his face. There is no visible text in the image. The style of the image is cartoonish and colorful.	96373755691.png	The image depicts a stylized street scene. On the left, there is a two-story building with a brick facade and two arched windows on the upper floor. The building has a green awning with orange stripes. In front of the building, there is a small outdoor seating area with a table and two chairs. A man is walking on the sidewalk in front of the building, wearing a yellow sweater and brown pants.  In the foreground, there is a parked orange sports car with a black roof and black wheels. The car is positioned on the right side of the image. The street appears to be a quiet residential area with no visible traffic. The overall style of the image is illustrative and appears to be designed for a digital medium, possibly for a video game or a similar type of artwork.
hudičev advokat	Prav tako je včasih koristno, če za vlogo hudičevega advokata pri pomembnih odločitvah pooblastite najbolj izkušenega člana svoje skupine.		63022981727.png	The image is a digital illustration featuring two animated characters. On the left is a female character with brown hair, wearing a bright orange blazer over a white shirt, black pants, and black high heels. She is smiling and gesturing with her hands. On the right is a male character with brown hair, wearing a dark suit with a yellow tie, and black shoes. He is also smiling and holding a black microphone in his right hand. Both characters are seated on black chairs with wheels, and they appear to be engaged in a conversation or interview. The background is plain white, emphasizing the characters. There is no visible text in the image.	59067410528.png	"The image depicts four animated female characters standing side by side. They are all wearing orange tops and black pants. The character on the far left is holding a brown cardboard sign with the word ""SALE"" written on it. The character in the center is also holding a similar sign. The character on the far right is holding a brown cardboard sign with the word ""OPEN"" written on it. The character in the middle is smiling and looking at the other two characters. The background is plain white."	55511214024.png	The image is a digital illustration featuring three animated characters in a professional setting. On the left, there is a red demon-like creature with horns, a tail, and a menacing expression. In the center, there is a blonde woman with a surprised or shocked expression, wearing a suit and sitting at a desk. On the right, there is a man with short dark hair, wearing a suit and tie, and gesturing with his hands. The characters are depicted in a cartoon style, and the background is minimal, with a plain white wall. There is no visible text in the image.	62652446252.png	The image is a stylized illustration featuring three animated characters. On the left, there is a male character with black hair, wearing a black and white striped shirt and black pants, standing with his right hand extended towards a female character. The female character, in the center, is seated at a desk with a laptop and a cup of coffee. She has black hair, is wearing a black dress, and is smiling. To her right, there is another female character seated on a chair, also smiling and looking towards the male character. The setting appears to be an office environment, with a desk and a chair visible. There is no visible text in the image.	39984446093.png	The image features a stylized, animated character of a woman. She has short brown hair tied in a ponytail, with a side parting. The character is smiling and has rosy cheeks. She is wearing a white short-sleeved shirt with a black collar and a small orange logo on the left side of the chest. The shirt has black trim around the neckline and the sleeves. She is also wearing black pants with an orange stripe running down the side. The pants have a black belt with a silver buckle. The character is standing with her hands on her hips, and her feet are slightly apart. The background is plain white, emphasizing the character. There is no visible text in the image.
hudičev advokat	Mislim, da prof. Kljajiću ni treba biti hudičev advokat in nam Slovencem prodajati tistega, kar je dobro za Ruse.		63022981727.png	The image is a digital illustration featuring two animated characters. On the left is a female character with brown hair, wearing a bright orange blazer over a white shirt, black pants, and black high heels. She is smiling and gesturing with her hands. On the right is a male character with brown hair, wearing a dark suit with a yellow tie, and black shoes. He is also smiling and holding a black microphone in his right hand. Both characters are seated on black chairs with wheels, and they appear to be engaged in a conversation or interview. The background is plain white, emphasizing the characters. There is no visible text in the image.	59067410528.png	"The image depicts four animated female characters standing side by side. They are all wearing orange tops and black pants. The character on the far left is holding a brown cardboard sign with the word ""SALE"" written on it. The character in the center is also holding a similar sign. The character on the far right is holding a brown cardboard sign with the word ""OPEN"" written on it. The character in the middle is smiling and looking at the other two characters. The background is plain white."	55511214024.png	The image is a digital illustration featuring three animated characters in a professional setting. On the left, there is a red demon-like creature with horns, a tail, and a menacing expression. In the center, there is a blonde woman with a surprised or shocked expression, wearing a suit and sitting at a desk. On the right, there is a man with short dark hair, wearing a suit and tie, and gesturing with his hands. The characters are depicted in a cartoon style, and the background is minimal, with a plain white wall. There is no visible text in the image.	62652446252.png	The image is a stylized illustration featuring three animated characters. On the left, there is a male character with black hair, wearing a black and white striped shirt and black pants, standing with his right hand extended towards a female character. The female character, in the center, is seated at a desk with a laptop and a cup of coffee. She has black hair, is wearing a black dress, and is smiling. To her right, there is another female character seated on a chair, also smiling and looking towards the male character. The setting appears to be an office environment, with a desk and a chair visible. There is no visible text in the image.	39984446093.png	The image features a stylized, animated character of a woman. She has short brown hair tied in a ponytail, with a side parting. The character is smiling and has rosy cheeks. She is wearing a white short-sleeved shirt with a black collar and a small orange logo on the left side of the chest. The shirt has black trim around the neckline and the sleeves. She is also wearing black pants with an orange stripe running down the side. The pants have a black belt with a silver buckle. The character is standing with her hands on her hips, and her feet are slightly apart. The background is plain white, emphasizing the character. There is no visible text in the image.
hudičev advokat	V romanu se pojavi lik hudičevega advokata, ki v peklenskem sodišču zagovarja duše grešnikov in skuša dokazati, da si zaslužijo drugo priložnost.		62652446252.png	The image is a stylized illustration featuring three animated characters. On the left, there is a male character with black hair, wearing a black and white striped shirt and black pants, standing with his right hand extended towards a female character. The female character, in the center, is seated at a desk with a laptop and a cup of coffee. She has black hair, is wearing a black dress, and is smiling. To her right, there is another female character seated on a chair, also smiling and looking towards the male character. The setting appears to be an office environment, with a desk and a chair visible. There is no visible text in the image.	59067410528.png	"The image depicts four animated female characters standing side by side. They are all wearing orange tops and black pants. The character on the far left is holding a brown cardboard sign with the word ""SALE"" written on it. The character in the center is also holding a similar sign. The character on the far right is holding a brown cardboard sign with the word ""OPEN"" written on it. The character in the middle is smiling and looking at the other two characters. The background is plain white."	55511214024.png	The image is a digital illustration featuring three animated characters in a professional setting. On the left, there is a red demon-like creature with horns, a tail, and a menacing expression. In the center, there is a blonde woman with a surprised or shocked expression, wearing a suit and sitting at a desk. On the right, there is a man with short dark hair, wearing a suit and tie, and gesturing with his hands. The characters are depicted in a cartoon style, and the background is minimal, with a plain white wall. There is no visible text in the image.	63022981727.png	The image is a digital illustration featuring two animated characters. On the left is a female character with brown hair, wearing a bright orange blazer over a white shirt, black pants, and black high heels. She is smiling and gesturing with her hands. On the right is a male character with brown hair, wearing a dark suit with a yellow tie, and black shoes. He is also smiling and holding a black microphone in his right hand. Both characters are seated on black chairs with wheels, and they appear to be engaged in a conversation or interview. The background is plain white, emphasizing the characters. There is no visible text in the image.	39984446093.png	The image features a stylized, animated character of a woman. She has short brown hair tied in a ponytail, with a side parting. The character is smiling and has rosy cheeks. She is wearing a white short-sleeved shirt with a black collar and a small orange logo on the left side of the chest. The shirt has black trim around the neckline and the sleeves. She is also wearing black pants with an orange stripe running down the side. The pants have a black belt with a silver buckle. The character is standing with her hands on her hips, and her feet are slightly apart. The background is plain white, emphasizing the character. There is no visible text in the image.
hudičev advokat	V kratki zgodbi nastopa hudičev advokat, ki pripravlja pogodbe za prodajo duš in skrbi, da so vse klavzule brezhibno zapisane.		39984446093.png	The image features a stylized, animated character of a woman. She has short brown hair tied in a ponytail, with a side parting. The character is smiling and has rosy cheeks. She is wearing a white short-sleeved shirt with a black collar and a small orange logo on the left side of the chest. The shirt has black trim around the neckline and the sleeves. She is also wearing black pants with an orange stripe running down the side. The pants have a black belt with a silver buckle. The character is standing with her hands on her hips, and her feet are slightly apart. The background is plain white, emphasizing the character. There is no visible text in the image.	62652446252.png	The image is a stylized illustration featuring three animated characters. On the left, there is a male character with black hair, wearing a black and white striped shirt and black pants, standing with his right hand extended towards a female character. The female character, in the center, is seated at a desk with a laptop and a cup of coffee. She has black hair, is wearing a black dress, and is smiling. To her right, there is another female character seated on a chair, also smiling and looking towards the male character. The setting appears to be an office environment, with a desk and a chair visible. There is no visible text in the image.	63022981727.png	The image is a digital illustration featuring two animated characters. On the left is a female character with brown hair, wearing a bright orange blazer over a white shirt, black pants, and black high heels. She is smiling and gesturing with her hands. On the right is a male character with brown hair, wearing a dark suit with a yellow tie, and black shoes. He is also smiling and holding a black microphone in his right hand. Both characters are seated on black chairs with wheels, and they appear to be engaged in a conversation or interview. The background is plain white, emphasizing the characters. There is no visible text in the image.	55511214024.png	The image is a digital illustration featuring three animated characters in a professional setting. On the left, there is a red demon-like creature with horns, a tail, and a menacing expression. In the center, there is a blonde woman with a surprised or shocked expression, wearing a suit and sitting at a desk. On the right, there is a man with short dark hair, wearing a suit and tie, and gesturing with his hands. The characters are depicted in a cartoon style, and the background is minimal, with a plain white wall. There is no visible text in the image.	59067410528.png	"The image depicts four animated female characters standing side by side. They are all wearing orange tops and black pants. The character on the far left is holding a brown cardboard sign with the word ""SALE"" written on it. The character in the center is also holding a similar sign. The character on the far right is holding a brown cardboard sign with the word ""OPEN"" written on it. The character in the middle is smiling and looking at the other two characters. The background is plain white."
umazan denar	Med drugim naj bi z umazanim denarjem kupovali obleke za vse v stranki zaposlene ženske, z izjemo čistilk.		26748318248.png	The image shows a stack of folded bills, with the topmost bill being an orange 20-dollar bill. The bills are of various denominations, including 10-dollar bills, and are placed inside a brown leather wallet. The wallet has a visible stitch pattern and a metal button closure. The background is plain white, emphasizing the wallet and the money.	55417772966.png	The image features a cartoon character of a man dressed in a suit and top hat, holding a cigar in his mouth. He is smiling and appears to be in a relaxed or joyful state. The man is also holding a stack of money in his right hand, which is raised as if he is presenting or offering it. The background is plain and does not provide any additional context or details. The image is stylized with a limited color palette and has a clean, graphic quality.	43279769170.png	The image shows a United States one-dollar bill with a portrait of George Washington on the front. The bill is partially obscured by a dark, brownish substance that appears to be a liquid or paste, which is splattered across the bill. The splatters are irregular in shape and size, and they are concentrated towards the bottom right corner of the bill. The bill itself is slightly curled at the edges, and the background is a plain, light color that contrasts with the dark substance. There is no visible text on the bill or in the image. The style of the image is realistic with a focus on the contrast between the bill and the dark substance.	34194413348.png	The image shows a spray bottle with a black trigger and an orange nozzle. The bottle has a transparent body with a yellowish tint, and it appears to be made of plastic. The background is plain white, emphasizing the bottle. There is no visible text in the image. The bottle is positioned upright, and the nozzle is extended upwards. The style of the image is a digital illustration with a three-dimensional appearance.	30255012005.png	The image features a cartoon character dressed in a striped prison uniform, complete with a mask and goggles. The character is holding a large brown bag with a dollar sign on it, and is also holding two stacks of money, one in each hand. The character is smiling and appears to be walking. The background is a plain, dark color.
umazan denar	A treba se je vprašati, kaj preprečevalci pranja denarja sploh počno, če ne ustavijo tokov umazanega denarja .		26748318248.png	The image shows a stack of folded bills, with the topmost bill being an orange 20-dollar bill. The bills are of various denominations, including 10-dollar bills, and are placed inside a brown leather wallet. The wallet has a visible stitch pattern and a metal button closure. The background is plain white, emphasizing the wallet and the money.	55417772966.png	The image features a cartoon character of a man dressed in a suit and top hat, holding a cigar in his mouth. He is smiling and appears to be in a relaxed or joyful state. The man is also holding a stack of money in his right hand, which is raised as if he is presenting or offering it. The background is plain and does not provide any additional context or details. The image is stylized with a limited color palette and has a clean, graphic quality.	34194413348.png	The image shows a spray bottle with a black trigger and an orange nozzle. The bottle has a transparent body with a yellowish tint, and it appears to be made of plastic. The background is plain white, emphasizing the bottle. There is no visible text in the image. The bottle is positioned upright, and the nozzle is extended upwards. The style of the image is a digital illustration with a three-dimensional appearance.	30255012005.png	The image features a cartoon character dressed in a striped prison uniform, complete with a mask and goggles. The character is holding a large brown bag with a dollar sign on it, and is also holding two stacks of money, one in each hand. The character is smiling and appears to be walking. The background is a plain, dark color.	43279769170.png	The image shows a United States one-dollar bill with a portrait of George Washington on the front. The bill is partially obscured by a dark, brownish substance that appears to be a liquid or paste, which is splattered across the bill. The splatters are irregular in shape and size, and they are concentrated towards the bottom right corner of the bill. The bill itself is slightly curled at the edges, and the background is a plain, light color that contrasts with the dark substance. There is no visible text on the bill or in the image. The style of the image is realistic with a focus on the contrast between the bill and the dark substance.
umazan denar	Prodajalka je z nejevoljo sprejela zmečkan in umazan denar, ki je očitno dolgo krožil med rokami.		43279769170.png	The image shows a United States one-dollar bill with a portrait of George Washington on the front. The bill is partially obscured by a dark, brownish substance that appears to be a liquid or paste, which is splattered across the bill. The splatters are irregular in shape and size, and they are concentrated towards the bottom right corner of the bill. The bill itself is slightly curled at the edges, and the background is a plain, light color that contrasts with the dark substance. There is no visible text on the bill or in the image. The style of the image is realistic with a focus on the contrast between the bill and the dark substance.	26748318248.png	The image shows a stack of folded bills, with the topmost bill being an orange 20-dollar bill. The bills are of various denominations, including 10-dollar bills, and are placed inside a brown leather wallet. The wallet has a visible stitch pattern and a metal button closure. The background is plain white, emphasizing the wallet and the money.	34194413348.png	The image shows a spray bottle with a black trigger and an orange nozzle. The bottle has a transparent body with a yellowish tint, and it appears to be made of plastic. The background is plain white, emphasizing the bottle. There is no visible text in the image. The bottle is positioned upright, and the nozzle is extended upwards. The style of the image is a digital illustration with a three-dimensional appearance.	55417772966.png	The image features a cartoon character of a man dressed in a suit and top hat, holding a cigar in his mouth. He is smiling and appears to be in a relaxed or joyful state. The man is also holding a stack of money in his right hand, which is raised as if he is presenting or offering it. The background is plain and does not provide any additional context or details. The image is stylized with a limited color palette and has a clean, graphic quality.	30255012005.png	The image features a cartoon character dressed in a striped prison uniform, complete with a mask and goggles. The character is holding a large brown bag with a dollar sign on it, and is also holding two stacks of money, one in each hand. The character is smiling and appears to be walking. The background is a plain, dark color.
umazan denar	Ko je štela dnevni izkupiček, si je najprej umila roke, ker je bil denar tako umazan od prahu in maščobe.		30255012005.png	The image features a cartoon character dressed in a striped prison uniform, complete with a mask and goggles. The character is holding a large brown bag with a dollar sign on it, and is also holding two stacks of money, one in each hand. The character is smiling and appears to be walking. The background is a plain, dark color.	43279769170.png	The image shows a United States one-dollar bill with a portrait of George Washington on the front. The bill is partially obscured by a dark, brownish substance that appears to be a liquid or paste, which is splattered across the bill. The splatters are irregular in shape and size, and they are concentrated towards the bottom right corner of the bill. The bill itself is slightly curled at the edges, and the background is a plain, light color that contrasts with the dark substance. There is no visible text on the bill or in the image. The style of the image is realistic with a focus on the contrast between the bill and the dark substance.	55417772966.png	The image features a cartoon character of a man dressed in a suit and top hat, holding a cigar in his mouth. He is smiling and appears to be in a relaxed or joyful state. The man is also holding a stack of money in his right hand, which is raised as if he is presenting or offering it. The background is plain and does not provide any additional context or details. The image is stylized with a limited color palette and has a clean, graphic quality.	34194413348.png	The image shows a spray bottle with a black trigger and an orange nozzle. The bottle has a transparent body with a yellowish tint, and it appears to be made of plastic. The background is plain white, emphasizing the bottle. There is no visible text in the image. The bottle is positioned upright, and the nozzle is extended upwards. The style of the image is a digital illustration with a three-dimensional appearance.	26748318248.png	The image shows a stack of folded bills, with the topmost bill being an orange 20-dollar bill. The bills are of various denominations, including 10-dollar bills, and are placed inside a brown leather wallet. The wallet has a visible stitch pattern and a metal button closure. The background is plain white, emphasizing the wallet and the money.
prilivati olje na ogenj	Olje na ogenj je prilila še uradna izjava organizatorjev, ki so se postavili v bran sodniku.		62673638992.png	The image is a digital illustration featuring two animated characters. On the left, there is a young girl with curly hair, wearing an orange headband and a matching orange top. She is seated at a desk, holding a pencil and looking down at a piece of paper with a concerned expression. On the right, there is an adult woman with curly hair, wearing glasses and a yellow top. She is standing with her arms crossed, looking at the girl with a concerned expression. The background is plain white, emphasizing the characters. There is no visible text in the image.	94823736214.png	The image depicts a cartoon-style illustration of a person pouring a yellow liquid from a bottle into a small, open-topped fire. The fire is surrounded by green foliage and brown logs, suggesting a natural, outdoor setting. The liquid is being poured onto the fire, creating a spray of droplets. The bottle has a brown cap and is being held by a hand with a thumb and index finger visible. The background is plain white, emphasizing the subject matter. There is no visible text in the image.	32829515291.png	The image depicts a cartoon-style illustration of a person pouring a yellow liquid from a glass jar into a black frying pan. The liquid is being poured in a stream, and as it hits the pan, it creates a splash of smaller droplets. The frying pan is placed on a wooden surface. The background is plain white, emphasizing the action in the foreground. There is no visible text in the image.	48199052032.png	The image is a cartoon illustration featuring three animated characters. On the left, there is an adult male with dark hair, wearing a brown shirt and black pants, with his mouth open as if shouting or expressing surprise. In the center, there is a young girl with dark hair, wearing an orange dress with a bow on the back, and she is crying with her hands covering her face. To the right, there is a young boy with dark hair, wearing a plaid shirt and black pants, with his mouth open in a wide smile and his right hand pointing towards the girl. On the ground between the boy and the girl is a small orange vase. The background is plain white, emphasizing the characters and the vase. There is no visible text in the image.	82601281388.png	The image depicts a stylized illustration of three children playing basketball on a court. The court is surrounded by a chain-link fence. The child in the foreground is holding a basketball and appears to be in motion, possibly running or jumping. The other two children are also engaged in the game, with one of them holding a basketball and the other looking on. The child in the foreground has a ponytail and is wearing an orange shirt and shorts, while the other two are dressed in casual clothing. The background features a simple, abstract representation of a cityscape with buildings and a clear sky. There is no visible text in the image.
prilivati olje na ogenj	Vse to je seveda zgolj prililo olje na ogenj debat, kateri junak je pravzaprav boljši.		32829515291.png	The image depicts a cartoon-style illustration of a person pouring a yellow liquid from a glass jar into a black frying pan. The liquid is being poured in a stream, and as it hits the pan, it creates a splash of smaller droplets. The frying pan is placed on a wooden surface. The background is plain white, emphasizing the action in the foreground. There is no visible text in the image.	94823736214.png	The image depicts a cartoon-style illustration of a person pouring a yellow liquid from a bottle into a small, open-topped fire. The fire is surrounded by green foliage and brown logs, suggesting a natural, outdoor setting. The liquid is being poured onto the fire, creating a spray of droplets. The bottle has a brown cap and is being held by a hand with a thumb and index finger visible. The background is plain white, emphasizing the subject matter. There is no visible text in the image.	48199052032.png	The image is a cartoon illustration featuring three animated characters. On the left, there is an adult male with dark hair, wearing a brown shirt and black pants, with his mouth open as if shouting or expressing surprise. In the center, there is a young girl with dark hair, wearing an orange dress with a bow on the back, and she is crying with her hands covering her face. To the right, there is a young boy with dark hair, wearing a plaid shirt and black pants, with his mouth open in a wide smile and his right hand pointing towards the girl. On the ground between the boy and the girl is a small orange vase. The background is plain white, emphasizing the characters and the vase. There is no visible text in the image.	82601281388.png	The image depicts a stylized illustration of three children playing basketball on a court. The court is surrounded by a chain-link fence. The child in the foreground is holding a basketball and appears to be in motion, possibly running or jumping. The other two children are also engaged in the game, with one of them holding a basketball and the other looking on. The child in the foreground has a ponytail and is wearing an orange shirt and shorts, while the other two are dressed in casual clothing. The background features a simple, abstract representation of a cityscape with buildings and a clear sky. There is no visible text in the image.	62673638992.png	The image is a digital illustration featuring two animated characters. On the left, there is a young girl with curly hair, wearing an orange headband and a matching orange top. She is seated at a desk, holding a pencil and looking down at a piece of paper with a concerned expression. On the right, there is an adult woman with curly hair, wearing glasses and a yellow top. She is standing with her arms crossed, looking at the girl with a concerned expression. The background is plain white, emphasizing the characters. There is no visible text in the image.
prilivati olje na ogenj	Da bi ogenj zagorel še močneje, je na tleče poleno prilil malo olja.		82601281388.png	The image depicts a stylized illustration of three children playing basketball on a court. The court is surrounded by a chain-link fence. The child in the foreground is holding a basketball and appears to be in motion, possibly running or jumping. The other two children are also engaged in the game, with one of them holding a basketball and the other looking on. The child in the foreground has a ponytail and is wearing an orange shirt and shorts, while the other two are dressed in casual clothing. The background features a simple, abstract representation of a cityscape with buildings and a clear sky. There is no visible text in the image.	32829515291.png	The image depicts a cartoon-style illustration of a person pouring a yellow liquid from a glass jar into a black frying pan. The liquid is being poured in a stream, and as it hits the pan, it creates a splash of smaller droplets. The frying pan is placed on a wooden surface. The background is plain white, emphasizing the action in the foreground. There is no visible text in the image.	94823736214.png	The image depicts a cartoon-style illustration of a person pouring a yellow liquid from a bottle into a small, open-topped fire. The fire is surrounded by green foliage and brown logs, suggesting a natural, outdoor setting. The liquid is being poured onto the fire, creating a spray of droplets. The bottle has a brown cap and is being held by a hand with a thumb and index finger visible. The background is plain white, emphasizing the subject matter. There is no visible text in the image.	48199052032.png	The image is a cartoon illustration featuring three animated characters. On the left, there is an adult male with dark hair, wearing a brown shirt and black pants, with his mouth open as if shouting or expressing surprise. In the center, there is a young girl with dark hair, wearing an orange dress with a bow on the back, and she is crying with her hands covering her face. To the right, there is a young boy with dark hair, wearing a plaid shirt and black pants, with his mouth open in a wide smile and his right hand pointing towards the girl. On the ground between the boy and the girl is a small orange vase. The background is plain white, emphasizing the characters and the vase. There is no visible text in the image.	62673638992.png	The image is a digital illustration featuring two animated characters. On the left, there is a young girl with curly hair, wearing an orange headband and a matching orange top. She is seated at a desk, holding a pencil and looking down at a piece of paper with a concerned expression. On the right, there is an adult woman with curly hair, wearing glasses and a yellow top. She is standing with her arms crossed, looking at the girl with a concerned expression. The background is plain white, emphasizing the characters. There is no visible text in the image.
prilivati olje na ogenj	Kuhar je po nesreči prilil olje na ogenj in plameni so segli vse do nape.		32829515291.png	The image depicts a cartoon-style illustration of a person pouring a yellow liquid from a glass jar into a black frying pan. The liquid is being poured in a stream, and as it hits the pan, it creates a splash of smaller droplets. The frying pan is placed on a wooden surface. The background is plain white, emphasizing the action in the foreground. There is no visible text in the image.	62673638992.png	The image is a digital illustration featuring two animated characters. On the left, there is a young girl with curly hair, wearing an orange headband and a matching orange top. She is seated at a desk, holding a pencil and looking down at a piece of paper with a concerned expression. On the right, there is an adult woman with curly hair, wearing glasses and a yellow top. She is standing with her arms crossed, looking at the girl with a concerned expression. The background is plain white, emphasizing the characters. There is no visible text in the image.	48199052032.png	The image is a cartoon illustration featuring three animated characters. On the left, there is an adult male with dark hair, wearing a brown shirt and black pants, with his mouth open as if shouting or expressing surprise. In the center, there is a young girl with dark hair, wearing an orange dress with a bow on the back, and she is crying with her hands covering her face. To the right, there is a young boy with dark hair, wearing a plaid shirt and black pants, with his mouth open in a wide smile and his right hand pointing towards the girl. On the ground between the boy and the girl is a small orange vase. The background is plain white, emphasizing the characters and the vase. There is no visible text in the image.	94823736214.png	The image depicts a cartoon-style illustration of a person pouring a yellow liquid from a bottle into a small, open-topped fire. The fire is surrounded by green foliage and brown logs, suggesting a natural, outdoor setting. The liquid is being poured onto the fire, creating a spray of droplets. The bottle has a brown cap and is being held by a hand with a thumb and index finger visible. The background is plain white, emphasizing the subject matter. There is no visible text in the image.	82601281388.png	The image depicts a stylized illustration of three children playing basketball on a court. The court is surrounded by a chain-link fence. The child in the foreground is holding a basketball and appears to be in motion, possibly running or jumping. The other two children are also engaged in the game, with one of them holding a basketball and the other looking on. The child in the foreground has a ponytail and is wearing an orange shirt and shorts, while the other two are dressed in casual clothing. The background features a simple, abstract representation of a cityscape with buildings and a clear sky. There is no visible text in the image.
preizkusni kamen	Področje verske svobode ostaja tako v svetu kot pri nas preizkusni kamen človekovih pravic		85334448832.png	The image depicts an animated character, a young boy with brown hair, standing on a rock formation. He is wearing an orange shirt and brown shorts. The boy is holding a stone in his right hand and appears to be in the process of throwing it. The rock formation is surrounded by grass and small plants, and there are two clay pots on the ground nearby. The boy is smiling and looking upwards, possibly at the sky or an unseen object. The background is plain white, emphasizing the character and the immediate surroundings. There is no visible text in the image.	92834122308.png	The image depicts a stylized illustration of a grave with a stone headstone. The headstone is gray and is surrounded by a variety of orange flowers, including what appear to be marigolds, with green foliage. The flowers are in full bloom, and the scene is set against a white background. There is a small wooden cross to the left of the headstone, and the ground around the grave is covered with a mix of rocks and soil. The overall style of the image is cartoonish and colorful, with a focus on the vibrant orange flowers.	60043247379.png	The image depicts a stylized illustration of a woman seated at a table. She has red hair styled in a bun and is wearing a yellow top with a necklace. The woman is holding a fork and appears to be eating from a bowl, which contains a soup with visible ingredients such as broccoli and carrots. On the table, there is also a small glass of what seems to be a beverage, possibly water or juice, and a small plate with a crumb on it. The woman is wearing black pants and is seated on a wooden chair. The background is plain and does not provide any additional context. There is no visible text in the image. The style of the illustration is cartoonish with a limited color palette.	80861277897.png	The image depicts an animated scene of a medical setting. A person is lying on a large, cylindrical MRI machine, which is predominantly black with orange and white accents. The person appears to be a patient, wearing a white gown and lying on a bed that is part of the MRI machine.  Standing next to the MRI machine is a figure dressed in a white lab coat, suggesting they are a medical professional, possibly a radiologist or technician. The professional is smiling and looking at the patient with a friendly expression.  The MRI machine has a control panel with various buttons and displays, indicating the operation of the machine. The background is plain white, emphasizing the subjects in the foreground. There is no visible text in the image. The style of the image is cartoonish and is likely intended for educational or illustrative purposes.	18550396812.png	The image depicts a stylized illustration of three animated characters in a meeting setting. On the left, there is a female character with brown hair, wearing a black suit and sitting on an orange chair. In the center, there is a male character with red hair, wearing a black suit and sitting on an orange chair. On the right, there is another male character with brown hair, wearing a black suit and sitting on an orange chair. They are all seated around a black table, which has a white piece of paper and a brown folder on it. The characters are smiling and appear to be engaged in a friendly or professional conversation. There is no visible text in the image.
preizkusni kamen	Kljub svoji preprostosti so jedi a la rižota z morskimi sadeži ponavadi ključni preizkusni kamen naših gostiln.		85334448832.png	The image depicts an animated character, a young boy with brown hair, standing on a rock formation. He is wearing an orange shirt and brown shorts. The boy is holding a stone in his right hand and appears to be in the process of throwing it. The rock formation is surrounded by grass and small plants, and there are two clay pots on the ground nearby. The boy is smiling and looking upwards, possibly at the sky or an unseen object. The background is plain white, emphasizing the character and the immediate surroundings. There is no visible text in the image.	18550396812.png	The image depicts a stylized illustration of three animated characters in a meeting setting. On the left, there is a female character with brown hair, wearing a black suit and sitting on an orange chair. In the center, there is a male character with red hair, wearing a black suit and sitting on an orange chair. On the right, there is another male character with brown hair, wearing a black suit and sitting on an orange chair. They are all seated around a black table, which has a white piece of paper and a brown folder on it. The characters are smiling and appear to be engaged in a friendly or professional conversation. There is no visible text in the image.	80861277897.png	The image depicts an animated scene of a medical setting. A person is lying on a large, cylindrical MRI machine, which is predominantly black with orange and white accents. The person appears to be a patient, wearing a white gown and lying on a bed that is part of the MRI machine.  Standing next to the MRI machine is a figure dressed in a white lab coat, suggesting they are a medical professional, possibly a radiologist or technician. The professional is smiling and looking at the patient with a friendly expression.  The MRI machine has a control panel with various buttons and displays, indicating the operation of the machine. The background is plain white, emphasizing the subjects in the foreground. There is no visible text in the image. The style of the image is cartoonish and is likely intended for educational or illustrative purposes.	92834122308.png	The image depicts a stylized illustration of a grave with a stone headstone. The headstone is gray and is surrounded by a variety of orange flowers, including what appear to be marigolds, with green foliage. The flowers are in full bloom, and the scene is set against a white background. There is a small wooden cross to the left of the headstone, and the ground around the grave is covered with a mix of rocks and soil. The overall style of the image is cartoonish and colorful, with a focus on the vibrant orange flowers.	60043247379.png	The image depicts a stylized illustration of a woman seated at a table. She has red hair styled in a bun and is wearing a yellow top with a necklace. The woman is holding a fork and appears to be eating from a bowl, which contains a soup with visible ingredients such as broccoli and carrots. On the table, there is also a small glass of what seems to be a beverage, possibly water or juice, and a small plate with a crumb on it. The woman is wearing black pants and is seated on a wooden chair. The background is plain and does not provide any additional context. There is no visible text in the image. The style of the illustration is cartoonish with a limited color palette.
preizkusni kamen	Zlatar je s preizkusnim kamnom preveril, ali je prstan res iz čistega zlata.		85334448832.png	The image depicts an animated character, a young boy with brown hair, standing on a rock formation. He is wearing an orange shirt and brown shorts. The boy is holding a stone in his right hand and appears to be in the process of throwing it. The rock formation is surrounded by grass and small plants, and there are two clay pots on the ground nearby. The boy is smiling and looking upwards, possibly at the sky or an unseen object. The background is plain white, emphasizing the character and the immediate surroundings. There is no visible text in the image.	18550396812.png	The image depicts a stylized illustration of three animated characters in a meeting setting. On the left, there is a female character with brown hair, wearing a black suit and sitting on an orange chair. In the center, there is a male character with red hair, wearing a black suit and sitting on an orange chair. On the right, there is another male character with brown hair, wearing a black suit and sitting on an orange chair. They are all seated around a black table, which has a white piece of paper and a brown folder on it. The characters are smiling and appear to be engaged in a friendly or professional conversation. There is no visible text in the image.	60043247379.png	The image depicts a stylized illustration of a woman seated at a table. She has red hair styled in a bun and is wearing a yellow top with a necklace. The woman is holding a fork and appears to be eating from a bowl, which contains a soup with visible ingredients such as broccoli and carrots. On the table, there is also a small glass of what seems to be a beverage, possibly water or juice, and a small plate with a crumb on it. The woman is wearing black pants and is seated on a wooden chair. The background is plain and does not provide any additional context. There is no visible text in the image. The style of the illustration is cartoonish with a limited color palette.	92834122308.png	The image depicts a stylized illustration of a grave with a stone headstone. The headstone is gray and is surrounded by a variety of orange flowers, including what appear to be marigolds, with green foliage. The flowers are in full bloom, and the scene is set against a white background. There is a small wooden cross to the left of the headstone, and the ground around the grave is covered with a mix of rocks and soil. The overall style of the image is cartoonish and colorful, with a focus on the vibrant orange flowers.	80861277897.png	The image depicts an animated scene of a medical setting. A person is lying on a large, cylindrical MRI machine, which is predominantly black with orange and white accents. The person appears to be a patient, wearing a white gown and lying on a bed that is part of the MRI machine.  Standing next to the MRI machine is a figure dressed in a white lab coat, suggesting they are a medical professional, possibly a radiologist or technician. The professional is smiling and looking at the patient with a friendly expression.  The MRI machine has a control panel with various buttons and displays, indicating the operation of the machine. The background is plain white, emphasizing the subjects in the foreground. There is no visible text in the image. The style of the image is cartoonish and is likely intended for educational or illustrative purposes.
preizkusni kamen	V delavnici je na preizkusni kamen podrgnil kovinsko paličico, da bi ocenil njeno sestavo.		85334448832.png	The image depicts an animated character, a young boy with brown hair, standing on a rock formation. He is wearing an orange shirt and brown shorts. The boy is holding a stone in his right hand and appears to be in the process of throwing it. The rock formation is surrounded by grass and small plants, and there are two clay pots on the ground nearby. The boy is smiling and looking upwards, possibly at the sky or an unseen object. The background is plain white, emphasizing the character and the immediate surroundings. There is no visible text in the image.	60043247379.png	The image depicts a stylized illustration of a woman seated at a table. She has red hair styled in a bun and is wearing a yellow top with a necklace. The woman is holding a fork and appears to be eating from a bowl, which contains a soup with visible ingredients such as broccoli and carrots. On the table, there is also a small glass of what seems to be a beverage, possibly water or juice, and a small plate with a crumb on it. The woman is wearing black pants and is seated on a wooden chair. The background is plain and does not provide any additional context. There is no visible text in the image. The style of the illustration is cartoonish with a limited color palette.	80861277897.png	The image depicts an animated scene of a medical setting. A person is lying on a large, cylindrical MRI machine, which is predominantly black with orange and white accents. The person appears to be a patient, wearing a white gown and lying on a bed that is part of the MRI machine.  Standing next to the MRI machine is a figure dressed in a white lab coat, suggesting they are a medical professional, possibly a radiologist or technician. The professional is smiling and looking at the patient with a friendly expression.  The MRI machine has a control panel with various buttons and displays, indicating the operation of the machine. The background is plain white, emphasizing the subjects in the foreground. There is no visible text in the image. The style of the image is cartoonish and is likely intended for educational or illustrative purposes.	18550396812.png	The image depicts a stylized illustration of three animated characters in a meeting setting. On the left, there is a female character with brown hair, wearing a black suit and sitting on an orange chair. In the center, there is a male character with red hair, wearing a black suit and sitting on an orange chair. On the right, there is another male character with brown hair, wearing a black suit and sitting on an orange chair. They are all seated around a black table, which has a white piece of paper and a brown folder on it. The characters are smiling and appear to be engaged in a friendly or professional conversation. There is no visible text in the image.	92834122308.png	The image depicts a stylized illustration of a grave with a stone headstone. The headstone is gray and is surrounded by a variety of orange flowers, including what appear to be marigolds, with green foliage. The flowers are in full bloom, and the scene is set against a white background. There is a small wooden cross to the left of the headstone, and the ground around the grave is covered with a mix of rocks and soil. The overall style of the image is cartoonish and colorful, with a focus on the vibrant orange flowers.
višja sila	Da mu je tokrat višja sila vzela mesto na zmagovalnem odru, smo se lahko prepričali v drugi seriji.		21185600125.png	"The image depicts an animated scene with a young girl standing next to a damaged car. The car is tilted to one side, with its front end crumpled and the hood visibly dented. The girl is wearing a dress with a polka dot pattern and has her hands on her hips. She is looking towards the car with a concerned expression. Above the car, there is a sign with the word ""COPP"" written on it. The sign is attached to a pole that has been knocked over, with the pole lying on the ground behind the car. The background is plain and does not provide any additional context. The style of the image is cartoonish, with a limited color palette and a clean, digital rendering quality."	50801434921.png	The image shows a hand holding a black and orange magnet with a glossy finish. The magnet is being used to pick up a scattering of small, metallic-looking objects that are being attracted to the magnet. The background is plain white, emphasizing the action of the magnet. There is no visible text in the image.	22057124667.png	The image depicts an animated scene where a large tree has fallen onto a car, causing significant damage. The car is a dark sedan with its hood and roof crumpled, and the tree branches are scattered around it. A person, dressed in an orange top and black skirt, is standing to the right of the car, with their arms raised as if in shock or disbelief. The background is minimal, featuring a white sky and a building with a rectangular shape and a darker roof. The overall style of the image is cartoonish with a limited color palette.	84851260244.png	The image depicts two animated children, a boy and a girl, in mid-jump over a body of water. The boy is on the left, with his arms outstretched and his hair tousled by the wind. He is wearing a short-sleeved orange shirt and dark shorts. The girl is on the right, with her arms raised and her hair in a ponytail. She is wearing a sleeveless orange dress with a floral pattern and is barefoot. Both children are smiling and appear to be enjoying themselves. The water around them is splashing, indicating movement. There is no visible text in the image. The style of the image is cartoonish and colorful, with a focus on the children's joyful activity.	90889527460.png	The image depicts an orange bucket with a wooden handle hanging from a rope. The bucket appears to be suspended in mid-air. In the background, there is a stylized cityscape with buildings and a bridge, suggesting an urban environment. The bucket is positioned in the foreground, with the cityscape in the background. There is no visible text in the image. The style of the image is illustrative, with a flat design and a limited color palette.
višja sila	Višja sila nam je prekrižala načrte, toda že včeraj zvečer smo spet omogočili dostop tovornjakov do Male čolnarske.		84851260244.png	The image depicts two animated children, a boy and a girl, in mid-jump over a body of water. The boy is on the left, with his arms outstretched and his hair tousled by the wind. He is wearing a short-sleeved orange shirt and dark shorts. The girl is on the right, with her arms raised and her hair in a ponytail. She is wearing a sleeveless orange dress with a floral pattern and is barefoot. Both children are smiling and appear to be enjoying themselves. The water around them is splashing, indicating movement. There is no visible text in the image. The style of the image is cartoonish and colorful, with a focus on the children's joyful activity.	22057124667.png	The image depicts an animated scene where a large tree has fallen onto a car, causing significant damage. The car is a dark sedan with its hood and roof crumpled, and the tree branches are scattered around it. A person, dressed in an orange top and black skirt, is standing to the right of the car, with their arms raised as if in shock or disbelief. The background is minimal, featuring a white sky and a building with a rectangular shape and a darker roof. The overall style of the image is cartoonish with a limited color palette.	50801434921.png	The image shows a hand holding a black and orange magnet with a glossy finish. The magnet is being used to pick up a scattering of small, metallic-looking objects that are being attracted to the magnet. The background is plain white, emphasizing the action of the magnet. There is no visible text in the image.	21185600125.png	"The image depicts an animated scene with a young girl standing next to a damaged car. The car is tilted to one side, with its front end crumpled and the hood visibly dented. The girl is wearing a dress with a polka dot pattern and has her hands on her hips. She is looking towards the car with a concerned expression. Above the car, there is a sign with the word ""COPP"" written on it. The sign is attached to a pole that has been knocked over, with the pole lying on the ground behind the car. The background is plain and does not provide any additional context. The style of the image is cartoonish, with a limited color palette and a clean, digital rendering quality."	90889527460.png	The image depicts an orange bucket with a wooden handle hanging from a rope. The bucket appears to be suspended in mid-air. In the background, there is a stylized cityscape with buildings and a bridge, suggesting an urban environment. The bucket is positioned in the foreground, with the cityscape in the background. There is no visible text in the image. The style of the image is illustrative, with a flat design and a limited color palette.
višja sila	Na vzmetnem mehanizmu je delovala višja sila, zato se je pokrov sunkovito zaprl.		50801434921.png	The image shows a hand holding a black and orange magnet with a glossy finish. The magnet is being used to pick up a scattering of small, metallic-looking objects that are being attracted to the magnet. The background is plain white, emphasizing the action of the magnet. There is no visible text in the image.	21185600125.png	"The image depicts an animated scene with a young girl standing next to a damaged car. The car is tilted to one side, with its front end crumpled and the hood visibly dented. The girl is wearing a dress with a polka dot pattern and has her hands on her hips. She is looking towards the car with a concerned expression. Above the car, there is a sign with the word ""COPP"" written on it. The sign is attached to a pole that has been knocked over, with the pole lying on the ground behind the car. The background is plain and does not provide any additional context. The style of the image is cartoonish, with a limited color palette and a clean, digital rendering quality."	90889527460.png	The image depicts an orange bucket with a wooden handle hanging from a rope. The bucket appears to be suspended in mid-air. In the background, there is a stylized cityscape with buildings and a bridge, suggesting an urban environment. The bucket is positioned in the foreground, with the cityscape in the background. There is no visible text in the image. The style of the image is illustrative, with a flat design and a limited color palette.	84851260244.png	The image depicts two animated children, a boy and a girl, in mid-jump over a body of water. The boy is on the left, with his arms outstretched and his hair tousled by the wind. He is wearing a short-sleeved orange shirt and dark shorts. The girl is on the right, with her arms raised and her hair in a ponytail. She is wearing a sleeveless orange dress with a floral pattern and is barefoot. Both children are smiling and appear to be enjoying themselves. The water around them is splashing, indicating movement. There is no visible text in the image. The style of the image is cartoonish and colorful, with a focus on the children's joyful activity.	22057124667.png	The image depicts an animated scene where a large tree has fallen onto a car, causing significant damage. The car is a dark sedan with its hood and roof crumpled, and the tree branches are scattered around it. A person, dressed in an orange top and black skirt, is standing to the right of the car, with their arms raised as if in shock or disbelief. The background is minimal, featuring a white sky and a building with a rectangular shape and a darker roof. The overall style of the image is cartoonish with a limited color palette.
višja sila	Zaradi višje sile v škripcu se je bremenu spremenila smer gibanja.		90889527460.png	The image depicts an orange bucket with a wooden handle hanging from a rope. The bucket appears to be suspended in mid-air. In the background, there is a stylized cityscape with buildings and a bridge, suggesting an urban environment. The bucket is positioned in the foreground, with the cityscape in the background. There is no visible text in the image. The style of the image is illustrative, with a flat design and a limited color palette.	50801434921.png	The image shows a hand holding a black and orange magnet with a glossy finish. The magnet is being used to pick up a scattering of small, metallic-looking objects that are being attracted to the magnet. The background is plain white, emphasizing the action of the magnet. There is no visible text in the image.	84851260244.png	The image depicts two animated children, a boy and a girl, in mid-jump over a body of water. The boy is on the left, with his arms outstretched and his hair tousled by the wind. He is wearing a short-sleeved orange shirt and dark shorts. The girl is on the right, with her arms raised and her hair in a ponytail. She is wearing a sleeveless orange dress with a floral pattern and is barefoot. Both children are smiling and appear to be enjoying themselves. The water around them is splashing, indicating movement. There is no visible text in the image. The style of the image is cartoonish and colorful, with a focus on the children's joyful activity.	21185600125.png	"The image depicts an animated scene with a young girl standing next to a damaged car. The car is tilted to one side, with its front end crumpled and the hood visibly dented. The girl is wearing a dress with a polka dot pattern and has her hands on her hips. She is looking towards the car with a concerned expression. Above the car, there is a sign with the word ""COPP"" written on it. The sign is attached to a pole that has been knocked over, with the pole lying on the ground behind the car. The background is plain and does not provide any additional context. The style of the image is cartoonish, with a limited color palette and a clean, digital rendering quality."	22057124667.png	The image depicts an animated scene where a large tree has fallen onto a car, causing significant damage. The car is a dark sedan with its hood and roof crumpled, and the tree branches are scattered around it. A person, dressed in an orange top and black skirt, is standing to the right of the car, with their arms raised as if in shock or disbelief. The background is minimal, featuring a white sky and a building with a rectangular shape and a darker roof. The overall style of the image is cartoonish with a limited color palette.
stvar preteklosti	Časi, ko smo bili opasani z več napravami, so dokončno postali stvar preteklosti .		73546495267.png	The image depicts a stylized, cartoon-like illustration of a rural landscape. In the foreground, there is a winding dirt road leading to a small, two-story house with a brown roof and a chimney. The house is surrounded by a variety of trees with autumn foliage in shades of orange and yellow. The ground is covered with grass and scattered with wildflowers.  Above the house, there is a large, bright orange sun with a white halo, suggesting it is either sunrise or sunset. The sky is filled with fluffy white clouds. The overall style of the image is whimsical and idyllic, with a limited color palette that emphasizes the warm tones of the sun and the autumnal colors of the trees. There is no visible text in the image.	48975637837.png	The image is an illustration of two animated characters, a man and a woman, in a room. The woman is on the left, wearing a green top and blue pants, with her hands clasped together in front of her. She has her mouth open as if she's speaking or reacting to something. The man is on the right, wearing a brown t-shirt and black pants, with his hands outstretched as if he's gesturing or explaining something. He has a beard and mustache, and his mouth is open in a surprised or shocked expression.  In the background, there is a framed picture on the wall to the left of the characters, depicting a couple. To the right of the characters, there is a potted plant with orange flowers. The room has a cozy, lived-in feel with a television stand in the center, and there are other decorative items on the wall, including a small picture frame and a framed print. The overall style of the image is cartoonish and colorful.	55068728633.png	The image shows a calendar with a spiral binding at the top, placed on a stand with two visible legs. The calendar has a grid of dates, with the numbers 1 through 16 visible. On the stand, there are two small plants with green leaves, and a small orange figure that appears to be a stylized animal or character. Above the calendar, there is a small, stylized cloud with a blue sky background. The overall style of the image is illustrative and cartoonish.	95048442828.png	The image shows a person holding two photographs side by side. The person is wearing glasses and a dark jacket. The photographs depict a cartoon-style character, a man with white hair and a mustache, wearing a brown suit and a red tie. The character is smiling and appears to be in a good mood. The style of the image is a staged photograph with a focus on the interaction between the person and the photographs.	65770105545.png	The image shows a large, orange-brown vase with a textured surface that appears to be made of clay or ceramic. The vase has a wide, flared base that narrows slightly as it rises, then widens again at the top. It features two handles on either side, which are also textured and match the body of the vase. A rope is tied around the neck of the vase, suggesting it might be used for holding or pouring liquids. The vase is set against a plain, light background that does not distract from the vase itself. There is no visible text in the image. The style of the image is a digital illustration with a realistic texture applied to the vase.
stvar preteklosti	Upam, da bo čez deset let dim iz avtomobilov stvar preteklosti na podoben način, kot se je to zgodilo s cigaretnim dimom v restavracijah.		73546495267.png	The image depicts a stylized, cartoon-like illustration of a rural landscape. In the foreground, there is a winding dirt road leading to a small, two-story house with a brown roof and a chimney. The house is surrounded by a variety of trees with autumn foliage in shades of orange and yellow. The ground is covered with grass and scattered with wildflowers.  Above the house, there is a large, bright orange sun with a white halo, suggesting it is either sunrise or sunset. The sky is filled with fluffy white clouds. The overall style of the image is whimsical and idyllic, with a limited color palette that emphasizes the warm tones of the sun and the autumnal colors of the trees. There is no visible text in the image.	55068728633.png	The image shows a calendar with a spiral binding at the top, placed on a stand with two visible legs. The calendar has a grid of dates, with the numbers 1 through 16 visible. On the stand, there are two small plants with green leaves, and a small orange figure that appears to be a stylized animal or character. Above the calendar, there is a small, stylized cloud with a blue sky background. The overall style of the image is illustrative and cartoonish.	95048442828.png	The image shows a person holding two photographs side by side. The person is wearing glasses and a dark jacket. The photographs depict a cartoon-style character, a man with white hair and a mustache, wearing a brown suit and a red tie. The character is smiling and appears to be in a good mood. The style of the image is a staged photograph with a focus on the interaction between the person and the photographs.	48975637837.png	The image is an illustration of two animated characters, a man and a woman, in a room. The woman is on the left, wearing a green top and blue pants, with her hands clasped together in front of her. She has her mouth open as if she's speaking or reacting to something. The man is on the right, wearing a brown t-shirt and black pants, with his hands outstretched as if he's gesturing or explaining something. He has a beard and mustache, and his mouth is open in a surprised or shocked expression.  In the background, there is a framed picture on the wall to the left of the characters, depicting a couple. To the right of the characters, there is a potted plant with orange flowers. The room has a cozy, lived-in feel with a television stand in the center, and there are other decorative items on the wall, including a small picture frame and a framed print. The overall style of the image is cartoonish and colorful.	65770105545.png	The image shows a large, orange-brown vase with a textured surface that appears to be made of clay or ceramic. The vase has a wide, flared base that narrows slightly as it rises, then widens again at the top. It features two handles on either side, which are also textured and match the body of the vase. A rope is tied around the neck of the vase, suggesting it might be used for holding or pouring liquids. The vase is set against a plain, light background that does not distract from the vase itself. There is no visible text in the image. The style of the image is a digital illustration with a realistic texture applied to the vase.
stvar preteklosti	V muzeju hranijo več predmetov, med njimi tudi stvar preteklosti – staro kamnito orodje.		48975637837.png	The image is an illustration of two animated characters, a man and a woman, in a room. The woman is on the left, wearing a green top and blue pants, with her hands clasped together in front of her. She has her mouth open as if she's speaking or reacting to something. The man is on the right, wearing a brown t-shirt and black pants, with his hands outstretched as if he's gesturing or explaining something. He has a beard and mustache, and his mouth is open in a surprised or shocked expression.  In the background, there is a framed picture on the wall to the left of the characters, depicting a couple. To the right of the characters, there is a potted plant with orange flowers. The room has a cozy, lived-in feel with a television stand in the center, and there are other decorative items on the wall, including a small picture frame and a framed print. The overall style of the image is cartoonish and colorful.	65770105545.png	The image shows a large, orange-brown vase with a textured surface that appears to be made of clay or ceramic. The vase has a wide, flared base that narrows slightly as it rises, then widens again at the top. It features two handles on either side, which are also textured and match the body of the vase. A rope is tied around the neck of the vase, suggesting it might be used for holding or pouring liquids. The vase is set against a plain, light background that does not distract from the vase itself. There is no visible text in the image. The style of the image is a digital illustration with a realistic texture applied to the vase.	73546495267.png	The image depicts a stylized, cartoon-like illustration of a rural landscape. In the foreground, there is a winding dirt road leading to a small, two-story house with a brown roof and a chimney. The house is surrounded by a variety of trees with autumn foliage in shades of orange and yellow. The ground is covered with grass and scattered with wildflowers.  Above the house, there is a large, bright orange sun with a white halo, suggesting it is either sunrise or sunset. The sky is filled with fluffy white clouds. The overall style of the image is whimsical and idyllic, with a limited color palette that emphasizes the warm tones of the sun and the autumnal colors of the trees. There is no visible text in the image.	95048442828.png	The image shows a person holding two photographs side by side. The person is wearing glasses and a dark jacket. The photographs depict a cartoon-style character, a man with white hair and a mustache, wearing a brown suit and a red tie. The character is smiling and appears to be in a good mood. The style of the image is a staged photograph with a focus on the interaction between the person and the photographs.	55068728633.png	The image shows a calendar with a spiral binding at the top, placed on a stand with two visible legs. The calendar has a grid of dates, with the numbers 1 through 16 visible. On the stand, there are two small plants with green leaves, and a small orange figure that appears to be a stylized animal or character. Above the calendar, there is a small, stylized cloud with a blue sky background. The overall style of the image is illustrative and cartoonish.
stvar preteklosti	Na razstavi so obiskovalci lahko prisluhnili zgodbam, ki jih pripovedujejo stvari preteklosti.		65770105545.png	The image shows a large, orange-brown vase with a textured surface that appears to be made of clay or ceramic. The vase has a wide, flared base that narrows slightly as it rises, then widens again at the top. It features two handles on either side, which are also textured and match the body of the vase. A rope is tied around the neck of the vase, suggesting it might be used for holding or pouring liquids. The vase is set against a plain, light background that does not distract from the vase itself. There is no visible text in the image. The style of the image is a digital illustration with a realistic texture applied to the vase.	95048442828.png	The image shows a person holding two photographs side by side. The person is wearing glasses and a dark jacket. The photographs depict a cartoon-style character, a man with white hair and a mustache, wearing a brown suit and a red tie. The character is smiling and appears to be in a good mood. The style of the image is a staged photograph with a focus on the interaction between the person and the photographs.	55068728633.png	The image shows a calendar with a spiral binding at the top, placed on a stand with two visible legs. The calendar has a grid of dates, with the numbers 1 through 16 visible. On the stand, there are two small plants with green leaves, and a small orange figure that appears to be a stylized animal or character. Above the calendar, there is a small, stylized cloud with a blue sky background. The overall style of the image is illustrative and cartoonish.	48975637837.png	The image is an illustration of two animated characters, a man and a woman, in a room. The woman is on the left, wearing a green top and blue pants, with her hands clasped together in front of her. She has her mouth open as if she's speaking or reacting to something. The man is on the right, wearing a brown t-shirt and black pants, with his hands outstretched as if he's gesturing or explaining something. He has a beard and mustache, and his mouth is open in a surprised or shocked expression.  In the background, there is a framed picture on the wall to the left of the characters, depicting a couple. To the right of the characters, there is a potted plant with orange flowers. The room has a cozy, lived-in feel with a television stand in the center, and there are other decorative items on the wall, including a small picture frame and a framed print. The overall style of the image is cartoonish and colorful.	73546495267.png	The image depicts a stylized, cartoon-like illustration of a rural landscape. In the foreground, there is a winding dirt road leading to a small, two-story house with a brown roof and a chimney. The house is surrounded by a variety of trees with autumn foliage in shades of orange and yellow. The ground is covered with grass and scattered with wildflowers.  Above the house, there is a large, bright orange sun with a white halo, suggesting it is either sunrise or sunset. The sky is filled with fluffy white clouds. The overall style of the image is whimsical and idyllic, with a limited color palette that emphasizes the warm tones of the sun and the autumnal colors of the trees. There is no visible text in the image.
jabolka in hruške	Le naj poslušajo dr. Ruglja, on ve, o čem govori, čeprav je moški in velikokrat pomeša jabolka in hruške , zato se z njim v vsem ne strinjam, vseeno zadene srčiko.		31327280915.png	The image depicts a bowl of fresh berries. The bowl is dark brown and appears to be made of ceramic or glass. It is filled with red raspberries and blackberries. The raspberries are bright red with a few green leaves attached, while the blackberries are dark purple with a few green leaves as well. The bowl is placed on a white surface, and there are droplets of water visible around the bowl, suggesting that the berries are fresh and possibly just washed. The image is a digital illustration with a clean and simple style.	31954673892.png	The image features a stylized illustration of a bowl filled with apples. The bowl is orange with a glossy finish and has a simple, smooth design. It is placed on a white surface. Inside the bowl, there are four apples with different colors and textures. One apple is white with a green leaf on top, another is yellow with a brown stem, the third is orange with a red spot, and the fourth is green with a brown stem. The apples are depicted with a cartoon-like style, featuring exaggerated facial expressions and a friendly, anthropomorphic appearance. There is no visible text in the image.	18947088283.png	The image features a stylized, cartoon-like depiction of an orange tabby cat. The cat is standing on its hind legs and appears to be drinking from a glass. The cat has large, expressive eyes and a small, pointed nose. Its fur is a mix of orange and white, with darker stripes. The cat's tail is curled up behind it. The background is a plain, light gray color. There is no visible text in the image. The style of the image is reminiscent of a digital illustration or a 3D rendering with a soft, rounded aesthetic.	23816552232.png	The image shows a group of six stylized cartoon cats, each with a distinct color and pattern. From left to right, the first cat is white with pink ears, the second is orange with white paws, the third is black with white paws, the fourth is white with brown spots, the fifth is brown with white paws, and the sixth is black with white paws. They are all sitting on a flat surface, looking directly at the viewer with a friendly expression. The cats are arranged in a straight line, and there is no visible text in the image. The style of the image is cartoonish and colorful, with a clean and simple background that does not distract from the subjects.	38560868752.png	The image features four animated characters, each holding a spear and dressed in historical or fantasy armor. The character on the far left is wearing a helmet with a crest and a breastplate, holding a spear with a large, orange-colored blade. Next to this character is another with a similar helmet and armor, but with a smaller, red-colored blade on the spear. The third character is wearing a helmet with a visor and a breastplate, and is holding a spear with a small, gold-colored blade. The fourth character is wearing a helmet with a visor and a breastplate, and is holding a spear with a small, gold-colored blade. Behind the characters, there is an American flag. The characters are standing side by side, and there is no visible text in the image.
jabolka in hruške	No, zdaj so v državnem zboru pomešali jabolka in hruške , s tem, da so stlačili v ta zakon tako žrtve vojnega nasilja kot tudi tiste, ki so utrpeli krivico po vojni.		31954673892.png	The image features a stylized illustration of a bowl filled with apples. The bowl is orange with a glossy finish and has a simple, smooth design. It is placed on a white surface. Inside the bowl, there are four apples with different colors and textures. One apple is white with a green leaf on top, another is yellow with a brown stem, the third is orange with a red spot, and the fourth is green with a brown stem. The apples are depicted with a cartoon-like style, featuring exaggerated facial expressions and a friendly, anthropomorphic appearance. There is no visible text in the image.	31327280915.png	The image depicts a bowl of fresh berries. The bowl is dark brown and appears to be made of ceramic or glass. It is filled with red raspberries and blackberries. The raspberries are bright red with a few green leaves attached, while the blackberries are dark purple with a few green leaves as well. The bowl is placed on a white surface, and there are droplets of water visible around the bowl, suggesting that the berries are fresh and possibly just washed. The image is a digital illustration with a clean and simple style.	38560868752.png	The image features four animated characters, each holding a spear and dressed in historical or fantasy armor. The character on the far left is wearing a helmet with a crest and a breastplate, holding a spear with a large, orange-colored blade. Next to this character is another with a similar helmet and armor, but with a smaller, red-colored blade on the spear. The third character is wearing a helmet with a visor and a breastplate, and is holding a spear with a small, gold-colored blade. The fourth character is wearing a helmet with a visor and a breastplate, and is holding a spear with a small, gold-colored blade. Behind the characters, there is an American flag. The characters are standing side by side, and there is no visible text in the image.	18947088283.png	The image features a stylized, cartoon-like depiction of an orange tabby cat. The cat is standing on its hind legs and appears to be drinking from a glass. The cat has large, expressive eyes and a small, pointed nose. Its fur is a mix of orange and white, with darker stripes. The cat's tail is curled up behind it. The background is a plain, light gray color. There is no visible text in the image. The style of the image is reminiscent of a digital illustration or a 3D rendering with a soft, rounded aesthetic.	23816552232.png	The image shows a group of six stylized cartoon cats, each with a distinct color and pattern. From left to right, the first cat is white with pink ears, the second is orange with white paws, the third is black with white paws, the fourth is white with brown spots, the fifth is brown with white paws, and the sixth is black with white paws. They are all sitting on a flat surface, looking directly at the viewer with a friendly expression. The cats are arranged in a straight line, and there is no visible text in the image. The style of the image is cartoonish and colorful, with a clean and simple background that does not distract from the subjects.
jabolka in hruške	Medtem olupimo jabolka in hruške , izrežemo peščišče in sadje narežemo na krhlje.		23816552232.png	The image shows a group of six stylized cartoon cats, each with a distinct color and pattern. From left to right, the first cat is white with pink ears, the second is orange with white paws, the third is black with white paws, the fourth is white with brown spots, the fifth is brown with white paws, and the sixth is black with white paws. They are all sitting on a flat surface, looking directly at the viewer with a friendly expression. The cats are arranged in a straight line, and there is no visible text in the image. The style of the image is cartoonish and colorful, with a clean and simple background that does not distract from the subjects.	38560868752.png	The image features four animated characters, each holding a spear and dressed in historical or fantasy armor. The character on the far left is wearing a helmet with a crest and a breastplate, holding a spear with a large, orange-colored blade. Next to this character is another with a similar helmet and armor, but with a smaller, red-colored blade on the spear. The third character is wearing a helmet with a visor and a breastplate, and is holding a spear with a small, gold-colored blade. The fourth character is wearing a helmet with a visor and a breastplate, and is holding a spear with a small, gold-colored blade. Behind the characters, there is an American flag. The characters are standing side by side, and there is no visible text in the image.	31954673892.png	The image features a stylized illustration of a bowl filled with apples. The bowl is orange with a glossy finish and has a simple, smooth design. It is placed on a white surface. Inside the bowl, there are four apples with different colors and textures. One apple is white with a green leaf on top, another is yellow with a brown stem, the third is orange with a red spot, and the fourth is green with a brown stem. The apples are depicted with a cartoon-like style, featuring exaggerated facial expressions and a friendly, anthropomorphic appearance. There is no visible text in the image.	18947088283.png	The image features a stylized, cartoon-like depiction of an orange tabby cat. The cat is standing on its hind legs and appears to be drinking from a glass. The cat has large, expressive eyes and a small, pointed nose. Its fur is a mix of orange and white, with darker stripes. The cat's tail is curled up behind it. The background is a plain, light gray color. There is no visible text in the image. The style of the image is reminiscent of a digital illustration or a 3D rendering with a soft, rounded aesthetic.	31327280915.png	The image depicts a bowl of fresh berries. The bowl is dark brown and appears to be made of ceramic or glass. It is filled with red raspberries and blackberries. The raspberries are bright red with a few green leaves attached, while the blackberries are dark purple with a few green leaves as well. The bowl is placed on a white surface, and there are droplets of water visible around the bowl, suggesting that the berries are fresh and possibly just washed. The image is a digital illustration with a clean and simple style.
jabolka in hruške	Za jabolka in hruške je priporočljivo, da stojijo vsaj tri tedne po obiranju, da dosežejo pravo zrelost.		31954673892.png	The image features a stylized illustration of a bowl filled with apples. The bowl is orange with a glossy finish and has a simple, smooth design. It is placed on a white surface. Inside the bowl, there are four apples with different colors and textures. One apple is white with a green leaf on top, another is yellow with a brown stem, the third is orange with a red spot, and the fourth is green with a brown stem. The apples are depicted with a cartoon-like style, featuring exaggerated facial expressions and a friendly, anthropomorphic appearance. There is no visible text in the image.	23816552232.png	The image shows a group of six stylized cartoon cats, each with a distinct color and pattern. From left to right, the first cat is white with pink ears, the second is orange with white paws, the third is black with white paws, the fourth is white with brown spots, the fifth is brown with white paws, and the sixth is black with white paws. They are all sitting on a flat surface, looking directly at the viewer with a friendly expression. The cats are arranged in a straight line, and there is no visible text in the image. The style of the image is cartoonish and colorful, with a clean and simple background that does not distract from the subjects.	31327280915.png	The image depicts a bowl of fresh berries. The bowl is dark brown and appears to be made of ceramic or glass. It is filled with red raspberries and blackberries. The raspberries are bright red with a few green leaves attached, while the blackberries are dark purple with a few green leaves as well. The bowl is placed on a white surface, and there are droplets of water visible around the bowl, suggesting that the berries are fresh and possibly just washed. The image is a digital illustration with a clean and simple style.	18947088283.png	The image features a stylized, cartoon-like depiction of an orange tabby cat. The cat is standing on its hind legs and appears to be drinking from a glass. The cat has large, expressive eyes and a small, pointed nose. Its fur is a mix of orange and white, with darker stripes. The cat's tail is curled up behind it. The background is a plain, light gray color. There is no visible text in the image. The style of the image is reminiscent of a digital illustration or a 3D rendering with a soft, rounded aesthetic.	38560868752.png	The image features four animated characters, each holding a spear and dressed in historical or fantasy armor. The character on the far left is wearing a helmet with a crest and a breastplate, holding a spear with a large, orange-colored blade. Next to this character is another with a similar helmet and armor, but with a smaller, red-colored blade on the spear. The third character is wearing a helmet with a visor and a breastplate, and is holding a spear with a small, gold-colored blade. The fourth character is wearing a helmet with a visor and a breastplate, and is holding a spear with a small, gold-colored blade. Behind the characters, there is an American flag. The characters are standing side by side, and there is no visible text in the image.
banana republika	To ni bilo in ni odvisno od nas, ampak od dejstva, da živimo v državi, kjer se še dogajajo stvari, ki se dandanes niti v banana republikah ne dogajajo več.		47095844342.png	The image features a 3D animated character that resembles a squash with human-like features. The character has a large, round body with a yellowish skin texture, and it is wearing glasses with a black frame and a mustache. It has a large, brown stem on top of its head, which is also adorned with a small, green leaf. The character is dressed in a white shirt with a collar and a brown belt, and it is holding a rolled-up piece of paper in its right hand. The paper appears to have some text on it, but the text is not legible in the image. The character is also wearing a cape that is draped over its left shoulder. The background of the image is plain and white, which contrasts with the character and highlights its details.	49389266170.png	The image features two animated characters, both dressed in business attire. The character on the left is wearing a gray suit, a red tie, and sunglasses, and is holding a card with a green logo. The character on the right is wearing a black suit with a red and yellow emblem on the chest, a red tie, and sunglasses. Both characters are smiling and appear to be engaged in a friendly exchange, with the character on the right holding out a card with a green logo that matches the one the other character is holding. The background is plain white.	63291040534.png	The image depicts a stylized, cartoon-like illustration of a three-story house with a fire truck parked in front. The house has a gray roof and is painted in shades of orange and brown. There are three windows visible on the second floor, and the third floor has a balcony with a railing. On the balcony, there are two firefighters in orange and yellow uniforms, one of whom is holding a hose. The fire truck is orange and white, with a ladder on the side and a hose reel on the front. In front of the house, there is a fire hydrant and a small tree. The firefighters are standing on the ground, and one of them is pointing upwards. There is no visible text in the image.	36273117023.png	The image depicts a cartoon of a man standing at a podium. He is dressed in a suit with a tie and appears to be speaking or gesturing. The man has short hair and is wearing a microphone. Behind him is a circular platform with a dark base and a lighter top. On the podium, there is a circular emblem with a design that includes a shield and a star. The background is plain white. There is no visible text in the image.	40067090830.png	The image features a stylized illustration of a dessert dish. At the center is a large scoop of vanilla ice cream with a chocolate sauce drizzled on top. Surrounding the ice cream are several cherries with stems, and interspersed among the cherries are slices of banana. The dish is presented on a plate with a scalloped edge, and the background is plain white. There is no visible text in the image. The style of the illustration is cartoonish and colorful, with a focus on the dessert's visual appeal.
banana republika	Verjetno je Auerju zrihtal kakega sponzorja, kar pa nas spet zapelje v zgodbo o banana republikah , kjer lahko diktatorji (politiki) delajo, kar hočejo.		49389266170.png	The image features two animated characters, both dressed in business attire. The character on the left is wearing a gray suit, a red tie, and sunglasses, and is holding a card with a green logo. The character on the right is wearing a black suit with a red and yellow emblem on the chest, a red tie, and sunglasses. Both characters are smiling and appear to be engaged in a friendly exchange, with the character on the right holding out a card with a green logo that matches the one the other character is holding. The background is plain white.	63291040534.png	The image depicts a stylized, cartoon-like illustration of a three-story house with a fire truck parked in front. The house has a gray roof and is painted in shades of orange and brown. There are three windows visible on the second floor, and the third floor has a balcony with a railing. On the balcony, there are two firefighters in orange and yellow uniforms, one of whom is holding a hose. The fire truck is orange and white, with a ladder on the side and a hose reel on the front. In front of the house, there is a fire hydrant and a small tree. The firefighters are standing on the ground, and one of them is pointing upwards. There is no visible text in the image.	47095844342.png	The image features a 3D animated character that resembles a squash with human-like features. The character has a large, round body with a yellowish skin texture, and it is wearing glasses with a black frame and a mustache. It has a large, brown stem on top of its head, which is also adorned with a small, green leaf. The character is dressed in a white shirt with a collar and a brown belt, and it is holding a rolled-up piece of paper in its right hand. The paper appears to have some text on it, but the text is not legible in the image. The character is also wearing a cape that is draped over its left shoulder. The background of the image is plain and white, which contrasts with the character and highlights its details.	36273117023.png	The image depicts a cartoon of a man standing at a podium. He is dressed in a suit with a tie and appears to be speaking or gesturing. The man has short hair and is wearing a microphone. Behind him is a circular platform with a dark base and a lighter top. On the podium, there is a circular emblem with a design that includes a shield and a star. The background is plain white. There is no visible text in the image.	40067090830.png	The image features a stylized illustration of a dessert dish. At the center is a large scoop of vanilla ice cream with a chocolate sauce drizzled on top. Surrounding the ice cream are several cherries with stems, and interspersed among the cherries are slices of banana. The dish is presented on a plate with a scalloped edge, and the background is plain white. There is no visible text in the image. The style of the illustration is cartoonish and colorful, with a focus on the dessert's visual appeal.
banana republika	Majhna obmorska država je po osamosvojitvi postala prava banana republika, saj večino izvoza predstavljajo banane.		36273117023.png	The image depicts a cartoon of a man standing at a podium. He is dressed in a suit with a tie and appears to be speaking or gesturing. The man has short hair and is wearing a microphone. Behind him is a circular platform with a dark base and a lighter top. On the podium, there is a circular emblem with a design that includes a shield and a star. The background is plain white. There is no visible text in the image.	47095844342.png	The image features a 3D animated character that resembles a squash with human-like features. The character has a large, round body with a yellowish skin texture, and it is wearing glasses with a black frame and a mustache. It has a large, brown stem on top of its head, which is also adorned with a small, green leaf. The character is dressed in a white shirt with a collar and a brown belt, and it is holding a rolled-up piece of paper in its right hand. The paper appears to have some text on it, but the text is not legible in the image. The character is also wearing a cape that is draped over its left shoulder. The background of the image is plain and white, which contrasts with the character and highlights its details.	63291040534.png	The image depicts a stylized, cartoon-like illustration of a three-story house with a fire truck parked in front. The house has a gray roof and is painted in shades of orange and brown. There are three windows visible on the second floor, and the third floor has a balcony with a railing. On the balcony, there are two firefighters in orange and yellow uniforms, one of whom is holding a hose. The fire truck is orange and white, with a ladder on the side and a hose reel on the front. In front of the house, there is a fire hydrant and a small tree. The firefighters are standing on the ground, and one of them is pointing upwards. There is no visible text in the image.	40067090830.png	The image features a stylized illustration of a dessert dish. At the center is a large scoop of vanilla ice cream with a chocolate sauce drizzled on top. Surrounding the ice cream are several cherries with stems, and interspersed among the cherries are slices of banana. The dish is presented on a plate with a scalloped edge, and the background is plain white. There is no visible text in the image. The style of the illustration is cartoonish and colorful, with a focus on the dessert's visual appeal.	49389266170.png	The image features two animated characters, both dressed in business attire. The character on the left is wearing a gray suit, a red tie, and sunglasses, and is holding a card with a green logo. The character on the right is wearing a black suit with a red and yellow emblem on the chest, a red tie, and sunglasses. Both characters are smiling and appear to be engaged in a friendly exchange, with the character on the right holding out a card with a green logo that matches the one the other character is holding. The background is plain white.
banana republika	Vlada banana republike je napovedala novo pobudo za trajnostno pridelavo tropskega sadja.		40067090830.png	The image features a stylized illustration of a dessert dish. At the center is a large scoop of vanilla ice cream with a chocolate sauce drizzled on top. Surrounding the ice cream are several cherries with stems, and interspersed among the cherries are slices of banana. The dish is presented on a plate with a scalloped edge, and the background is plain white. There is no visible text in the image. The style of the illustration is cartoonish and colorful, with a focus on the dessert's visual appeal.	49389266170.png	The image features two animated characters, both dressed in business attire. The character on the left is wearing a gray suit, a red tie, and sunglasses, and is holding a card with a green logo. The character on the right is wearing a black suit with a red and yellow emblem on the chest, a red tie, and sunglasses. Both characters are smiling and appear to be engaged in a friendly exchange, with the character on the right holding out a card with a green logo that matches the one the other character is holding. The background is plain white.	36273117023.png	The image depicts a cartoon of a man standing at a podium. He is dressed in a suit with a tie and appears to be speaking or gesturing. The man has short hair and is wearing a microphone. Behind him is a circular platform with a dark base and a lighter top. On the podium, there is a circular emblem with a design that includes a shield and a star. The background is plain white. There is no visible text in the image.	47095844342.png	The image features a 3D animated character that resembles a squash with human-like features. The character has a large, round body with a yellowish skin texture, and it is wearing glasses with a black frame and a mustache. It has a large, brown stem on top of its head, which is also adorned with a small, green leaf. The character is dressed in a white shirt with a collar and a brown belt, and it is holding a rolled-up piece of paper in its right hand. The paper appears to have some text on it, but the text is not legible in the image. The character is also wearing a cape that is draped over its left shoulder. The background of the image is plain and white, which contrasts with the character and highlights its details.	63291040534.png	The image depicts a stylized, cartoon-like illustration of a three-story house with a fire truck parked in front. The house has a gray roof and is painted in shades of orange and brown. There are three windows visible on the second floor, and the third floor has a balcony with a railing. On the balcony, there are two firefighters in orange and yellow uniforms, one of whom is holding a hose. The fire truck is orange and white, with a ladder on the side and a hose reel on the front. In front of the house, there is a fire hydrant and a small tree. The firefighters are standing on the ground, and one of them is pointing upwards. There is no visible text in the image.
postlano z rožicami	Čeprav torinskemu Juventusu v italijanskem prvenstvu ni postlano z rožicami , je vnovič na dobri poti, da se uvrsti v finale pokala evropskih prvakov.		89911044728.png	The image depicts an animated character, a woman, lounging on a beach chair. She is wearing a bright orange dress with white polka dots and has her hair styled in a bun with an orange bow. The woman is holding a drink with a straw in her right hand and is wearing sunglasses. She is barefoot and has a relaxed posture with her legs crossed. Behind her, there is a small palm tree and a straw hat on the ground. The background is a plain, light color, providing a contrast to the vibrant colors of the character and her surroundings. There is no visible text in the image.	64337500971.png	The image shows a stylized, cartoon-like depiction of an orange armchair with black legs and arms. The chair has a plush appearance with visible stitching and a tufted backrest. It is set against a plain, light background. There is no visible text in the image. The chair is the central object in the image, and there are no other objects or texts to describe.	17392597967.png	The image depicts a stylized illustration of a man walking on a sidewalk. He is wearing glasses, a beard, and a bright orange coat over a dark suit. The man is carrying a briefcase in his right hand and a backpack on his back. He is passing by a small tree with green leaves and a few fallen leaves on the ground. The bench he is walking past is made of wood and has a metal frame. The background is plain and white, emphasizing the subject. There is no visible text in the image.	39265531872.png	The image depicts a stylized, modern bedroom scene. There is a large bed with an orange bedspread and a beige headboard. The bed is adorned with two beige pillows. On either side of the bed, there are nightstands with a lamp on the right side. On the left side, there is a small plant in a terracotta pot. The floor is a light color, and the walls are white. The overall style of the image is clean and minimalistic, with a focus on the bed and the surrounding decor.	76646288044.png	The image shows a bed with a white bedspread and a wooden headboard. The bed is adorned with a large number of orange flowers scattered across the bedspread, creating a vibrant and colorful display. The flowers are in various stages of bloom, with some fully open and others still in bud form. The bed is positioned against a plain, light-colored background that does not distract from the bed and its floral decoration. There is no visible text in the image. The style of the image is a realistic digital rendering, with attention to detail in the textures and colors of the flowers and the bedding.
postlano z rožicami	Nikomur ni postlano z rožicami , vsak človek se mora do soljudi vesti lepo in pozitivno.		89911044728.png	The image depicts an animated character, a woman, lounging on a beach chair. She is wearing a bright orange dress with white polka dots and has her hair styled in a bun with an orange bow. The woman is holding a drink with a straw in her right hand and is wearing sunglasses. She is barefoot and has a relaxed posture with her legs crossed. Behind her, there is a small palm tree and a straw hat on the ground. The background is a plain, light color, providing a contrast to the vibrant colors of the character and her surroundings. There is no visible text in the image.	17392597967.png	The image depicts a stylized illustration of a man walking on a sidewalk. He is wearing glasses, a beard, and a bright orange coat over a dark suit. The man is carrying a briefcase in his right hand and a backpack on his back. He is passing by a small tree with green leaves and a few fallen leaves on the ground. The bench he is walking past is made of wood and has a metal frame. The background is plain and white, emphasizing the subject. There is no visible text in the image.	39265531872.png	The image depicts a stylized, modern bedroom scene. There is a large bed with an orange bedspread and a beige headboard. The bed is adorned with two beige pillows. On either side of the bed, there are nightstands with a lamp on the right side. On the left side, there is a small plant in a terracotta pot. The floor is a light color, and the walls are white. The overall style of the image is clean and minimalistic, with a focus on the bed and the surrounding decor.	64337500971.png	The image shows a stylized, cartoon-like depiction of an orange armchair with black legs and arms. The chair has a plush appearance with visible stitching and a tufted backrest. It is set against a plain, light background. There is no visible text in the image. The chair is the central object in the image, and there are no other objects or texts to describe.	76646288044.png	The image shows a bed with a white bedspread and a wooden headboard. The bed is adorned with a large number of orange flowers scattered across the bedspread, creating a vibrant and colorful display. The flowers are in various stages of bloom, with some fully open and others still in bud form. The bed is positioned against a plain, light-colored background that does not distract from the bed and its floral decoration. There is no visible text in the image. The style of the image is a realistic digital rendering, with attention to detail in the textures and colors of the flowers and the bedding.
postlano z rožicami	Postelja je bila postlana z rožicami, ki so dišale po sveže pokošenem travniku.		64337500971.png	The image shows a stylized, cartoon-like depiction of an orange armchair with black legs and arms. The chair has a plush appearance with visible stitching and a tufted backrest. It is set against a plain, light background. There is no visible text in the image. The chair is the central object in the image, and there are no other objects or texts to describe.	76646288044.png	The image shows a bed with a white bedspread and a wooden headboard. The bed is adorned with a large number of orange flowers scattered across the bedspread, creating a vibrant and colorful display. The flowers are in various stages of bloom, with some fully open and others still in bud form. The bed is positioned against a plain, light-colored background that does not distract from the bed and its floral decoration. There is no visible text in the image. The style of the image is a realistic digital rendering, with attention to detail in the textures and colors of the flowers and the bedding.	39265531872.png	The image depicts a stylized, modern bedroom scene. There is a large bed with an orange bedspread and a beige headboard. The bed is adorned with two beige pillows. On either side of the bed, there are nightstands with a lamp on the right side. On the left side, there is a small plant in a terracotta pot. The floor is a light color, and the walls are white. The overall style of the image is clean and minimalistic, with a focus on the bed and the surrounding decor.	89911044728.png	The image depicts an animated character, a woman, lounging on a beach chair. She is wearing a bright orange dress with white polka dots and has her hair styled in a bun with an orange bow. The woman is holding a drink with a straw in her right hand and is wearing sunglasses. She is barefoot and has a relaxed posture with her legs crossed. Behind her, there is a small palm tree and a straw hat on the ground. The background is a plain, light color, providing a contrast to the vibrant colors of the character and her surroundings. There is no visible text in the image.	17392597967.png	The image depicts a stylized illustration of a man walking on a sidewalk. He is wearing glasses, a beard, and a bright orange coat over a dark suit. The man is carrying a briefcase in his right hand and a backpack on his back. He is passing by a small tree with green leaves and a few fallen leaves on the ground. The bench he is walking past is made of wood and has a metal frame. The background is plain and white, emphasizing the subject. There is no visible text in the image.
postlano z rožicami	Na tleh je ležala blazina, postlana z rožicami in listi.		76646288044.png	The image shows a bed with a white bedspread and a wooden headboard. The bed is adorned with a large number of orange flowers scattered across the bedspread, creating a vibrant and colorful display. The flowers are in various stages of bloom, with some fully open and others still in bud form. The bed is positioned against a plain, light-colored background that does not distract from the bed and its floral decoration. There is no visible text in the image. The style of the image is a realistic digital rendering, with attention to detail in the textures and colors of the flowers and the bedding.	89911044728.png	The image depicts an animated character, a woman, lounging on a beach chair. She is wearing a bright orange dress with white polka dots and has her hair styled in a bun with an orange bow. The woman is holding a drink with a straw in her right hand and is wearing sunglasses. She is barefoot and has a relaxed posture with her legs crossed. Behind her, there is a small palm tree and a straw hat on the ground. The background is a plain, light color, providing a contrast to the vibrant colors of the character and her surroundings. There is no visible text in the image.	39265531872.png	The image depicts a stylized, modern bedroom scene. There is a large bed with an orange bedspread and a beige headboard. The bed is adorned with two beige pillows. On either side of the bed, there are nightstands with a lamp on the right side. On the left side, there is a small plant in a terracotta pot. The floor is a light color, and the walls are white. The overall style of the image is clean and minimalistic, with a focus on the bed and the surrounding decor.	17392597967.png	The image depicts a stylized illustration of a man walking on a sidewalk. He is wearing glasses, a beard, and a bright orange coat over a dark suit. The man is carrying a briefcase in his right hand and a backpack on his back. He is passing by a small tree with green leaves and a few fallen leaves on the ground. The bench he is walking past is made of wood and has a metal frame. The background is plain and white, emphasizing the subject. There is no visible text in the image.	64337500971.png	The image shows a stylized, cartoon-like depiction of an orange armchair with black legs and arms. The chair has a plush appearance with visible stitching and a tufted backrest. It is set against a plain, light background. There is no visible text in the image. The chair is the central object in the image, and there are no other objects or texts to describe.
velika živina	On, gospod, je nekakšen sanitarni inšpektor, velika živina , gospa pa obilno narcisoidna gospodinja.		72324380306.png	The image depicts a cartoon-style illustration of a group of four cows standing inside a small, wooden house with a thatched roof. The cows are of different colors: one is black and white, another is orange and white, the third is brown and white, and the fourth is black and white. They are all looking out of the house, which is situated on a grassy area with a few rocks and small plants around it. The cows appear to be smiling and are positioned in front of the house, with the black and white cow on the left, the orange and white cow in the center, the brown and white cow on the right, and the black and white cow on the far right. There is no visible text in the image.	78911592213.png	The image features a cartoon illustration of a young boy holding a soccer ball. He is wearing an orange jersey with black accents, black shorts with the Nike logo, and black cleats with orange accents. The boy has brown hair and is smiling. The background is plain white.	60634470088.png	The image depicts a stylized illustration of a large, orange and white cow with prominent horns, standing in a field of grass and flowers. The cow is flanked by two smaller, similar-colored calves, also with horns, positioned on either side. The background is a plain, light color, providing a contrast to the vivid colors of the cows and the greenery. There is no visible text in the image. The style of the illustration is cartoonish and appears to be designed for a friendly, whimsical aesthetic.	45828952860.png	The image shows a close-up of a slice of bread with a generous spread of butter on top. The bread has a textured surface, indicative of a crust, and the butter appears to be melted, with some of it dripping off the edge of the bread. The background is plain and white, which contrasts with the bread and butter, making them the central focus of the image. There is no visible text in the image. The style of the image is realistic with a slight emphasis on the butter, possibly to highlight its melting or the act of spreading it on the bread.	38391973657.png	The image depicts a stylized, cartoon-like illustration of a man in a suit and tie. He is standing on a grassy area with his right hand extended outward, pointing towards something off-frame. The man has short hair and is wearing a dark suit with a light-colored shirt and tie. The background is plain and white, which contrasts with the man's dark attire. There is no visible text in the image. The style of the illustration is simplistic and appears to be designed for clarity and ease of recognition.
velika živina	Ko Uroš Peterc našteva dogodke, ki jim je bil priča, sogovornik dobi vtis, da je velika živina na političnem podiju.		60634470088.png	The image depicts a stylized illustration of a large, orange and white cow with prominent horns, standing in a field of grass and flowers. The cow is flanked by two smaller, similar-colored calves, also with horns, positioned on either side. The background is a plain, light color, providing a contrast to the vivid colors of the cows and the greenery. There is no visible text in the image. The style of the illustration is cartoonish and appears to be designed for a friendly, whimsical aesthetic.	78911592213.png	The image features a cartoon illustration of a young boy holding a soccer ball. He is wearing an orange jersey with black accents, black shorts with the Nike logo, and black cleats with orange accents. The boy has brown hair and is smiling. The background is plain white.	45828952860.png	The image shows a close-up of a slice of bread with a generous spread of butter on top. The bread has a textured surface, indicative of a crust, and the butter appears to be melted, with some of it dripping off the edge of the bread. The background is plain and white, which contrasts with the bread and butter, making them the central focus of the image. There is no visible text in the image. The style of the image is realistic with a slight emphasis on the butter, possibly to highlight its melting or the act of spreading it on the bread.	38391973657.png	The image depicts a stylized, cartoon-like illustration of a man in a suit and tie. He is standing on a grassy area with his right hand extended outward, pointing towards something off-frame. The man has short hair and is wearing a dark suit with a light-colored shirt and tie. The background is plain and white, which contrasts with the man's dark attire. There is no visible text in the image. The style of the illustration is simplistic and appears to be designed for clarity and ease of recognition.	72324380306.png	The image depicts a cartoon-style illustration of a group of four cows standing inside a small, wooden house with a thatched roof. The cows are of different colors: one is black and white, another is orange and white, the third is brown and white, and the fourth is black and white. They are all looking out of the house, which is situated on a grassy area with a few rocks and small plants around it. The cows appear to be smiling and are positioned in front of the house, with the black and white cow on the left, the orange and white cow in the center, the brown and white cow on the right, and the black and white cow on the far right. There is no visible text in the image.
velika živina	Do novega leta so zaklali okrog 18.000 glav velike živine in predelali tisoč ton izdelkov na leto.		60634470088.png	The image depicts a stylized illustration of a large, orange and white cow with prominent horns, standing in a field of grass and flowers. The cow is flanked by two smaller, similar-colored calves, also with horns, positioned on either side. The background is a plain, light color, providing a contrast to the vivid colors of the cows and the greenery. There is no visible text in the image. The style of the illustration is cartoonish and appears to be designed for a friendly, whimsical aesthetic.	78911592213.png	The image features a cartoon illustration of a young boy holding a soccer ball. He is wearing an orange jersey with black accents, black shorts with the Nike logo, and black cleats with orange accents. The boy has brown hair and is smiling. The background is plain white.	45828952860.png	The image shows a close-up of a slice of bread with a generous spread of butter on top. The bread has a textured surface, indicative of a crust, and the butter appears to be melted, with some of it dripping off the edge of the bread. The background is plain and white, which contrasts with the bread and butter, making them the central focus of the image. There is no visible text in the image. The style of the image is realistic with a slight emphasis on the butter, possibly to highlight its melting or the act of spreading it on the bread.	72324380306.png	The image depicts a cartoon-style illustration of a group of four cows standing inside a small, wooden house with a thatched roof. The cows are of different colors: one is black and white, another is orange and white, the third is brown and white, and the fourth is black and white. They are all looking out of the house, which is situated on a grassy area with a few rocks and small plants around it. The cows appear to be smiling and are positioned in front of the house, with the black and white cow on the left, the orange and white cow in the center, the brown and white cow on the right, and the black and white cow on the far right. There is no visible text in the image.	38391973657.png	The image depicts a stylized, cartoon-like illustration of a man in a suit and tie. He is standing on a grassy area with his right hand extended outward, pointing towards something off-frame. The man has short hair and is wearing a dark suit with a light-colored shirt and tie. The background is plain and white, which contrasts with the man's dark attire. There is no visible text in the image. The style of the illustration is simplistic and appears to be designed for clarity and ease of recognition.
velika živina	Okoli 150 milijonov tolarjev vredna naložba bo omogočila samo zakol velike živine (goveda in konj).		38391973657.png	The image depicts a stylized, cartoon-like illustration of a man in a suit and tie. He is standing on a grassy area with his right hand extended outward, pointing towards something off-frame. The man has short hair and is wearing a dark suit with a light-colored shirt and tie. The background is plain and white, which contrasts with the man's dark attire. There is no visible text in the image. The style of the illustration is simplistic and appears to be designed for clarity and ease of recognition.	45828952860.png	The image shows a close-up of a slice of bread with a generous spread of butter on top. The bread has a textured surface, indicative of a crust, and the butter appears to be melted, with some of it dripping off the edge of the bread. The background is plain and white, which contrasts with the bread and butter, making them the central focus of the image. There is no visible text in the image. The style of the image is realistic with a slight emphasis on the butter, possibly to highlight its melting or the act of spreading it on the bread.	72324380306.png	The image depicts a cartoon-style illustration of a group of four cows standing inside a small, wooden house with a thatched roof. The cows are of different colors: one is black and white, another is orange and white, the third is brown and white, and the fourth is black and white. They are all looking out of the house, which is situated on a grassy area with a few rocks and small plants around it. The cows appear to be smiling and are positioned in front of the house, with the black and white cow on the left, the orange and white cow in the center, the brown and white cow on the right, and the black and white cow on the far right. There is no visible text in the image.	60634470088.png	The image depicts a stylized illustration of a large, orange and white cow with prominent horns, standing in a field of grass and flowers. The cow is flanked by two smaller, similar-colored calves, also with horns, positioned on either side. The background is a plain, light color, providing a contrast to the vivid colors of the cows and the greenery. There is no visible text in the image. The style of the illustration is cartoonish and appears to be designed for a friendly, whimsical aesthetic.	78911592213.png	The image features a cartoon illustration of a young boy holding a soccer ball. He is wearing an orange jersey with black accents, black shorts with the Nike logo, and black cleats with orange accents. The boy has brown hair and is smiling. The background is plain white.
širša slika	Vprašanje, kaj je širša slika problema debelosti, bi lahko zvenelo smešno - če ne bi bilo smrtno resno.		58390067817.png	The image depicts an animated scene of a classroom setting. In the foreground, there is a teacher standing in front of a blackboard with a curved top, which has a road map drawn on it with various sticky notes attached to it. The teacher is pointing to one of the notes with a smile on his face. He is wearing glasses, a brown jacket, and a white shirt.  In front of the teacher, there are five students sitting on black chairs with wheels. The students are attentively looking at the teacher and the blackboard. They are dressed in casual clothing with a variety of colors and patterns.  To the right of the blackboard, there is a potted plant with green leaves. The background is plain white, emphasizing the classroom scene. There is no visible text in the image. The style of the image is cartoonish and colorful, with a focus on a friendly and engaging learning environment.	17579454391.png	The image depicts a stylized illustration of a large, orange and brown bird with a wide wingspan soaring above a densely packed urban landscape. The bird is in mid-flight, with its wings fully extended, and its head turned slightly to the side. The city below is composed of numerous buildings of varying heights, with a mix of colors and architectural styles. The sky is a soft, light blue, and there are a few small birds flying in the distance. There is no visible text in the image. The style of the image is reminiscent of a digital painting with a focus on vibrant colors and detailed textures.	45565196813.png	The image features a string of three photo frames hanging from a wooden rod. Each frame contains a cartoon-style drawing of a family with four characters: two adults and two children. The frames are evenly spaced along the string. Below the frames, there is a single orange pot with a green plant growing in it. The background is plain white. There is no visible text in the image. The style of the image is illustrative and appears to be designed for a child's room or a family-themed decoration.	34625107158.png	The image depicts a stylized, cartoon-like illustration of a modern, orange two-seater sofa with a floral pattern on the cushions. The sofa is placed on a dark gray rug. To the left of the sofa, there is a small, round, white side table with a plant in a white pot on top. On the right side of the sofa, there is a similar small, round, white side table with a white mug on top. In front of the sofa, there are two small cactus plants in white pots. The background is plain white, emphasizing the furniture and decorative items. There is no visible text in the image.	43136374429.png	The image shows a room with a large, colorful painting on the wall. The painting depicts a landscape scene with a rocky outcrop, a body of water, and a variety of trees and plants. The painting is framed and mounted on the wall, which is white. To the right of the painting, there are two smaller framed pieces of art hanging on the wall. Below the large painting, there is a small orange box on the floor. The floor is a light color, and the room has a minimalist aesthetic. There is no visible text in the image.
širša slika	Obstaja pa tudi širša slika , ki jo moramo imeti v mislih, in sicer politično okolje, v katerem poteka to poslovno sodelovanje.		43136374429.png	The image shows a room with a large, colorful painting on the wall. The painting depicts a landscape scene with a rocky outcrop, a body of water, and a variety of trees and plants. The painting is framed and mounted on the wall, which is white. To the right of the painting, there are two smaller framed pieces of art hanging on the wall. Below the large painting, there is a small orange box on the floor. The floor is a light color, and the room has a minimalist aesthetic. There is no visible text in the image.	17579454391.png	The image depicts a stylized illustration of a large, orange and brown bird with a wide wingspan soaring above a densely packed urban landscape. The bird is in mid-flight, with its wings fully extended, and its head turned slightly to the side. The city below is composed of numerous buildings of varying heights, with a mix of colors and architectural styles. The sky is a soft, light blue, and there are a few small birds flying in the distance. There is no visible text in the image. The style of the image is reminiscent of a digital painting with a focus on vibrant colors and detailed textures.	58390067817.png	The image depicts an animated scene of a classroom setting. In the foreground, there is a teacher standing in front of a blackboard with a curved top, which has a road map drawn on it with various sticky notes attached to it. The teacher is pointing to one of the notes with a smile on his face. He is wearing glasses, a brown jacket, and a white shirt.  In front of the teacher, there are five students sitting on black chairs with wheels. The students are attentively looking at the teacher and the blackboard. They are dressed in casual clothing with a variety of colors and patterns.  To the right of the blackboard, there is a potted plant with green leaves. The background is plain white, emphasizing the classroom scene. There is no visible text in the image. The style of the image is cartoonish and colorful, with a focus on a friendly and engaging learning environment.	34625107158.png	The image depicts a stylized, cartoon-like illustration of a modern, orange two-seater sofa with a floral pattern on the cushions. The sofa is placed on a dark gray rug. To the left of the sofa, there is a small, round, white side table with a plant in a white pot on top. On the right side of the sofa, there is a similar small, round, white side table with a white mug on top. In front of the sofa, there are two small cactus plants in white pots. The background is plain white, emphasizing the furniture and decorative items. There is no visible text in the image.	45565196813.png	The image features a string of three photo frames hanging from a wooden rod. Each frame contains a cartoon-style drawing of a family with four characters: two adults and two children. The frames are evenly spaced along the string. Below the frames, there is a single orange pot with a green plant growing in it. The background is plain white. There is no visible text in the image. The style of the image is illustrative and appears to be designed for a child's room or a family-themed decoration.
širša slika	Tri metre široka slika je bila neizpodbitno zvezda Hockneyjeve lanske retrospektive v galeriji Tate Britain.		45565196813.png	The image features a string of three photo frames hanging from a wooden rod. Each frame contains a cartoon-style drawing of a family with four characters: two adults and two children. The frames are evenly spaced along the string. Below the frames, there is a single orange pot with a green plant growing in it. The background is plain white. There is no visible text in the image. The style of the image is illustrative and appears to be designed for a child's room or a family-themed decoration.	58390067817.png	The image depicts an animated scene of a classroom setting. In the foreground, there is a teacher standing in front of a blackboard with a curved top, which has a road map drawn on it with various sticky notes attached to it. The teacher is pointing to one of the notes with a smile on his face. He is wearing glasses, a brown jacket, and a white shirt.  In front of the teacher, there are five students sitting on black chairs with wheels. The students are attentively looking at the teacher and the blackboard. They are dressed in casual clothing with a variety of colors and patterns.  To the right of the blackboard, there is a potted plant with green leaves. The background is plain white, emphasizing the classroom scene. There is no visible text in the image. The style of the image is cartoonish and colorful, with a focus on a friendly and engaging learning environment.	17579454391.png	The image depicts a stylized illustration of a large, orange and brown bird with a wide wingspan soaring above a densely packed urban landscape. The bird is in mid-flight, with its wings fully extended, and its head turned slightly to the side. The city below is composed of numerous buildings of varying heights, with a mix of colors and architectural styles. The sky is a soft, light blue, and there are a few small birds flying in the distance. There is no visible text in the image. The style of the image is reminiscent of a digital painting with a focus on vibrant colors and detailed textures.	43136374429.png	The image shows a room with a large, colorful painting on the wall. The painting depicts a landscape scene with a rocky outcrop, a body of water, and a variety of trees and plants. The painting is framed and mounted on the wall, which is white. To the right of the painting, there are two smaller framed pieces of art hanging on the wall. Below the large painting, there is a small orange box on the floor. The floor is a light color, and the room has a minimalist aesthetic. There is no visible text in the image.	34625107158.png	The image depicts a stylized, cartoon-like illustration of a modern, orange two-seater sofa with a floral pattern on the cushions. The sofa is placed on a dark gray rug. To the left of the sofa, there is a small, round, white side table with a plant in a white pot on top. On the right side of the sofa, there is a similar small, round, white side table with a white mug on top. In front of the sofa, there are two small cactus plants in white pots. The background is plain white, emphasizing the furniture and decorative items. There is no visible text in the image.
širša slika	Ta stena je dolga, zato bi bilo nanjo bolj smiselno obsesiti širšo sliko.		58390067817.png	The image depicts an animated scene of a classroom setting. In the foreground, there is a teacher standing in front of a blackboard with a curved top, which has a road map drawn on it with various sticky notes attached to it. The teacher is pointing to one of the notes with a smile on his face. He is wearing glasses, a brown jacket, and a white shirt.  In front of the teacher, there are five students sitting on black chairs with wheels. The students are attentively looking at the teacher and the blackboard. They are dressed in casual clothing with a variety of colors and patterns.  To the right of the blackboard, there is a potted plant with green leaves. The background is plain white, emphasizing the classroom scene. There is no visible text in the image. The style of the image is cartoonish and colorful, with a focus on a friendly and engaging learning environment.	17579454391.png	The image depicts a stylized illustration of a large, orange and brown bird with a wide wingspan soaring above a densely packed urban landscape. The bird is in mid-flight, with its wings fully extended, and its head turned slightly to the side. The city below is composed of numerous buildings of varying heights, with a mix of colors and architectural styles. The sky is a soft, light blue, and there are a few small birds flying in the distance. There is no visible text in the image. The style of the image is reminiscent of a digital painting with a focus on vibrant colors and detailed textures.	43136374429.png	The image shows a room with a large, colorful painting on the wall. The painting depicts a landscape scene with a rocky outcrop, a body of water, and a variety of trees and plants. The painting is framed and mounted on the wall, which is white. To the right of the painting, there are two smaller framed pieces of art hanging on the wall. Below the large painting, there is a small orange box on the floor. The floor is a light color, and the room has a minimalist aesthetic. There is no visible text in the image.	34625107158.png	The image depicts a stylized, cartoon-like illustration of a modern, orange two-seater sofa with a floral pattern on the cushions. The sofa is placed on a dark gray rug. To the left of the sofa, there is a small, round, white side table with a plant in a white pot on top. On the right side of the sofa, there is a similar small, round, white side table with a white mug on top. In front of the sofa, there are two small cactus plants in white pots. The background is plain white, emphasizing the furniture and decorative items. There is no visible text in the image.	45565196813.png	The image features a string of three photo frames hanging from a wooden rod. Each frame contains a cartoon-style drawing of a family with four characters: two adults and two children. The frames are evenly spaced along the string. Below the frames, there is a single orange pot with a green plant growing in it. The background is plain white. There is no visible text in the image. The style of the image is illustrative and appears to be designed for a child's room or a family-themed decoration.
črni trg	Po njihovem mnenju prav nenadzorovan črni trg omogoča velike zaslužke kriminalcev in onemogoča kontrolo države nad uporabo konoplje.		72416038337.png	"The image depicts a stylized outdoor clothing store. The store has a corrugated metal roof supported by wooden poles. Hanging from the roof are strings of lights. Below the roof, there is a wooden counter with a display of various items, including clothing, shoes, and accessories. The counter is adorned with potted plants and a small sign. To the right of the counter, there is a wooden structure with a sign that reads ""CASH"" and a red and white striped awning. The background is plain white, emphasizing the storefront. The image is drawn in a cartoon style with a limited color palette."	48436626866.png	The image depicts a stylized, cartoon-like fruit and vegetable stand. The stand is a small wooden structure with a red roof and an orange and white striped awning. It is situated on a gray brick base. The stand is filled with a variety of fruits and vegetables, including oranges, apples, bananas, and others, arranged in a colorful and appealing manner. There are also potted plants and a small wooden bench in front of the stand. The background is plain white, which contrasts with the vibrant colors of the fruits and the stand itself. There is no visible text in the image.	61110677422.png	The image depicts a whimsical scene featuring a circus tent with a striped top and a pointed roof. The tent is set against a white background. In front of the tent, there are five anthropomorphic animal characters: a gray elephant, a brown lion, a pink pig, a white lamb, and a brown dog. The elephant is standing, while the other animals are sitting. Above the tent, there are two hot air balloons with orange and white stripes. The balloons are floating in the air. The animals are smiling and appear to be enjoying the circus atmosphere. There is no visible text in the image. The style of the image is cartoonish and colorful, with a focus on friendly and imaginative characters.	32698173681.png	"The image is a digital illustration featuring two stylized characters. On the left is a character with spiky gray hair, a beard, and a mustache, wearing a brown jacket with a fur collar, a white shirt, and orange shoes. This character is holding a brown paper bag with a dollar sign on it. On the right is a character with short black hair, a beard, and a mustache, wearing a black jacket with an orange hoodie underneath, and olive green pants. This character is holding a clear jar with a green lid and a label that reads ""Fish,"" and is also holding a small white bag with a green lid. Both characters are standing on a gray surface with a brick wall in the background. The style of the illustration is cartoonish with a limited color palette."	25665749944.png	"The image depicts an animated character, a young boy with dark hair, wearing an orange vest and black pants, jumping over a barbed wire fence. The boy is in mid-air, with his arms outstretched and his legs bent at the knees. He is wearing brown shoes. In front of the fence, there is a sign with an orange background and a red circle with a diagonal line through it, which is commonly recognized as a ""no trespassing"" symbol. The fence is made of wooden posts and barbed wire, and there are orange flowers growing around the base of the fence. The background is plain white."
črni trg	Kritiki po drugi strani trdijo, da se bodo mladi sedaj obrnili na črni trg za cigarete.		72416038337.png	"The image depicts a stylized outdoor clothing store. The store has a corrugated metal roof supported by wooden poles. Hanging from the roof are strings of lights. Below the roof, there is a wooden counter with a display of various items, including clothing, shoes, and accessories. The counter is adorned with potted plants and a small sign. To the right of the counter, there is a wooden structure with a sign that reads ""CASH"" and a red and white striped awning. The background is plain white, emphasizing the storefront. The image is drawn in a cartoon style with a limited color palette."	32698173681.png	"The image is a digital illustration featuring two stylized characters. On the left is a character with spiky gray hair, a beard, and a mustache, wearing a brown jacket with a fur collar, a white shirt, and orange shoes. This character is holding a brown paper bag with a dollar sign on it. On the right is a character with short black hair, a beard, and a mustache, wearing a black jacket with an orange hoodie underneath, and olive green pants. This character is holding a clear jar with a green lid and a label that reads ""Fish,"" and is also holding a small white bag with a green lid. Both characters are standing on a gray surface with a brick wall in the background. The style of the illustration is cartoonish with a limited color palette."	25665749944.png	"The image depicts an animated character, a young boy with dark hair, wearing an orange vest and black pants, jumping over a barbed wire fence. The boy is in mid-air, with his arms outstretched and his legs bent at the knees. He is wearing brown shoes. In front of the fence, there is a sign with an orange background and a red circle with a diagonal line through it, which is commonly recognized as a ""no trespassing"" symbol. The fence is made of wooden posts and barbed wire, and there are orange flowers growing around the base of the fence. The background is plain white."	61110677422.png	The image depicts a whimsical scene featuring a circus tent with a striped top and a pointed roof. The tent is set against a white background. In front of the tent, there are five anthropomorphic animal characters: a gray elephant, a brown lion, a pink pig, a white lamb, and a brown dog. The elephant is standing, while the other animals are sitting. Above the tent, there are two hot air balloons with orange and white stripes. The balloons are floating in the air. The animals are smiling and appear to be enjoying the circus atmosphere. There is no visible text in the image. The style of the image is cartoonish and colorful, with a focus on friendly and imaginative characters.	48436626866.png	The image depicts a stylized, cartoon-like fruit and vegetable stand. The stand is a small wooden structure with a red roof and an orange and white striped awning. It is situated on a gray brick base. The stand is filled with a variety of fruits and vegetables, including oranges, apples, bananas, and others, arranged in a colorful and appealing manner. There are also potted plants and a small wooden bench in front of the stand. The background is plain white, which contrasts with the vibrant colors of the fruits and the stand itself. There is no visible text in the image.
črni trg	Slikar je na platnu upodobil črni trg sredi mesta, osvetljen le z nekaj uličnimi svetilkami.		61110677422.png	The image depicts a whimsical scene featuring a circus tent with a striped top and a pointed roof. The tent is set against a white background. In front of the tent, there are five anthropomorphic animal characters: a gray elephant, a brown lion, a pink pig, a white lamb, and a brown dog. The elephant is standing, while the other animals are sitting. Above the tent, there are two hot air balloons with orange and white stripes. The balloons are floating in the air. The animals are smiling and appear to be enjoying the circus atmosphere. There is no visible text in the image. The style of the image is cartoonish and colorful, with a focus on friendly and imaginative characters.	48436626866.png	The image depicts a stylized, cartoon-like fruit and vegetable stand. The stand is a small wooden structure with a red roof and an orange and white striped awning. It is situated on a gray brick base. The stand is filled with a variety of fruits and vegetables, including oranges, apples, bananas, and others, arranged in a colorful and appealing manner. There are also potted plants and a small wooden bench in front of the stand. The background is plain white, which contrasts with the vibrant colors of the fruits and the stand itself. There is no visible text in the image.	25665749944.png	"The image depicts an animated character, a young boy with dark hair, wearing an orange vest and black pants, jumping over a barbed wire fence. The boy is in mid-air, with his arms outstretched and his legs bent at the knees. He is wearing brown shoes. In front of the fence, there is a sign with an orange background and a red circle with a diagonal line through it, which is commonly recognized as a ""no trespassing"" symbol. The fence is made of wooden posts and barbed wire, and there are orange flowers growing around the base of the fence. The background is plain white."	72416038337.png	"The image depicts a stylized outdoor clothing store. The store has a corrugated metal roof supported by wooden poles. Hanging from the roof are strings of lights. Below the roof, there is a wooden counter with a display of various items, including clothing, shoes, and accessories. The counter is adorned with potted plants and a small sign. To the right of the counter, there is a wooden structure with a sign that reads ""CASH"" and a red and white striped awning. The background is plain white, emphasizing the storefront. The image is drawn in a cartoon style with a limited color palette."	32698173681.png	"The image is a digital illustration featuring two stylized characters. On the left is a character with spiky gray hair, a beard, and a mustache, wearing a brown jacket with a fur collar, a white shirt, and orange shoes. This character is holding a brown paper bag with a dollar sign on it. On the right is a character with short black hair, a beard, and a mustache, wearing a black jacket with an orange hoodie underneath, and olive green pants. This character is holding a clear jar with a green lid and a label that reads ""Fish,"" and is also holding a small white bag with a green lid. Both characters are standing on a gray surface with a brick wall in the background. The style of the illustration is cartoonish with a limited color palette."
črni trg	Megla je prekrila črni trg, po katerem so hodili ljudje z dežniki.		72416038337.png	"The image depicts a stylized outdoor clothing store. The store has a corrugated metal roof supported by wooden poles. Hanging from the roof are strings of lights. Below the roof, there is a wooden counter with a display of various items, including clothing, shoes, and accessories. The counter is adorned with potted plants and a small sign. To the right of the counter, there is a wooden structure with a sign that reads ""CASH"" and a red and white striped awning. The background is plain white, emphasizing the storefront. The image is drawn in a cartoon style with a limited color palette."	61110677422.png	The image depicts a whimsical scene featuring a circus tent with a striped top and a pointed roof. The tent is set against a white background. In front of the tent, there are five anthropomorphic animal characters: a gray elephant, a brown lion, a pink pig, a white lamb, and a brown dog. The elephant is standing, while the other animals are sitting. Above the tent, there are two hot air balloons with orange and white stripes. The balloons are floating in the air. The animals are smiling and appear to be enjoying the circus atmosphere. There is no visible text in the image. The style of the image is cartoonish and colorful, with a focus on friendly and imaginative characters.	25665749944.png	"The image depicts an animated character, a young boy with dark hair, wearing an orange vest and black pants, jumping over a barbed wire fence. The boy is in mid-air, with his arms outstretched and his legs bent at the knees. He is wearing brown shoes. In front of the fence, there is a sign with an orange background and a red circle with a diagonal line through it, which is commonly recognized as a ""no trespassing"" symbol. The fence is made of wooden posts and barbed wire, and there are orange flowers growing around the base of the fence. The background is plain white."	32698173681.png	"The image is a digital illustration featuring two stylized characters. On the left is a character with spiky gray hair, a beard, and a mustache, wearing a brown jacket with a fur collar, a white shirt, and orange shoes. This character is holding a brown paper bag with a dollar sign on it. On the right is a character with short black hair, a beard, and a mustache, wearing a black jacket with an orange hoodie underneath, and olive green pants. This character is holding a clear jar with a green lid and a label that reads ""Fish,"" and is also holding a small white bag with a green lid. Both characters are standing on a gray surface with a brick wall in the background. The style of the illustration is cartoonish with a limited color palette."	48436626866.png	The image depicts a stylized, cartoon-like fruit and vegetable stand. The stand is a small wooden structure with a red roof and an orange and white striped awning. It is situated on a gray brick base. The stand is filled with a variety of fruits and vegetables, including oranges, apples, bananas, and others, arranged in a colorful and appealing manner. There are also potted plants and a small wooden bench in front of the stand. The background is plain white, which contrasts with the vibrant colors of the fruits and the stand itself. There is no visible text in the image.
črna ovca	V družini sem bil vedno črna ovca , najmanjši in najmlajši izmed osmih fantov.		91847963645.png	The image depicts a flock of white sheep with brown faces and legs, standing on a grassy hill. The sheep are arranged in a pattern that suggests they are looking towards the viewer. The background is a clear sky with a few clouds. There is no visible text in the image. The style of the image is illustrative and cartoonish, with a focus on the sheep's expressions and the overall composition of the flock.	16639568345.png	The image is a digital illustration featuring two animated female characters. On the left is a character with short blonde hair, wearing a black tank top with a floral tattoo on her left arm. She has a neutral expression with a slight frown. On the right is a character with dark hair tied in a ponytail, wearing a black long-sleeved top. She has a more expressive face with wide eyes and a frown, and her mouth is slightly open. Both characters appear to be in a conversation or interaction, as suggested by their body language and facial expressions. There is no visible text in the image.	88391089567.png	The image is a digital illustration featuring three animated characters. On the left is a woman with brown hair, wearing glasses, a white blouse, and black pants. She is smiling and holding a man's hand. The man in the center is wearing glasses, a brown suit with a tie, and black shoes. He is also smiling and has his arm around the woman's waist. On the right is a younger male character with brown hair, wearing sunglasses, a black t-shirt, and blue jeans. He is also smiling and is seated on an orange motorcycle. The motorcycle has a black seat and handlebars, and the wheels are visible. The background is plain white, emphasizing the characters. There is no visible text in the image.	25026168855.png	The image depicts a stylized illustration of a tree with a few bare branches. At the base of the tree, there is a nest made of straw, containing five white eggs. Perched on the edge of the nest is a small, orange bird with a brown tail. Above the nest, there are two orange leaves floating in the air. The background is a plain, light color, providing a stark contrast to the tree and the nest. There is no visible text in the image. The style of the image is digital art with a focus on simplicity and a limited color palette.	93866146905.png	The image features a cartoon black sheep standing in the center, surrounded by a large herd of white sheep. The black sheep has a red ear tag and is looking directly at the viewer with a slight smile. The white sheep have orange ear tags and are looking in various directions, with some appearing to be looking at the black sheep. The background is plain white, emphasizing the herd of sheep. There is no visible text in the image. The style of the image is illustrative and appears to be designed for a children's book or similar media.
črna ovca	Tako je povsod po svetu in Slovenija ni nikakršna izjema ali črna ovca , ki bi štrlela iz povprečja.		16639568345.png	The image is a digital illustration featuring two animated female characters. On the left is a character with short blonde hair, wearing a black tank top with a floral tattoo on her left arm. She has a neutral expression with a slight frown. On the right is a character with dark hair tied in a ponytail, wearing a black long-sleeved top. She has a more expressive face with wide eyes and a frown, and her mouth is slightly open. Both characters appear to be in a conversation or interaction, as suggested by their body language and facial expressions. There is no visible text in the image.	25026168855.png	The image depicts a stylized illustration of a tree with a few bare branches. At the base of the tree, there is a nest made of straw, containing five white eggs. Perched on the edge of the nest is a small, orange bird with a brown tail. Above the nest, there are two orange leaves floating in the air. The background is a plain, light color, providing a stark contrast to the tree and the nest. There is no visible text in the image. The style of the image is digital art with a focus on simplicity and a limited color palette.	88391089567.png	The image is a digital illustration featuring three animated characters. On the left is a woman with brown hair, wearing glasses, a white blouse, and black pants. She is smiling and holding a man's hand. The man in the center is wearing glasses, a brown suit with a tie, and black shoes. He is also smiling and has his arm around the woman's waist. On the right is a younger male character with brown hair, wearing sunglasses, a black t-shirt, and blue jeans. He is also smiling and is seated on an orange motorcycle. The motorcycle has a black seat and handlebars, and the wheels are visible. The background is plain white, emphasizing the characters. There is no visible text in the image.	93866146905.png	The image features a cartoon black sheep standing in the center, surrounded by a large herd of white sheep. The black sheep has a red ear tag and is looking directly at the viewer with a slight smile. The white sheep have orange ear tags and are looking in various directions, with some appearing to be looking at the black sheep. The background is plain white, emphasizing the herd of sheep. There is no visible text in the image. The style of the image is illustrative and appears to be designed for a children's book or similar media.	91847963645.png	The image depicts a flock of white sheep with brown faces and legs, standing on a grassy hill. The sheep are arranged in a pattern that suggests they are looking towards the viewer. The background is a clear sky with a few clouds. There is no visible text in the image. The style of the image is illustrative and cartoonish, with a focus on the sheep's expressions and the overall composition of the flock.
črna ovca	Šest tednov stara črna ovca je prevzela pokroviteljstvo nad komaj rojenim prašičkom.		91847963645.png	The image depicts a flock of white sheep with brown faces and legs, standing on a grassy hill. The sheep are arranged in a pattern that suggests they are looking towards the viewer. The background is a clear sky with a few clouds. There is no visible text in the image. The style of the image is illustrative and cartoonish, with a focus on the sheep's expressions and the overall composition of the flock.	16639568345.png	The image is a digital illustration featuring two animated female characters. On the left is a character with short blonde hair, wearing a black tank top with a floral tattoo on her left arm. She has a neutral expression with a slight frown. On the right is a character with dark hair tied in a ponytail, wearing a black long-sleeved top. She has a more expressive face with wide eyes and a frown, and her mouth is slightly open. Both characters appear to be in a conversation or interaction, as suggested by their body language and facial expressions. There is no visible text in the image.	25026168855.png	The image depicts a stylized illustration of a tree with a few bare branches. At the base of the tree, there is a nest made of straw, containing five white eggs. Perched on the edge of the nest is a small, orange bird with a brown tail. Above the nest, there are two orange leaves floating in the air. The background is a plain, light color, providing a stark contrast to the tree and the nest. There is no visible text in the image. The style of the image is digital art with a focus on simplicity and a limited color palette.	88391089567.png	The image is a digital illustration featuring three animated characters. On the left is a woman with brown hair, wearing glasses, a white blouse, and black pants. She is smiling and holding a man's hand. The man in the center is wearing glasses, a brown suit with a tie, and black shoes. He is also smiling and has his arm around the woman's waist. On the right is a younger male character with brown hair, wearing sunglasses, a black t-shirt, and blue jeans. He is also smiling and is seated on an orange motorcycle. The motorcycle has a black seat and handlebars, and the wheels are visible. The background is plain white, emphasizing the characters. There is no visible text in the image.	93866146905.png	The image features a cartoon black sheep standing in the center, surrounded by a large herd of white sheep. The black sheep has a red ear tag and is looking directly at the viewer with a slight smile. The white sheep have orange ear tags and are looking in various directions, with some appearing to be looking at the black sheep. The background is plain white, emphasizing the herd of sheep. There is no visible text in the image. The style of the image is illustrative and appears to be designed for a children's book or similar media.
črna ovca	Za ogradami in živimi mejami so se brezvoljno sprehajali tropi belih in črnih ovc, pa tudi črede krav.		91847963645.png	The image depicts a flock of white sheep with brown faces and legs, standing on a grassy hill. The sheep are arranged in a pattern that suggests they are looking towards the viewer. The background is a clear sky with a few clouds. There is no visible text in the image. The style of the image is illustrative and cartoonish, with a focus on the sheep's expressions and the overall composition of the flock.	25026168855.png	The image depicts a stylized illustration of a tree with a few bare branches. At the base of the tree, there is a nest made of straw, containing five white eggs. Perched on the edge of the nest is a small, orange bird with a brown tail. Above the nest, there are two orange leaves floating in the air. The background is a plain, light color, providing a stark contrast to the tree and the nest. There is no visible text in the image. The style of the image is digital art with a focus on simplicity and a limited color palette.	93866146905.png	The image features a cartoon black sheep standing in the center, surrounded by a large herd of white sheep. The black sheep has a red ear tag and is looking directly at the viewer with a slight smile. The white sheep have orange ear tags and are looking in various directions, with some appearing to be looking at the black sheep. The background is plain white, emphasizing the herd of sheep. There is no visible text in the image. The style of the image is illustrative and appears to be designed for a children's book or similar media.	88391089567.png	The image is a digital illustration featuring three animated characters. On the left is a woman with brown hair, wearing glasses, a white blouse, and black pants. She is smiling and holding a man's hand. The man in the center is wearing glasses, a brown suit with a tie, and black shoes. He is also smiling and has his arm around the woman's waist. On the right is a younger male character with brown hair, wearing sunglasses, a black t-shirt, and blue jeans. He is also smiling and is seated on an orange motorcycle. The motorcycle has a black seat and handlebars, and the wheels are visible. The background is plain white, emphasizing the characters. There is no visible text in the image.	16639568345.png	The image is a digital illustration featuring two animated female characters. On the left is a character with short blonde hair, wearing a black tank top with a floral tattoo on her left arm. She has a neutral expression with a slight frown. On the right is a character with dark hair tied in a ponytail, wearing a black long-sleeved top. She has a more expressive face with wide eyes and a frown, and her mouth is slightly open. Both characters appear to be in a conversation or interaction, as suggested by their body language and facial expressions. There is no visible text in the image.
slepa ulica	Pri preverjanju ustanoviteljev tovrstnih verig tudi uradne preiskovalce pogosto čaka slepa ulica .		23969389914.png	The image depicts an animated character, a young man with brown hair, wearing glasses and a white lab coat. He is standing at a desk with a blackboard behind him, which is filled with mathematical equations. The character is holding a piece of paper and appears to be scratching his head, possibly in thought or confusion. On the desk, there are several stacks of papers, a beaker, and a flask, suggesting a scientific or academic setting. The overall style of the image is cartoonish and colorful.	20360964455.png	The image depicts an animated scene of a classroom setting. In the foreground, there is a teacher standing with his arms outstretched, gesturing towards a large whiteboard. The teacher is wearing glasses, a suit, and a tie, and has a beard. He is pointing to a diagram on the whiteboard, which includes various icons and text, although the text is not legible.  In the background, there are five students seated in chairs. The students are attentively looking towards the teacher and the whiteboard. The students are dressed in casual clothing and appear to be engaged in the lesson.  The style of the image is cartoonish, with a limited color palette and a simplified, stylized design. There are no visible texts other than the text on the whiteboard, which is not legible. The image does not provide any additional context or information about the content of the lesson or the specific location of the classroom.	71023011929.png	The image depicts a stylized, cartoon-like street scene. There are two rows of houses with orange roofs, each with a variety of decorations and plants. The houses have white walls and are adorned with potted plants, flowers, and other decorative items. The street is lined with wooden utility poles and power lines, and there are street lamps with hanging baskets. A bicycle is parked on the sidewalk, and there are various objects scattered around, such as a mailbox, a birdhouse, and a small orange tree. The street is paved with gray asphalt, and there are orange leaves scattered on the ground. The overall atmosphere is quaint and charming, with a warm color palette.	99291379405.png	The image depicts a stylized, digital illustration of a mountainous landscape. In the foreground, there are three coniferous trees with a mix of green and orange foliage, suggesting a change of seasons. The middle ground features a large, rocky outcrop with patches of green moss and orange foliage. The background showcases a majestic mountain with a prominent peak, displaying a gradient of orange and gray hues, indicative of a rocky surface with patches of snow. The sky is a light blue, and the overall style is reminiscent of a watercolor painting with soft, blended colors. There is no visible text in the image.	30223713432.png	The image depicts a stylized, cartoon-like illustration of a two-story house with a prominent orange facade. The house features a central chimney, two windows on the second floor, and a smaller window on the first floor. In front of the house, there is a well-maintained lawn with a few plants and a small tree. A stone pathway leads up to the house, with a wooden fence on the left side. The pathway is marked by a yellow double line, indicating a road or driveway. The sky is a plain white, suggesting a clear day. There is no visible text in the image.
slepa ulica	Kljub temu pa cerkev v Konstantinoplu ni zadnja svoje vrste in zato nekakšna arhitekturna slepa ulica .		23969389914.png	The image depicts an animated character, a young man with brown hair, wearing glasses and a white lab coat. He is standing at a desk with a blackboard behind him, which is filled with mathematical equations. The character is holding a piece of paper and appears to be scratching his head, possibly in thought or confusion. On the desk, there are several stacks of papers, a beaker, and a flask, suggesting a scientific or academic setting. The overall style of the image is cartoonish and colorful.	71023011929.png	The image depicts a stylized, cartoon-like street scene. There are two rows of houses with orange roofs, each with a variety of decorations and plants. The houses have white walls and are adorned with potted plants, flowers, and other decorative items. The street is lined with wooden utility poles and power lines, and there are street lamps with hanging baskets. A bicycle is parked on the sidewalk, and there are various objects scattered around, such as a mailbox, a birdhouse, and a small orange tree. The street is paved with gray asphalt, and there are orange leaves scattered on the ground. The overall atmosphere is quaint and charming, with a warm color palette.	20360964455.png	The image depicts an animated scene of a classroom setting. In the foreground, there is a teacher standing with his arms outstretched, gesturing towards a large whiteboard. The teacher is wearing glasses, a suit, and a tie, and has a beard. He is pointing to a diagram on the whiteboard, which includes various icons and text, although the text is not legible.  In the background, there are five students seated in chairs. The students are attentively looking towards the teacher and the whiteboard. The students are dressed in casual clothing and appear to be engaged in the lesson.  The style of the image is cartoonish, with a limited color palette and a simplified, stylized design. There are no visible texts other than the text on the whiteboard, which is not legible. The image does not provide any additional context or information about the content of the lesson or the specific location of the classroom.	30223713432.png	The image depicts a stylized, cartoon-like illustration of a two-story house with a prominent orange facade. The house features a central chimney, two windows on the second floor, and a smaller window on the first floor. In front of the house, there is a well-maintained lawn with a few plants and a small tree. A stone pathway leads up to the house, with a wooden fence on the left side. The pathway is marked by a yellow double line, indicating a road or driveway. The sky is a plain white, suggesting a clear day. There is no visible text in the image.	99291379405.png	The image depicts a stylized, digital illustration of a mountainous landscape. In the foreground, there are three coniferous trees with a mix of green and orange foliage, suggesting a change of seasons. The middle ground features a large, rocky outcrop with patches of green moss and orange foliage. The background showcases a majestic mountain with a prominent peak, displaying a gradient of orange and gray hues, indicative of a rocky surface with patches of snow. The sky is a light blue, and the overall style is reminiscent of a watercolor painting with soft, blended colors. There is no visible text in the image.
slepa ulica	Do devetih hiš bo vodila slepa ulica .		99291379405.png	The image depicts a stylized, digital illustration of a mountainous landscape. In the foreground, there are three coniferous trees with a mix of green and orange foliage, suggesting a change of seasons. The middle ground features a large, rocky outcrop with patches of green moss and orange foliage. The background showcases a majestic mountain with a prominent peak, displaying a gradient of orange and gray hues, indicative of a rocky surface with patches of snow. The sky is a light blue, and the overall style is reminiscent of a watercolor painting with soft, blended colors. There is no visible text in the image.	23969389914.png	The image depicts an animated character, a young man with brown hair, wearing glasses and a white lab coat. He is standing at a desk with a blackboard behind him, which is filled with mathematical equations. The character is holding a piece of paper and appears to be scratching his head, possibly in thought or confusion. On the desk, there are several stacks of papers, a beaker, and a flask, suggesting a scientific or academic setting. The overall style of the image is cartoonish and colorful.	30223713432.png	The image depicts a stylized, cartoon-like illustration of a two-story house with a prominent orange facade. The house features a central chimney, two windows on the second floor, and a smaller window on the first floor. In front of the house, there is a well-maintained lawn with a few plants and a small tree. A stone pathway leads up to the house, with a wooden fence on the left side. The pathway is marked by a yellow double line, indicating a road or driveway. The sky is a plain white, suggesting a clear day. There is no visible text in the image.	20360964455.png	The image depicts an animated scene of a classroom setting. In the foreground, there is a teacher standing with his arms outstretched, gesturing towards a large whiteboard. The teacher is wearing glasses, a suit, and a tie, and has a beard. He is pointing to a diagram on the whiteboard, which includes various icons and text, although the text is not legible.  In the background, there are five students seated in chairs. The students are attentively looking towards the teacher and the whiteboard. The students are dressed in casual clothing and appear to be engaged in the lesson.  The style of the image is cartoonish, with a limited color palette and a simplified, stylized design. There are no visible texts other than the text on the whiteboard, which is not legible. The image does not provide any additional context or information about the content of the lesson or the specific location of the classroom.	71023011929.png	The image depicts a stylized, cartoon-like street scene. There are two rows of houses with orange roofs, each with a variety of decorations and plants. The houses have white walls and are adorned with potted plants, flowers, and other decorative items. The street is lined with wooden utility poles and power lines, and there are street lamps with hanging baskets. A bicycle is parked on the sidewalk, and there are various objects scattered around, such as a mailbox, a birdhouse, and a small orange tree. The street is paved with gray asphalt, and there are orange leaves scattered on the ground. The overall atmosphere is quaint and charming, with a warm color palette.
slepa ulica	Sledila je osamljena slepa ulica starih hiš, nekoč del večjega naselja, ki nikoli ni bilo zgrajeno.		99291379405.png	The image depicts a stylized, digital illustration of a mountainous landscape. In the foreground, there are three coniferous trees with a mix of green and orange foliage, suggesting a change of seasons. The middle ground features a large, rocky outcrop with patches of green moss and orange foliage. The background showcases a majestic mountain with a prominent peak, displaying a gradient of orange and gray hues, indicative of a rocky surface with patches of snow. The sky is a light blue, and the overall style is reminiscent of a watercolor painting with soft, blended colors. There is no visible text in the image.	71023011929.png	The image depicts a stylized, cartoon-like street scene. There are two rows of houses with orange roofs, each with a variety of decorations and plants. The houses have white walls and are adorned with potted plants, flowers, and other decorative items. The street is lined with wooden utility poles and power lines, and there are street lamps with hanging baskets. A bicycle is parked on the sidewalk, and there are various objects scattered around, such as a mailbox, a birdhouse, and a small orange tree. The street is paved with gray asphalt, and there are orange leaves scattered on the ground. The overall atmosphere is quaint and charming, with a warm color palette.	20360964455.png	The image depicts an animated scene of a classroom setting. In the foreground, there is a teacher standing with his arms outstretched, gesturing towards a large whiteboard. The teacher is wearing glasses, a suit, and a tie, and has a beard. He is pointing to a diagram on the whiteboard, which includes various icons and text, although the text is not legible.  In the background, there are five students seated in chairs. The students are attentively looking towards the teacher and the whiteboard. The students are dressed in casual clothing and appear to be engaged in the lesson.  The style of the image is cartoonish, with a limited color palette and a simplified, stylized design. There are no visible texts other than the text on the whiteboard, which is not legible. The image does not provide any additional context or information about the content of the lesson or the specific location of the classroom.	30223713432.png	The image depicts a stylized, cartoon-like illustration of a two-story house with a prominent orange facade. The house features a central chimney, two windows on the second floor, and a smaller window on the first floor. In front of the house, there is a well-maintained lawn with a few plants and a small tree. A stone pathway leads up to the house, with a wooden fence on the left side. The pathway is marked by a yellow double line, indicating a road or driveway. The sky is a plain white, suggesting a clear day. There is no visible text in the image.	23969389914.png	The image depicts an animated character, a young man with brown hair, wearing glasses and a white lab coat. He is standing at a desk with a blackboard behind him, which is filled with mathematical equations. The character is holding a piece of paper and appears to be scratching his head, possibly in thought or confusion. On the desk, there are several stacks of papers, a beaker, and a flask, suggesting a scientific or academic setting. The overall style of the image is cartoonish and colorful.
modra kri	Švedi so ponosni na svojo brezrazredno družbo, a modra kri je še zmeraj vstopnica za visoko družbo.		64167006118.png	The image shows a cartoon-style illustration of a young boy with brown hair and a concerned expression. He is wearing an orange shirt and blue pants. The boy is holding a blue object that appears to be a toy or a small container, and he is pouring a liquid from it onto the ground. The liquid is depicted as droplets, suggesting it is being poured or spilled. The background is a plain, light color, providing a neutral backdrop that contrasts with the boy's clothing and the blue object. There is no visible text in the image.	91272143782.png	"The image is a digital illustration featuring two characters. On the left, there is a female character seated in a black chair with a backrest. She has dark hair, is wearing a light-colored dress with a belt, and has a slight smile on her face. On the right, there is a male character standing and holding a clipboard. He has a beard and mustache, is wearing glasses, a white lab coat, and a stethoscope around his neck. He is also holding a smartphone in his right hand.  The setting appears to be a medical or healthcare environment, as suggested by the presence of medical equipment and the attire of the male character. The female character is connected to an intravenous (IV) drip, which is attached to a pole next to her. There is a bottle labeled ""ORANGE"" hanging from the pole, and a bag labeled ""IV FLUID"" is attached to the drip. On the table next to the male character, there are two bottles, one labeled ""ORANGE"" and the other with a pump dispenser. The background is plain and does not provide additional context. There is no visible text in the image."	44995075520.png	The image is a stylized, cartoon-like illustration featuring five animated characters, likely representing a family. On the left, there is a man with a mustache and a military-style uniform, including a jacket with gold epaulettes, a white shirt, and a black tie. Next to him is a young girl with red hair, wearing a dress with a floral pattern and a white collar.  In the center, there is a woman with curly hair, wearing a dress with a floral pattern and a black collar, and a crown on her head. To her right is an older man with white hair, wearing glasses, a suit with a yellow vest, and a white shirt. On the far right, there is another older man with white hair, wearing a suit with a yellow vest, a white shirt, and a black tie.  The characters are standing side by side, and the overall style is whimsical and colorful, with a focus on detailed facial expressions and clothing. There is no visible text in the image.	82571208049.png	The image depicts a tranquil rural scene. A young girl, dressed in a white blouse and orange pants, stands on a dirt path leading to a small, rustic house with a thatched roof. She holds a rope attached to a white horse that stands on the path, facing towards the house. The girl and horse are the main subjects of the painting.  The house has a window with a flower box containing red flowers. The path is lined with a variety of plants and flowers, including orange poppies, adding a splash of color to the scene. The background features a stone wall and trees, enhancing the rural setting.  The painting is executed in a realistic style, with attention to detail in the textures of the horse's coat, the girl's clothing, and the natural elements. The color palette is dominated by earth tones, with the red flowers providing a striking contrast. The overall mood of the painting is peaceful and idyllic.	78693748555.png	The image depicts an animated character, a man, engaged in woodworking. He is wearing a hard hat, headphones, and a beard. The man is using a chainsaw to cut a piece of wood on a workbench. The workbench has a visible power cord. The character is also holding a toolbox with various tools, including a hammer and a screwdriver. The background is plain white, emphasizing the subject.
modra kri	Milena Morača pa ni samo operna diva, ki igra kraljeve vloge, ampak se po njenih žilah pretaka čisto prava modra kri .		91272143782.png	"The image is a digital illustration featuring two characters. On the left, there is a female character seated in a black chair with a backrest. She has dark hair, is wearing a light-colored dress with a belt, and has a slight smile on her face. On the right, there is a male character standing and holding a clipboard. He has a beard and mustache, is wearing glasses, a white lab coat, and a stethoscope around his neck. He is also holding a smartphone in his right hand.  The setting appears to be a medical or healthcare environment, as suggested by the presence of medical equipment and the attire of the male character. The female character is connected to an intravenous (IV) drip, which is attached to a pole next to her. There is a bottle labeled ""ORANGE"" hanging from the pole, and a bag labeled ""IV FLUID"" is attached to the drip. On the table next to the male character, there are two bottles, one labeled ""ORANGE"" and the other with a pump dispenser. The background is plain and does not provide additional context. There is no visible text in the image."	64167006118.png	The image shows a cartoon-style illustration of a young boy with brown hair and a concerned expression. He is wearing an orange shirt and blue pants. The boy is holding a blue object that appears to be a toy or a small container, and he is pouring a liquid from it onto the ground. The liquid is depicted as droplets, suggesting it is being poured or spilled. The background is a plain, light color, providing a neutral backdrop that contrasts with the boy's clothing and the blue object. There is no visible text in the image.	44995075520.png	The image is a stylized, cartoon-like illustration featuring five animated characters, likely representing a family. On the left, there is a man with a mustache and a military-style uniform, including a jacket with gold epaulettes, a white shirt, and a black tie. Next to him is a young girl with red hair, wearing a dress with a floral pattern and a white collar.  In the center, there is a woman with curly hair, wearing a dress with a floral pattern and a black collar, and a crown on her head. To her right is an older man with white hair, wearing glasses, a suit with a yellow vest, and a white shirt. On the far right, there is another older man with white hair, wearing a suit with a yellow vest, a white shirt, and a black tie.  The characters are standing side by side, and the overall style is whimsical and colorful, with a focus on detailed facial expressions and clothing. There is no visible text in the image.	82571208049.png	The image depicts a tranquil rural scene. A young girl, dressed in a white blouse and orange pants, stands on a dirt path leading to a small, rustic house with a thatched roof. She holds a rope attached to a white horse that stands on the path, facing towards the house. The girl and horse are the main subjects of the painting.  The house has a window with a flower box containing red flowers. The path is lined with a variety of plants and flowers, including orange poppies, adding a splash of color to the scene. The background features a stone wall and trees, enhancing the rural setting.  The painting is executed in a realistic style, with attention to detail in the textures of the horse's coat, the girl's clothing, and the natural elements. The color palette is dominated by earth tones, with the red flowers providing a striking contrast. The overall mood of the painting is peaceful and idyllic.	78693748555.png	The image depicts an animated character, a man, engaged in woodworking. He is wearing a hard hat, headphones, and a beard. The man is using a chainsaw to cut a piece of wood on a workbench. The workbench has a visible power cord. The character is also holding a toolbox with various tools, including a hammer and a screwdriver. The background is plain white, emphasizing the subject.
modra kri	Po žilah morskega črva teče prava modra kri, bogata z bakrom namesto z železom.		44995075520.png	The image is a stylized, cartoon-like illustration featuring five animated characters, likely representing a family. On the left, there is a man with a mustache and a military-style uniform, including a jacket with gold epaulettes, a white shirt, and a black tie. Next to him is a young girl with red hair, wearing a dress with a floral pattern and a white collar.  In the center, there is a woman with curly hair, wearing a dress with a floral pattern and a black collar, and a crown on her head. To her right is an older man with white hair, wearing glasses, a suit with a yellow vest, and a white shirt. On the far right, there is another older man with white hair, wearing a suit with a yellow vest, a white shirt, and a black tie.  The characters are standing side by side, and the overall style is whimsical and colorful, with a focus on detailed facial expressions and clothing. There is no visible text in the image.	64167006118.png	The image shows a cartoon-style illustration of a young boy with brown hair and a concerned expression. He is wearing an orange shirt and blue pants. The boy is holding a blue object that appears to be a toy or a small container, and he is pouring a liquid from it onto the ground. The liquid is depicted as droplets, suggesting it is being poured or spilled. The background is a plain, light color, providing a neutral backdrop that contrasts with the boy's clothing and the blue object. There is no visible text in the image.	78693748555.png	The image depicts an animated character, a man, engaged in woodworking. He is wearing a hard hat, headphones, and a beard. The man is using a chainsaw to cut a piece of wood on a workbench. The workbench has a visible power cord. The character is also holding a toolbox with various tools, including a hammer and a screwdriver. The background is plain white, emphasizing the subject.	82571208049.png	The image depicts a tranquil rural scene. A young girl, dressed in a white blouse and orange pants, stands on a dirt path leading to a small, rustic house with a thatched roof. She holds a rope attached to a white horse that stands on the path, facing towards the house. The girl and horse are the main subjects of the painting.  The house has a window with a flower box containing red flowers. The path is lined with a variety of plants and flowers, including orange poppies, adding a splash of color to the scene. The background features a stone wall and trees, enhancing the rural setting.  The painting is executed in a realistic style, with attention to detail in the textures of the horse's coat, the girl's clothing, and the natural elements. The color palette is dominated by earth tones, with the red flowers providing a striking contrast. The overall mood of the painting is peaceful and idyllic.	91272143782.png	"The image is a digital illustration featuring two characters. On the left, there is a female character seated in a black chair with a backrest. She has dark hair, is wearing a light-colored dress with a belt, and has a slight smile on her face. On the right, there is a male character standing and holding a clipboard. He has a beard and mustache, is wearing glasses, a white lab coat, and a stethoscope around his neck. He is also holding a smartphone in his right hand.  The setting appears to be a medical or healthcare environment, as suggested by the presence of medical equipment and the attire of the male character. The female character is connected to an intravenous (IV) drip, which is attached to a pole next to her. There is a bottle labeled ""ORANGE"" hanging from the pole, and a bag labeled ""IV FLUID"" is attached to the drip. On the table next to the male character, there are two bottles, one labeled ""ORANGE"" and the other with a pump dispenser. The background is plain and does not provide additional context. There is no visible text in the image."
modra kri	Znanstveniki so proučevali rakovico podkevko, znano po njeni modri krvi, ki jo uporabljajo v medicini.		82571208049.png	The image depicts a tranquil rural scene. A young girl, dressed in a white blouse and orange pants, stands on a dirt path leading to a small, rustic house with a thatched roof. She holds a rope attached to a white horse that stands on the path, facing towards the house. The girl and horse are the main subjects of the painting.  The house has a window with a flower box containing red flowers. The path is lined with a variety of plants and flowers, including orange poppies, adding a splash of color to the scene. The background features a stone wall and trees, enhancing the rural setting.  The painting is executed in a realistic style, with attention to detail in the textures of the horse's coat, the girl's clothing, and the natural elements. The color palette is dominated by earth tones, with the red flowers providing a striking contrast. The overall mood of the painting is peaceful and idyllic.	91272143782.png	"The image is a digital illustration featuring two characters. On the left, there is a female character seated in a black chair with a backrest. She has dark hair, is wearing a light-colored dress with a belt, and has a slight smile on her face. On the right, there is a male character standing and holding a clipboard. He has a beard and mustache, is wearing glasses, a white lab coat, and a stethoscope around his neck. He is also holding a smartphone in his right hand.  The setting appears to be a medical or healthcare environment, as suggested by the presence of medical equipment and the attire of the male character. The female character is connected to an intravenous (IV) drip, which is attached to a pole next to her. There is a bottle labeled ""ORANGE"" hanging from the pole, and a bag labeled ""IV FLUID"" is attached to the drip. On the table next to the male character, there are two bottles, one labeled ""ORANGE"" and the other with a pump dispenser. The background is plain and does not provide additional context. There is no visible text in the image."	78693748555.png	The image depicts an animated character, a man, engaged in woodworking. He is wearing a hard hat, headphones, and a beard. The man is using a chainsaw to cut a piece of wood on a workbench. The workbench has a visible power cord. The character is also holding a toolbox with various tools, including a hammer and a screwdriver. The background is plain white, emphasizing the subject.	44995075520.png	The image is a stylized, cartoon-like illustration featuring five animated characters, likely representing a family. On the left, there is a man with a mustache and a military-style uniform, including a jacket with gold epaulettes, a white shirt, and a black tie. Next to him is a young girl with red hair, wearing a dress with a floral pattern and a white collar.  In the center, there is a woman with curly hair, wearing a dress with a floral pattern and a black collar, and a crown on her head. To her right is an older man with white hair, wearing glasses, a suit with a yellow vest, and a white shirt. On the far right, there is another older man with white hair, wearing a suit with a yellow vest, a white shirt, and a black tie.  The characters are standing side by side, and the overall style is whimsical and colorful, with a focus on detailed facial expressions and clothing. There is no visible text in the image.	64167006118.png	The image shows a cartoon-style illustration of a young boy with brown hair and a concerned expression. He is wearing an orange shirt and blue pants. The boy is holding a blue object that appears to be a toy or a small container, and he is pouring a liquid from it onto the ground. The liquid is depicted as droplets, suggesting it is being poured or spilled. The background is a plain, light color, providing a neutral backdrop that contrasts with the boy's clothing and the blue object. There is no visible text in the image.
beg možganov	Z njo želijo pritegniti tuje študente in preprečevati beg možganov .		97846569270.png	The image depicts a family of four animated characters walking together. The father, on the right, is carrying a suitcase and has a backpack. He is wearing a plaid shirt and has short hair. The mother, in the center, is holding the father's hand and is wearing a dress with a polka dot pattern. She has long hair and is smiling. The daughter, on the left, is holding the mother's hand and is wearing a dress with a similar polka dot pattern. She has short hair and is also smiling. The son, in front of the family, is wearing a plaid shirt and has short hair. He is carrying a backpack and is also smiling. All characters are depicted with exaggerated facial features and are drawn in a cartoon style.	64073354260.png	The image features two animated characters in a watery environment. On the left, there is a character wearing an orange helmet with a black stripe and a black bow tie, holding a yellow volleyball. The character is wearing an orange outfit with a black belt and is splashing water. On the right, there is another character wearing a black helmet with a white stripe and a black bow tie, also holding a yellow volleyball. This character is wearing a black outfit with a white stripe and is also splashing water. Both characters are smiling and appear to be enjoying themselves. The background is white, emphasizing the characters and their activity.	68578583515.png	The image features two anthropomorphic brains, each with a pair of eyes and a mouth, running side by side. They are wearing headbands and sneakers, and the brain on the right is shedding what appears to be brain matter as it runs. The background is plain white.	62231759579.png	The image depicts an illustration of a person, likely a surgeon or a medical professional, performing a procedure on a human brain. The individual is wearing a white lab coat and a white surgical cap, and is using a pair of surgical scissors to cut into the brain. The brain is placed on a surgical table, and there is a surgical lamp with a magnifying glass attached to it, illuminating the area of the brain being operated on. The person's face is not visible, focusing the viewer's attention on the surgical activity. There is no visible text in the image. The style of the illustration is cartoonish and simplistic, with a limited color palette and a clean, white background.	33572819503.png	The image features an animated character, a man with a beard and curly hair, wearing glasses and a suit with a tie. He is standing between two stacks of luggage, each stack consisting of three suitcases. The character is holding a passport in his right hand. The suitcases are colored in shades of orange, brown, and gray. The background is plain white.
beg možganov	Beg možganov v večja središča je še bolj izrazit, prevladujoča tekstilna industrija pa se srečuje z ogromnimi težavami.		33572819503.png	The image features an animated character, a man with a beard and curly hair, wearing glasses and a suit with a tie. He is standing between two stacks of luggage, each stack consisting of three suitcases. The character is holding a passport in his right hand. The suitcases are colored in shades of orange, brown, and gray. The background is plain white.	64073354260.png	The image features two animated characters in a watery environment. On the left, there is a character wearing an orange helmet with a black stripe and a black bow tie, holding a yellow volleyball. The character is wearing an orange outfit with a black belt and is splashing water. On the right, there is another character wearing a black helmet with a white stripe and a black bow tie, also holding a yellow volleyball. This character is wearing a black outfit with a white stripe and is also splashing water. Both characters are smiling and appear to be enjoying themselves. The background is white, emphasizing the characters and their activity.	68578583515.png	The image features two anthropomorphic brains, each with a pair of eyes and a mouth, running side by side. They are wearing headbands and sneakers, and the brain on the right is shedding what appears to be brain matter as it runs. The background is plain white.	97846569270.png	The image depicts a family of four animated characters walking together. The father, on the right, is carrying a suitcase and has a backpack. He is wearing a plaid shirt and has short hair. The mother, in the center, is holding the father's hand and is wearing a dress with a polka dot pattern. She has long hair and is smiling. The daughter, on the left, is holding the mother's hand and is wearing a dress with a similar polka dot pattern. She has short hair and is also smiling. The son, in front of the family, is wearing a plaid shirt and has short hair. He is carrying a backpack and is also smiling. All characters are depicted with exaggerated facial features and are drawn in a cartoon style.	62231759579.png	The image depicts an illustration of a person, likely a surgeon or a medical professional, performing a procedure on a human brain. The individual is wearing a white lab coat and a white surgical cap, and is using a pair of surgical scissors to cut into the brain. The brain is placed on a surgical table, and there is a surgical lamp with a magnifying glass attached to it, illuminating the area of the brain being operated on. The person's face is not visible, focusing the viewer's attention on the surgical activity. There is no visible text in the image. The style of the illustration is cartoonish and simplistic, with a limited color palette and a clean, white background.
beg možganov	Po poškodbi lobanje je zdravnik opozoril na beg možganov skozi odprto rano.		68578583515.png	The image features two anthropomorphic brains, each with a pair of eyes and a mouth, running side by side. They are wearing headbands and sneakers, and the brain on the right is shedding what appears to be brain matter as it runs. The background is plain white.	62231759579.png	The image depicts an illustration of a person, likely a surgeon or a medical professional, performing a procedure on a human brain. The individual is wearing a white lab coat and a white surgical cap, and is using a pair of surgical scissors to cut into the brain. The brain is placed on a surgical table, and there is a surgical lamp with a magnifying glass attached to it, illuminating the area of the brain being operated on. The person's face is not visible, focusing the viewer's attention on the surgical activity. There is no visible text in the image. The style of the illustration is cartoonish and simplistic, with a limited color palette and a clean, white background.	64073354260.png	The image features two animated characters in a watery environment. On the left, there is a character wearing an orange helmet with a black stripe and a black bow tie, holding a yellow volleyball. The character is wearing an orange outfit with a black belt and is splashing water. On the right, there is another character wearing a black helmet with a white stripe and a black bow tie, also holding a yellow volleyball. This character is wearing a black outfit with a white stripe and is also splashing water. Both characters are smiling and appear to be enjoying themselves. The background is white, emphasizing the characters and their activity.	33572819503.png	The image features an animated character, a man with a beard and curly hair, wearing glasses and a suit with a tie. He is standing between two stacks of luggage, each stack consisting of three suitcases. The character is holding a passport in his right hand. The suitcases are colored in shades of orange, brown, and gray. The background is plain white.	97846569270.png	The image depicts a family of four animated characters walking together. The father, on the right, is carrying a suitcase and has a backpack. He is wearing a plaid shirt and has short hair. The mother, in the center, is holding the father's hand and is wearing a dress with a polka dot pattern. She has long hair and is smiling. The daughter, on the left, is holding the mother's hand and is wearing a dress with a similar polka dot pattern. She has short hair and is also smiling. The son, in front of the family, is wearing a plaid shirt and has short hair. He is carrying a backpack and is also smiling. All characters are depicted with exaggerated facial features and are drawn in a cartoon style.
beg možganov	V grozljivki je prikazan poskus, pri katerem pride do nenadzorovanega bega možganov iz laboratorijske posode.		62231759579.png	The image depicts an illustration of a person, likely a surgeon or a medical professional, performing a procedure on a human brain. The individual is wearing a white lab coat and a white surgical cap, and is using a pair of surgical scissors to cut into the brain. The brain is placed on a surgical table, and there is a surgical lamp with a magnifying glass attached to it, illuminating the area of the brain being operated on. The person's face is not visible, focusing the viewer's attention on the surgical activity. There is no visible text in the image. The style of the illustration is cartoonish and simplistic, with a limited color palette and a clean, white background.	68578583515.png	The image features two anthropomorphic brains, each with a pair of eyes and a mouth, running side by side. They are wearing headbands and sneakers, and the brain on the right is shedding what appears to be brain matter as it runs. The background is plain white.	33572819503.png	The image features an animated character, a man with a beard and curly hair, wearing glasses and a suit with a tie. He is standing between two stacks of luggage, each stack consisting of three suitcases. The character is holding a passport in his right hand. The suitcases are colored in shades of orange, brown, and gray. The background is plain white.	97846569270.png	The image depicts a family of four animated characters walking together. The father, on the right, is carrying a suitcase and has a backpack. He is wearing a plaid shirt and has short hair. The mother, in the center, is holding the father's hand and is wearing a dress with a polka dot pattern. She has long hair and is smiling. The daughter, on the left, is holding the mother's hand and is wearing a dress with a similar polka dot pattern. She has short hair and is also smiling. The son, in front of the family, is wearing a plaid shirt and has short hair. He is carrying a backpack and is also smiling. All characters are depicted with exaggerated facial features and are drawn in a cartoon style.	64073354260.png	The image features two animated characters in a watery environment. On the left, there is a character wearing an orange helmet with a black stripe and a black bow tie, holding a yellow volleyball. The character is wearing an orange outfit with a black belt and is splashing water. On the right, there is another character wearing a black helmet with a white stripe and a black bow tie, also holding a yellow volleyball. This character is wearing a black outfit with a white stripe and is also splashing water. Both characters are smiling and appear to be enjoying themselves. The background is white, emphasizing the characters and their activity.
nobena znanost	Upravljanje jame ni nobena znanost , iztržiti bi morali veliko več.		87273687617.png	The image shows a white bowl containing four different flavored ice creams. Starting from the top left, there is a chocolate ice cream with a smooth, dark surface. Next to it, in the top right corner, is a scoop of orange ice cream with visible chocolate chips. Below these, in the bottom left corner, is a scoop of pink ice cream with a lighter, creamier appearance. Finally, in the bottom right corner, there is a scoop of white ice cream with a swirl of pink and a hint of brown, suggesting a combination of flavors. The bowl is placed on a flat surface, and the background is plain white, emphasizing the ice creams. There is no visible text in the image.	35542144291.png	The image depicts an animated character, a man with a beard and glasses, sitting at a desk and looking down at a piece of paper with mathematical equations. The man is wearing a suit and tie, suggesting a professional setting. Above his head, there is a question mark, indicating confusion or a need for clarification. The background is white, and there are various mathematical symbols and equations floating around the man's head, emphasizing the theme of mathematics or problem-solving. The overall style of the image is cartoonish and whimsical.	21755258072.png	The image shows a wooden desk with a book and two pens on it. The book appears to be a notebook with a grid of squares, possibly for writing or calculations. One pen is black and the other is orange, both with gold-colored accents. In the background, there is a blurred image of a potted plant with green leaves and orange flowers. The focus is on the book and pens, with the plant serving as a soft, out-of-focus backdrop. There is no visible text in the image.	57420243348.png	The image depicts an animated scene of a classroom setting. In the foreground, there are four students sitting on the floor, attentively facing a teacher who is standing at a chalkboard. The teacher is holding a chalk in her hand and appears to be writing or pointing at something on the board. The students are wearing orange shirts and brown pants, and the teacher is dressed in a brown sweater and a white blouse. The chalkboard has various mathematical equations and symbols on it. The students are looking towards the teacher, and the overall atmosphere suggests a learning environment.	16213415685.png	"The image depicts an animated character resembling a professor or teacher. The character has gray hair, a mustache, and is wearing glasses. He is dressed in a beige coat, a white shirt, and brown pants. The character is standing in front of a chalkboard with mathematical equations written on it. On the chalkboard, there are various mathematical expressions and diagrams. To the right of the chalkboard, there is a wooden easel with a book titled ""CENT"" on it. The character is holding a chalk in his right hand, which is raised as if he is about to write on the chalkboard. The background is plain white, emphasizing the character and the chalkboard."
nobena znanost	Nobena znanost ni, da za nemoteno delovanje vozila potrebujemo nekatere tekočine, ki morajo biti ustrezne vitalnosti.		21755258072.png	The image shows a wooden desk with a book and two pens on it. The book appears to be a notebook with a grid of squares, possibly for writing or calculations. One pen is black and the other is orange, both with gold-colored accents. In the background, there is a blurred image of a potted plant with green leaves and orange flowers. The focus is on the book and pens, with the plant serving as a soft, out-of-focus backdrop. There is no visible text in the image.	57420243348.png	The image depicts an animated scene of a classroom setting. In the foreground, there are four students sitting on the floor, attentively facing a teacher who is standing at a chalkboard. The teacher is holding a chalk in her hand and appears to be writing or pointing at something on the board. The students are wearing orange shirts and brown pants, and the teacher is dressed in a brown sweater and a white blouse. The chalkboard has various mathematical equations and symbols on it. The students are looking towards the teacher, and the overall atmosphere suggests a learning environment.	35542144291.png	The image depicts an animated character, a man with a beard and glasses, sitting at a desk and looking down at a piece of paper with mathematical equations. The man is wearing a suit and tie, suggesting a professional setting. Above his head, there is a question mark, indicating confusion or a need for clarification. The background is white, and there are various mathematical symbols and equations floating around the man's head, emphasizing the theme of mathematics or problem-solving. The overall style of the image is cartoonish and whimsical.	87273687617.png	The image shows a white bowl containing four different flavored ice creams. Starting from the top left, there is a chocolate ice cream with a smooth, dark surface. Next to it, in the top right corner, is a scoop of orange ice cream with visible chocolate chips. Below these, in the bottom left corner, is a scoop of pink ice cream with a lighter, creamier appearance. Finally, in the bottom right corner, there is a scoop of white ice cream with a swirl of pink and a hint of brown, suggesting a combination of flavors. The bowl is placed on a flat surface, and the background is plain white, emphasizing the ice creams. There is no visible text in the image.	16213415685.png	"The image depicts an animated character resembling a professor or teacher. The character has gray hair, a mustache, and is wearing glasses. He is dressed in a beige coat, a white shirt, and brown pants. The character is standing in front of a chalkboard with mathematical equations written on it. On the chalkboard, there are various mathematical expressions and diagrams. To the right of the chalkboard, there is a wooden easel with a book titled ""CENT"" on it. The character is holding a chalk in his right hand, which is raised as if he is about to write on the chalkboard. The background is plain white, emphasizing the character and the chalkboard."
nobena znanost	Ljudje pričakujejo od nas napovedovanje potresov, vendar za zdaj še nobena znanost tega ne zmore.		21755258072.png	The image shows a wooden desk with a book and two pens on it. The book appears to be a notebook with a grid of squares, possibly for writing or calculations. One pen is black and the other is orange, both with gold-colored accents. In the background, there is a blurred image of a potted plant with green leaves and orange flowers. The focus is on the book and pens, with the plant serving as a soft, out-of-focus backdrop. There is no visible text in the image.	57420243348.png	The image depicts an animated scene of a classroom setting. In the foreground, there are four students sitting on the floor, attentively facing a teacher who is standing at a chalkboard. The teacher is holding a chalk in her hand and appears to be writing or pointing at something on the board. The students are wearing orange shirts and brown pants, and the teacher is dressed in a brown sweater and a white blouse. The chalkboard has various mathematical equations and symbols on it. The students are looking towards the teacher, and the overall atmosphere suggests a learning environment.	35542144291.png	The image depicts an animated character, a man with a beard and glasses, sitting at a desk and looking down at a piece of paper with mathematical equations. The man is wearing a suit and tie, suggesting a professional setting. Above his head, there is a question mark, indicating confusion or a need for clarification. The background is white, and there are various mathematical symbols and equations floating around the man's head, emphasizing the theme of mathematics or problem-solving. The overall style of the image is cartoonish and whimsical.	16213415685.png	"The image depicts an animated character resembling a professor or teacher. The character has gray hair, a mustache, and is wearing glasses. He is dressed in a beige coat, a white shirt, and brown pants. The character is standing in front of a chalkboard with mathematical equations written on it. On the chalkboard, there are various mathematical expressions and diagrams. To the right of the chalkboard, there is a wooden easel with a book titled ""CENT"" on it. The character is holding a chalk in his right hand, which is raised as if he is about to write on the chalkboard. The background is plain white, emphasizing the character and the chalkboard."	87273687617.png	The image shows a white bowl containing four different flavored ice creams. Starting from the top left, there is a chocolate ice cream with a smooth, dark surface. Next to it, in the top right corner, is a scoop of orange ice cream with visible chocolate chips. Below these, in the bottom left corner, is a scoop of pink ice cream with a lighter, creamier appearance. Finally, in the bottom right corner, there is a scoop of white ice cream with a swirl of pink and a hint of brown, suggesting a combination of flavors. The bowl is placed on a flat surface, and the background is plain white, emphasizing the ice creams. There is no visible text in the image.
nobena znanost	Tega nobena znanost , razen fiziologov in inženirjev, ni mogla sprejeti.		57420243348.png	The image depicts an animated scene of a classroom setting. In the foreground, there are four students sitting on the floor, attentively facing a teacher who is standing at a chalkboard. The teacher is holding a chalk in her hand and appears to be writing or pointing at something on the board. The students are wearing orange shirts and brown pants, and the teacher is dressed in a brown sweater and a white blouse. The chalkboard has various mathematical equations and symbols on it. The students are looking towards the teacher, and the overall atmosphere suggests a learning environment.	87273687617.png	The image shows a white bowl containing four different flavored ice creams. Starting from the top left, there is a chocolate ice cream with a smooth, dark surface. Next to it, in the top right corner, is a scoop of orange ice cream with visible chocolate chips. Below these, in the bottom left corner, is a scoop of pink ice cream with a lighter, creamier appearance. Finally, in the bottom right corner, there is a scoop of white ice cream with a swirl of pink and a hint of brown, suggesting a combination of flavors. The bowl is placed on a flat surface, and the background is plain white, emphasizing the ice creams. There is no visible text in the image.	21755258072.png	The image shows a wooden desk with a book and two pens on it. The book appears to be a notebook with a grid of squares, possibly for writing or calculations. One pen is black and the other is orange, both with gold-colored accents. In the background, there is a blurred image of a potted plant with green leaves and orange flowers. The focus is on the book and pens, with the plant serving as a soft, out-of-focus backdrop. There is no visible text in the image.	35542144291.png	The image depicts an animated character, a man with a beard and glasses, sitting at a desk and looking down at a piece of paper with mathematical equations. The man is wearing a suit and tie, suggesting a professional setting. Above his head, there is a question mark, indicating confusion or a need for clarification. The background is white, and there are various mathematical symbols and equations floating around the man's head, emphasizing the theme of mathematics or problem-solving. The overall style of the image is cartoonish and whimsical.	16213415685.png	"The image depicts an animated character resembling a professor or teacher. The character has gray hair, a mustache, and is wearing glasses. He is dressed in a beige coat, a white shirt, and brown pants. The character is standing in front of a chalkboard with mathematical equations written on it. On the chalkboard, there are various mathematical expressions and diagrams. To the right of the chalkboard, there is a wooden easel with a book titled ""CENT"" on it. The character is holding a chalk in his right hand, which is raised as if he is about to write on the chalkboard. The background is plain white, emphasizing the character and the chalkboard."
trd oreh	Zdravstvo bo sicer po njegovem mnenju trd oreh pri pogajanjih.		43862477904.png	The image depicts an animated character, a man with a beard and glasses, sitting at a desk and looking down at a piece of paper with mathematical equations. The man is wearing a suit and tie, suggesting a professional setting. Above his head, there is a question mark, indicating confusion or a need for clarification. The background is white, and there are various mathematical symbols and equations floating around the man's head, emphasizing the theme of mathematics or problem-solving. The overall style of the image is cartoonish and whimsical.	49361627093.png	The image depicts a stylized illustration of three blueberries with a green leaf attached to one of them. The blueberries have a glossy texture, suggesting freshness, and are detailed with droplets of water, indicating they are fresh and possibly just washed. The leaf is attached to the top of one of the blueberries, and the stem of the leaf is visible, with a small red bud at the end. The background is plain white, which contrasts with the blue and green colors of the blueberries and leaf, making them the focal point of the image. There is no visible text in the image.	82379004938.png	The image depicts a stylized, animated character of a woman. She has brown hair styled in a bun, with a small orange hair accessory. The character is wearing glasses with black frames and has a slight smile. She is dressed in a white blouse and a black apron. In her right hand, she holds a clipboard with a pencil on top, and there are four orange circles on the clipboard. The background is plain white.	16105227171.png	The image features a stylized, animated squirrel with a combination of orange and gray fur. The squirrel is holding a large acorn in its mouth, which is textured to resemble a real acorn. The squirrel has large, expressive eyes and a small, pointed nose. It appears to be in a cheerful or excited state, as suggested by its wide-open mouth and the position of its eyes. The background is plain and white, which contrasts with the squirrel's fur and the acorn, making them the focal point of the image. There is no visible text in the image.	95864771941.png	The image shows a clear glass bowl filled with a large quantity of golden-brown, crunchy-looking nuts. The bowl is placed on a flat surface, and the nuts appear to be cashews or a similar type of nut. The image is a digital illustration with a realistic style, and there is no visible text.
trd oreh	Lendavčani so bili trd oreh , še zlasti v uvodnih in zadnjih minutah.		16105227171.png	The image features a stylized, animated squirrel with a combination of orange and gray fur. The squirrel is holding a large acorn in its mouth, which is textured to resemble a real acorn. The squirrel has large, expressive eyes and a small, pointed nose. It appears to be in a cheerful or excited state, as suggested by its wide-open mouth and the position of its eyes. The background is plain and white, which contrasts with the squirrel's fur and the acorn, making them the focal point of the image. There is no visible text in the image.	49361627093.png	The image depicts a stylized illustration of three blueberries with a green leaf attached to one of them. The blueberries have a glossy texture, suggesting freshness, and are detailed with droplets of water, indicating they are fresh and possibly just washed. The leaf is attached to the top of one of the blueberries, and the stem of the leaf is visible, with a small red bud at the end. The background is plain white, which contrasts with the blue and green colors of the blueberries and leaf, making them the focal point of the image. There is no visible text in the image.	43862477904.png	The image depicts an animated character, a man with a beard and glasses, sitting at a desk and looking down at a piece of paper with mathematical equations. The man is wearing a suit and tie, suggesting a professional setting. Above his head, there is a question mark, indicating confusion or a need for clarification. The background is white, and there are various mathematical symbols and equations floating around the man's head, emphasizing the theme of mathematics or problem-solving. The overall style of the image is cartoonish and whimsical.	95864771941.png	The image shows a clear glass bowl filled with a large quantity of golden-brown, crunchy-looking nuts. The bowl is placed on a flat surface, and the nuts appear to be cashews or a similar type of nut. The image is a digital illustration with a realistic style, and there is no visible text.	82379004938.png	The image depicts a stylized, animated character of a woman. She has brown hair styled in a bun, with a small orange hair accessory. The character is wearing glasses with black frames and has a slight smile. She is dressed in a white blouse and a black apron. In her right hand, she holds a clipboard with a pencil on top, and there are four orange circles on the clipboard. The background is plain white.
trd oreh	Za potico je uporabila le najboljše sestavine, tiste trde orehe pa je prihranila za pozneje.		82379004938.png	The image depicts a stylized, animated character of a woman. She has brown hair styled in a bun, with a small orange hair accessory. The character is wearing glasses with black frames and has a slight smile. She is dressed in a white blouse and a black apron. In her right hand, she holds a clipboard with a pencil on top, and there are four orange circles on the clipboard. The background is plain white.	49361627093.png	The image depicts a stylized illustration of three blueberries with a green leaf attached to one of them. The blueberries have a glossy texture, suggesting freshness, and are detailed with droplets of water, indicating they are fresh and possibly just washed. The leaf is attached to the top of one of the blueberries, and the stem of the leaf is visible, with a small red bud at the end. The background is plain white, which contrasts with the blue and green colors of the blueberries and leaf, making them the focal point of the image. There is no visible text in the image.	95864771941.png	The image shows a clear glass bowl filled with a large quantity of golden-brown, crunchy-looking nuts. The bowl is placed on a flat surface, and the nuts appear to be cashews or a similar type of nut. The image is a digital illustration with a realistic style, and there is no visible text.	43862477904.png	The image depicts an animated character, a man with a beard and glasses, sitting at a desk and looking down at a piece of paper with mathematical equations. The man is wearing a suit and tie, suggesting a professional setting. Above his head, there is a question mark, indicating confusion or a need for clarification. The background is white, and there are various mathematical symbols and equations floating around the man's head, emphasizing the theme of mathematics or problem-solving. The overall style of the image is cartoonish and whimsical.	16105227171.png	The image features a stylized, animated squirrel with a combination of orange and gray fur. The squirrel is holding a large acorn in its mouth, which is textured to resemble a real acorn. The squirrel has large, expressive eyes and a small, pointed nose. It appears to be in a cheerful or excited state, as suggested by its wide-open mouth and the position of its eyes. The background is plain and white, which contrasts with the squirrel's fur and the acorn, making them the focal point of the image. There is no visible text in the image.
trd oreh	Med nabiranjem orehov je naletela na posebej trd oreh, ki se ni hotel odpreti niti pod kladivom.		16105227171.png	The image features a stylized, animated squirrel with a combination of orange and gray fur. The squirrel is holding a large acorn in its mouth, which is textured to resemble a real acorn. The squirrel has large, expressive eyes and a small, pointed nose. It appears to be in a cheerful or excited state, as suggested by its wide-open mouth and the position of its eyes. The background is plain and white, which contrasts with the squirrel's fur and the acorn, making them the focal point of the image. There is no visible text in the image.	95864771941.png	The image shows a clear glass bowl filled with a large quantity of golden-brown, crunchy-looking nuts. The bowl is placed on a flat surface, and the nuts appear to be cashews or a similar type of nut. The image is a digital illustration with a realistic style, and there is no visible text.	82379004938.png	The image depicts a stylized, animated character of a woman. She has brown hair styled in a bun, with a small orange hair accessory. The character is wearing glasses with black frames and has a slight smile. She is dressed in a white blouse and a black apron. In her right hand, she holds a clipboard with a pencil on top, and there are four orange circles on the clipboard. The background is plain white.	49361627093.png	The image depicts a stylized illustration of three blueberries with a green leaf attached to one of them. The blueberries have a glossy texture, suggesting freshness, and are detailed with droplets of water, indicating they are fresh and possibly just washed. The leaf is attached to the top of one of the blueberries, and the stem of the leaf is visible, with a small red bud at the end. The background is plain white, which contrasts with the blue and green colors of the blueberries and leaf, making them the focal point of the image. There is no visible text in the image.	43862477904.png	The image depicts an animated character, a man with a beard and glasses, sitting at a desk and looking down at a piece of paper with mathematical equations. The man is wearing a suit and tie, suggesting a professional setting. Above his head, there is a question mark, indicating confusion or a need for clarification. The background is white, and there are various mathematical symbols and equations floating around the man's head, emphasizing the theme of mathematics or problem-solving. The overall style of the image is cartoonish and whimsical.
bikovski trend	Zadnji veliki bikovski trend na razvitih trgih pa je bil večinoma posledica odličnih gospodarskih rasti in rekordnih dobičkov podjetij.		36162026521.png	The image features a cartoon character that resembles a cow wearing a hooded sweatshirt with a cow's face on the hood. The character has a large pair of horns and is wearing brown boots. The character is walking on a white surface with a blurred background that suggests a crowd of people. There is no visible text in the image. The style of the image is illustrative and appears to be designed for a humorous or whimsical effect.	15854446521.png	The image depicts a stylized illustration of a large, brown cow with prominent horns standing in a grassy field. The cow is the central figure and is surrounded by a variety of flowers in shades of orange and yellow. In the background, there is a tree with orange leaves to the left of the cow. Above the cow, there are several small, black silhouettes of birds in flight. The sky is white, and there are no visible texts in the image. The style of the illustration is cartoonish and colorful, with a focus on the cow and the floral field.	94134363791.png	The image shows a digital display with a multitude of numbers and symbols, likely representing financial data such as stock prices or indices. The numbers are arranged in rows and columns, with some areas highlighted in green and red, which could indicate positive or negative performance. The display is set against a dark background, which contrasts with the bright colors of the numbers and symbols. The image is a close-up, focusing on the details of the display. There is no visible text that provides context or labels for the numbers. The style of the image is realistic, with a clear and sharp representation of the digital display.	69507077969.png	The image is a digital illustration of a cartoon male character. He has brown hair, a wide smile, and is holding a smartphone to his ear with his right hand. He is wearing a black suit with a white shirt and an orange tie. The character is standing in front of a large screen displaying a financial chart with various graphs and numbers. The chart includes a line graph with a green upward trend, a bar graph with bars in shades of green and red, and a pie chart with segments in different colors. The background is plain white, emphasizing the character and the screen. There is no visible text in the image.	70008817974.png	The image features a cartoon-style brown bear with a friendly expression. The bear is standing on its hind legs and appears to be pouring honey from a jar into a smaller jar. The honey is visible in the jar being filled, and the bear's paws are holding the jar. The background is plain white, emphasizing the bear and the jars. There is no visible text in the image.
bikovski trend	Če se do konca poletja ne zgodi kaj nepredvidljivega, bo šlo za najdaljši bikovski trend v zgodovini.		15854446521.png	The image depicts a stylized illustration of a large, brown cow with prominent horns standing in a grassy field. The cow is the central figure and is surrounded by a variety of flowers in shades of orange and yellow. In the background, there is a tree with orange leaves to the left of the cow. Above the cow, there are several small, black silhouettes of birds in flight. The sky is white, and there are no visible texts in the image. The style of the illustration is cartoonish and colorful, with a focus on the cow and the floral field.	69507077969.png	The image is a digital illustration of a cartoon male character. He has brown hair, a wide smile, and is holding a smartphone to his ear with his right hand. He is wearing a black suit with a white shirt and an orange tie. The character is standing in front of a large screen displaying a financial chart with various graphs and numbers. The chart includes a line graph with a green upward trend, a bar graph with bars in shades of green and red, and a pie chart with segments in different colors. The background is plain white, emphasizing the character and the screen. There is no visible text in the image.	36162026521.png	The image features a cartoon character that resembles a cow wearing a hooded sweatshirt with a cow's face on the hood. The character has a large pair of horns and is wearing brown boots. The character is walking on a white surface with a blurred background that suggests a crowd of people. There is no visible text in the image. The style of the image is illustrative and appears to be designed for a humorous or whimsical effect.	94134363791.png	The image shows a digital display with a multitude of numbers and symbols, likely representing financial data such as stock prices or indices. The numbers are arranged in rows and columns, with some areas highlighted in green and red, which could indicate positive or negative performance. The display is set against a dark background, which contrasts with the bright colors of the numbers and symbols. The image is a close-up, focusing on the details of the display. There is no visible text that provides context or labels for the numbers. The style of the image is realistic, with a clear and sharp representation of the digital display.	70008817974.png	The image features a cartoon-style brown bear with a friendly expression. The bear is standing on its hind legs and appears to be pouring honey from a jar into a smaller jar. The honey is visible in the jar being filled, and the bear's paws are holding the jar. The background is plain white, emphasizing the bear and the jars. There is no visible text in the image.
bikovski trend	Na sejmu živine so letos opazili bikovski trend v vzreji – vse več je bilo razstavljenih plemenskih bikov.		15854446521.png	The image depicts a stylized illustration of a large, brown cow with prominent horns standing in a grassy field. The cow is the central figure and is surrounded by a variety of flowers in shades of orange and yellow. In the background, there is a tree with orange leaves to the left of the cow. Above the cow, there are several small, black silhouettes of birds in flight. The sky is white, and there are no visible texts in the image. The style of the illustration is cartoonish and colorful, with a focus on the cow and the floral field.	36162026521.png	The image features a cartoon character that resembles a cow wearing a hooded sweatshirt with a cow's face on the hood. The character has a large pair of horns and is wearing brown boots. The character is walking on a white surface with a blurred background that suggests a crowd of people. There is no visible text in the image. The style of the image is illustrative and appears to be designed for a humorous or whimsical effect.	94134363791.png	The image shows a digital display with a multitude of numbers and symbols, likely representing financial data such as stock prices or indices. The numbers are arranged in rows and columns, with some areas highlighted in green and red, which could indicate positive or negative performance. The display is set against a dark background, which contrasts with the bright colors of the numbers and symbols. The image is a close-up, focusing on the details of the display. There is no visible text that provides context or labels for the numbers. The style of the image is realistic, with a clear and sharp representation of the digital display.	69507077969.png	The image is a digital illustration of a cartoon male character. He has brown hair, a wide smile, and is holding a smartphone to his ear with his right hand. He is wearing a black suit with a white shirt and an orange tie. The character is standing in front of a large screen displaying a financial chart with various graphs and numbers. The chart includes a line graph with a green upward trend, a bar graph with bars in shades of green and red, and a pie chart with segments in different colors. The background is plain white, emphasizing the character and the screen. There is no visible text in the image.	70008817974.png	The image features a cartoon-style brown bear with a friendly expression. The bear is standing on its hind legs and appears to be pouring honey from a jar into a smaller jar. The honey is visible in the jar being filled, and the bear's paws are holding the jar. The background is plain white, emphasizing the bear and the jars. There is no visible text in the image.
bikovski trend	Na modnih brveh je to sezono opazen bikovski trend – usnjeni dodatki, rogovi in potiski z motivi bikov.		15854446521.png	The image depicts a stylized illustration of a large, brown cow with prominent horns standing in a grassy field. The cow is the central figure and is surrounded by a variety of flowers in shades of orange and yellow. In the background, there is a tree with orange leaves to the left of the cow. Above the cow, there are several small, black silhouettes of birds in flight. The sky is white, and there are no visible texts in the image. The style of the illustration is cartoonish and colorful, with a focus on the cow and the floral field.	36162026521.png	The image features a cartoon character that resembles a cow wearing a hooded sweatshirt with a cow's face on the hood. The character has a large pair of horns and is wearing brown boots. The character is walking on a white surface with a blurred background that suggests a crowd of people. There is no visible text in the image. The style of the image is illustrative and appears to be designed for a humorous or whimsical effect.	94134363791.png	The image shows a digital display with a multitude of numbers and symbols, likely representing financial data such as stock prices or indices. The numbers are arranged in rows and columns, with some areas highlighted in green and red, which could indicate positive or negative performance. The display is set against a dark background, which contrasts with the bright colors of the numbers and symbols. The image is a close-up, focusing on the details of the display. There is no visible text that provides context or labels for the numbers. The style of the image is realistic, with a clear and sharp representation of the digital display.	69507077969.png	The image is a digital illustration of a cartoon male character. He has brown hair, a wide smile, and is holding a smartphone to his ear with his right hand. He is wearing a black suit with a white shirt and an orange tie. The character is standing in front of a large screen displaying a financial chart with various graphs and numbers. The chart includes a line graph with a green upward trend, a bar graph with bars in shades of green and red, and a pie chart with segments in different colors. The background is plain white, emphasizing the character and the screen. There is no visible text in the image.	70008817974.png	The image features a cartoon-style brown bear with a friendly expression. The bear is standing on its hind legs and appears to be pouring honey from a jar into a smaller jar. The honey is visible in the jar being filled, and the bear's paws are holding the jar. The background is plain white, emphasizing the bear and the jars. There is no visible text in the image.
v veselem pričakovanju	Sva dva mlada zakonca v veselem pričakovanju in na robu živčnega zloma.		94160517585.png	"The image depicts an animated scene of a woman sitting on a bench at a train station. She is wearing a yellow dress with white polka dots, a brown hat, and has a brown handbag and a suitcase next to her. The train in the background is orange with a black front and has the number ""85"" visible on the front. The woman appears to be waiting, as suggested by her posture and the presence of the luggage. The setting is outdoors, and the style of the image is illustrative with a limited color palette."	39070845922.png	The image depicts a stylized illustration of a woman pushing a stroller. The woman is wearing a brown hijab and a brown coat with a hood. She has dark hair and is smiling. The stroller is orange and has a canopy. The wheels of the stroller are black. There is no visible text in the image. The style of the illustration is cartoonish and simplistic, with flat colors and minimal shading.	14042436709.png	The image depicts a woman wearing a hijab and a long dress, standing against a plain background. She is holding her stomach, suggesting she is pregnant. The woman's attire is modest, and she appears to be in a contemplative or relaxed pose. There is no visible text in the image. The style of the image is illustrative, with a soft, pastel color palette.	84108536191.png	The image depicts a cartoon-style illustration of a young girl with brown hair tied in a ponytail, wearing an orange dress with white polka dots. She is sitting on the ground with her back to the viewer, smiling and looking down at a large gift box with a ribbon. The girl's hands are on the box, and she appears to be opening it. The background is plain white, emphasizing the subject. There is no visible text in the image.	31539708817.png	The image depicts a stylized, cartoon-like illustration of a person wearing a hijab. The individual is shown with their eyes closed, hands clasped together in front of their face, and appears to be in a state of prayer or contemplation. The person is also holding a tissue to their nose, suggesting they might be experiencing a cold or other respiratory issue. The background is plain and does not provide any additional context or details. There is no visible text in the image.
v veselem pričakovanju	Svoj zadnji grand slam turnir v Melbournu je osvojila, ko je že bila v veselem pričakovanju .		39070845922.png	The image depicts a stylized illustration of a woman pushing a stroller. The woman is wearing a brown hijab and a brown coat with a hood. She has dark hair and is smiling. The stroller is orange and has a canopy. The wheels of the stroller are black. There is no visible text in the image. The style of the illustration is cartoonish and simplistic, with flat colors and minimal shading.	14042436709.png	The image depicts a woman wearing a hijab and a long dress, standing against a plain background. She is holding her stomach, suggesting she is pregnant. The woman's attire is modest, and she appears to be in a contemplative or relaxed pose. There is no visible text in the image. The style of the image is illustrative, with a soft, pastel color palette.	31539708817.png	The image depicts a stylized, cartoon-like illustration of a person wearing a hijab. The individual is shown with their eyes closed, hands clasped together in front of their face, and appears to be in a state of prayer or contemplation. The person is also holding a tissue to their nose, suggesting they might be experiencing a cold or other respiratory issue. The background is plain and does not provide any additional context or details. There is no visible text in the image.	84108536191.png	The image depicts a cartoon-style illustration of a young girl with brown hair tied in a ponytail, wearing an orange dress with white polka dots. She is sitting on the ground with her back to the viewer, smiling and looking down at a large gift box with a ribbon. The girl's hands are on the box, and she appears to be opening it. The background is plain white, emphasizing the subject. There is no visible text in the image.	94160517585.png	"The image depicts an animated scene of a woman sitting on a bench at a train station. She is wearing a yellow dress with white polka dots, a brown hat, and has a brown handbag and a suitcase next to her. The train in the background is orange with a black front and has the number ""85"" visible on the front. The woman appears to be waiting, as suggested by her posture and the presence of the luggage. The setting is outdoors, and the style of the image is illustrative with a limited color palette."
v veselem pričakovanju	Hitro smo zlezli v postelje in v veselem pričakovanju , kaj nam bo Miklavžek prinesel, smo sladko zaspali.		84108536191.png	The image depicts a cartoon-style illustration of a young girl with brown hair tied in a ponytail, wearing an orange dress with white polka dots. She is sitting on the ground with her back to the viewer, smiling and looking down at a large gift box with a ribbon. The girl's hands are on the box, and she appears to be opening it. The background is plain white, emphasizing the subject. There is no visible text in the image.	14042436709.png	The image depicts a woman wearing a hijab and a long dress, standing against a plain background. She is holding her stomach, suggesting she is pregnant. The woman's attire is modest, and she appears to be in a contemplative or relaxed pose. There is no visible text in the image. The style of the image is illustrative, with a soft, pastel color palette.	31539708817.png	The image depicts a stylized, cartoon-like illustration of a person wearing a hijab. The individual is shown with their eyes closed, hands clasped together in front of their face, and appears to be in a state of prayer or contemplation. The person is also holding a tissue to their nose, suggesting they might be experiencing a cold or other respiratory issue. The background is plain and does not provide any additional context or details. There is no visible text in the image.	39070845922.png	The image depicts a stylized illustration of a woman pushing a stroller. The woman is wearing a brown hijab and a brown coat with a hood. She has dark hair and is smiling. The stroller is orange and has a canopy. The wheels of the stroller are black. There is no visible text in the image. The style of the illustration is cartoonish and simplistic, with flat colors and minimal shading.	94160517585.png	"The image depicts an animated scene of a woman sitting on a bench at a train station. She is wearing a yellow dress with white polka dots, a brown hat, and has a brown handbag and a suitcase next to her. The train in the background is orange with a black front and has the number ""85"" visible on the front. The woman appears to be waiting, as suggested by her posture and the presence of the luggage. The setting is outdoors, and the style of the image is illustrative with a limited color palette."
v veselem pričakovanju	Deležni smo bili tudi rujne kapljice in v veselem pričakovanju smo se odpeljali proti Kobjeglavi, kjer so nas pričakali z malico.		39070845922.png	The image depicts a stylized illustration of a woman pushing a stroller. The woman is wearing a brown hijab and a brown coat with a hood. She has dark hair and is smiling. The stroller is orange and has a canopy. The wheels of the stroller are black. There is no visible text in the image. The style of the illustration is cartoonish and simplistic, with flat colors and minimal shading.	14042436709.png	The image depicts a woman wearing a hijab and a long dress, standing against a plain background. She is holding her stomach, suggesting she is pregnant. The woman's attire is modest, and she appears to be in a contemplative or relaxed pose. There is no visible text in the image. The style of the image is illustrative, with a soft, pastel color palette.	31539708817.png	The image depicts a stylized, cartoon-like illustration of a person wearing a hijab. The individual is shown with their eyes closed, hands clasped together in front of their face, and appears to be in a state of prayer or contemplation. The person is also holding a tissue to their nose, suggesting they might be experiencing a cold or other respiratory issue. The background is plain and does not provide any additional context or details. There is no visible text in the image.	94160517585.png	"The image depicts an animated scene of a woman sitting on a bench at a train station. She is wearing a yellow dress with white polka dots, a brown hat, and has a brown handbag and a suitcase next to her. The train in the background is orange with a black front and has the number ""85"" visible on the front. The woman appears to be waiting, as suggested by her posture and the presence of the luggage. The setting is outdoors, and the style of the image is illustrative with a limited color palette."	84108536191.png	The image depicts a cartoon-style illustration of a young girl with brown hair tied in a ponytail, wearing an orange dress with white polka dots. She is sitting on the ground with her back to the viewer, smiling and looking down at a large gift box with a ribbon. The girl's hands are on the box, and she appears to be opening it. The background is plain white, emphasizing the subject. There is no visible text in the image.
pridna mravljica	Vi v studiu ste tiste pridne mravljice, ki nam vse zorganizirate, obenem se pa sploh ne poznamo.		77863040100.png	The image depicts a stylized illustration of a woodpecker perched on a tree trunk. The bird has a prominent crest, a white belly, and black feathers with white spots. Its beak is long and pointed, and its eyes are red with black pupils. The tree trunk has a rough texture and is adorned with green foliage and a small hole. The background is plain white, emphasizing the bird and the tree. There is no visible text in the image.	58242898878.png	The image features a stylized, cartoon-like depiction of a ladybug. The ladybug is orange with black spots and antennae. It has a large, round body and is carrying a sack on its back. The sack appears to be filled with what looks like orange seeds or beads. The ladybug is walking on a surface that is not clearly defined, and there are a few seeds or beads scattered around it. The background is plain and does not provide any additional context. There is no visible text in the image.	45396022821.png	The image features a stylized, cartoon-like depiction of an orange ant with a glossy, translucent body and elongated legs. The ant has large, black eyes and a prominent, dark antennae. It is standing on a plain, light gray background. The image is simple and does not contain any visible text. The style of the image is graphic and appears to be a digital illustration.	52532519799.png	The image depicts a stylized, animated female character walking through a glass door. She is wearing a black top, black pants, and black high heels. The character has brown hair tied in a ponytail and is holding a cup of coffee in her right hand. She is smiling and appears to be in a good mood. To her left, there is a potted plant with green leaves. The background is minimalistic, featuring a simple, light-colored wall and a window with a reflection of the interior. The style of the image is cartoonish and appears to be designed for a digital medium, possibly for a website or an app.	65960893744.png	The image depicts a cartoon-style illustration of a young girl walking on a sidewalk. She has brown hair tied in a ponytail and is wearing a red top, black pants, and orange shoes. The girl is carrying a black backpack and is holding a wristwatch in her right hand. She is looking to her left, away from the viewer.  The setting appears to be an urban environment, with a large glass window to her right, reflecting a building interior. In front of the window, there is a small green plant. The sidewalk is bordered by a low wall, and the ground is paved. The overall style is clean and modern, with a limited color palette. There is no visible text in the image.
pridna mravljica	Podjetje potrebuje tudi pridne mravljice, ki pa žal le redko postanejo vodje.		65960893744.png	The image depicts a cartoon-style illustration of a young girl walking on a sidewalk. She has brown hair tied in a ponytail and is wearing a red top, black pants, and orange shoes. The girl is carrying a black backpack and is holding a wristwatch in her right hand. She is looking to her left, away from the viewer.  The setting appears to be an urban environment, with a large glass window to her right, reflecting a building interior. In front of the window, there is a small green plant. The sidewalk is bordered by a low wall, and the ground is paved. The overall style is clean and modern, with a limited color palette. There is no visible text in the image.	52532519799.png	The image depicts a stylized, animated female character walking through a glass door. She is wearing a black top, black pants, and black high heels. The character has brown hair tied in a ponytail and is holding a cup of coffee in her right hand. She is smiling and appears to be in a good mood. To her left, there is a potted plant with green leaves. The background is minimalistic, featuring a simple, light-colored wall and a window with a reflection of the interior. The style of the image is cartoonish and appears to be designed for a digital medium, possibly for a website or an app.	77863040100.png	The image depicts a stylized illustration of a woodpecker perched on a tree trunk. The bird has a prominent crest, a white belly, and black feathers with white spots. Its beak is long and pointed, and its eyes are red with black pupils. The tree trunk has a rough texture and is adorned with green foliage and a small hole. The background is plain white, emphasizing the bird and the tree. There is no visible text in the image.	45396022821.png	The image features a stylized, cartoon-like depiction of an orange ant with a glossy, translucent body and elongated legs. The ant has large, black eyes and a prominent, dark antennae. It is standing on a plain, light gray background. The image is simple and does not contain any visible text. The style of the image is graphic and appears to be a digital illustration.	58242898878.png	The image features a stylized, cartoon-like depiction of a ladybug. The ladybug is orange with black spots and antennae. It has a large, round body and is carrying a sack on its back. The sack appears to be filled with what looks like orange seeds or beads. The ladybug is walking on a surface that is not clearly defined, and there are a few seeds or beads scattered around it. The background is plain and does not provide any additional context. There is no visible text in the image.
pridna mravljica	Na okenski polici je neutrudno nosila drobtinice pridna mravljica.		58242898878.png	The image features a stylized, cartoon-like depiction of a ladybug. The ladybug is orange with black spots and antennae. It has a large, round body and is carrying a sack on its back. The sack appears to be filled with what looks like orange seeds or beads. The ladybug is walking on a surface that is not clearly defined, and there are a few seeds or beads scattered around it. The background is plain and does not provide any additional context. There is no visible text in the image.	77863040100.png	The image depicts a stylized illustration of a woodpecker perched on a tree trunk. The bird has a prominent crest, a white belly, and black feathers with white spots. Its beak is long and pointed, and its eyes are red with black pupils. The tree trunk has a rough texture and is adorned with green foliage and a small hole. The background is plain white, emphasizing the bird and the tree. There is no visible text in the image.	45396022821.png	The image features a stylized, cartoon-like depiction of an orange ant with a glossy, translucent body and elongated legs. The ant has large, black eyes and a prominent, dark antennae. It is standing on a plain, light gray background. The image is simple and does not contain any visible text. The style of the image is graphic and appears to be a digital illustration.	65960893744.png	The image depicts a cartoon-style illustration of a young girl walking on a sidewalk. She has brown hair tied in a ponytail and is wearing a red top, black pants, and orange shoes. The girl is carrying a black backpack and is holding a wristwatch in her right hand. She is looking to her left, away from the viewer.  The setting appears to be an urban environment, with a large glass window to her right, reflecting a building interior. In front of the window, there is a small green plant. The sidewalk is bordered by a low wall, and the ground is paved. The overall style is clean and modern, with a limited color palette. There is no visible text in the image.	52532519799.png	The image depicts a stylized, animated female character walking through a glass door. She is wearing a black top, black pants, and black high heels. The character has brown hair tied in a ponytail and is holding a cup of coffee in her right hand. She is smiling and appears to be in a good mood. To her left, there is a potted plant with green leaves. The background is minimalistic, featuring a simple, light-colored wall and a window with a reflection of the interior. The style of the image is cartoonish and appears to be designed for a digital medium, possibly for a website or an app.
pridna mravljica	Otroci so v terariju opazovali, kako pridne mravljice gradijo nov rov v pesku.		52532519799.png	The image depicts a stylized, animated female character walking through a glass door. She is wearing a black top, black pants, and black high heels. The character has brown hair tied in a ponytail and is holding a cup of coffee in her right hand. She is smiling and appears to be in a good mood. To her left, there is a potted plant with green leaves. The background is minimalistic, featuring a simple, light-colored wall and a window with a reflection of the interior. The style of the image is cartoonish and appears to be designed for a digital medium, possibly for a website or an app.	65960893744.png	The image depicts a cartoon-style illustration of a young girl walking on a sidewalk. She has brown hair tied in a ponytail and is wearing a red top, black pants, and orange shoes. The girl is carrying a black backpack and is holding a wristwatch in her right hand. She is looking to her left, away from the viewer.  The setting appears to be an urban environment, with a large glass window to her right, reflecting a building interior. In front of the window, there is a small green plant. The sidewalk is bordered by a low wall, and the ground is paved. The overall style is clean and modern, with a limited color palette. There is no visible text in the image.	45396022821.png	The image features a stylized, cartoon-like depiction of an orange ant with a glossy, translucent body and elongated legs. The ant has large, black eyes and a prominent, dark antennae. It is standing on a plain, light gray background. The image is simple and does not contain any visible text. The style of the image is graphic and appears to be a digital illustration.	77863040100.png	The image depicts a stylized illustration of a woodpecker perched on a tree trunk. The bird has a prominent crest, a white belly, and black feathers with white spots. Its beak is long and pointed, and its eyes are red with black pupils. The tree trunk has a rough texture and is adorned with green foliage and a small hole. The background is plain white, emphasizing the bird and the tree. There is no visible text in the image.	58242898878.png	The image features a stylized, cartoon-like depiction of a ladybug. The ladybug is orange with black spots and antennae. It has a large, round body and is carrying a sack on its back. The sack appears to be filled with what looks like orange seeds or beads. The ladybug is walking on a surface that is not clearly defined, and there are a few seeds or beads scattered around it. The background is plain and does not provide any additional context. There is no visible text in the image.
molzna krava	Stara in tehnološko zastarela rafinerija je namreč za Petrol še vedno dovolj donosna molzna krava , ki mu prinaša dobiček.		92912984229.png	"The image features a cartoon depiction of a cow with a white face and brown spots. The cow is wearing a collar with a tag that reads ""HOLA."" It is connected to a beaker with a liquid inside, which is attached to a hose. The cow is standing on a white surface, and there is a small amount of liquid on the ground next to the hose. The style of the image is illustrative and colorful, with a focus on the cow and the beaker."	95551361654.png	The image features a cartoon-style depiction of a giraffe. The giraffe is wearing a pair of black sunglasses with orange lenses, and its tongue is sticking out in a playful manner. The giraffe has a pattern of orange spots on its body, and its mane is brown. The background is plain white, which contrasts with the giraffe's colorful appearance. There is no visible text in the image.	40108753570.png	The image depicts a stylized, cartoon-like depiction of a cow standing in a field. The cow is predominantly white with large, orange spots, and it has a prominent set of horns. The cow is standing behind a barbed wire fence, which is partially obscured by tall grass and wildflowers. The background is a plain, light color, providing a contrast to the cow and the field. There is no visible text in the image. The style of the image is illustrative, with a focus on the cow and the natural environment.	17258867755.png	The image is a stylized illustration featuring a group of six individuals standing in a line. They are depicted in a cartoon style with exaggerated facial features. The characters are dressed in a variety of outfits, including suits, dresses, and casual attire. Some characters are holding briefcases and handbags.  Above the characters, there are several coins falling from the top of the image, suggesting a shower of money. The coins are depicted in a simplified manner, with a dollar sign visible on some of them.  In the foreground, there is a character seated at a desk, facing the group of standing characters. This character appears to be a man with a bald head, wearing a suit and tie, and is looking at the group with a neutral expression.  The background is plain white, which contrasts with the characters and the falling coins. There is a potted plant to the right of the seated character.  There is no visible text in the image. The relationships between the characters are not explicitly stated, but the context suggests that they might be waiting for service or an appointment, as indicated by the presence of the seated character who could be a receptionist or service provider.	28189486777.png	The image is a stylized illustration featuring two animated characters. On the left is an older woman with gray hair, wearing glasses and a green jacket with an orange shirt underneath. She is smiling and holding out a small orange card to a younger woman on the right. The younger woman has dark hair, a small orange flower in her hair, and is wearing a black jacket with a green collar. She is also smiling and holding out a small orange card to the older woman. Both characters are standing behind a counter with a computer monitor on the left side. On the counter, there is a small plant in a pot and a wooden box. The background is plain white. There is no visible text in the image.
molzna krava	EU ni molzna krava , opozarja Zajčeva in svetuje, naj denar sam po sebi ne bo razlog za prijavo projekta.		40108753570.png	The image depicts a stylized, cartoon-like depiction of a cow standing in a field. The cow is predominantly white with large, orange spots, and it has a prominent set of horns. The cow is standing behind a barbed wire fence, which is partially obscured by tall grass and wildflowers. The background is a plain, light color, providing a contrast to the cow and the field. There is no visible text in the image. The style of the image is illustrative, with a focus on the cow and the natural environment.	28189486777.png	The image is a stylized illustration featuring two animated characters. On the left is an older woman with gray hair, wearing glasses and a green jacket with an orange shirt underneath. She is smiling and holding out a small orange card to a younger woman on the right. The younger woman has dark hair, a small orange flower in her hair, and is wearing a black jacket with a green collar. She is also smiling and holding out a small orange card to the older woman. Both characters are standing behind a counter with a computer monitor on the left side. On the counter, there is a small plant in a pot and a wooden box. The background is plain white. There is no visible text in the image.	95551361654.png	The image features a cartoon-style depiction of a giraffe. The giraffe is wearing a pair of black sunglasses with orange lenses, and its tongue is sticking out in a playful manner. The giraffe has a pattern of orange spots on its body, and its mane is brown. The background is plain white, which contrasts with the giraffe's colorful appearance. There is no visible text in the image.	92912984229.png	"The image features a cartoon depiction of a cow with a white face and brown spots. The cow is wearing a collar with a tag that reads ""HOLA."" It is connected to a beaker with a liquid inside, which is attached to a hose. The cow is standing on a white surface, and there is a small amount of liquid on the ground next to the hose. The style of the image is illustrative and colorful, with a focus on the cow and the beaker."	17258867755.png	The image is a stylized illustration featuring a group of six individuals standing in a line. They are depicted in a cartoon style with exaggerated facial features. The characters are dressed in a variety of outfits, including suits, dresses, and casual attire. Some characters are holding briefcases and handbags.  Above the characters, there are several coins falling from the top of the image, suggesting a shower of money. The coins are depicted in a simplified manner, with a dollar sign visible on some of them.  In the foreground, there is a character seated at a desk, facing the group of standing characters. This character appears to be a man with a bald head, wearing a suit and tie, and is looking at the group with a neutral expression.  The background is plain white, which contrasts with the characters and the falling coins. There is a potted plant to the right of the seated character.  There is no visible text in the image. The relationships between the characters are not explicitly stated, but the context suggests that they might be waiting for service or an appointment, as indicated by the presence of the seated character who could be a receptionist or service provider.
molzna krava	Molzne krave imajo le pastirji za lastne potrebe.		17258867755.png	The image is a stylized illustration featuring a group of six individuals standing in a line. They are depicted in a cartoon style with exaggerated facial features. The characters are dressed in a variety of outfits, including suits, dresses, and casual attire. Some characters are holding briefcases and handbags.  Above the characters, there are several coins falling from the top of the image, suggesting a shower of money. The coins are depicted in a simplified manner, with a dollar sign visible on some of them.  In the foreground, there is a character seated at a desk, facing the group of standing characters. This character appears to be a man with a bald head, wearing a suit and tie, and is looking at the group with a neutral expression.  The background is plain white, which contrasts with the characters and the falling coins. There is a potted plant to the right of the seated character.  There is no visible text in the image. The relationships between the characters are not explicitly stated, but the context suggests that they might be waiting for service or an appointment, as indicated by the presence of the seated character who could be a receptionist or service provider.	40108753570.png	The image depicts a stylized, cartoon-like depiction of a cow standing in a field. The cow is predominantly white with large, orange spots, and it has a prominent set of horns. The cow is standing behind a barbed wire fence, which is partially obscured by tall grass and wildflowers. The background is a plain, light color, providing a contrast to the cow and the field. There is no visible text in the image. The style of the image is illustrative, with a focus on the cow and the natural environment.	28189486777.png	The image is a stylized illustration featuring two animated characters. On the left is an older woman with gray hair, wearing glasses and a green jacket with an orange shirt underneath. She is smiling and holding out a small orange card to a younger woman on the right. The younger woman has dark hair, a small orange flower in her hair, and is wearing a black jacket with a green collar. She is also smiling and holding out a small orange card to the older woman. Both characters are standing behind a counter with a computer monitor on the left side. On the counter, there is a small plant in a pot and a wooden box. The background is plain white. There is no visible text in the image.	95551361654.png	The image features a cartoon-style depiction of a giraffe. The giraffe is wearing a pair of black sunglasses with orange lenses, and its tongue is sticking out in a playful manner. The giraffe has a pattern of orange spots on its body, and its mane is brown. The background is plain white, which contrasts with the giraffe's colorful appearance. There is no visible text in the image.	92912984229.png	"The image features a cartoon depiction of a cow with a white face and brown spots. The cow is wearing a collar with a tag that reads ""HOLA."" It is connected to a beaker with a liquid inside, which is attached to a hose. The cow is standing on a white surface, and there is a small amount of liquid on the ground next to the hose. The style of the image is illustrative and colorful, with a focus on the cow and the beaker."
molzna krava	Upoštevajmo le to, kar je vsem poznano, da za prirejo enega litra mleka molzna krava potrebuje (iz krme) 60 g prebavljivih surovih beljakovin.		17258867755.png	The image is a stylized illustration featuring a group of six individuals standing in a line. They are depicted in a cartoon style with exaggerated facial features. The characters are dressed in a variety of outfits, including suits, dresses, and casual attire. Some characters are holding briefcases and handbags.  Above the characters, there are several coins falling from the top of the image, suggesting a shower of money. The coins are depicted in a simplified manner, with a dollar sign visible on some of them.  In the foreground, there is a character seated at a desk, facing the group of standing characters. This character appears to be a man with a bald head, wearing a suit and tie, and is looking at the group with a neutral expression.  The background is plain white, which contrasts with the characters and the falling coins. There is a potted plant to the right of the seated character.  There is no visible text in the image. The relationships between the characters are not explicitly stated, but the context suggests that they might be waiting for service or an appointment, as indicated by the presence of the seated character who could be a receptionist or service provider.	28189486777.png	The image is a stylized illustration featuring two animated characters. On the left is an older woman with gray hair, wearing glasses and a green jacket with an orange shirt underneath. She is smiling and holding out a small orange card to a younger woman on the right. The younger woman has dark hair, a small orange flower in her hair, and is wearing a black jacket with a green collar. She is also smiling and holding out a small orange card to the older woman. Both characters are standing behind a counter with a computer monitor on the left side. On the counter, there is a small plant in a pot and a wooden box. The background is plain white. There is no visible text in the image.	40108753570.png	The image depicts a stylized, cartoon-like depiction of a cow standing in a field. The cow is predominantly white with large, orange spots, and it has a prominent set of horns. The cow is standing behind a barbed wire fence, which is partially obscured by tall grass and wildflowers. The background is a plain, light color, providing a contrast to the cow and the field. There is no visible text in the image. The style of the image is illustrative, with a focus on the cow and the natural environment.	92912984229.png	"The image features a cartoon depiction of a cow with a white face and brown spots. The cow is wearing a collar with a tag that reads ""HOLA."" It is connected to a beaker with a liquid inside, which is attached to a hose. The cow is standing on a white surface, and there is a small amount of liquid on the ground next to the hose. The style of the image is illustrative and colorful, with a focus on the cow and the beaker."	95551361654.png	The image features a cartoon-style depiction of a giraffe. The giraffe is wearing a pair of black sunglasses with orange lenses, and its tongue is sticking out in a playful manner. The giraffe has a pattern of orange spots on its body, and its mane is brown. The background is plain white, which contrasts with the giraffe's colorful appearance. There is no visible text in the image.
deveta nebesa	Petra je odneslo v deveta nebesa , tako je bil vesel Anjinega odgovora.		57721368500.png	The image is a digital illustration featuring a collection of stylized clouds against a light blue sky. The clouds are depicted in various shades of white, gray, and orange, with some showing darker centers and lighter edges, suggesting depth and volume. The clouds are arranged in a way that suggests a dynamic sky, with some appearing to be in motion or merging with others. The style is reminiscent of watercolor painting, with soft edges and a sense of fluidity. There is no visible text in the image. The overall impression is one of a serene and picturesque sky.	60068467912.png	The image features a stylized illustration of a large, orange sun with a reflective surface, set against a white background. The sun has a smooth, rounded shape with a glossy finish, giving it a shiny appearance. To the right of the sun, there are two white clouds with a soft, fluffy texture, suggesting a light, airy quality. The clouds are positioned slightly above the sun, as if floating in the sky. The overall style of the image is cartoonish and simplistic, with a limited color palette and a lack of intricate detail. There is no visible text in the image.	55244912895.png	The image depicts a stylized, cartoon-like illustration of an airplane in flight. The airplane is predominantly white with orange accents, including the engines and the tail. It has a large fuselage with multiple windows, a cockpit with two visible windows, and a nose section with a single window. The aircraft is shown from a side perspective, with the wings and engines clearly visible. There is no visible text in the image.	78281639482.png	The image depicts two animated characters, a young man and an older woman, standing side by side. The young man is on the left and the older woman is on the right. The young man is wearing glasses, a brown sweater, and brown pants. He is holding a black gift box with an orange ribbon. The older woman is wearing a scarf and a dress with a pattern. She is smiling and appears to be receiving the gift box from the young man. There is no visible text in the image. The style of the image is cartoonish and the characters are drawn in a friendly and approachable manner.	85271160012.png	The image is a digital illustration of a man and a woman in a celebratory pose. The man is on the right, wearing a dark suit with a white shirt and a dark tie, and has a broad smile. The woman is on the left, wearing a white dress with a floral headband, and is also smiling broadly. Both characters are holding bouquets of orange flowers. The background is white with scattered orange and white flowers. There is no visible text in the image. The style of the illustration is cartoonish with a limited color palette.
deveta nebesa	Naj vas naše božanske sladice ponesejo v deveta nebesa .		57721368500.png	The image is a digital illustration featuring a collection of stylized clouds against a light blue sky. The clouds are depicted in various shades of white, gray, and orange, with some showing darker centers and lighter edges, suggesting depth and volume. The clouds are arranged in a way that suggests a dynamic sky, with some appearing to be in motion or merging with others. The style is reminiscent of watercolor painting, with soft edges and a sense of fluidity. There is no visible text in the image. The overall impression is one of a serene and picturesque sky.	78281639482.png	The image depicts two animated characters, a young man and an older woman, standing side by side. The young man is on the left and the older woman is on the right. The young man is wearing glasses, a brown sweater, and brown pants. He is holding a black gift box with an orange ribbon. The older woman is wearing a scarf and a dress with a pattern. She is smiling and appears to be receiving the gift box from the young man. There is no visible text in the image. The style of the image is cartoonish and the characters are drawn in a friendly and approachable manner.	60068467912.png	The image features a stylized illustration of a large, orange sun with a reflective surface, set against a white background. The sun has a smooth, rounded shape with a glossy finish, giving it a shiny appearance. To the right of the sun, there are two white clouds with a soft, fluffy texture, suggesting a light, airy quality. The clouds are positioned slightly above the sun, as if floating in the sky. The overall style of the image is cartoonish and simplistic, with a limited color palette and a lack of intricate detail. There is no visible text in the image.	85271160012.png	The image is a digital illustration of a man and a woman in a celebratory pose. The man is on the right, wearing a dark suit with a white shirt and a dark tie, and has a broad smile. The woman is on the left, wearing a white dress with a floral headband, and is also smiling broadly. Both characters are holding bouquets of orange flowers. The background is white with scattered orange and white flowers. There is no visible text in the image. The style of the illustration is cartoonish with a limited color palette.	55244912895.png	The image depicts a stylized, cartoon-like illustration of an airplane in flight. The airplane is predominantly white with orange accents, including the engines and the tail. It has a large fuselage with multiple windows, a cockpit with two visible windows, and a nose section with a single window. The aircraft is shown from a side perspective, with the wings and engines clearly visible. There is no visible text in the image.
deveta nebesa	V pravljici junak na krilih orla poleti skozi osem plasti oblakov, dokler ne doseže devetih nebes.		60068467912.png	The image features a stylized illustration of a large, orange sun with a reflective surface, set against a white background. The sun has a smooth, rounded shape with a glossy finish, giving it a shiny appearance. To the right of the sun, there are two white clouds with a soft, fluffy texture, suggesting a light, airy quality. The clouds are positioned slightly above the sun, as if floating in the sky. The overall style of the image is cartoonish and simplistic, with a limited color palette and a lack of intricate detail. There is no visible text in the image.	85271160012.png	The image is a digital illustration of a man and a woman in a celebratory pose. The man is on the right, wearing a dark suit with a white shirt and a dark tie, and has a broad smile. The woman is on the left, wearing a white dress with a floral headband, and is also smiling broadly. Both characters are holding bouquets of orange flowers. The background is white with scattered orange and white flowers. There is no visible text in the image. The style of the illustration is cartoonish with a limited color palette.	55244912895.png	The image depicts a stylized, cartoon-like illustration of an airplane in flight. The airplane is predominantly white with orange accents, including the engines and the tail. It has a large fuselage with multiple windows, a cockpit with two visible windows, and a nose section with a single window. The aircraft is shown from a side perspective, with the wings and engines clearly visible. There is no visible text in the image.	57721368500.png	The image is a digital illustration featuring a collection of stylized clouds against a light blue sky. The clouds are depicted in various shades of white, gray, and orange, with some showing darker centers and lighter edges, suggesting depth and volume. The clouds are arranged in a way that suggests a dynamic sky, with some appearing to be in motion or merging with others. The style is reminiscent of watercolor painting, with soft edges and a sense of fluidity. There is no visible text in the image. The overall impression is one of a serene and picturesque sky.	78281639482.png	The image depicts two animated characters, a young man and an older woman, standing side by side. The young man is on the left and the older woman is on the right. The young man is wearing glasses, a brown sweater, and brown pants. He is holding a black gift box with an orange ribbon. The older woman is wearing a scarf and a dress with a pattern. She is smiling and appears to be receiving the gift box from the young man. There is no visible text in the image. The style of the image is cartoonish and the characters are drawn in a friendly and approachable manner.
deveta nebesa	Po starem verovanju se luna giblje pod devetimi nebesi, zadnje med njimi pa je iz čistega kristala.		78281639482.png	The image depicts two animated characters, a young man and an older woman, standing side by side. The young man is on the left and the older woman is on the right. The young man is wearing glasses, a brown sweater, and brown pants. He is holding a black gift box with an orange ribbon. The older woman is wearing a scarf and a dress with a pattern. She is smiling and appears to be receiving the gift box from the young man. There is no visible text in the image. The style of the image is cartoonish and the characters are drawn in a friendly and approachable manner.	57721368500.png	The image is a digital illustration featuring a collection of stylized clouds against a light blue sky. The clouds are depicted in various shades of white, gray, and orange, with some showing darker centers and lighter edges, suggesting depth and volume. The clouds are arranged in a way that suggests a dynamic sky, with some appearing to be in motion or merging with others. The style is reminiscent of watercolor painting, with soft edges and a sense of fluidity. There is no visible text in the image. The overall impression is one of a serene and picturesque sky.	60068467912.png	The image features a stylized illustration of a large, orange sun with a reflective surface, set against a white background. The sun has a smooth, rounded shape with a glossy finish, giving it a shiny appearance. To the right of the sun, there are two white clouds with a soft, fluffy texture, suggesting a light, airy quality. The clouds are positioned slightly above the sun, as if floating in the sky. The overall style of the image is cartoonish and simplistic, with a limited color palette and a lack of intricate detail. There is no visible text in the image.	85271160012.png	The image is a digital illustration of a man and a woman in a celebratory pose. The man is on the right, wearing a dark suit with a white shirt and a dark tie, and has a broad smile. The woman is on the left, wearing a white dress with a floral headband, and is also smiling broadly. Both characters are holding bouquets of orange flowers. The background is white with scattered orange and white flowers. There is no visible text in the image. The style of the illustration is cartoonish with a limited color palette.	55244912895.png	The image depicts a stylized, cartoon-like illustration of an airplane in flight. The airplane is predominantly white with orange accents, including the engines and the tail. It has a large fuselage with multiple windows, a cockpit with two visible windows, and a nose section with a single window. The aircraft is shown from a side perspective, with the wings and engines clearly visible. There is no visible text in the image.
stisniti rep med noge	Ko je bilo že vse pripravljeno za poročno slavje, je stisnila rep med noge in zbežala.		68705346880.png	The image features a stylized, cartoon-like depiction of a horse with a prominent orange tail. The horse has a white mane and a white body, with the tail being the only colored part. The background is a plain, light color, providing a stark contrast to the horse's features. The horse is standing with its tail flowing behind it, and the image is clear and well-defined. There is no visible text in the image.	59496375215.png	The image depicts a cartoon-style illustration of a young boy sitting at a desk. He has brown hair and is wearing a black jacket with an orange vest over it. The boy is holding a pencil in his right hand and appears to be looking down at a piece of paper on the desk. The desk is equipped with a lamp, a clock, and a stack of books. There are also several pencils and a pair of scissors on the desk. The boy is wearing white sneakers. The background is plain and does not contain any text or additional objects.	78472412847.png	The image is a digital illustration of a man. He has short, dark hair and is wearing a black suit with a white shirt and a black tie. His arms are crossed over his chest, and he has a hand near his mouth, as if he is deep in thought or possibly suppressing a yawn. His facial expression is one of concern or worry, with his eyebrows slightly furrowed and his mouth partially open. There is no visible text in the image. The style of the illustration is cartoonish and simplistic, with a focus on the character's expression and attire.	50861081668.png	The image features a 3D rendering of a Dalmatian dog standing against a dark gray background. The dog is depicted in a realistic style with a spotted coat, predominantly white with orange spots. It has a brown collar around its neck and is looking slightly to the left. The dog's tail is curled upwards. The image is clear and well-lit, highlighting the dog's features and the contrast between its fur and the background.	82157936662.png	The image features a stylized, animated character with a furrowed brow and a wide-open mouth, displaying a fierce expression. The character has spiky hair and is wearing a white shirt with a black tie. The background is white with splatters of orange paint, giving the impression of a messy or chaotic environment. There is no visible text in the image.
stisniti rep med noge	Veliko podjetij je špekuliralo in niso poravnala davkov, potem pa so stisnila rep med noge in šla.		50861081668.png	The image features a 3D rendering of a Dalmatian dog standing against a dark gray background. The dog is depicted in a realistic style with a spotted coat, predominantly white with orange spots. It has a brown collar around its neck and is looking slightly to the left. The dog's tail is curled upwards. The image is clear and well-lit, highlighting the dog's features and the contrast between its fur and the background.	78472412847.png	The image is a digital illustration of a man. He has short, dark hair and is wearing a black suit with a white shirt and a black tie. His arms are crossed over his chest, and he has a hand near his mouth, as if he is deep in thought or possibly suppressing a yawn. His facial expression is one of concern or worry, with his eyebrows slightly furrowed and his mouth partially open. There is no visible text in the image. The style of the illustration is cartoonish and simplistic, with a focus on the character's expression and attire.	82157936662.png	The image features a stylized, animated character with a furrowed brow and a wide-open mouth, displaying a fierce expression. The character has spiky hair and is wearing a white shirt with a black tie. The background is white with splatters of orange paint, giving the impression of a messy or chaotic environment. There is no visible text in the image.	68705346880.png	The image features a stylized, cartoon-like depiction of a horse with a prominent orange tail. The horse has a white mane and a white body, with the tail being the only colored part. The background is a plain, light color, providing a stark contrast to the horse's features. The horse is standing with its tail flowing behind it, and the image is clear and well-defined. There is no visible text in the image.	59496375215.png	The image depicts a cartoon-style illustration of a young boy sitting at a desk. He has brown hair and is wearing a black jacket with an orange vest over it. The boy is holding a pencil in his right hand and appears to be looking down at a piece of paper on the desk. The desk is equipped with a lamp, a clock, and a stack of books. There are also several pencils and a pair of scissors on the desk. The boy is wearing white sneakers. The background is plain and does not contain any text or additional objects.
stisniti rep med noge	Majhni psi pred volkom stisnejo rep med noge, le večji psi, zlasti mesarski, pastirski in lovski, so naprežni nanj.		68705346880.png	The image features a stylized, cartoon-like depiction of a horse with a prominent orange tail. The horse has a white mane and a white body, with the tail being the only colored part. The background is a plain, light color, providing a stark contrast to the horse's features. The horse is standing with its tail flowing behind it, and the image is clear and well-defined. There is no visible text in the image.	78472412847.png	The image is a digital illustration of a man. He has short, dark hair and is wearing a black suit with a white shirt and a black tie. His arms are crossed over his chest, and he has a hand near his mouth, as if he is deep in thought or possibly suppressing a yawn. His facial expression is one of concern or worry, with his eyebrows slightly furrowed and his mouth partially open. There is no visible text in the image. The style of the illustration is cartoonish and simplistic, with a focus on the character's expression and attire.	82157936662.png	The image features a stylized, animated character with a furrowed brow and a wide-open mouth, displaying a fierce expression. The character has spiky hair and is wearing a white shirt with a black tie. The background is white with splatters of orange paint, giving the impression of a messy or chaotic environment. There is no visible text in the image.	59496375215.png	The image depicts a cartoon-style illustration of a young boy sitting at a desk. He has brown hair and is wearing a black jacket with an orange vest over it. The boy is holding a pencil in his right hand and appears to be looking down at a piece of paper on the desk. The desk is equipped with a lamp, a clock, and a stack of books. There are also several pencils and a pair of scissors on the desk. The boy is wearing white sneakers. The background is plain and does not contain any text or additional objects.	50861081668.png	The image features a 3D rendering of a Dalmatian dog standing against a dark gray background. The dog is depicted in a realistic style with a spotted coat, predominantly white with orange spots. It has a brown collar around its neck and is looking slightly to the left. The dog's tail is curled upwards. The image is clear and well-lit, highlighting the dog's features and the contrast between its fur and the background.
stisniti rep med noge	Tako sem jih nadrl, da je pes stisnil rep med noge in me prestrašeno pogledal.		50861081668.png	The image features a 3D rendering of a Dalmatian dog standing against a dark gray background. The dog is depicted in a realistic style with a spotted coat, predominantly white with orange spots. It has a brown collar around its neck and is looking slightly to the left. The dog's tail is curled upwards. The image is clear and well-lit, highlighting the dog's features and the contrast between its fur and the background.	82157936662.png	The image features a stylized, animated character with a furrowed brow and a wide-open mouth, displaying a fierce expression. The character has spiky hair and is wearing a white shirt with a black tie. The background is white with splatters of orange paint, giving the impression of a messy or chaotic environment. There is no visible text in the image.	59496375215.png	The image depicts a cartoon-style illustration of a young boy sitting at a desk. He has brown hair and is wearing a black jacket with an orange vest over it. The boy is holding a pencil in his right hand and appears to be looking down at a piece of paper on the desk. The desk is equipped with a lamp, a clock, and a stack of books. There are also several pencils and a pair of scissors on the desk. The boy is wearing white sneakers. The background is plain and does not contain any text or additional objects.	68705346880.png	The image features a stylized, cartoon-like depiction of a horse with a prominent orange tail. The horse has a white mane and a white body, with the tail being the only colored part. The background is a plain, light color, providing a stark contrast to the horse's features. The horse is standing with its tail flowing behind it, and the image is clear and well-defined. There is no visible text in the image.	78472412847.png	The image is a digital illustration of a man. He has short, dark hair and is wearing a black suit with a white shirt and a black tie. His arms are crossed over his chest, and he has a hand near his mouth, as if he is deep in thought or possibly suppressing a yawn. His facial expression is one of concern or worry, with his eyebrows slightly furrowed and his mouth partially open. There is no visible text in the image. The style of the illustration is cartoonish and simplistic, with a focus on the character's expression and attire.
krokodilje solze	In ko dobi, kar si želi, krokodilje solze usahnejo in na obrazu se pojavi nasmešek.		37577326301.png	The image shows a cartoon character, a young boy with brown hair, wearing an orange jersey with a white emblem on the left chest area. He is sitting on the ground with his right hand on his knee, and his left hand is holding his leg, which is wrapped in gray tape. The boy has a distressed expression, with his mouth open and his eyes closed, suggesting he is in pain or discomfort. There is no visible text in the image.	33056402975.png	The image features a stylized, cartoon-like koala. The koala has a gray body with orange ears and feet, and a white muzzle with a black nose. It is holding a green leaf in its paws. The background is plain and white, which contrasts with the koala's colors. There is no visible text in the image. The koala is the central figure in the image, and it appears to be sitting or standing upright. The leaf it holds is large and green, suggesting it might be a eucalyptus leaf, which is a common food source for koalas. The image has a friendly and cute aesthetic, likely intended to evoke a sense of warmth and cuteness.	33556296334.png	The image features two animated characters, a girl and a boy, against a white background. The girl is on the left and the boy is on the right. The girl has dark hair, is wearing a yellow dress with orange polka dots, and is holding an ice cream cone. She is smiling and appears to be enjoying her ice cream. The boy has short brown hair, is wearing an orange shirt and black shorts, and is crying with his mouth open. Both characters are wearing orange shoes with white soles. There is no visible text in the image. The style of the image is cartoonish and colorful, with a focus on the characters' expressions and attire.	38346936872.png	The image features a cartoon alligator with a sad expression. It has large, expressive eyes with visible tears, and its mouth is open as if it's crying or upset. The alligator has a patterned body with a mix of green and brown colors, and its skin appears to be textured. It has a long snout with sharp teeth and a prominent nose. The alligator's arms are raised, and it has a small tail with spikes at the end. There is no visible text in the image. The style of the image is reminiscent of a stylized, animated character.	42444925770.png	The image depicts an anthropomorphic alligator character sitting in a wooden chair. The alligator is wearing a straw hat, glasses, and a plaid shirt. It is holding a cup of coffee in one hand and a book in the other. The chair is placed on a grassy area with a small table next to it, which has a lantern and a birdcage on it. The alligator appears to be in a relaxed, leisurely pose, suggesting a calm and peaceful setting. There is no visible text in the image.
krokodilje solze	Eli so trznile ustnice, čez sekundo pa je že spet točila krokodilje solze na ramenih prijateljice.		33556296334.png	The image features two animated characters, a girl and a boy, against a white background. The girl is on the left and the boy is on the right. The girl has dark hair, is wearing a yellow dress with orange polka dots, and is holding an ice cream cone. She is smiling and appears to be enjoying her ice cream. The boy has short brown hair, is wearing an orange shirt and black shorts, and is crying with his mouth open. Both characters are wearing orange shoes with white soles. There is no visible text in the image. The style of the image is cartoonish and colorful, with a focus on the characters' expressions and attire.	38346936872.png	The image features a cartoon alligator with a sad expression. It has large, expressive eyes with visible tears, and its mouth is open as if it's crying or upset. The alligator has a patterned body with a mix of green and brown colors, and its skin appears to be textured. It has a long snout with sharp teeth and a prominent nose. The alligator's arms are raised, and it has a small tail with spikes at the end. There is no visible text in the image. The style of the image is reminiscent of a stylized, animated character.	33056402975.png	The image features a stylized, cartoon-like koala. The koala has a gray body with orange ears and feet, and a white muzzle with a black nose. It is holding a green leaf in its paws. The background is plain and white, which contrasts with the koala's colors. There is no visible text in the image. The koala is the central figure in the image, and it appears to be sitting or standing upright. The leaf it holds is large and green, suggesting it might be a eucalyptus leaf, which is a common food source for koalas. The image has a friendly and cute aesthetic, likely intended to evoke a sense of warmth and cuteness.	37577326301.png	The image shows a cartoon character, a young boy with brown hair, wearing an orange jersey with a white emblem on the left chest area. He is sitting on the ground with his right hand on his knee, and his left hand is holding his leg, which is wrapped in gray tape. The boy has a distressed expression, with his mouth open and his eyes closed, suggesting he is in pain or discomfort. There is no visible text in the image.	42444925770.png	The image depicts an anthropomorphic alligator character sitting in a wooden chair. The alligator is wearing a straw hat, glasses, and a plaid shirt. It is holding a cup of coffee in one hand and a book in the other. The chair is placed on a grassy area with a small table next to it, which has a lantern and a birdcage on it. The alligator appears to be in a relaxed, leisurely pose, suggesting a calm and peaceful setting. There is no visible text in the image.
krokodilje solze	Ko je stal ob reki, je opazoval krokodilje solze, ki so se lesketale na živalskih luskah.		33056402975.png	The image features a stylized, cartoon-like koala. The koala has a gray body with orange ears and feet, and a white muzzle with a black nose. It is holding a green leaf in its paws. The background is plain and white, which contrasts with the koala's colors. There is no visible text in the image. The koala is the central figure in the image, and it appears to be sitting or standing upright. The leaf it holds is large and green, suggesting it might be a eucalyptus leaf, which is a common food source for koalas. The image has a friendly and cute aesthetic, likely intended to evoke a sense of warmth and cuteness.	42444925770.png	The image depicts an anthropomorphic alligator character sitting in a wooden chair. The alligator is wearing a straw hat, glasses, and a plaid shirt. It is holding a cup of coffee in one hand and a book in the other. The chair is placed on a grassy area with a small table next to it, which has a lantern and a birdcage on it. The alligator appears to be in a relaxed, leisurely pose, suggesting a calm and peaceful setting. There is no visible text in the image.	37577326301.png	The image shows a cartoon character, a young boy with brown hair, wearing an orange jersey with a white emblem on the left chest area. He is sitting on the ground with his right hand on his knee, and his left hand is holding his leg, which is wrapped in gray tape. The boy has a distressed expression, with his mouth open and his eyes closed, suggesting he is in pain or discomfort. There is no visible text in the image.	33556296334.png	The image features two animated characters, a girl and a boy, against a white background. The girl is on the left and the boy is on the right. The girl has dark hair, is wearing a yellow dress with orange polka dots, and is holding an ice cream cone. She is smiling and appears to be enjoying her ice cream. The boy has short brown hair, is wearing an orange shirt and black shorts, and is crying with his mouth open. Both characters are wearing orange shoes with white soles. There is no visible text in the image. The style of the image is cartoonish and colorful, with a focus on the characters' expressions and attire.	38346936872.png	The image features a cartoon alligator with a sad expression. It has large, expressive eyes with visible tears, and its mouth is open as if it's crying or upset. The alligator has a patterned body with a mix of green and brown colors, and its skin appears to be textured. It has a long snout with sharp teeth and a prominent nose. The alligator's arms are raised, and it has a small tail with spikes at the end. There is no visible text in the image. The style of the image is reminiscent of a stylized, animated character.
krokodilje solze	Biolog je pojasnil, da krokodilje solze nastanejo med prehranjevanjem, ko se solzne žleze sprožijo zaradi pritiska v čeljustih.		38346936872.png	The image features a cartoon alligator with a sad expression. It has large, expressive eyes with visible tears, and its mouth is open as if it's crying or upset. The alligator has a patterned body with a mix of green and brown colors, and its skin appears to be textured. It has a long snout with sharp teeth and a prominent nose. The alligator's arms are raised, and it has a small tail with spikes at the end. There is no visible text in the image. The style of the image is reminiscent of a stylized, animated character.	37577326301.png	The image shows a cartoon character, a young boy with brown hair, wearing an orange jersey with a white emblem on the left chest area. He is sitting on the ground with his right hand on his knee, and his left hand is holding his leg, which is wrapped in gray tape. The boy has a distressed expression, with his mouth open and his eyes closed, suggesting he is in pain or discomfort. There is no visible text in the image.	33056402975.png	The image features a stylized, cartoon-like koala. The koala has a gray body with orange ears and feet, and a white muzzle with a black nose. It is holding a green leaf in its paws. The background is plain and white, which contrasts with the koala's colors. There is no visible text in the image. The koala is the central figure in the image, and it appears to be sitting or standing upright. The leaf it holds is large and green, suggesting it might be a eucalyptus leaf, which is a common food source for koalas. The image has a friendly and cute aesthetic, likely intended to evoke a sense of warmth and cuteness.	33556296334.png	The image features two animated characters, a girl and a boy, against a white background. The girl is on the left and the boy is on the right. The girl has dark hair, is wearing a yellow dress with orange polka dots, and is holding an ice cream cone. She is smiling and appears to be enjoying her ice cream. The boy has short brown hair, is wearing an orange shirt and black shorts, and is crying with his mouth open. Both characters are wearing orange shoes with white soles. There is no visible text in the image. The style of the image is cartoonish and colorful, with a focus on the characters' expressions and attire.	42444925770.png	The image depicts an anthropomorphic alligator character sitting in a wooden chair. The alligator is wearing a straw hat, glasses, and a plaid shirt. It is holding a cup of coffee in one hand and a book in the other. The chair is placed on a grassy area with a small table next to it, which has a lantern and a birdcage on it. The alligator appears to be in a relaxed, leisurely pose, suggesting a calm and peaceful setting. There is no visible text in the image.
rop pri belem dnevu	Naj se razumemo, nobenega dvoma ni o tem, da je bila Slovenija v ponedeljek žrtev sodniškega mrcvarjenja, pravega masakra, ropa pri belem dnevu .		47747322606.png	The image depicts a cartoon of a young boy riding a bicycle with a group of children running behind him. The boy is wearing an orange jersey with the number 104, a black helmet, and black shorts. He is holding a flag with orange and white checkered squares. The children are dressed in athletic attire with numbers on their chests, suggesting they are part of a race or competition. The setting appears to be a road or path with a yellow line down the middle. The style of the image is illustrative and colorful, with a focus on the characters and their actions.	87761201165.png	The image depicts an animated female character walking with two dogs on leashes. She is wearing a brown coat with a polka dot pattern, a scarf with a similar pattern, and a headband. The character has brown hair tied up in a bun and is smiling. The dogs are brown with black spots and are wearing orange collars. The character is also wearing black shoes. There is no visible text in the image. The style of the image is illustrative and cartoonish.	98949050286.png	The image is a digital illustration featuring two animated male characters. On the left, there is a character wearing an orange basketball uniform with the number 1 on the front, black shorts, and orange shoes. He has a beard and mustache, and his arms are outstretched with his palms facing upwards. On the right, there is a character dressed in a black uniform with orange accents, including a stripe on the sleeve and a logo on the chest. He is holding a basketball in his right hand and is holding up a red card with his left hand. The character has a beard and mustache, and his arms are raised with his left hand extended towards the other character. There is no visible text in the image. The style of the illustration is cartoonish with a limited color palette.	14697609063.png	The image is a cartoon illustration featuring two animated characters in a chase scene. The character on the left is wearing a brown suit, has a briefcase in one hand, and is carrying a bag with a dollar sign on it in the other. The character on the right is wearing an orange suit, has a briefcase in one hand, and is carrying a bag with a dollar sign on it in the other. Both characters are depicted in mid-run, with their hair disheveled and their expressions intense. They are running away from a brick building with a window, and there is a trail of money spilling out of the bags they are carrying. The background is dark, emphasizing the characters and their actions. There is no visible text in the image.	56617129426.png	"The image depicts an animated character, a man, in mid-run. He is wearing a suit with a striped pattern, a fedora hat, and glasses. The man has a mustache and is smiling. He is carrying a brown briefcase and has a bag of coins in his left hand. The character is running past a building with classical architecture, featuring columns and a pediment. The building has a sign that reads ""SKIN."" There are potted plants with orange flowers on the ground in front of the building. The background is a plain, light color."
rop pri belem dnevu	Najostrejši kritiki pravijo, da gre za čisto navaden rop pri belem dnevu , in zahtevajo preiskavo, ki bi pokazala tudi, koliko so v resnici vedeli vodilni politiki.		56617129426.png	"The image depicts an animated character, a man, in mid-run. He is wearing a suit with a striped pattern, a fedora hat, and glasses. The man has a mustache and is smiling. He is carrying a brown briefcase and has a bag of coins in his left hand. The character is running past a building with classical architecture, featuring columns and a pediment. The building has a sign that reads ""SKIN."" There are potted plants with orange flowers on the ground in front of the building. The background is a plain, light color."	87761201165.png	The image depicts an animated female character walking with two dogs on leashes. She is wearing a brown coat with a polka dot pattern, a scarf with a similar pattern, and a headband. The character has brown hair tied up in a bun and is smiling. The dogs are brown with black spots and are wearing orange collars. The character is also wearing black shoes. There is no visible text in the image. The style of the image is illustrative and cartoonish.	98949050286.png	The image is a digital illustration featuring two animated male characters. On the left, there is a character wearing an orange basketball uniform with the number 1 on the front, black shorts, and orange shoes. He has a beard and mustache, and his arms are outstretched with his palms facing upwards. On the right, there is a character dressed in a black uniform with orange accents, including a stripe on the sleeve and a logo on the chest. He is holding a basketball in his right hand and is holding up a red card with his left hand. The character has a beard and mustache, and his arms are raised with his left hand extended towards the other character. There is no visible text in the image. The style of the illustration is cartoonish with a limited color palette.	47747322606.png	The image depicts a cartoon of a young boy riding a bicycle with a group of children running behind him. The boy is wearing an orange jersey with the number 104, a black helmet, and black shorts. He is holding a flag with orange and white checkered squares. The children are dressed in athletic attire with numbers on their chests, suggesting they are part of a race or competition. The setting appears to be a road or path with a yellow line down the middle. The style of the image is illustrative and colorful, with a focus on the characters and their actions.	14697609063.png	The image is a cartoon illustration featuring two animated characters in a chase scene. The character on the left is wearing a brown suit, has a briefcase in one hand, and is carrying a bag with a dollar sign on it in the other. The character on the right is wearing an orange suit, has a briefcase in one hand, and is carrying a bag with a dollar sign on it in the other. Both characters are depicted in mid-run, with their hair disheveled and their expressions intense. They are running away from a brick building with a window, and there is a trail of money spilling out of the bags they are carrying. The background is dark, emphasizing the characters and their actions. There is no visible text in the image.
rop pri belem dnevu	Policija je potrdila, da se je rop pri belem dnevu zgodil na glavni ulici, tik pred banko.		98949050286.png	The image is a digital illustration featuring two animated male characters. On the left, there is a character wearing an orange basketball uniform with the number 1 on the front, black shorts, and orange shoes. He has a beard and mustache, and his arms are outstretched with his palms facing upwards. On the right, there is a character dressed in a black uniform with orange accents, including a stripe on the sleeve and a logo on the chest. He is holding a basketball in his right hand and is holding up a red card with his left hand. The character has a beard and mustache, and his arms are raised with his left hand extended towards the other character. There is no visible text in the image. The style of the illustration is cartoonish with a limited color palette.	56617129426.png	"The image depicts an animated character, a man, in mid-run. He is wearing a suit with a striped pattern, a fedora hat, and glasses. The man has a mustache and is smiling. He is carrying a brown briefcase and has a bag of coins in his left hand. The character is running past a building with classical architecture, featuring columns and a pediment. The building has a sign that reads ""SKIN."" There are potted plants with orange flowers on the ground in front of the building. The background is a plain, light color."	47747322606.png	The image depicts a cartoon of a young boy riding a bicycle with a group of children running behind him. The boy is wearing an orange jersey with the number 104, a black helmet, and black shorts. He is holding a flag with orange and white checkered squares. The children are dressed in athletic attire with numbers on their chests, suggesting they are part of a race or competition. The setting appears to be a road or path with a yellow line down the middle. The style of the image is illustrative and colorful, with a focus on the characters and their actions.	14697609063.png	The image is a cartoon illustration featuring two animated characters in a chase scene. The character on the left is wearing a brown suit, has a briefcase in one hand, and is carrying a bag with a dollar sign on it in the other. The character on the right is wearing an orange suit, has a briefcase in one hand, and is carrying a bag with a dollar sign on it in the other. Both characters are depicted in mid-run, with their hair disheveled and their expressions intense. They are running away from a brick building with a window, and there is a trail of money spilling out of the bags they are carrying. The background is dark, emphasizing the characters and their actions. There is no visible text in the image.	87761201165.png	The image depicts an animated female character walking with two dogs on leashes. She is wearing a brown coat with a polka dot pattern, a scarf with a similar pattern, and a headband. The character has brown hair tied up in a bun and is smiling. The dogs are brown with black spots and are wearing orange collars. The character is also wearing black shoes. There is no visible text in the image. The style of the image is illustrative and cartoonish.
rop pri belem dnevu	Posnetki kamer so jasno pokazali rop pri belem dnevu, ko sta storilca zbežala z vrečami denarja.		87761201165.png	The image depicts an animated female character walking with two dogs on leashes. She is wearing a brown coat with a polka dot pattern, a scarf with a similar pattern, and a headband. The character has brown hair tied up in a bun and is smiling. The dogs are brown with black spots and are wearing orange collars. The character is also wearing black shoes. There is no visible text in the image. The style of the image is illustrative and cartoonish.	56617129426.png	"The image depicts an animated character, a man, in mid-run. He is wearing a suit with a striped pattern, a fedora hat, and glasses. The man has a mustache and is smiling. He is carrying a brown briefcase and has a bag of coins in his left hand. The character is running past a building with classical architecture, featuring columns and a pediment. The building has a sign that reads ""SKIN."" There are potted plants with orange flowers on the ground in front of the building. The background is a plain, light color."	98949050286.png	The image is a digital illustration featuring two animated male characters. On the left, there is a character wearing an orange basketball uniform with the number 1 on the front, black shorts, and orange shoes. He has a beard and mustache, and his arms are outstretched with his palms facing upwards. On the right, there is a character dressed in a black uniform with orange accents, including a stripe on the sleeve and a logo on the chest. He is holding a basketball in his right hand and is holding up a red card with his left hand. The character has a beard and mustache, and his arms are raised with his left hand extended towards the other character. There is no visible text in the image. The style of the illustration is cartoonish with a limited color palette.	47747322606.png	The image depicts a cartoon of a young boy riding a bicycle with a group of children running behind him. The boy is wearing an orange jersey with the number 104, a black helmet, and black shorts. He is holding a flag with orange and white checkered squares. The children are dressed in athletic attire with numbers on their chests, suggesting they are part of a race or competition. The setting appears to be a road or path with a yellow line down the middle. The style of the image is illustrative and colorful, with a focus on the characters and their actions.	14697609063.png	The image is a cartoon illustration featuring two animated characters in a chase scene. The character on the left is wearing a brown suit, has a briefcase in one hand, and is carrying a bag with a dollar sign on it in the other. The character on the right is wearing an orange suit, has a briefcase in one hand, and is carrying a bag with a dollar sign on it in the other. Both characters are depicted in mid-run, with their hair disheveled and their expressions intense. They are running away from a brick building with a window, and there is a trail of money spilling out of the bags they are carrying. The background is dark, emphasizing the characters and their actions. There is no visible text in the image.
dimna zavesa	Kriza je sijajna dimna zavesa , za katero tečejo prerazporejanja moči in virov v imenu kapitalskih gospodarjev.		79085788802.png	The image depicts a single figure, likely a soldier, standing in the foreground with a backdrop of a dramatic sky filled with dark clouds and bright orange and yellow flames. The soldier is wearing a helmet and a backpack, and appears to be looking towards the fiery sky. The style of the image is illustrative, with a high level of detail and a realistic color palette. There is no visible text in the image.	34165612744.png	The image is a cartoon illustration featuring four men sitting around a table. The man on the right is standing and holding a gift box with a bow on top. He is smiling and appears to be presenting the gift to the group. The men are dressed in business attire, with ties visible on three of them. The table has a few items on it, including what looks like a cup and a glass. The setting suggests a formal or professional environment. There is no visible text in the image.	38434921813.png	The image depicts a stylized illustration of a brick chimney with a large, orange, cloud-like smoke or steam emanating from the top. The smoke is composed of numerous small, round shapes that give it a textured appearance. The chimney has a flat roof and is situated on a base that appears to be a simple, flat platform. There are a few small, orange plants or flowers growing at the base of the chimney. The background is plain white, which contrasts with the vibrant orange of the smoke and the darker tones of the chimney. There is no visible text in the image.	49101516099.png	The image shows a natural landscape featuring a river with flowing water. The riverbed is rocky with various sizes of rocks, some of which are orange and others are gray. The water appears calm with small ripples. On either side of the river, there are trees and vegetation, suggesting a forested area. The lighting suggests it could be either morning or late afternoon, given the soft, diffused light. There is no visible text in the image. The style of the image is a realistic photograph with a focus on the natural environment.	44390892019.png	The image is a digital illustration featuring a man standing on a stage with a microphone. He is dressed in a dark suit and is gesturing with his hands. The stage is set against a backdrop of a large crowd of people, all of whom appear to be attentively watching the speaker. The crowd is depicted in a simplified, cartoon-like style, with each individual represented by a single, stylized figure. The crowd is composed of a variety of characters, each with a unique hairstyle and clothing, suggesting a diverse group of people. The overall style of the image is reminiscent of a comic or graphic novel, with bold outlines and a limited color palette. There is no visible text in the image.
dimna zavesa	Toda ponujeni odstopi so bili bolj kot dejanje etike dimna zavesa , s katero so odgovorni želeli skriti svojo lastno odgovornost.		38434921813.png	The image depicts a stylized illustration of a brick chimney with a large, orange, cloud-like smoke or steam emanating from the top. The smoke is composed of numerous small, round shapes that give it a textured appearance. The chimney has a flat roof and is situated on a base that appears to be a simple, flat platform. There are a few small, orange plants or flowers growing at the base of the chimney. The background is plain white, which contrasts with the vibrant orange of the smoke and the darker tones of the chimney. There is no visible text in the image.	49101516099.png	The image shows a natural landscape featuring a river with flowing water. The riverbed is rocky with various sizes of rocks, some of which are orange and others are gray. The water appears calm with small ripples. On either side of the river, there are trees and vegetation, suggesting a forested area. The lighting suggests it could be either morning or late afternoon, given the soft, diffused light. There is no visible text in the image. The style of the image is a realistic photograph with a focus on the natural environment.	34165612744.png	The image is a cartoon illustration featuring four men sitting around a table. The man on the right is standing and holding a gift box with a bow on top. He is smiling and appears to be presenting the gift to the group. The men are dressed in business attire, with ties visible on three of them. The table has a few items on it, including what looks like a cup and a glass. The setting suggests a formal or professional environment. There is no visible text in the image.	79085788802.png	The image depicts a single figure, likely a soldier, standing in the foreground with a backdrop of a dramatic sky filled with dark clouds and bright orange and yellow flames. The soldier is wearing a helmet and a backpack, and appears to be looking towards the fiery sky. The style of the image is illustrative, with a high level of detail and a realistic color palette. There is no visible text in the image.	44390892019.png	The image is a digital illustration featuring a man standing on a stage with a microphone. He is dressed in a dark suit and is gesturing with his hands. The stage is set against a backdrop of a large crowd of people, all of whom appear to be attentively watching the speaker. The crowd is depicted in a simplified, cartoon-like style, with each individual represented by a single, stylized figure. The crowd is composed of a variety of characters, each with a unique hairstyle and clothing, suggesting a diverse group of people. The overall style of the image is reminiscent of a comic or graphic novel, with bold outlines and a limited color palette. There is no visible text in the image.
dimna zavesa	Za tajnost gibanja enot je bila predvidena skoraj sto kilometrov dolga dimna zavesa , najdaljša v tej vojni.		34165612744.png	The image is a cartoon illustration featuring four men sitting around a table. The man on the right is standing and holding a gift box with a bow on top. He is smiling and appears to be presenting the gift to the group. The men are dressed in business attire, with ties visible on three of them. The table has a few items on it, including what looks like a cup and a glass. The setting suggests a formal or professional environment. There is no visible text in the image.	38434921813.png	The image depicts a stylized illustration of a brick chimney with a large, orange, cloud-like smoke or steam emanating from the top. The smoke is composed of numerous small, round shapes that give it a textured appearance. The chimney has a flat roof and is situated on a base that appears to be a simple, flat platform. There are a few small, orange plants or flowers growing at the base of the chimney. The background is plain white, which contrasts with the vibrant orange of the smoke and the darker tones of the chimney. There is no visible text in the image.	44390892019.png	The image is a digital illustration featuring a man standing on a stage with a microphone. He is dressed in a dark suit and is gesturing with his hands. The stage is set against a backdrop of a large crowd of people, all of whom appear to be attentively watching the speaker. The crowd is depicted in a simplified, cartoon-like style, with each individual represented by a single, stylized figure. The crowd is composed of a variety of characters, each with a unique hairstyle and clothing, suggesting a diverse group of people. The overall style of the image is reminiscent of a comic or graphic novel, with bold outlines and a limited color palette. There is no visible text in the image.	79085788802.png	The image depicts a single figure, likely a soldier, standing in the foreground with a backdrop of a dramatic sky filled with dark clouds and bright orange and yellow flames. The soldier is wearing a helmet and a backpack, and appears to be looking towards the fiery sky. The style of the image is illustrative, with a high level of detail and a realistic color palette. There is no visible text in the image.	49101516099.png	The image shows a natural landscape featuring a river with flowing water. The riverbed is rocky with various sizes of rocks, some of which are orange and others are gray. The water appears calm with small ripples. On either side of the river, there are trees and vegetation, suggesting a forested area. The lighting suggests it could be either morning or late afternoon, given the soft, diffused light. There is no visible text in the image. The style of the image is a realistic photograph with a focus on the natural environment.
dimna zavesa	Ob tem se je sprožila dimna zavesa , ki je storilce očitno pregnala s kraja dejanja.		79085788802.png	The image depicts a single figure, likely a soldier, standing in the foreground with a backdrop of a dramatic sky filled with dark clouds and bright orange and yellow flames. The soldier is wearing a helmet and a backpack, and appears to be looking towards the fiery sky. The style of the image is illustrative, with a high level of detail and a realistic color palette. There is no visible text in the image.	44390892019.png	The image is a digital illustration featuring a man standing on a stage with a microphone. He is dressed in a dark suit and is gesturing with his hands. The stage is set against a backdrop of a large crowd of people, all of whom appear to be attentively watching the speaker. The crowd is depicted in a simplified, cartoon-like style, with each individual represented by a single, stylized figure. The crowd is composed of a variety of characters, each with a unique hairstyle and clothing, suggesting a diverse group of people. The overall style of the image is reminiscent of a comic or graphic novel, with bold outlines and a limited color palette. There is no visible text in the image.	38434921813.png	The image depicts a stylized illustration of a brick chimney with a large, orange, cloud-like smoke or steam emanating from the top. The smoke is composed of numerous small, round shapes that give it a textured appearance. The chimney has a flat roof and is situated on a base that appears to be a simple, flat platform. There are a few small, orange plants or flowers growing at the base of the chimney. The background is plain white, which contrasts with the vibrant orange of the smoke and the darker tones of the chimney. There is no visible text in the image.	49101516099.png	The image shows a natural landscape featuring a river with flowing water. The riverbed is rocky with various sizes of rocks, some of which are orange and others are gray. The water appears calm with small ripples. On either side of the river, there are trees and vegetation, suggesting a forested area. The lighting suggests it could be either morning or late afternoon, given the soft, diffused light. There is no visible text in the image. The style of the image is a realistic photograph with a focus on the natural environment.	34165612744.png	The image is a cartoon illustration featuring four men sitting around a table. The man on the right is standing and holding a gift box with a bow on top. He is smiling and appears to be presenting the gift to the group. The men are dressed in business attire, with ties visible on three of them. The table has a few items on it, including what looks like a cup and a glass. The setting suggests a formal or professional environment. There is no visible text in the image.
jutranja ptica	On je ponočnjak, ona jutranja ptica , pa kaj, se pač najdeta na kosilu.		44795737178.png	The image depicts an animated character, a young man, sitting at a desk with a computer monitor in front of him. He is wearing glasses and a patterned orange shirt. The character is using a computer keyboard and mouse, and there is a glass of water on the desk. To the right of the monitor, there is a potted plant and a small stack of books. The character is also wearing brown pants and white shoes. The background is plain and does not provide any additional context. There is no visible text in the image.	86521444528.png	"The image depicts an animated character lying in bed with their arms raised, as if reaching for something. The character has dark hair and is wearing a plaid shirt. The bed is large and orange, with a pattern that resembles a sun. On the bedside table, there is a cup of coffee with steam rising from it. To the right of the character, there is a clock with the time ""5:03"" displayed. The room has a window with a view of a cloudy sky and a setting sun. The overall style of the image is cartoonish and colorful."	84146800328.png	The image features a stylized, cartoon-like depiction of a tabby cat. The cat has a prominent orange and white coat with distinctive stripes. Its eyes are wide open, and it appears to be looking upwards and to the left. The cat's ears are pointed upwards, and its whiskers are visible. The background is a solid dark color, which contrasts with the lighter tones of the cat's fur. There is no visible text in the image. The style of the image is illustrative, with a focus on the cat's features and expressions.	41181007930.png	The image depicts a stylized, colorful illustration of a tropical landscape. In the foreground, there is a large, curved tree with a prominent orange bird perched on one of its branches. The bird has a black beak and a patterned tail. The background features a hazy, cloudy sky and a dense, lush forest with various shades of green, suggesting a misty or foggy environment. There are no visible texts in the image. The style of the illustration is reminiscent of a digital painting with a focus on vibrant colors and a serene, natural setting.	24709183026.png	"The image features two stylized birds on a branch. The larger bird, with orange feathers and a beak, is perched on the left side of the branch. It appears to be singing or calling out, as suggested by the open beak. Below the larger bird, on the right side of the branch, is a smaller bird, also with orange feathers, but with a closed beak. This smaller bird is depicted as sleeping or resting. The background is a simple, light beige color, and there is a small, circular, light brown element resembling a sun or moon in the upper right corner. The text ""ZZZ"" is placed next to the sleeping bird, indicating that it is resting. The overall style of the image is cartoonish and whimsical."
jutranja ptica	Marko Milić je jutranja ptica , vsak dan ga je moč okoli šeste srečati v njegovi četrti, kjer zjutraj sreba kavo.		86521444528.png	"The image depicts an animated character lying in bed with their arms raised, as if reaching for something. The character has dark hair and is wearing a plaid shirt. The bed is large and orange, with a pattern that resembles a sun. On the bedside table, there is a cup of coffee with steam rising from it. To the right of the character, there is a clock with the time ""5:03"" displayed. The room has a window with a view of a cloudy sky and a setting sun. The overall style of the image is cartoonish and colorful."	84146800328.png	The image features a stylized, cartoon-like depiction of a tabby cat. The cat has a prominent orange and white coat with distinctive stripes. Its eyes are wide open, and it appears to be looking upwards and to the left. The cat's ears are pointed upwards, and its whiskers are visible. The background is a solid dark color, which contrasts with the lighter tones of the cat's fur. There is no visible text in the image. The style of the image is illustrative, with a focus on the cat's features and expressions.	41181007930.png	The image depicts a stylized, colorful illustration of a tropical landscape. In the foreground, there is a large, curved tree with a prominent orange bird perched on one of its branches. The bird has a black beak and a patterned tail. The background features a hazy, cloudy sky and a dense, lush forest with various shades of green, suggesting a misty or foggy environment. There are no visible texts in the image. The style of the illustration is reminiscent of a digital painting with a focus on vibrant colors and a serene, natural setting.	24709183026.png	"The image features two stylized birds on a branch. The larger bird, with orange feathers and a beak, is perched on the left side of the branch. It appears to be singing or calling out, as suggested by the open beak. Below the larger bird, on the right side of the branch, is a smaller bird, also with orange feathers, but with a closed beak. This smaller bird is depicted as sleeping or resting. The background is a simple, light beige color, and there is a small, circular, light brown element resembling a sun or moon in the upper right corner. The text ""ZZZ"" is placed next to the sleeping bird, indicating that it is resting. The overall style of the image is cartoonish and whimsical."	44795737178.png	The image depicts an animated character, a young man, sitting at a desk with a computer monitor in front of him. He is wearing glasses and a patterned orange shirt. The character is using a computer keyboard and mouse, and there is a glass of water on the desk. To the right of the monitor, there is a potted plant and a small stack of books. The character is also wearing brown pants and white shoes. The background is plain and does not provide any additional context. There is no visible text in the image.
jutranja ptica	Prebudili vas bodo pesem jutranjih ptic, vonj smrekovih gozdov in posebna energija, ki vas bo napolnila za nov dan.		84146800328.png	The image features a stylized, cartoon-like depiction of a tabby cat. The cat has a prominent orange and white coat with distinctive stripes. Its eyes are wide open, and it appears to be looking upwards and to the left. The cat's ears are pointed upwards, and its whiskers are visible. The background is a solid dark color, which contrasts with the lighter tones of the cat's fur. There is no visible text in the image. The style of the image is illustrative, with a focus on the cat's features and expressions.	44795737178.png	The image depicts an animated character, a young man, sitting at a desk with a computer monitor in front of him. He is wearing glasses and a patterned orange shirt. The character is using a computer keyboard and mouse, and there is a glass of water on the desk. To the right of the monitor, there is a potted plant and a small stack of books. The character is also wearing brown pants and white shoes. The background is plain and does not provide any additional context. There is no visible text in the image.	41181007930.png	The image depicts a stylized, colorful illustration of a tropical landscape. In the foreground, there is a large, curved tree with a prominent orange bird perched on one of its branches. The bird has a black beak and a patterned tail. The background features a hazy, cloudy sky and a dense, lush forest with various shades of green, suggesting a misty or foggy environment. There are no visible texts in the image. The style of the illustration is reminiscent of a digital painting with a focus on vibrant colors and a serene, natural setting.	86521444528.png	"The image depicts an animated character lying in bed with their arms raised, as if reaching for something. The character has dark hair and is wearing a plaid shirt. The bed is large and orange, with a pattern that resembles a sun. On the bedside table, there is a cup of coffee with steam rising from it. To the right of the character, there is a clock with the time ""5:03"" displayed. The room has a window with a view of a cloudy sky and a setting sun. The overall style of the image is cartoonish and colorful."	24709183026.png	"The image features two stylized birds on a branch. The larger bird, with orange feathers and a beak, is perched on the left side of the branch. It appears to be singing or calling out, as suggested by the open beak. Below the larger bird, on the right side of the branch, is a smaller bird, also with orange feathers, but with a closed beak. This smaller bird is depicted as sleeping or resting. The background is a simple, light beige color, and there is a small, circular, light brown element resembling a sun or moon in the upper right corner. The text ""ZZZ"" is placed next to the sleeping bird, indicating that it is resting. The overall style of the image is cartoonish and whimsical."
jutranja ptica	Prepustite se harmoniji pisanih barv, omamnih vonjev razprtih cvetov in vabljivih zvokov jutranjih ptic in pridnih čebelc, ki hitijo pomagat kipeči naravi.		84146800328.png	The image features a stylized, cartoon-like depiction of a tabby cat. The cat has a prominent orange and white coat with distinctive stripes. Its eyes are wide open, and it appears to be looking upwards and to the left. The cat's ears are pointed upwards, and its whiskers are visible. The background is a solid dark color, which contrasts with the lighter tones of the cat's fur. There is no visible text in the image. The style of the image is illustrative, with a focus on the cat's features and expressions.	24709183026.png	"The image features two stylized birds on a branch. The larger bird, with orange feathers and a beak, is perched on the left side of the branch. It appears to be singing or calling out, as suggested by the open beak. Below the larger bird, on the right side of the branch, is a smaller bird, also with orange feathers, but with a closed beak. This smaller bird is depicted as sleeping or resting. The background is a simple, light beige color, and there is a small, circular, light brown element resembling a sun or moon in the upper right corner. The text ""ZZZ"" is placed next to the sleeping bird, indicating that it is resting. The overall style of the image is cartoonish and whimsical."	86521444528.png	"The image depicts an animated character lying in bed with their arms raised, as if reaching for something. The character has dark hair and is wearing a plaid shirt. The bed is large and orange, with a pattern that resembles a sun. On the bedside table, there is a cup of coffee with steam rising from it. To the right of the character, there is a clock with the time ""5:03"" displayed. The room has a window with a view of a cloudy sky and a setting sun. The overall style of the image is cartoonish and colorful."	41181007930.png	The image depicts a stylized, colorful illustration of a tropical landscape. In the foreground, there is a large, curved tree with a prominent orange bird perched on one of its branches. The bird has a black beak and a patterned tail. The background features a hazy, cloudy sky and a dense, lush forest with various shades of green, suggesting a misty or foggy environment. There are no visible texts in the image. The style of the illustration is reminiscent of a digital painting with a focus on vibrant colors and a serene, natural setting.	44795737178.png	The image depicts an animated character, a young man, sitting at a desk with a computer monitor in front of him. He is wearing glasses and a patterned orange shirt. The character is using a computer keyboard and mouse, and there is a glass of water on the desk. To the right of the monitor, there is a potted plant and a small stack of books. The character is also wearing brown pants and white shoes. The background is plain and does not provide any additional context. There is no visible text in the image.
paša za oči	Motorji pa so bili zagotovo prava paša za oči tudi za številne druge obiskovalce.		27222804089.png	The image depicts a silhouette of a person sitting on a grassy hillside during what appears to be sunset or sunrise. The person is facing away from the viewer, looking out towards a large, bright sun on the horizon. The sky is painted with warm hues of orange and red, blending into the darker tones of the silhouette. There are several birds in flight in the sky, adding a sense of movement to the scene. The person is wearing a dark top and shorts, and the grass is tall and green. There is no visible text in the image. The style of the image is illustrative, with a focus on the contrast between the dark silhouette and the vibrant sky.	50629013270.png	The image features two large, stylized eyes with a reflective surface, set against a backdrop of a grassy area with rocks and flowers. The eyes are positioned on either side of a simple wooden fence. The eyes are the central focus of the image, with their size and positioning them as the main subjects. The background elements provide context and a sense of environment, but they are secondary to the eyes. There is no visible text in the image. The style of the image is illustrative and appears to be digitally rendered.	22925639151.png	The image depicts a pastoral scene with a variety of cows grazing in a grassy field. The cows are illustrated in a cartoon-like style, with different shades of brown, black, and white, suggesting a range of breeds. They are spread out across the field, some standing, some grazing, and some looking towards the viewer. The field is enclosed by a simple wooden fence, and in the background, there are trees and a hint of a fence line. The overall atmosphere is peaceful and rural.	60579051996.png	The image depicts an animated scene. In the foreground, there is a character with dark hair, wearing a yellow top with polka dots and orange shoes, sitting on a large, orange couch. The character is facing away from the viewer, looking out at a vibrant underwater scene on a television screen. The screen displays a variety of colorful fish and coral, creating a lively and dynamic backdrop. The overall style of the image is cartoonish and whimsical.	34260742236.png	The image depicts a slice of pizza being lifted from a whole pizza. The pizza has a golden-brown crust and is topped with melted cheese, pepperoni slices, black olives, and green basil leaves. The slice being lifted has a generous amount of cheese stretching from it, and the crust is curled at the edges. The pizza is placed on a dark brown tray. There is no visible text in the image. The style of the image is illustrative, with a focus on vibrant colors and a cartoon-like quality.
paša za oči	Najbolje ocenjeni šarklji so bili postavljeni na ogled in so bili prava paša za oči .		60579051996.png	The image depicts an animated scene. In the foreground, there is a character with dark hair, wearing a yellow top with polka dots and orange shoes, sitting on a large, orange couch. The character is facing away from the viewer, looking out at a vibrant underwater scene on a television screen. The screen displays a variety of colorful fish and coral, creating a lively and dynamic backdrop. The overall style of the image is cartoonish and whimsical.	27222804089.png	The image depicts a silhouette of a person sitting on a grassy hillside during what appears to be sunset or sunrise. The person is facing away from the viewer, looking out towards a large, bright sun on the horizon. The sky is painted with warm hues of orange and red, blending into the darker tones of the silhouette. There are several birds in flight in the sky, adding a sense of movement to the scene. The person is wearing a dark top and shorts, and the grass is tall and green. There is no visible text in the image. The style of the image is illustrative, with a focus on the contrast between the dark silhouette and the vibrant sky.	50629013270.png	The image features two large, stylized eyes with a reflective surface, set against a backdrop of a grassy area with rocks and flowers. The eyes are positioned on either side of a simple wooden fence. The eyes are the central focus of the image, with their size and positioning them as the main subjects. The background elements provide context and a sense of environment, but they are secondary to the eyes. There is no visible text in the image. The style of the image is illustrative and appears to be digitally rendered.	34260742236.png	The image depicts a slice of pizza being lifted from a whole pizza. The pizza has a golden-brown crust and is topped with melted cheese, pepperoni slices, black olives, and green basil leaves. The slice being lifted has a generous amount of cheese stretching from it, and the crust is curled at the edges. The pizza is placed on a dark brown tray. There is no visible text in the image. The style of the image is illustrative, with a focus on vibrant colors and a cartoon-like quality.	22925639151.png	The image depicts a pastoral scene with a variety of cows grazing in a grassy field. The cows are illustrated in a cartoon-like style, with different shades of brown, black, and white, suggesting a range of breeds. They are spread out across the field, some standing, some grazing, and some looking towards the viewer. The field is enclosed by a simple wooden fence, and in the background, there are trees and a hint of a fence line. The overall atmosphere is peaceful and rural.
paša za oči	Po operaciji je zdravnik priporočil pašo za oči – miren pogled v naravo, brez zaslonov in umetne svetlobe.		27222804089.png	The image depicts a silhouette of a person sitting on a grassy hillside during what appears to be sunset or sunrise. The person is facing away from the viewer, looking out towards a large, bright sun on the horizon. The sky is painted with warm hues of orange and red, blending into the darker tones of the silhouette. There are several birds in flight in the sky, adding a sense of movement to the scene. The person is wearing a dark top and shorts, and the grass is tall and green. There is no visible text in the image. The style of the image is illustrative, with a focus on the contrast between the dark silhouette and the vibrant sky.	34260742236.png	The image depicts a slice of pizza being lifted from a whole pizza. The pizza has a golden-brown crust and is topped with melted cheese, pepperoni slices, black olives, and green basil leaves. The slice being lifted has a generous amount of cheese stretching from it, and the crust is curled at the edges. The pizza is placed on a dark brown tray. There is no visible text in the image. The style of the image is illustrative, with a focus on vibrant colors and a cartoon-like quality.	22925639151.png	The image depicts a pastoral scene with a variety of cows grazing in a grassy field. The cows are illustrated in a cartoon-like style, with different shades of brown, black, and white, suggesting a range of breeds. They are spread out across the field, some standing, some grazing, and some looking towards the viewer. The field is enclosed by a simple wooden fence, and in the background, there are trees and a hint of a fence line. The overall atmosphere is peaceful and rural.	50629013270.png	The image features two large, stylized eyes with a reflective surface, set against a backdrop of a grassy area with rocks and flowers. The eyes are positioned on either side of a simple wooden fence. The eyes are the central focus of the image, with their size and positioning them as the main subjects. The background elements provide context and a sense of environment, but they are secondary to the eyes. There is no visible text in the image. The style of the image is illustrative and appears to be digitally rendered.	60579051996.png	The image depicts an animated scene. In the foreground, there is a character with dark hair, wearing a yellow top with polka dots and orange shoes, sitting on a large, orange couch. The character is facing away from the viewer, looking out at a vibrant underwater scene on a television screen. The screen displays a variety of colorful fish and coral, creating a lively and dynamic backdrop. The overall style of the image is cartoonish and whimsical.
paša za oči	V znanstvenofantastičnem trilerju so oči ločili od teles in jih poslali na pašo za oči, da bi v tišini opazovale svet brez ljudi.		34260742236.png	The image depicts a slice of pizza being lifted from a whole pizza. The pizza has a golden-brown crust and is topped with melted cheese, pepperoni slices, black olives, and green basil leaves. The slice being lifted has a generous amount of cheese stretching from it, and the crust is curled at the edges. The pizza is placed on a dark brown tray. There is no visible text in the image. The style of the image is illustrative, with a focus on vibrant colors and a cartoon-like quality.	50629013270.png	The image features two large, stylized eyes with a reflective surface, set against a backdrop of a grassy area with rocks and flowers. The eyes are positioned on either side of a simple wooden fence. The eyes are the central focus of the image, with their size and positioning them as the main subjects. The background elements provide context and a sense of environment, but they are secondary to the eyes. There is no visible text in the image. The style of the image is illustrative and appears to be digitally rendered.	27222804089.png	The image depicts a silhouette of a person sitting on a grassy hillside during what appears to be sunset or sunrise. The person is facing away from the viewer, looking out towards a large, bright sun on the horizon. The sky is painted with warm hues of orange and red, blending into the darker tones of the silhouette. There are several birds in flight in the sky, adding a sense of movement to the scene. The person is wearing a dark top and shorts, and the grass is tall and green. There is no visible text in the image. The style of the image is illustrative, with a focus on the contrast between the dark silhouette and the vibrant sky.	60579051996.png	The image depicts an animated scene. In the foreground, there is a character with dark hair, wearing a yellow top with polka dots and orange shoes, sitting on a large, orange couch. The character is facing away from the viewer, looking out at a vibrant underwater scene on a television screen. The screen displays a variety of colorful fish and coral, creating a lively and dynamic backdrop. The overall style of the image is cartoonish and whimsical.	22925639151.png	The image depicts a pastoral scene with a variety of cows grazing in a grassy field. The cows are illustrated in a cartoon-like style, with different shades of brown, black, and white, suggesting a range of breeds. They are spread out across the field, some standing, some grazing, and some looking towards the viewer. The field is enclosed by a simple wooden fence, and in the background, there are trees and a hint of a fence line. The overall atmosphere is peaceful and rural.
grešni kozel	Kljub temu je videti, da je v begunski krizi Grčija postala grešni kozel za nemoč celotne EU.		87070126250.png	The image depicts a cartoon-style illustration of a large alligator lying in a body of water. The alligator is green with orange spots and has a wide, open mouth. It is surrounded by a few palm trees with green leaves and brown trunks. In the background, there is a cityscape with buildings that appear to be made of sand or a similar material, suggesting a desert or arid environment. The water is calm, and the alligator's reflection is visible on its surface. There is no visible text in the image.	73735296420.png	The image is a digital illustration featuring a stylized cartoon character. The character is a young male with curly hair, wearing an orange t-shirt and black pants with visible rips. He has a neutral expression and is standing with his hands in his pockets. The character is depicted from the waist up and is centered in the image.  Surrounding the character are four hands pointing towards him, suggesting a gesture of approval or selection. The hands are not detailed and are only shown from the wrist up. The background is plain white, which contrasts with the character and the hands, making them stand out. There is no visible text in the image. The style of the illustration is simple and clean, with a limited color palette and a flat design aesthetic.	22794131102.png	The image features a cartoon depiction of a goat. The goat is brown with white markings on its face and legs. It has long, curved horns and a bushy tail. The goat is in mid-air, jumping over a wooden fence with a striped orange and white sign attached to it. The sign has a red circle with a diagonal line through it, indicating a prohibition or warning. The background is plain white, emphasizing the goat and the fence.	82373351798.png	The image features a stylized, animated goat with a prominent, curved horn. The goat has a fluffy, orange-brown coat and a white face with a brown nose. Its eyes are large and expressive, and it has a small, white beard. The goat is standing on all fours, with its front legs slightly forward, and its tail is curled up. The background is a plain, light gray color, providing a neutral backdrop that highlights the goat. There is no visible text in the image.	88518891097.png	The image depicts an animated character, an older man with a beard, wearing an orange prison jumpsuit and sitting in a black metal cell. He has his arms crossed and is looking down with a contemplative expression. The background is plain white, emphasizing the subject. There is no visible text in the image.
grešni kozel	Da je Bruselj, predvsem komisija, za domače vlade kot nekakšen grešni kozel , je že tako stara zgodba.		22794131102.png	The image features a cartoon depiction of a goat. The goat is brown with white markings on its face and legs. It has long, curved horns and a bushy tail. The goat is in mid-air, jumping over a wooden fence with a striped orange and white sign attached to it. The sign has a red circle with a diagonal line through it, indicating a prohibition or warning. The background is plain white, emphasizing the goat and the fence.	73735296420.png	The image is a digital illustration featuring a stylized cartoon character. The character is a young male with curly hair, wearing an orange t-shirt and black pants with visible rips. He has a neutral expression and is standing with his hands in his pockets. The character is depicted from the waist up and is centered in the image.  Surrounding the character are four hands pointing towards him, suggesting a gesture of approval or selection. The hands are not detailed and are only shown from the wrist up. The background is plain white, which contrasts with the character and the hands, making them stand out. There is no visible text in the image. The style of the illustration is simple and clean, with a limited color palette and a flat design aesthetic.	87070126250.png	The image depicts a cartoon-style illustration of a large alligator lying in a body of water. The alligator is green with orange spots and has a wide, open mouth. It is surrounded by a few palm trees with green leaves and brown trunks. In the background, there is a cityscape with buildings that appear to be made of sand or a similar material, suggesting a desert or arid environment. The water is calm, and the alligator's reflection is visible on its surface. There is no visible text in the image.	88518891097.png	The image depicts an animated character, an older man with a beard, wearing an orange prison jumpsuit and sitting in a black metal cell. He has his arms crossed and is looking down with a contemplative expression. The background is plain white, emphasizing the subject. There is no visible text in the image.	82373351798.png	The image features a stylized, animated goat with a prominent, curved horn. The goat has a fluffy, orange-brown coat and a white face with a brown nose. Its eyes are large and expressive, and it has a small, white beard. The goat is standing on all fours, with its front legs slightly forward, and its tail is curled up. The background is a plain, light gray color, providing a neutral backdrop that highlights the goat. There is no visible text in the image.
grešni kozel	V starodavnem obredu so na polje spustili grešnega kozla, obloženega s simboli vseh zločinov vasi.		22794131102.png	The image features a cartoon depiction of a goat. The goat is brown with white markings on its face and legs. It has long, curved horns and a bushy tail. The goat is in mid-air, jumping over a wooden fence with a striped orange and white sign attached to it. The sign has a red circle with a diagonal line through it, indicating a prohibition or warning. The background is plain white, emphasizing the goat and the fence.	73735296420.png	The image is a digital illustration featuring a stylized cartoon character. The character is a young male with curly hair, wearing an orange t-shirt and black pants with visible rips. He has a neutral expression and is standing with his hands in his pockets. The character is depicted from the waist up and is centered in the image.  Surrounding the character are four hands pointing towards him, suggesting a gesture of approval or selection. The hands are not detailed and are only shown from the wrist up. The background is plain white, which contrasts with the character and the hands, making them stand out. There is no visible text in the image. The style of the illustration is simple and clean, with a limited color palette and a flat design aesthetic.	88518891097.png	The image depicts an animated character, an older man with a beard, wearing an orange prison jumpsuit and sitting in a black metal cell. He has his arms crossed and is looking down with a contemplative expression. The background is plain white, emphasizing the subject. There is no visible text in the image.	82373351798.png	The image features a stylized, animated goat with a prominent, curved horn. The goat has a fluffy, orange-brown coat and a white face with a brown nose. Its eyes are large and expressive, and it has a small, white beard. The goat is standing on all fours, with its front legs slightly forward, and its tail is curled up. The background is a plain, light gray color, providing a neutral backdrop that highlights the goat. There is no visible text in the image.	87070126250.png	The image depicts a cartoon-style illustration of a large alligator lying in a body of water. The alligator is green with orange spots and has a wide, open mouth. It is surrounded by a few palm trees with green leaves and brown trunks. In the background, there is a cityscape with buildings that appear to be made of sand or a similar material, suggesting a desert or arid environment. The water is calm, and the alligator's reflection is visible on its surface. There is no visible text in the image.
grešni kozel	Na kmetiji so imeli grešnega kozla, ki je nenehno bežal iz staje in se zaganjal v vse, kar se je premikalo.		87070126250.png	The image depicts a cartoon-style illustration of a large alligator lying in a body of water. The alligator is green with orange spots and has a wide, open mouth. It is surrounded by a few palm trees with green leaves and brown trunks. In the background, there is a cityscape with buildings that appear to be made of sand or a similar material, suggesting a desert or arid environment. The water is calm, and the alligator's reflection is visible on its surface. There is no visible text in the image.	22794131102.png	The image features a cartoon depiction of a goat. The goat is brown with white markings on its face and legs. It has long, curved horns and a bushy tail. The goat is in mid-air, jumping over a wooden fence with a striped orange and white sign attached to it. The sign has a red circle with a diagonal line through it, indicating a prohibition or warning. The background is plain white, emphasizing the goat and the fence.	82373351798.png	The image features a stylized, animated goat with a prominent, curved horn. The goat has a fluffy, orange-brown coat and a white face with a brown nose. Its eyes are large and expressive, and it has a small, white beard. The goat is standing on all fours, with its front legs slightly forward, and its tail is curled up. The background is a plain, light gray color, providing a neutral backdrop that highlights the goat. There is no visible text in the image.	88518891097.png	The image depicts an animated character, an older man with a beard, wearing an orange prison jumpsuit and sitting in a black metal cell. He has his arms crossed and is looking down with a contemplative expression. The background is plain white, emphasizing the subject. There is no visible text in the image.	73735296420.png	The image is a digital illustration featuring a stylized cartoon character. The character is a young male with curly hair, wearing an orange t-shirt and black pants with visible rips. He has a neutral expression and is standing with his hands in his pockets. The character is depicted from the waist up and is centered in the image.  Surrounding the character are four hands pointing towards him, suggesting a gesture of approval or selection. The hands are not detailed and are only shown from the wrist up. The background is plain white, which contrasts with the character and the hands, making them stand out. There is no visible text in the image. The style of the illustration is simple and clean, with a limited color palette and a flat design aesthetic.
riba na suhem	Eddie se počuti kot riba na suhem in se težko prilagaja novemu okolju.		70566639579.png	The image is a digital illustration featuring a group of animated characters. In the foreground, there is a man with glasses and a black shirt, standing with his arms crossed. He is looking to the side with a neutral expression. Behind him, there are several animated female characters, each wearing a colorful, fluffy dress with a different pattern and color. They are dancing or posing with one leg raised, and some are holding what appears to be a flower in their hair. The characters have exaggerated features typical of animated styles, such as large eyes and stylized hair. There is no visible text in the image. The style of the illustration is cartoonish and whimsical, with a focus on bright colors and a playful atmosphere.	24589884999.png	The image shows a large, lifelike fish with a patterned body and orange fins, lying on a wooden surface. The fish appears to be a type of bass, with a prominent mouth and eyes. In the background, there is a small pond with lily pads and orange flowers floating on the water's surface. To the left of the fish, there is a small wooden planter with orange flowers. The overall setting suggests a still life composition, possibly for artistic or decorative purposes. The lighting is soft and even, highlighting the textures of the fish and the wooden surface.	22006891232.png	The image shows a group of trout swimming in a shallow, rocky water body. The trout are orange and brown with darker spots and fins. They are surrounded by small, round rocks and pebbles. The water appears calm, and the trout are swimming in a school, with some closer to the viewer and others further away. The background is a darker shade of water, suggesting depth. There is no visible text in the image. The style of the image is a realistic photograph with a focus on the aquatic life and the underwater environment.	73284087270.png	The image features a stylized, cartoon-like depiction of a panda bear. The panda is sitting on its hind legs, holding a branch with green leaves in its paws. It has a white face with black ears and eyes, and its body is black with white limbs. The panda is wearing an orange scarf around its neck. The background is plain white, providing a stark contrast to the panda and the branch. There is no visible text in the image.	13792780178.png	The image depicts a group of five animated characters, likely representing a business meeting. They are seated around a rectangular table, which has a few items on it, including what appears to be a laptop, a cup, and some papers. The characters are dressed in business attire, with the man on the far left wearing glasses and a suit, while the others are in suits and ties. The man on the far right is wearing glasses and a white t-shirt with a logo on it. The characters are smiling and seem to be engaged in a discussion. The background is plain and does not provide any additional context.
riba na suhem	Cosmo namig: Brez denarja se boš v takšnem mestu počutila kot riba na suhem .		24589884999.png	The image shows a large, lifelike fish with a patterned body and orange fins, lying on a wooden surface. The fish appears to be a type of bass, with a prominent mouth and eyes. In the background, there is a small pond with lily pads and orange flowers floating on the water's surface. To the left of the fish, there is a small wooden planter with orange flowers. The overall setting suggests a still life composition, possibly for artistic or decorative purposes. The lighting is soft and even, highlighting the textures of the fish and the wooden surface.	13792780178.png	The image depicts a group of five animated characters, likely representing a business meeting. They are seated around a rectangular table, which has a few items on it, including what appears to be a laptop, a cup, and some papers. The characters are dressed in business attire, with the man on the far left wearing glasses and a suit, while the others are in suits and ties. The man on the far right is wearing glasses and a white t-shirt with a logo on it. The characters are smiling and seem to be engaged in a discussion. The background is plain and does not provide any additional context.	70566639579.png	The image is a digital illustration featuring a group of animated characters. In the foreground, there is a man with glasses and a black shirt, standing with his arms crossed. He is looking to the side with a neutral expression. Behind him, there are several animated female characters, each wearing a colorful, fluffy dress with a different pattern and color. They are dancing or posing with one leg raised, and some are holding what appears to be a flower in their hair. The characters have exaggerated features typical of animated styles, such as large eyes and stylized hair. There is no visible text in the image. The style of the illustration is cartoonish and whimsical, with a focus on bright colors and a playful atmosphere.	73284087270.png	The image features a stylized, cartoon-like depiction of a panda bear. The panda is sitting on its hind legs, holding a branch with green leaves in its paws. It has a white face with black ears and eyes, and its body is black with white limbs. The panda is wearing an orange scarf around its neck. The background is plain white, providing a stark contrast to the panda and the branch. There is no visible text in the image.	22006891232.png	The image shows a group of trout swimming in a shallow, rocky water body. The trout are orange and brown with darker spots and fins. They are surrounded by small, round rocks and pebbles. The water appears calm, and the trout are swimming in a school, with some closer to the viewer and others further away. The background is a darker shade of water, suggesting depth. There is no visible text in the image. The style of the image is a realistic photograph with a focus on the aquatic life and the underwater environment.
riba na suhem	To je potekalo čisto samodejno, tako kot pogine riba na suhem ali kot se stopi sneg na soncu.		24589884999.png	The image shows a large, lifelike fish with a patterned body and orange fins, lying on a wooden surface. The fish appears to be a type of bass, with a prominent mouth and eyes. In the background, there is a small pond with lily pads and orange flowers floating on the water's surface. To the left of the fish, there is a small wooden planter with orange flowers. The overall setting suggests a still life composition, possibly for artistic or decorative purposes. The lighting is soft and even, highlighting the textures of the fish and the wooden surface.	73284087270.png	The image features a stylized, cartoon-like depiction of a panda bear. The panda is sitting on its hind legs, holding a branch with green leaves in its paws. It has a white face with black ears and eyes, and its body is black with white limbs. The panda is wearing an orange scarf around its neck. The background is plain white, providing a stark contrast to the panda and the branch. There is no visible text in the image.	13792780178.png	The image depicts a group of five animated characters, likely representing a business meeting. They are seated around a rectangular table, which has a few items on it, including what appears to be a laptop, a cup, and some papers. The characters are dressed in business attire, with the man on the far left wearing glasses and a suit, while the others are in suits and ties. The man on the far right is wearing glasses and a white t-shirt with a logo on it. The characters are smiling and seem to be engaged in a discussion. The background is plain and does not provide any additional context.	70566639579.png	The image is a digital illustration featuring a group of animated characters. In the foreground, there is a man with glasses and a black shirt, standing with his arms crossed. He is looking to the side with a neutral expression. Behind him, there are several animated female characters, each wearing a colorful, fluffy dress with a different pattern and color. They are dancing or posing with one leg raised, and some are holding what appears to be a flower in their hair. The characters have exaggerated features typical of animated styles, such as large eyes and stylized hair. There is no visible text in the image. The style of the illustration is cartoonish and whimsical, with a focus on bright colors and a playful atmosphere.	22006891232.png	The image shows a group of trout swimming in a shallow, rocky water body. The trout are orange and brown with darker spots and fins. They are surrounded by small, round rocks and pebbles. The water appears calm, and the trout are swimming in a school, with some closer to the viewer and others further away. The background is a darker shade of water, suggesting depth. There is no visible text in the image. The style of the image is a realistic photograph with a focus on the aquatic life and the underwater environment.
riba na suhem	Po neurju so v plitvinah obtičale številne ribe na suhem, bleščeče in nemočne pod žgočim soncem.		13792780178.png	The image depicts a group of five animated characters, likely representing a business meeting. They are seated around a rectangular table, which has a few items on it, including what appears to be a laptop, a cup, and some papers. The characters are dressed in business attire, with the man on the far left wearing glasses and a suit, while the others are in suits and ties. The man on the far right is wearing glasses and a white t-shirt with a logo on it. The characters are smiling and seem to be engaged in a discussion. The background is plain and does not provide any additional context.	24589884999.png	The image shows a large, lifelike fish with a patterned body and orange fins, lying on a wooden surface. The fish appears to be a type of bass, with a prominent mouth and eyes. In the background, there is a small pond with lily pads and orange flowers floating on the water's surface. To the left of the fish, there is a small wooden planter with orange flowers. The overall setting suggests a still life composition, possibly for artistic or decorative purposes. The lighting is soft and even, highlighting the textures of the fish and the wooden surface.	70566639579.png	The image is a digital illustration featuring a group of animated characters. In the foreground, there is a man with glasses and a black shirt, standing with his arms crossed. He is looking to the side with a neutral expression. Behind him, there are several animated female characters, each wearing a colorful, fluffy dress with a different pattern and color. They are dancing or posing with one leg raised, and some are holding what appears to be a flower in their hair. The characters have exaggerated features typical of animated styles, such as large eyes and stylized hair. There is no visible text in the image. The style of the illustration is cartoonish and whimsical, with a focus on bright colors and a playful atmosphere.	22006891232.png	The image shows a group of trout swimming in a shallow, rocky water body. The trout are orange and brown with darker spots and fins. They are surrounded by small, round rocks and pebbles. The water appears calm, and the trout are swimming in a school, with some closer to the viewer and others further away. The background is a darker shade of water, suggesting depth. There is no visible text in the image. The style of the image is a realistic photograph with a focus on the aquatic life and the underwater environment.	73284087270.png	The image features a stylized, cartoon-like depiction of a panda bear. The panda is sitting on its hind legs, holding a branch with green leaves in its paws. It has a white face with black ears and eyes, and its body is black with white limbs. The panda is wearing an orange scarf around its neck. The background is plain white, providing a stark contrast to the panda and the branch. There is no visible text in the image.
bolšji trg	Stare smuči je mogoče zdaj najti na bolšjem trgu , zanje pa boste odšteli približno sto evrov.		76877833342.png	The image depicts a stylized illustration of a house with a wooden fence in front. The house has a black roof and a white exterior. On the fence, there are various items including a red flower pot, a black grill, a wooden chair, a wooden table, and a cardboard box. To the right of the house, there is a black trash can. In front of the house, there is a pile of items including a cardboard box, a wooden chair, a wooden table, a black grill, a red flower pot, a wooden fence post, a wooden plank, a black trash can, and a toy car. The items are arranged in a somewhat haphazard manner, suggesting a scene of disorganization or perhaps a yard sale. There is no visible text in the image.	34545061398.png	The image depicts a modern retail store interior. There are three glass panels that form the storefront, each with a different color gradient: orange, red, and black. Inside the store, there are mannequins displaying a variety of clothing items, including jackets, dresses, and pants. The mannequins are dressed in a mix of black, red, and orange outfits.  On the right side of the image, there is a female mannequin wearing a black dress and red shoes, standing in front of a display of clothing. The mannequins are positioned on a beige floor, and the store has a clean, minimalist aesthetic. The lighting is bright, with recessed lights in the ceiling providing illumination. There is no visible text in the image.	50601602088.png	The image depicts a stylized illustration of a jumping spider. The spider has a prominent orange head with large, black eyes, and a brown body covered in small, orange spots. Its legs are extended outward, and it appears to be in mid-air, suggesting a sense of motion. The background is plain white, which contrasts with the spider's vivid colors. There is no visible text in the image.	57777875238.png	The image depicts a three-tiered bookshelf filled with a variety of books. The books are arranged in a somewhat haphazard manner, with some stacked horizontally and others standing upright. The bookshelf has a dark brown finish and is set against a white background.  On the top shelf, there are several books with visible titles and spines, including what appears to be a large, open book that is partially obscured by other books. The middle shelf contains a mix of books, with some standing upright and others lying flat. There is also a small figurine of a bird perched on one of the books.  The bottom shelf is densely packed with books, with some stacked in a way that they are almost falling off the shelf. There is a small, red-orange object that resembles a vase or a container with a handle, placed among the books.  The image is a digital illustration with a realistic style, and there are no visible texts or brands that provide additional context or information.	24808581219.png	The image depicts an anthropomorphic creature with a large, round body and a small head, standing upright on two legs. The creature has a pair of large, expressive eyes and a small mouth. It is holding two orange fruits in its hands. The creature is standing under a canopy with a beige awning, which is supported by two wooden poles. The canopy is adorned with three hanging lanterns. Below the canopy, there is a table with a variety of fresh fruits and vegetables, including oranges, apples, and leafy greens. The table is covered with a striped tablecloth. The ground beneath the table is made of gray stones. The overall style of the image is illustrative and cartoonish.
bolšji trg	V tujih deželah najraje obiskuje tržnice in bolšje trge .		34545061398.png	The image depicts a modern retail store interior. There are three glass panels that form the storefront, each with a different color gradient: orange, red, and black. Inside the store, there are mannequins displaying a variety of clothing items, including jackets, dresses, and pants. The mannequins are dressed in a mix of black, red, and orange outfits.  On the right side of the image, there is a female mannequin wearing a black dress and red shoes, standing in front of a display of clothing. The mannequins are positioned on a beige floor, and the store has a clean, minimalist aesthetic. The lighting is bright, with recessed lights in the ceiling providing illumination. There is no visible text in the image.	57777875238.png	The image depicts a three-tiered bookshelf filled with a variety of books. The books are arranged in a somewhat haphazard manner, with some stacked horizontally and others standing upright. The bookshelf has a dark brown finish and is set against a white background.  On the top shelf, there are several books with visible titles and spines, including what appears to be a large, open book that is partially obscured by other books. The middle shelf contains a mix of books, with some standing upright and others lying flat. There is also a small figurine of a bird perched on one of the books.  The bottom shelf is densely packed with books, with some stacked in a way that they are almost falling off the shelf. There is a small, red-orange object that resembles a vase or a container with a handle, placed among the books.  The image is a digital illustration with a realistic style, and there are no visible texts or brands that provide additional context or information.	50601602088.png	The image depicts a stylized illustration of a jumping spider. The spider has a prominent orange head with large, black eyes, and a brown body covered in small, orange spots. Its legs are extended outward, and it appears to be in mid-air, suggesting a sense of motion. The background is plain white, which contrasts with the spider's vivid colors. There is no visible text in the image.	76877833342.png	The image depicts a stylized illustration of a house with a wooden fence in front. The house has a black roof and a white exterior. On the fence, there are various items including a red flower pot, a black grill, a wooden chair, a wooden table, and a cardboard box. To the right of the house, there is a black trash can. In front of the house, there is a pile of items including a cardboard box, a wooden chair, a wooden table, a black grill, a red flower pot, a wooden fence post, a wooden plank, a black trash can, and a toy car. The items are arranged in a somewhat haphazard manner, suggesting a scene of disorganization or perhaps a yard sale. There is no visible text in the image.	24808581219.png	The image depicts an anthropomorphic creature with a large, round body and a small head, standing upright on two legs. The creature has a pair of large, expressive eyes and a small mouth. It is holding two orange fruits in its hands. The creature is standing under a canopy with a beige awning, which is supported by two wooden poles. The canopy is adorned with three hanging lanterns. Below the canopy, there is a table with a variety of fresh fruits and vegetables, including oranges, apples, and leafy greens. The table is covered with a striped tablecloth. The ground beneath the table is made of gray stones. The overall style of the image is illustrative and cartoonish.
bolšji trg	Poleti je bil hlev videti kot pravi bolšji trg, saj so se bolhe razmnožile med žagovino in senom.		76877833342.png	The image depicts a stylized illustration of a house with a wooden fence in front. The house has a black roof and a white exterior. On the fence, there are various items including a red flower pot, a black grill, a wooden chair, a wooden table, and a cardboard box. To the right of the house, there is a black trash can. In front of the house, there is a pile of items including a cardboard box, a wooden chair, a wooden table, a black grill, a red flower pot, a wooden fence post, a wooden plank, a black trash can, and a toy car. The items are arranged in a somewhat haphazard manner, suggesting a scene of disorganization or perhaps a yard sale. There is no visible text in the image.	24808581219.png	The image depicts an anthropomorphic creature with a large, round body and a small head, standing upright on two legs. The creature has a pair of large, expressive eyes and a small mouth. It is holding two orange fruits in its hands. The creature is standing under a canopy with a beige awning, which is supported by two wooden poles. The canopy is adorned with three hanging lanterns. Below the canopy, there is a table with a variety of fresh fruits and vegetables, including oranges, apples, and leafy greens. The table is covered with a striped tablecloth. The ground beneath the table is made of gray stones. The overall style of the image is illustrative and cartoonish.	34545061398.png	The image depicts a modern retail store interior. There are three glass panels that form the storefront, each with a different color gradient: orange, red, and black. Inside the store, there are mannequins displaying a variety of clothing items, including jackets, dresses, and pants. The mannequins are dressed in a mix of black, red, and orange outfits.  On the right side of the image, there is a female mannequin wearing a black dress and red shoes, standing in front of a display of clothing. The mannequins are positioned on a beige floor, and the store has a clean, minimalist aesthetic. The lighting is bright, with recessed lights in the ceiling providing illumination. There is no visible text in the image.	50601602088.png	The image depicts a stylized illustration of a jumping spider. The spider has a prominent orange head with large, black eyes, and a brown body covered in small, orange spots. Its legs are extended outward, and it appears to be in mid-air, suggesting a sense of motion. The background is plain white, which contrasts with the spider's vivid colors. There is no visible text in the image.	57777875238.png	The image depicts a three-tiered bookshelf filled with a variety of books. The books are arranged in a somewhat haphazard manner, with some stacked horizontally and others standing upright. The bookshelf has a dark brown finish and is set against a white background.  On the top shelf, there are several books with visible titles and spines, including what appears to be a large, open book that is partially obscured by other books. The middle shelf contains a mix of books, with some standing upright and others lying flat. There is also a small figurine of a bird perched on one of the books.  The bottom shelf is densely packed with books, with some stacked in a way that they are almost falling off the shelf. There is a small, red-orange object that resembles a vase or a container with a handle, placed among the books.  The image is a digital illustration with a realistic style, and there are no visible texts or brands that provide additional context or information.
bolšji trg	Mačke so se držale stran od podstrešja, ker je bil tam pravi bolšji trg – tisoče bolh je skakalo po starih preprogah.		76877833342.png	The image depicts a stylized illustration of a house with a wooden fence in front. The house has a black roof and a white exterior. On the fence, there are various items including a red flower pot, a black grill, a wooden chair, a wooden table, and a cardboard box. To the right of the house, there is a black trash can. In front of the house, there is a pile of items including a cardboard box, a wooden chair, a wooden table, a black grill, a red flower pot, a wooden fence post, a wooden plank, a black trash can, and a toy car. The items are arranged in a somewhat haphazard manner, suggesting a scene of disorganization or perhaps a yard sale. There is no visible text in the image.	24808581219.png	The image depicts an anthropomorphic creature with a large, round body and a small head, standing upright on two legs. The creature has a pair of large, expressive eyes and a small mouth. It is holding two orange fruits in its hands. The creature is standing under a canopy with a beige awning, which is supported by two wooden poles. The canopy is adorned with three hanging lanterns. Below the canopy, there is a table with a variety of fresh fruits and vegetables, including oranges, apples, and leafy greens. The table is covered with a striped tablecloth. The ground beneath the table is made of gray stones. The overall style of the image is illustrative and cartoonish.	57777875238.png	The image depicts a three-tiered bookshelf filled with a variety of books. The books are arranged in a somewhat haphazard manner, with some stacked horizontally and others standing upright. The bookshelf has a dark brown finish and is set against a white background.  On the top shelf, there are several books with visible titles and spines, including what appears to be a large, open book that is partially obscured by other books. The middle shelf contains a mix of books, with some standing upright and others lying flat. There is also a small figurine of a bird perched on one of the books.  The bottom shelf is densely packed with books, with some stacked in a way that they are almost falling off the shelf. There is a small, red-orange object that resembles a vase or a container with a handle, placed among the books.  The image is a digital illustration with a realistic style, and there are no visible texts or brands that provide additional context or information.	50601602088.png	The image depicts a stylized illustration of a jumping spider. The spider has a prominent orange head with large, black eyes, and a brown body covered in small, orange spots. Its legs are extended outward, and it appears to be in mid-air, suggesting a sense of motion. The background is plain white, which contrasts with the spider's vivid colors. There is no visible text in the image.	34545061398.png	The image depicts a modern retail store interior. There are three glass panels that form the storefront, each with a different color gradient: orange, red, and black. Inside the store, there are mannequins displaying a variety of clothing items, including jackets, dresses, and pants. The mannequins are dressed in a mix of black, red, and orange outfits.  On the right side of the image, there is a female mannequin wearing a black dress and red shoes, standing in front of a display of clothing. The mannequins are positioned on a beige floor, and the store has a clean, minimalist aesthetic. The lighting is bright, with recessed lights in the ceiling providing illumination. There is no visible text in the image.
otrok cvetja	Sama izhajam iz generacije otrok cvetja in že v mladih letih sem bila priča umiranju številnih vrstnikov zaradi mamil.		69350419648.png	The image features a stylized, animated character with long, dark hair that flows behind her. She has a fair complexion and is wearing a black, ruffled garment with a high collar. The character has a neutral expression with a hint of a smile, and her eyes are a deep red color. The background is plain and white, which contrasts with the dark tones of the character's attire and hair. There is no visible text in the image.	27747557771.png	The image is a stylized illustration of a man's head and upper torso. The man has a prominent nose, mustache, and goatee, and is wearing glasses with a thick black frame. His hair is styled in a way that it appears to be floating or levitating above his head. The hair is adorned with various objects such as feathers, beads, and what looks like a small, orange, spherical object.  The background is dark with a gradient that transitions from black at the top to a dark gray at the bottom. There are white and orange elements scattered throughout the background, including a large, white, crescent moon, a small, white, star, and a red, circular object that resembles a planet or a sun. The man is also wearing a black vest with a patterned shirt underneath.  The overall style of the image is whimsical and artistic, with a focus on vibrant colors and intricate details. There is no visible text in the image.	21333395420.png	The image features a collection of daisies with white petals and orange centers, set against a white background. The daisies are arranged in a cluster, with some facing the viewer and others turned to the side. The stems of the daisies are green and appear to be growing from a patch of green grass. The overall style of the image is a digital illustration with a three-dimensional effect, giving the daisies a lifelike appearance. There is no visible text in the image.	59534126009.png	The image depicts a young boy sitting on a grassy field with a tree in the foreground. The tree has a full canopy with orange leaves and a few red berries. The boy is wearing an orange striped shirt and is engrossed in reading a book. There are a few black birds flying in the sky above him. The background is a soft, light blue with a few scattered clouds. The overall style of the image is illustrative with a warm color palette.	27750646392.png	The image features a cartoon-style character with brown hair and a smiling face. The character is wearing a yellow t-shirt with a heart on it and a brown skirt. On the character's head is a large, orange sunflower with a green stem and leaves. The character is also wearing brown shoes with white laces. The background is plain white.
otrok cvetja	Starša sta bila Angleža, ki sta v Amsterdam prišla v času otrok cvetja in tam tudi ostala.		27747557771.png	The image is a stylized illustration of a man's head and upper torso. The man has a prominent nose, mustache, and goatee, and is wearing glasses with a thick black frame. His hair is styled in a way that it appears to be floating or levitating above his head. The hair is adorned with various objects such as feathers, beads, and what looks like a small, orange, spherical object.  The background is dark with a gradient that transitions from black at the top to a dark gray at the bottom. There are white and orange elements scattered throughout the background, including a large, white, crescent moon, a small, white, star, and a red, circular object that resembles a planet or a sun. The man is also wearing a black vest with a patterned shirt underneath.  The overall style of the image is whimsical and artistic, with a focus on vibrant colors and intricate details. There is no visible text in the image.	27750646392.png	The image features a cartoon-style character with brown hair and a smiling face. The character is wearing a yellow t-shirt with a heart on it and a brown skirt. On the character's head is a large, orange sunflower with a green stem and leaves. The character is also wearing brown shoes with white laces. The background is plain white.	69350419648.png	The image features a stylized, animated character with long, dark hair that flows behind her. She has a fair complexion and is wearing a black, ruffled garment with a high collar. The character has a neutral expression with a hint of a smile, and her eyes are a deep red color. The background is plain and white, which contrasts with the dark tones of the character's attire and hair. There is no visible text in the image.	21333395420.png	The image features a collection of daisies with white petals and orange centers, set against a white background. The daisies are arranged in a cluster, with some facing the viewer and others turned to the side. The stems of the daisies are green and appear to be growing from a patch of green grass. The overall style of the image is a digital illustration with a three-dimensional effect, giving the daisies a lifelike appearance. There is no visible text in the image.	59534126009.png	The image depicts a young boy sitting on a grassy field with a tree in the foreground. The tree has a full canopy with orange leaves and a few red berries. The boy is wearing an orange striped shirt and is engrossed in reading a book. There are a few black birds flying in the sky above him. The background is a soft, light blue with a few scattered clouds. The overall style of the image is illustrative with a warm color palette.
otrok cvetja	V pravljici se rodi otrok cvetja, ki zraste iz cvetnega popka ob prvem jutranjem soncu.		21333395420.png	The image features a collection of daisies with white petals and orange centers, set against a white background. The daisies are arranged in a cluster, with some facing the viewer and others turned to the side. The stems of the daisies are green and appear to be growing from a patch of green grass. The overall style of the image is a digital illustration with a three-dimensional effect, giving the daisies a lifelike appearance. There is no visible text in the image.	27747557771.png	The image is a stylized illustration of a man's head and upper torso. The man has a prominent nose, mustache, and goatee, and is wearing glasses with a thick black frame. His hair is styled in a way that it appears to be floating or levitating above his head. The hair is adorned with various objects such as feathers, beads, and what looks like a small, orange, spherical object.  The background is dark with a gradient that transitions from black at the top to a dark gray at the bottom. There are white and orange elements scattered throughout the background, including a large, white, crescent moon, a small, white, star, and a red, circular object that resembles a planet or a sun. The man is also wearing a black vest with a patterned shirt underneath.  The overall style of the image is whimsical and artistic, with a focus on vibrant colors and intricate details. There is no visible text in the image.	59534126009.png	The image depicts a young boy sitting on a grassy field with a tree in the foreground. The tree has a full canopy with orange leaves and a few red berries. The boy is wearing an orange striped shirt and is engrossed in reading a book. There are a few black birds flying in the sky above him. The background is a soft, light blue with a few scattered clouds. The overall style of the image is illustrative with a warm color palette.	27750646392.png	The image features a cartoon-style character with brown hair and a smiling face. The character is wearing a yellow t-shirt with a heart on it and a brown skirt. On the character's head is a large, orange sunflower with a green stem and leaves. The character is also wearing brown shoes with white laces. The background is plain white.	69350419648.png	The image features a stylized, animated character with long, dark hair that flows behind her. She has a fair complexion and is wearing a black, ruffled garment with a high collar. The character has a neutral expression with a hint of a smile, and her eyes are a deep red color. The background is plain and white, which contrasts with the dark tones of the character's attire and hair. There is no visible text in the image.
otrok cvetja	Med cvetočimi travami je spala deklica, pravi otrok cvetja, rojena sredi pomladi.		59534126009.png	The image depicts a young boy sitting on a grassy field with a tree in the foreground. The tree has a full canopy with orange leaves and a few red berries. The boy is wearing an orange striped shirt and is engrossed in reading a book. There are a few black birds flying in the sky above him. The background is a soft, light blue with a few scattered clouds. The overall style of the image is illustrative with a warm color palette.	21333395420.png	The image features a collection of daisies with white petals and orange centers, set against a white background. The daisies are arranged in a cluster, with some facing the viewer and others turned to the side. The stems of the daisies are green and appear to be growing from a patch of green grass. The overall style of the image is a digital illustration with a three-dimensional effect, giving the daisies a lifelike appearance. There is no visible text in the image.	27750646392.png	The image features a cartoon-style character with brown hair and a smiling face. The character is wearing a yellow t-shirt with a heart on it and a brown skirt. On the character's head is a large, orange sunflower with a green stem and leaves. The character is also wearing brown shoes with white laces. The background is plain white.	27747557771.png	The image is a stylized illustration of a man's head and upper torso. The man has a prominent nose, mustache, and goatee, and is wearing glasses with a thick black frame. His hair is styled in a way that it appears to be floating or levitating above his head. The hair is adorned with various objects such as feathers, beads, and what looks like a small, orange, spherical object.  The background is dark with a gradient that transitions from black at the top to a dark gray at the bottom. There are white and orange elements scattered throughout the background, including a large, white, crescent moon, a small, white, star, and a red, circular object that resembles a planet or a sun. The man is also wearing a black vest with a patterned shirt underneath.  The overall style of the image is whimsical and artistic, with a focus on vibrant colors and intricate details. There is no visible text in the image.	69350419648.png	The image features a stylized, animated character with long, dark hair that flows behind her. She has a fair complexion and is wearing a black, ruffled garment with a high collar. The character has a neutral expression with a hint of a smile, and her eyes are a deep red color. The background is plain and white, which contrasts with the dark tones of the character's attire and hair. There is no visible text in the image.
leteči krožnik	Iranski znanstveniki trdijo, da so izdelali leteči krožnik , poroča tamkajšnja državna tiskovna agencija.		41484898505.png	The image depicts a stylized illustration of a dining scene. There is a round, orange plate with a white center on a wooden table. To the right of the plate, there is a clear glass filled with a white liquid, possibly water. Beside the glass, there is a brown spoon and a brown fork, both resting on the table. The table has a natural wood grain texture. The background is a plain, light gray color. There is no visible text in the image. The style of the illustration is cartoonish and simplistic, with a focus on the objects rather than realistic detailing.	50486689352.png	The image features a stylized, cartoonish character with a large, round head and big, black eyes. The character has a small, smiling mouth and a simple, yellowish body with two arms and two legs. The character is standing upright with its arms crossed and its legs slightly apart. The background is plain white, emphasizing the character. There is no visible text in the image.	32989840500.png	The image depicts a stylized, futuristic flying saucer with a glowing orange rim, set against a backdrop of white clouds. The saucer is centrally positioned and appears to be emitting a bright light from its underside. The overall style of the image is illustrative and has a three-dimensional appearance. There is no visible text in the image.	32088179418.png	The image shows a stylized, modern turntable with a minimalist design. The turntable is predominantly orange with a black platter and a silver tonearm. The tonearm is positioned over the platter, and there is a single cartridge attached to it. The turntable is equipped with two control knobs on the left side, one for speed adjustment and the other for volume or track selection. The background is a plain, light color, providing a high-contrast backdrop that emphasizes the turntable. There is no visible text in the image. The style of the image is a clean, digital rendering with a focus on the product's design and features.	13456350817.png	The image features a white plate with a serrated edge, which is tilted at an angle and appears to be defying gravity, as it floats above a flat surface. The plate is set against a light blue background with a few scattered clouds. The plate's shadow is cast on the surface below, creating a sense of depth. The image is a digital illustration with a clean and minimalist aesthetic.
leteči krožnik	Tamkajšnji prebivalci so najprej opazili nekakšne marsovčke, potem je nad mestno bolnišnico krožil še leteči krožnik .		32989840500.png	The image depicts a stylized, futuristic flying saucer with a glowing orange rim, set against a backdrop of white clouds. The saucer is centrally positioned and appears to be emitting a bright light from its underside. The overall style of the image is illustrative and has a three-dimensional appearance. There is no visible text in the image.	41484898505.png	The image depicts a stylized illustration of a dining scene. There is a round, orange plate with a white center on a wooden table. To the right of the plate, there is a clear glass filled with a white liquid, possibly water. Beside the glass, there is a brown spoon and a brown fork, both resting on the table. The table has a natural wood grain texture. The background is a plain, light gray color. There is no visible text in the image. The style of the illustration is cartoonish and simplistic, with a focus on the objects rather than realistic detailing.	50486689352.png	The image features a stylized, cartoonish character with a large, round head and big, black eyes. The character has a small, smiling mouth and a simple, yellowish body with two arms and two legs. The character is standing upright with its arms crossed and its legs slightly apart. The background is plain white, emphasizing the character. There is no visible text in the image.	32088179418.png	The image shows a stylized, modern turntable with a minimalist design. The turntable is predominantly orange with a black platter and a silver tonearm. The tonearm is positioned over the platter, and there is a single cartridge attached to it. The turntable is equipped with two control knobs on the left side, one for speed adjustment and the other for volume or track selection. The background is a plain, light color, providing a high-contrast backdrop that emphasizes the turntable. There is no visible text in the image. The style of the image is a clean, digital rendering with a focus on the product's design and features.	13456350817.png	The image features a white plate with a serrated edge, which is tilted at an angle and appears to be defying gravity, as it floats above a flat surface. The plate is set against a light blue background with a few scattered clouds. The plate's shadow is cast on the surface below, creating a sense of depth. The image is a digital illustration with a clean and minimalist aesthetic.
leteči krožnik	Leteči krožniki napovedujejo skorajšnje razdrtje zakona.		32088179418.png	The image shows a stylized, modern turntable with a minimalist design. The turntable is predominantly orange with a black platter and a silver tonearm. The tonearm is positioned over the platter, and there is a single cartridge attached to it. The turntable is equipped with two control knobs on the left side, one for speed adjustment and the other for volume or track selection. The background is a plain, light color, providing a high-contrast backdrop that emphasizes the turntable. There is no visible text in the image. The style of the image is a clean, digital rendering with a focus on the product's design and features.	41484898505.png	The image depicts a stylized illustration of a dining scene. There is a round, orange plate with a white center on a wooden table. To the right of the plate, there is a clear glass filled with a white liquid, possibly water. Beside the glass, there is a brown spoon and a brown fork, both resting on the table. The table has a natural wood grain texture. The background is a plain, light gray color. There is no visible text in the image. The style of the illustration is cartoonish and simplistic, with a focus on the objects rather than realistic detailing.	32989840500.png	The image depicts a stylized, futuristic flying saucer with a glowing orange rim, set against a backdrop of white clouds. The saucer is centrally positioned and appears to be emitting a bright light from its underside. The overall style of the image is illustrative and has a three-dimensional appearance. There is no visible text in the image.	50486689352.png	The image features a stylized, cartoonish character with a large, round head and big, black eyes. The character has a small, smiling mouth and a simple, yellowish body with two arms and two legs. The character is standing upright with its arms crossed and its legs slightly apart. The background is plain white, emphasizing the character. There is no visible text in the image.	13456350817.png	The image features a white plate with a serrated edge, which is tilted at an angle and appears to be defying gravity, as it floats above a flat surface. The plate is set against a light blue background with a few scattered clouds. The plate's shadow is cast on the surface below, creating a sense of depth. The image is a digital illustration with a clean and minimalist aesthetic.
leteči krožnik	Med pomivanjem je spodrsnilo, in kuhinjo so preleteli pravi leteči krožniki.		32989840500.png	The image depicts a stylized, futuristic flying saucer with a glowing orange rim, set against a backdrop of white clouds. The saucer is centrally positioned and appears to be emitting a bright light from its underside. The overall style of the image is illustrative and has a three-dimensional appearance. There is no visible text in the image.	50486689352.png	The image features a stylized, cartoonish character with a large, round head and big, black eyes. The character has a small, smiling mouth and a simple, yellowish body with two arms and two legs. The character is standing upright with its arms crossed and its legs slightly apart. The background is plain white, emphasizing the character. There is no visible text in the image.	32088179418.png	The image shows a stylized, modern turntable with a minimalist design. The turntable is predominantly orange with a black platter and a silver tonearm. The tonearm is positioned over the platter, and there is a single cartridge attached to it. The turntable is equipped with two control knobs on the left side, one for speed adjustment and the other for volume or track selection. The background is a plain, light color, providing a high-contrast backdrop that emphasizes the turntable. There is no visible text in the image. The style of the image is a clean, digital rendering with a focus on the product's design and features.	13456350817.png	The image features a white plate with a serrated edge, which is tilted at an angle and appears to be defying gravity, as it floats above a flat surface. The plate is set against a light blue background with a few scattered clouds. The plate's shadow is cast on the surface below, creating a sense of depth. The image is a digital illustration with a clean and minimalist aesthetic.	41484898505.png	The image depicts a stylized illustration of a dining scene. There is a round, orange plate with a white center on a wooden table. To the right of the plate, there is a clear glass filled with a white liquid, possibly water. Beside the glass, there is a brown spoon and a brown fork, both resting on the table. The table has a natural wood grain texture. The background is a plain, light gray color. There is no visible text in the image. The style of the illustration is cartoonish and simplistic, with a focus on the objects rather than realistic detailing.
freudovski spodrsljaj	Zanimiv je freudovski spodrsljaj novinarke ABC News, ki je med hvaljenjem albuma, Beyoncé zamenjala za Madonno.		24548880275.png	The image depicts an animated character, an older man with white hair and a mustache, wearing glasses and a suit with a tie. He is in mid-air, falling to the right, with his left hand extended as if reaching for something. The man's suit is brown, and he is wearing brown shoes. There is no visible text in the image. The style of the image is cartoonish and appears to be a digital illustration.	23705384655.png	The image depicts a stylized, animated character of a man playing an electric guitar. He has a beard and mustache, and is wearing a patterned orange shirt, dark pants, and orange shoes with white soles. The character is seated on a chair with his eyes closed, suggesting he is in a relaxed state while playing the guitar. The guitar has a pick in its strings and is held by the character's hands. The background is plain white, emphasizing the character and the guitar. There is no visible text in the image.	95691091620.png	The image is a digital illustration featuring two animated characters. On the left is a male character with short brown hair, wearing a black t-shirt and brown pants. He has a surprised expression with wide eyes and a slightly open mouth. On the right is a female character with brown hair tied in a bun, wearing an orange blouse and black pants. She has a hand covering her mouth, suggesting she is suppressing a laugh or reacting with surprise. Between the two characters is a speech bubble with a simple face, indicating a thought or conversation between them. The background is plain white, emphasizing the characters.	44949167615.png	The image depicts an animated character, a young woman with brown hair tied in a bun, wearing an orange top and black pants. She is in a dynamic pose, with her left arm extended outward and her right arm bent at the elbow, holding a black bag. Her left leg is extended behind her, while her right leg is bent at the knee, with her right foot raised in the air. The character's facial expression is one of surprise or shock. The background is plain white, emphasizing the character. There is no visible text in the image.	93049769381.png	The image is an illustration of a soccer goalkeeper in a crouched position, with his hands on his face, appearing to be in distress or frustration. He is wearing an orange soccer uniform with black gloves and black boots. The goalkeeper is in front of a soccer goal, which is a standard design with a net stretched across the frame. The background is a dark, indistinct area that suggests a stadium or field setting. There is no visible text in the image. The style of the illustration is detailed and realistic, with shading and highlights that give depth to the scene.
freudovski spodrsljaj	Oni dan se mi je zgodil freudovski spodrsljaj, razlaga prvi.		93049769381.png	The image is an illustration of a soccer goalkeeper in a crouched position, with his hands on his face, appearing to be in distress or frustration. He is wearing an orange soccer uniform with black gloves and black boots. The goalkeeper is in front of a soccer goal, which is a standard design with a net stretched across the frame. The background is a dark, indistinct area that suggests a stadium or field setting. There is no visible text in the image. The style of the illustration is detailed and realistic, with shading and highlights that give depth to the scene.	44949167615.png	The image depicts an animated character, a young woman with brown hair tied in a bun, wearing an orange top and black pants. She is in a dynamic pose, with her left arm extended outward and her right arm bent at the elbow, holding a black bag. Her left leg is extended behind her, while her right leg is bent at the knee, with her right foot raised in the air. The character's facial expression is one of surprise or shock. The background is plain white, emphasizing the character. There is no visible text in the image.	23705384655.png	The image depicts a stylized, animated character of a man playing an electric guitar. He has a beard and mustache, and is wearing a patterned orange shirt, dark pants, and orange shoes with white soles. The character is seated on a chair with his eyes closed, suggesting he is in a relaxed state while playing the guitar. The guitar has a pick in its strings and is held by the character's hands. The background is plain white, emphasizing the character and the guitar. There is no visible text in the image.	95691091620.png	The image is a digital illustration featuring two animated characters. On the left is a male character with short brown hair, wearing a black t-shirt and brown pants. He has a surprised expression with wide eyes and a slightly open mouth. On the right is a female character with brown hair tied in a bun, wearing an orange blouse and black pants. She has a hand covering her mouth, suggesting she is suppressing a laugh or reacting with surprise. Between the two characters is a speech bubble with a simple face, indicating a thought or conversation between them. The background is plain white, emphasizing the characters.	24548880275.png	The image depicts an animated character, an older man with white hair and a mustache, wearing glasses and a suit with a tie. He is in mid-air, falling to the right, with his left hand extended as if reaching for something. The man's suit is brown, and he is wearing brown shoes. There is no visible text in the image. The style of the image is cartoonish and appears to be a digital illustration.
freudovski spodrsljaj	V muzeju je kustos po nesreči spodrsnil pred Freudovim kipom – obiskovalci so se pošalili, da je to pravi freudovski spodrsljaj.		23705384655.png	The image depicts a stylized, animated character of a man playing an electric guitar. He has a beard and mustache, and is wearing a patterned orange shirt, dark pants, and orange shoes with white soles. The character is seated on a chair with his eyes closed, suggesting he is in a relaxed state while playing the guitar. The guitar has a pick in its strings and is held by the character's hands. The background is plain white, emphasizing the character and the guitar. There is no visible text in the image.	95691091620.png	The image is a digital illustration featuring two animated characters. On the left is a male character with short brown hair, wearing a black t-shirt and brown pants. He has a surprised expression with wide eyes and a slightly open mouth. On the right is a female character with brown hair tied in a bun, wearing an orange blouse and black pants. She has a hand covering her mouth, suggesting she is suppressing a laugh or reacting with surprise. Between the two characters is a speech bubble with a simple face, indicating a thought or conversation between them. The background is plain white, emphasizing the characters.	24548880275.png	The image depicts an animated character, an older man with white hair and a mustache, wearing glasses and a suit with a tie. He is in mid-air, falling to the right, with his left hand extended as if reaching for something. The man's suit is brown, and he is wearing brown shoes. There is no visible text in the image. The style of the image is cartoonish and appears to be a digital illustration.	93049769381.png	The image is an illustration of a soccer goalkeeper in a crouched position, with his hands on his face, appearing to be in distress or frustration. He is wearing an orange soccer uniform with black gloves and black boots. The goalkeeper is in front of a soccer goal, which is a standard design with a net stretched across the frame. The background is a dark, indistinct area that suggests a stadium or field setting. There is no visible text in the image. The style of the illustration is detailed and realistic, with shading and highlights that give depth to the scene.	44949167615.png	The image depicts an animated character, a young woman with brown hair tied in a bun, wearing an orange top and black pants. She is in a dynamic pose, with her left arm extended outward and her right arm bent at the elbow, holding a black bag. Her left leg is extended behind her, while her right leg is bent at the knee, with her right foot raised in the air. The character's facial expression is one of surprise or shock. The background is plain white, emphasizing the character. There is no visible text in the image.
freudovski spodrsljaj	Med sprehodom po zasneženem Dunaju je Freudu zdrsnilo na ledu – pozneje so časopisi dogodek hudomušno poimenovali freudovski spodrsljaj.		24548880275.png	The image depicts an animated character, an older man with white hair and a mustache, wearing glasses and a suit with a tie. He is in mid-air, falling to the right, with his left hand extended as if reaching for something. The man's suit is brown, and he is wearing brown shoes. There is no visible text in the image. The style of the image is cartoonish and appears to be a digital illustration.	95691091620.png	The image is a digital illustration featuring two animated characters. On the left is a male character with short brown hair, wearing a black t-shirt and brown pants. He has a surprised expression with wide eyes and a slightly open mouth. On the right is a female character with brown hair tied in a bun, wearing an orange blouse and black pants. She has a hand covering her mouth, suggesting she is suppressing a laugh or reacting with surprise. Between the two characters is a speech bubble with a simple face, indicating a thought or conversation between them. The background is plain white, emphasizing the characters.	23705384655.png	The image depicts a stylized, animated character of a man playing an electric guitar. He has a beard and mustache, and is wearing a patterned orange shirt, dark pants, and orange shoes with white soles. The character is seated on a chair with his eyes closed, suggesting he is in a relaxed state while playing the guitar. The guitar has a pick in its strings and is held by the character's hands. The background is plain white, emphasizing the character and the guitar. There is no visible text in the image.	44949167615.png	The image depicts an animated character, a young woman with brown hair tied in a bun, wearing an orange top and black pants. She is in a dynamic pose, with her left arm extended outward and her right arm bent at the elbow, holding a black bag. Her left leg is extended behind her, while her right leg is bent at the knee, with her right foot raised in the air. The character's facial expression is one of surprise or shock. The background is plain white, emphasizing the character. There is no visible text in the image.	93049769381.png	The image is an illustration of a soccer goalkeeper in a crouched position, with his hands on his face, appearing to be in distress or frustration. He is wearing an orange soccer uniform with black gloves and black boots. The goalkeeper is in front of a soccer goal, which is a standard design with a net stretched across the frame. The background is a dark, indistinct area that suggests a stadium or field setting. There is no visible text in the image. The style of the illustration is detailed and realistic, with shading and highlights that give depth to the scene.
bojni načrt	Treba si je pripraviti učni bojni načrt za novo šolsko leto.		47618508843.png	"The image depicts an animated character, a man with a mustache and glasses, dressed in a military uniform. He is standing in front of a map with a pointer, indicating a specific location. To his left, there is a smaller figure, also in military attire, holding a rifle and looking up at the man. The man is pointing to a location on the map, which is labeled ""Mexico."" The overall style of the image is cartoonish and appears to be a stylized representation of a military officer giving directions or discussing a strategic point."	27100322575.png	The image is a cartoon illustration of a classroom setting. At the front of the room, there is a teacher standing and pointing at a blackboard with a graph and a line graph on it. The teacher is wearing glasses, a suit, and a tie. Behind the teacher, there is a wooden desk.  In the foreground, there are five students sitting in chairs. They are all facing the teacher and the blackboard. The students are dressed in casual attire, and their expressions are neutral. The room has a whiteboard background, and there is no visible text in the image. The style of the image is simplistic and colorful, typical of educational or instructional materials.	89398156223.png	The image depicts a cartoon illustration of a basketball coaching session. A man, presumably the coach, stands at the front of the court, holding a clipboard and pointing at a diagram on a whiteboard. He is dressed in a suit with an orange tie and is wearing black shoes. The coach is gesturing with his right hand.  Four young players are seated on the court, attentively watching the coach. They are wearing matching orange basketball uniforms with the number 70 on the back. The court has a checkered pattern, and the players are sitting on black chairs. The background is plain white, emphasizing the action on the court. There is no visible text in the image.	17823100958.png	The image depicts a cartoon-style illustration of a young girl with red hair styled in a bun. She is wearing a yellow shirt with orange sleeves, brown shorts, and orange shoes. The girl is holding a map in her hands and appears to be looking at it with a smile. She has a backpack on her back and a small plant in her left hand.  In the background, there is a stylized representation of a cityscape with buildings and trees. The girl is standing on a platform that has a small flag on top. The overall style of the image is whimsical and colorful, with a focus on the girl and her exploration of the map.	44769960646.png	The image depicts an open book with pages that are falling out, creating a dynamic sense of movement. The book is predominantly white with orange accents, and it is set against a gray background. The pages are illustrated with a textured pattern that resembles a map or a complex network. The book is tilted to the right, and the pages are depicted in a three-dimensional perspective, giving the impression that they are being flung outward. There is a small green plant at the bottom of the image, which contrasts with the otherwise monochromatic color scheme. The image does not contain any visible text. The style of the illustration is whimsical and artistic, with a focus on the interplay of color and form.
bojni načrt	Za nič kaj lepo diagnozo je komaj dobro izvedela, a je že sestavila bojni načrt .		44769960646.png	The image depicts an open book with pages that are falling out, creating a dynamic sense of movement. The book is predominantly white with orange accents, and it is set against a gray background. The pages are illustrated with a textured pattern that resembles a map or a complex network. The book is tilted to the right, and the pages are depicted in a three-dimensional perspective, giving the impression that they are being flung outward. There is a small green plant at the bottom of the image, which contrasts with the otherwise monochromatic color scheme. The image does not contain any visible text. The style of the illustration is whimsical and artistic, with a focus on the interplay of color and form.	17823100958.png	The image depicts a cartoon-style illustration of a young girl with red hair styled in a bun. She is wearing a yellow shirt with orange sleeves, brown shorts, and orange shoes. The girl is holding a map in her hands and appears to be looking at it with a smile. She has a backpack on her back and a small plant in her left hand.  In the background, there is a stylized representation of a cityscape with buildings and trees. The girl is standing on a platform that has a small flag on top. The overall style of the image is whimsical and colorful, with a focus on the girl and her exploration of the map.	27100322575.png	The image is a cartoon illustration of a classroom setting. At the front of the room, there is a teacher standing and pointing at a blackboard with a graph and a line graph on it. The teacher is wearing glasses, a suit, and a tie. Behind the teacher, there is a wooden desk.  In the foreground, there are five students sitting in chairs. They are all facing the teacher and the blackboard. The students are dressed in casual attire, and their expressions are neutral. The room has a whiteboard background, and there is no visible text in the image. The style of the image is simplistic and colorful, typical of educational or instructional materials.	89398156223.png	The image depicts a cartoon illustration of a basketball coaching session. A man, presumably the coach, stands at the front of the court, holding a clipboard and pointing at a diagram on a whiteboard. He is dressed in a suit with an orange tie and is wearing black shoes. The coach is gesturing with his right hand.  Four young players are seated on the court, attentively watching the coach. They are wearing matching orange basketball uniforms with the number 70 on the back. The court has a checkered pattern, and the players are sitting on black chairs. The background is plain white, emphasizing the action on the court. There is no visible text in the image.	47618508843.png	"The image depicts an animated character, a man with a mustache and glasses, dressed in a military uniform. He is standing in front of a map with a pointer, indicating a specific location. To his left, there is a smaller figure, also in military attire, holding a rifle and looking up at the man. The man is pointing to a location on the map, which is labeled ""Mexico."" The overall style of the image is cartoonish and appears to be a stylized representation of a military officer giving directions or discussing a strategic point."
bojni načrt	Malce pred sončnim zahodom je kralj v svojem šotoru sklical vojni svet in razložil svoj bojni načrt .		89398156223.png	The image depicts a cartoon illustration of a basketball coaching session. A man, presumably the coach, stands at the front of the court, holding a clipboard and pointing at a diagram on a whiteboard. He is dressed in a suit with an orange tie and is wearing black shoes. The coach is gesturing with his right hand.  Four young players are seated on the court, attentively watching the coach. They are wearing matching orange basketball uniforms with the number 70 on the back. The court has a checkered pattern, and the players are sitting on black chairs. The background is plain white, emphasizing the action on the court. There is no visible text in the image.	17823100958.png	The image depicts a cartoon-style illustration of a young girl with red hair styled in a bun. She is wearing a yellow shirt with orange sleeves, brown shorts, and orange shoes. The girl is holding a map in her hands and appears to be looking at it with a smile. She has a backpack on her back and a small plant in her left hand.  In the background, there is a stylized representation of a cityscape with buildings and trees. The girl is standing on a platform that has a small flag on top. The overall style of the image is whimsical and colorful, with a focus on the girl and her exploration of the map.	27100322575.png	The image is a cartoon illustration of a classroom setting. At the front of the room, there is a teacher standing and pointing at a blackboard with a graph and a line graph on it. The teacher is wearing glasses, a suit, and a tie. Behind the teacher, there is a wooden desk.  In the foreground, there are five students sitting in chairs. They are all facing the teacher and the blackboard. The students are dressed in casual attire, and their expressions are neutral. The room has a whiteboard background, and there is no visible text in the image. The style of the image is simplistic and colorful, typical of educational or instructional materials.	47618508843.png	"The image depicts an animated character, a man with a mustache and glasses, dressed in a military uniform. He is standing in front of a map with a pointer, indicating a specific location. To his left, there is a smaller figure, also in military attire, holding a rifle and looking up at the man. The man is pointing to a location on the map, which is labeled ""Mexico."" The overall style of the image is cartoonish and appears to be a stylized representation of a military officer giving directions or discussing a strategic point."	44769960646.png	The image depicts an open book with pages that are falling out, creating a dynamic sense of movement. The book is predominantly white with orange accents, and it is set against a gray background. The pages are illustrated with a textured pattern that resembles a map or a complex network. The book is tilted to the right, and the pages are depicted in a three-dimensional perspective, giving the impression that they are being flung outward. There is a small green plant at the bottom of the image, which contrasts with the otherwise monochromatic color scheme. The image does not contain any visible text. The style of the illustration is whimsical and artistic, with a focus on the interplay of color and form.
bojni načrt	Junija 1939 so v nemškem generalštabu izdelali bojni načrt za pohod na Poljsko in ga poimenovali s kodnim imenom »Zadeva Belo« (Fall Weiss).		89398156223.png	The image depicts a cartoon illustration of a basketball coaching session. A man, presumably the coach, stands at the front of the court, holding a clipboard and pointing at a diagram on a whiteboard. He is dressed in a suit with an orange tie and is wearing black shoes. The coach is gesturing with his right hand.  Four young players are seated on the court, attentively watching the coach. They are wearing matching orange basketball uniforms with the number 70 on the back. The court has a checkered pattern, and the players are sitting on black chairs. The background is plain white, emphasizing the action on the court. There is no visible text in the image.	44769960646.png	The image depicts an open book with pages that are falling out, creating a dynamic sense of movement. The book is predominantly white with orange accents, and it is set against a gray background. The pages are illustrated with a textured pattern that resembles a map or a complex network. The book is tilted to the right, and the pages are depicted in a three-dimensional perspective, giving the impression that they are being flung outward. There is a small green plant at the bottom of the image, which contrasts with the otherwise monochromatic color scheme. The image does not contain any visible text. The style of the illustration is whimsical and artistic, with a focus on the interplay of color and form.	27100322575.png	The image is a cartoon illustration of a classroom setting. At the front of the room, there is a teacher standing and pointing at a blackboard with a graph and a line graph on it. The teacher is wearing glasses, a suit, and a tie. Behind the teacher, there is a wooden desk.  In the foreground, there are five students sitting in chairs. They are all facing the teacher and the blackboard. The students are dressed in casual attire, and their expressions are neutral. The room has a whiteboard background, and there is no visible text in the image. The style of the image is simplistic and colorful, typical of educational or instructional materials.	47618508843.png	"The image depicts an animated character, a man with a mustache and glasses, dressed in a military uniform. He is standing in front of a map with a pointer, indicating a specific location. To his left, there is a smaller figure, also in military attire, holding a rifle and looking up at the man. The man is pointing to a location on the map, which is labeled ""Mexico."" The overall style of the image is cartoonish and appears to be a stylized representation of a military officer giving directions or discussing a strategic point."	17823100958.png	The image depicts a cartoon-style illustration of a young girl with red hair styled in a bun. She is wearing a yellow shirt with orange sleeves, brown shorts, and orange shoes. The girl is holding a map in her hands and appears to be looking at it with a smile. She has a backpack on her back and a small plant in her left hand.  In the background, there is a stylized representation of a cityscape with buildings and trees. The girl is standing on a platform that has a small flag on top. The overall style of the image is whimsical and colorful, with a focus on the girl and her exploration of the map.
mesto duhov	Če je še glavno mesto ob nedeljah skorajda mesto duhov , kako je šele v drugih krajih?		61556314800.png	"The image depicts a stylized, cartoon-like western town. The architecture is rustic, with wooden buildings featuring saloon-style doors and balconies. There are signs with the names ""SALOON"" and ""BAR"" visible on the buildings. The town is set in a desert-like environment with sandy ground and sparse vegetation. In the foreground, there are barrels and a wooden fence. A large cactus stands prominently to the right of the image. The sky is clear and blue, suggesting a sunny day. There are no visible texts other than the names on the signs. The style of the image is reminiscent of a scene from a classic western film or animation."	33754434835.png	"The image depicts a whimsical, cartoon-style street scene. There are several white, ghost-like figures walking down the middle of the street. These figures have large, round eyes and are dressed in simple, white outfits. The street is lined with buildings that have a European architectural style, featuring ornate facades and awnings. The buildings are painted in various shades of brown and beige. There are street lamps and signs, including one that reads ""CASA,"" suggesting a commercial or residential area. The sky is clear and blue, indicating a sunny day. The overall atmosphere of the image is playful and fantastical."	27474270226.png	The image depicts a stylized garden scene. In the foreground, there is a variety of colorful flowers, including orange and yellow ones, and green foliage. A white picket fence runs across the image, dividing the garden into two sections. On the right side of the fence, there is a small white house with a red roof. Behind the house, there is a larger tree with a green canopy. The background is a plain white, which contrasts with the vibrant colors of the garden. There is no visible text in the image. The style of the image is illustrative, with a focus on bright colors and a simplified, cartoon-like representation of the garden and house.	63440752447.png	The image depicts a well-organized office desk with a computer monitor, keyboard, and mouse. On the desk, there are various items including a notepad, a pen, a pair of scissors, and a small stack of books. A brown coat is draped over the back of the chair. The desk is situated in front of a window with a view of the night sky. The room is dimly lit, and the overall color scheme is dark with orange accents. The style of the image is illustrative, with a focus on realism.	95830303397.png	The image depicts a cartoon-style character that appears to be a ghost, given its white, flowing attire and the absence of a head. The character is smiling and has orange eyes. It is walking on a path with fallen leaves scattered around. The background features a blurred autumnal scene with trees and a sky that suggests it might be late afternoon or early evening. There is no visible text in the image.
mesto duhov	Središče mesta se je spremenilo v mesto duhov in večina prebivalcev se je v strahu pred popotresnimi sunki odselila.		63440752447.png	The image depicts a well-organized office desk with a computer monitor, keyboard, and mouse. On the desk, there are various items including a notepad, a pen, a pair of scissors, and a small stack of books. A brown coat is draped over the back of the chair. The desk is situated in front of a window with a view of the night sky. The room is dimly lit, and the overall color scheme is dark with orange accents. The style of the image is illustrative, with a focus on realism.	95830303397.png	The image depicts a cartoon-style character that appears to be a ghost, given its white, flowing attire and the absence of a head. The character is smiling and has orange eyes. It is walking on a path with fallen leaves scattered around. The background features a blurred autumnal scene with trees and a sky that suggests it might be late afternoon or early evening. There is no visible text in the image.	27474270226.png	The image depicts a stylized garden scene. In the foreground, there is a variety of colorful flowers, including orange and yellow ones, and green foliage. A white picket fence runs across the image, dividing the garden into two sections. On the right side of the fence, there is a small white house with a red roof. Behind the house, there is a larger tree with a green canopy. The background is a plain white, which contrasts with the vibrant colors of the garden. There is no visible text in the image. The style of the image is illustrative, with a focus on bright colors and a simplified, cartoon-like representation of the garden and house.	61556314800.png	"The image depicts a stylized, cartoon-like western town. The architecture is rustic, with wooden buildings featuring saloon-style doors and balconies. There are signs with the names ""SALOON"" and ""BAR"" visible on the buildings. The town is set in a desert-like environment with sandy ground and sparse vegetation. In the foreground, there are barrels and a wooden fence. A large cactus stands prominently to the right of the image. The sky is clear and blue, suggesting a sunny day. There are no visible texts other than the names on the signs. The style of the image is reminiscent of a scene from a classic western film or animation."	33754434835.png	"The image depicts a whimsical, cartoon-style street scene. There are several white, ghost-like figures walking down the middle of the street. These figures have large, round eyes and are dressed in simple, white outfits. The street is lined with buildings that have a European architectural style, featuring ornate facades and awnings. The buildings are painted in various shades of brown and beige. There are street lamps and signs, including one that reads ""CASA,"" suggesting a commercial or residential area. The sky is clear and blue, indicating a sunny day. The overall atmosphere of the image is playful and fantastical."
mesto duhov	V romanu popotniki vstopijo v mesto duhov, kjer v praznih hišah živijo nevidni prebivalci.		63440752447.png	The image depicts a well-organized office desk with a computer monitor, keyboard, and mouse. On the desk, there are various items including a notepad, a pen, a pair of scissors, and a small stack of books. A brown coat is draped over the back of the chair. The desk is situated in front of a window with a view of the night sky. The room is dimly lit, and the overall color scheme is dark with orange accents. The style of the image is illustrative, with a focus on realism.	95830303397.png	The image depicts a cartoon-style character that appears to be a ghost, given its white, flowing attire and the absence of a head. The character is smiling and has orange eyes. It is walking on a path with fallen leaves scattered around. The background features a blurred autumnal scene with trees and a sky that suggests it might be late afternoon or early evening. There is no visible text in the image.	33754434835.png	"The image depicts a whimsical, cartoon-style street scene. There are several white, ghost-like figures walking down the middle of the street. These figures have large, round eyes and are dressed in simple, white outfits. The street is lined with buildings that have a European architectural style, featuring ornate facades and awnings. The buildings are painted in various shades of brown and beige. There are street lamps and signs, including one that reads ""CASA,"" suggesting a commercial or residential area. The sky is clear and blue, indicating a sunny day. The overall atmosphere of the image is playful and fantastical."	27474270226.png	The image depicts a stylized garden scene. In the foreground, there is a variety of colorful flowers, including orange and yellow ones, and green foliage. A white picket fence runs across the image, dividing the garden into two sections. On the right side of the fence, there is a small white house with a red roof. Behind the house, there is a larger tree with a green canopy. The background is a plain white, which contrasts with the vibrant colors of the garden. There is no visible text in the image. The style of the image is illustrative, with a focus on bright colors and a simplified, cartoon-like representation of the garden and house.	61556314800.png	"The image depicts a stylized, cartoon-like western town. The architecture is rustic, with wooden buildings featuring saloon-style doors and balconies. There are signs with the names ""SALOON"" and ""BAR"" visible on the buildings. The town is set in a desert-like environment with sandy ground and sparse vegetation. In the foreground, there are barrels and a wooden fence. A large cactus stands prominently to the right of the image. The sky is clear and blue, suggesting a sunny day. There are no visible texts other than the names on the signs. The style of the image is reminiscent of a scene from a classic western film or animation."
mesto duhov	Ob robu gozda stoji mesto duhov, v katerem se ponoči prižigajo okna, čeprav tam nihče živ ne prebiva.		63440752447.png	The image depicts a well-organized office desk with a computer monitor, keyboard, and mouse. On the desk, there are various items including a notepad, a pen, a pair of scissors, and a small stack of books. A brown coat is draped over the back of the chair. The desk is situated in front of a window with a view of the night sky. The room is dimly lit, and the overall color scheme is dark with orange accents. The style of the image is illustrative, with a focus on realism.	33754434835.png	"The image depicts a whimsical, cartoon-style street scene. There are several white, ghost-like figures walking down the middle of the street. These figures have large, round eyes and are dressed in simple, white outfits. The street is lined with buildings that have a European architectural style, featuring ornate facades and awnings. The buildings are painted in various shades of brown and beige. There are street lamps and signs, including one that reads ""CASA,"" suggesting a commercial or residential area. The sky is clear and blue, indicating a sunny day. The overall atmosphere of the image is playful and fantastical."	27474270226.png	The image depicts a stylized garden scene. In the foreground, there is a variety of colorful flowers, including orange and yellow ones, and green foliage. A white picket fence runs across the image, dividing the garden into two sections. On the right side of the fence, there is a small white house with a red roof. Behind the house, there is a larger tree with a green canopy. The background is a plain white, which contrasts with the vibrant colors of the garden. There is no visible text in the image. The style of the image is illustrative, with a focus on bright colors and a simplified, cartoon-like representation of the garden and house.	95830303397.png	The image depicts a cartoon-style character that appears to be a ghost, given its white, flowing attire and the absence of a head. The character is smiling and has orange eyes. It is walking on a path with fallen leaves scattered around. The background features a blurred autumnal scene with trees and a sky that suggests it might be late afternoon or early evening. There is no visible text in the image.	61556314800.png	"The image depicts a stylized, cartoon-like western town. The architecture is rustic, with wooden buildings featuring saloon-style doors and balconies. There are signs with the names ""SALOON"" and ""BAR"" visible on the buildings. The town is set in a desert-like environment with sandy ground and sparse vegetation. In the foreground, there are barrels and a wooden fence. A large cactus stands prominently to the right of the image. The sky is clear and blue, suggesting a sunny day. There are no visible texts other than the names on the signs. The style of the image is reminiscent of a scene from a classic western film or animation."
stekleni strop	Ali menedžerke danes še potrebujejo posebno spodbudo ali so v glavnem že prebile stekleni strop ?		72406267456.png	The image depicts an animated scene with two characters and a car. On the left, there is a male character wearing a dark uniform with a badge, a tie, and a cap. He is waving with his right hand. On the right, there is a female character with brown hair, wearing a yellow top with a polka dot pattern. She is seated in a small, orange sports car with a convertible top down. The car has a black roof and black wheels. Behind the car is a traffic light with a red light illuminated. The background is plain white, emphasizing the characters and the car. There is no visible text in the image.	34005527850.png	The image shows an interior space with a wooden ladder placed in the center of the room. The room has a white wall and a window on the right side. The floor appears to be in a state of disrepair, with peeling paint and exposed areas of the subfloor. The ceiling has a grid-like structure with metal beams and panels, some of which are rusted and show signs of wear. There is no visible text in the image. The style of the image is a straightforward, unembellished photograph with a focus on the room's condition and the ladder as the central object.	22741720493.png	The image depicts an interior space that resembles a greenhouse or conservatory. The room has a high ceiling with a glass roof and walls, allowing natural light to enter. The floor is wet, with puddles scattered across it, suggesting recent rain or a leak. The walls are painted in a dark color, contrasting with the lighter ceiling.  In the center of the room, there is a large, open door with a black frame. The door is closed. To the right of the door, there is a potted plant with green leaves. On the left side of the room, there is another potted plant with orange flowers. The plants are placed on the floor, and the orange plant is closer to the door.  There is a single, orange light fixture hanging from the ceiling, which is turned off. The overall style of the image is realistic with a focus on the play of light and shadow, particularly on the wet floor. There is no visible text in the image.	22914234211.png	The image features two animated characters, a man and a woman, standing side by side against a white background. The woman is on the left and the man is on the right. The woman is wearing a black blazer, an orange skirt, and black shoes. She has her hands clasped together in front of her and her head is slightly tilted downwards. Her facial expression is one of concern or worry, with her eyes looking upwards and her mouth slightly open.  The man is wearing a black suit, a white shirt, and an orange tie. He has his arms crossed over his chest and his head is tilted slightly to the side. His facial expression is one of disbelief or shock, with his eyes wide open and his mouth slightly open.  There is no visible text in the image. The style of the image is cartoonish and simplistic, with a limited color palette and a flat design. The characters are stylized with exaggerated features, such as large eyes and simplified facial expressions.	24466343316.png	The image is a digital illustration of a woman sitting at a table. She has brown hair styled in a messy bun and is wearing an orange top with a scoop neckline. The woman is holding a cup of coffee with her left hand, which is resting on the table. She is looking to the side with a thoughtful expression. The table is a simple, flat surface with a small, round object that could be a coaster or a saucer beneath the cup. The background is plain and does not contain any text or additional objects. The style of the illustration is cartoonish with soft shading and a limited color palette.
stekleni strop	In to se je vleklo in se kot stekleni strop vleče do danes: po vojni, ko sem doštudirala pravo, sem imela zaprta vrata vsaj v sodstvo.		22741720493.png	The image depicts an interior space that resembles a greenhouse or conservatory. The room has a high ceiling with a glass roof and walls, allowing natural light to enter. The floor is wet, with puddles scattered across it, suggesting recent rain or a leak. The walls are painted in a dark color, contrasting with the lighter ceiling.  In the center of the room, there is a large, open door with a black frame. The door is closed. To the right of the door, there is a potted plant with green leaves. On the left side of the room, there is another potted plant with orange flowers. The plants are placed on the floor, and the orange plant is closer to the door.  There is a single, orange light fixture hanging from the ceiling, which is turned off. The overall style of the image is realistic with a focus on the play of light and shadow, particularly on the wet floor. There is no visible text in the image.	34005527850.png	The image shows an interior space with a wooden ladder placed in the center of the room. The room has a white wall and a window on the right side. The floor appears to be in a state of disrepair, with peeling paint and exposed areas of the subfloor. The ceiling has a grid-like structure with metal beams and panels, some of which are rusted and show signs of wear. There is no visible text in the image. The style of the image is a straightforward, unembellished photograph with a focus on the room's condition and the ladder as the central object.	72406267456.png	The image depicts an animated scene with two characters and a car. On the left, there is a male character wearing a dark uniform with a badge, a tie, and a cap. He is waving with his right hand. On the right, there is a female character with brown hair, wearing a yellow top with a polka dot pattern. She is seated in a small, orange sports car with a convertible top down. The car has a black roof and black wheels. Behind the car is a traffic light with a red light illuminated. The background is plain white, emphasizing the characters and the car. There is no visible text in the image.	24466343316.png	The image is a digital illustration of a woman sitting at a table. She has brown hair styled in a messy bun and is wearing an orange top with a scoop neckline. The woman is holding a cup of coffee with her left hand, which is resting on the table. She is looking to the side with a thoughtful expression. The table is a simple, flat surface with a small, round object that could be a coaster or a saucer beneath the cup. The background is plain and does not contain any text or additional objects. The style of the illustration is cartoonish with soft shading and a limited color palette.	22914234211.png	The image features two animated characters, a man and a woman, standing side by side against a white background. The woman is on the left and the man is on the right. The woman is wearing a black blazer, an orange skirt, and black shoes. She has her hands clasped together in front of her and her head is slightly tilted downwards. Her facial expression is one of concern or worry, with her eyes looking upwards and her mouth slightly open.  The man is wearing a black suit, a white shirt, and an orange tie. He has his arms crossed over his chest and his head is tilted slightly to the side. His facial expression is one of disbelief or shock, with his eyes wide open and his mouth slightly open.  There is no visible text in the image. The style of the image is cartoonish and simplistic, with a limited color palette and a flat design. The characters are stylized with exaggerated features, such as large eyes and simplified facial expressions.
stekleni strop	Tako na preteklost spominja stekleni strop v recepciji, veličastni lestenci in v viktorijanskem slogu opremljene sobe.		22741720493.png	The image depicts an interior space that resembles a greenhouse or conservatory. The room has a high ceiling with a glass roof and walls, allowing natural light to enter. The floor is wet, with puddles scattered across it, suggesting recent rain or a leak. The walls are painted in a dark color, contrasting with the lighter ceiling.  In the center of the room, there is a large, open door with a black frame. The door is closed. To the right of the door, there is a potted plant with green leaves. On the left side of the room, there is another potted plant with orange flowers. The plants are placed on the floor, and the orange plant is closer to the door.  There is a single, orange light fixture hanging from the ceiling, which is turned off. The overall style of the image is realistic with a focus on the play of light and shadow, particularly on the wet floor. There is no visible text in the image.	22914234211.png	The image features two animated characters, a man and a woman, standing side by side against a white background. The woman is on the left and the man is on the right. The woman is wearing a black blazer, an orange skirt, and black shoes. She has her hands clasped together in front of her and her head is slightly tilted downwards. Her facial expression is one of concern or worry, with her eyes looking upwards and her mouth slightly open.  The man is wearing a black suit, a white shirt, and an orange tie. He has his arms crossed over his chest and his head is tilted slightly to the side. His facial expression is one of disbelief or shock, with his eyes wide open and his mouth slightly open.  There is no visible text in the image. The style of the image is cartoonish and simplistic, with a limited color palette and a flat design. The characters are stylized with exaggerated features, such as large eyes and simplified facial expressions.	24466343316.png	The image is a digital illustration of a woman sitting at a table. She has brown hair styled in a messy bun and is wearing an orange top with a scoop neckline. The woman is holding a cup of coffee with her left hand, which is resting on the table. She is looking to the side with a thoughtful expression. The table is a simple, flat surface with a small, round object that could be a coaster or a saucer beneath the cup. The background is plain and does not contain any text or additional objects. The style of the illustration is cartoonish with soft shading and a limited color palette.	34005527850.png	The image shows an interior space with a wooden ladder placed in the center of the room. The room has a white wall and a window on the right side. The floor appears to be in a state of disrepair, with peeling paint and exposed areas of the subfloor. The ceiling has a grid-like structure with metal beams and panels, some of which are rusted and show signs of wear. There is no visible text in the image. The style of the image is a straightforward, unembellished photograph with a focus on the room's condition and the ladder as the central object.	72406267456.png	The image depicts an animated scene with two characters and a car. On the left, there is a male character wearing a dark uniform with a badge, a tie, and a cap. He is waving with his right hand. On the right, there is a female character with brown hair, wearing a yellow top with a polka dot pattern. She is seated in a small, orange sports car with a convertible top down. The car has a black roof and black wheels. Behind the car is a traffic light with a red light illuminated. The background is plain white, emphasizing the characters and the car. There is no visible text in the image.
stekleni strop	Smo namreč privrženci klasičnega stropa, zato je tudi pri testnem vozilu stekleni strop ostal večino časa zastrt.		22741720493.png	The image depicts an interior space that resembles a greenhouse or conservatory. The room has a high ceiling with a glass roof and walls, allowing natural light to enter. The floor is wet, with puddles scattered across it, suggesting recent rain or a leak. The walls are painted in a dark color, contrasting with the lighter ceiling.  In the center of the room, there is a large, open door with a black frame. The door is closed. To the right of the door, there is a potted plant with green leaves. On the left side of the room, there is another potted plant with orange flowers. The plants are placed on the floor, and the orange plant is closer to the door.  There is a single, orange light fixture hanging from the ceiling, which is turned off. The overall style of the image is realistic with a focus on the play of light and shadow, particularly on the wet floor. There is no visible text in the image.	22914234211.png	The image features two animated characters, a man and a woman, standing side by side against a white background. The woman is on the left and the man is on the right. The woman is wearing a black blazer, an orange skirt, and black shoes. She has her hands clasped together in front of her and her head is slightly tilted downwards. Her facial expression is one of concern or worry, with her eyes looking upwards and her mouth slightly open.  The man is wearing a black suit, a white shirt, and an orange tie. He has his arms crossed over his chest and his head is tilted slightly to the side. His facial expression is one of disbelief or shock, with his eyes wide open and his mouth slightly open.  There is no visible text in the image. The style of the image is cartoonish and simplistic, with a limited color palette and a flat design. The characters are stylized with exaggerated features, such as large eyes and simplified facial expressions.	72406267456.png	The image depicts an animated scene with two characters and a car. On the left, there is a male character wearing a dark uniform with a badge, a tie, and a cap. He is waving with his right hand. On the right, there is a female character with brown hair, wearing a yellow top with a polka dot pattern. She is seated in a small, orange sports car with a convertible top down. The car has a black roof and black wheels. Behind the car is a traffic light with a red light illuminated. The background is plain white, emphasizing the characters and the car. There is no visible text in the image.	24466343316.png	The image is a digital illustration of a woman sitting at a table. She has brown hair styled in a messy bun and is wearing an orange top with a scoop neckline. The woman is holding a cup of coffee with her left hand, which is resting on the table. She is looking to the side with a thoughtful expression. The table is a simple, flat surface with a small, round object that could be a coaster or a saucer beneath the cup. The background is plain and does not contain any text or additional objects. The style of the illustration is cartoonish with soft shading and a limited color palette.	34005527850.png	The image shows an interior space with a wooden ladder placed in the center of the room. The room has a white wall and a window on the right side. The floor appears to be in a state of disrepair, with peeling paint and exposed areas of the subfloor. The ceiling has a grid-like structure with metal beams and panels, some of which are rusted and show signs of wear. There is no visible text in the image. The style of the image is a straightforward, unembellished photograph with a focus on the room's condition and the ladder as the central object.
zlata jama	Na njem je neki domačin odprl manjšo gostilno, ki je v poletnih mesecih zagotovo zlata jama .		11513262121.png	The image depicts a cartoon of a man sitting at a desk with a computer monitor in front of him. The man is smiling and appears to be relaxed, with his feet propped up on the desk. He is wearing a suit and tie, suggesting a professional setting. The computer monitor displays a graph with various lines and bars, indicating some form of financial data or stock market information. The man is holding a wad of money in his hand, which he seems to be counting or examining. The overall style of the image is illustrative and colorful, with a focus on the man and his interaction with the financial data.	48112146269.png	The image depicts a stylized, fantastical scene with a cave-like entrance. The cave is illuminated by a warm, golden light that emanates from within, casting a soft glow on the surrounding area. The interior of the cave is filled with a multitude of small, glowing crystals or gems that resemble a cascade of falling snow or rain. These crystals are predominantly orange and yellow, with some white and gray, and they are scattered throughout the cave, creating a sense of depth and texture. The cave itself has a rough, jagged appearance with visible layers of rock, and it is set against a dark background that contrasts with the brightly lit cave interior. There is no visible text in the image. The style of the image is digital art, characterized by its smooth lines and realistic textures.	33028634449.png	The image depicts a stylized, cartoon-like scene of a person sitting on a rocky outcrop within a cave-like environment. The cave has a large, open entrance with a view of a rocky landscape outside. The person is wearing an orange top and appears to be looking out towards the view. The colors are warm, with the cave walls and the person's clothing being the most prominent. The style is illustrative, with a focus on the interplay of light and shadow, and the textures of the rocky surfaces.	70847173741.png	The image depicts an animated character standing in front of a wall with numerous framed pictures. The character is facing away from the viewer, looking at the pictures. The character is wearing a black jacket with an orange collar and black pants. The pictures on the wall show various scenes, including landscapes, cityscapes, and what appears to be a beach scene. The style of the image is cartoonish with a limited color palette. There is no visible text in the image.	22309733413.png	The image is a digital illustration featuring two animated characters. On the left is a woman with dark skin, wearing a green dress with a floral pattern, a yellow headband, and holding a card in her hand. She is smiling and appears to be in a good mood. On the right is a man with dark skin, wearing a black shirt with orange sleeves and a name tag, and a black chair. He is also smiling and gesturing with his right hand, which is extended towards the woman. The man is seated at a counter with a computer monitor and a card reader on the countertop. The setting suggests a customer service or retail environment. There is no visible text in the image.
zlata jama	Olimpijske igre v Sydneyju najbrž ne bodo zlata jama za avstralski turizem.		11513262121.png	The image depicts a cartoon of a man sitting at a desk with a computer monitor in front of him. The man is smiling and appears to be relaxed, with his feet propped up on the desk. He is wearing a suit and tie, suggesting a professional setting. The computer monitor displays a graph with various lines and bars, indicating some form of financial data or stock market information. The man is holding a wad of money in his hand, which he seems to be counting or examining. The overall style of the image is illustrative and colorful, with a focus on the man and his interaction with the financial data.	33028634449.png	The image depicts a stylized, cartoon-like scene of a person sitting on a rocky outcrop within a cave-like environment. The cave has a large, open entrance with a view of a rocky landscape outside. The person is wearing an orange top and appears to be looking out towards the view. The colors are warm, with the cave walls and the person's clothing being the most prominent. The style is illustrative, with a focus on the interplay of light and shadow, and the textures of the rocky surfaces.	70847173741.png	The image depicts an animated character standing in front of a wall with numerous framed pictures. The character is facing away from the viewer, looking at the pictures. The character is wearing a black jacket with an orange collar and black pants. The pictures on the wall show various scenes, including landscapes, cityscapes, and what appears to be a beach scene. The style of the image is cartoonish with a limited color palette. There is no visible text in the image.	48112146269.png	The image depicts a stylized, fantastical scene with a cave-like entrance. The cave is illuminated by a warm, golden light that emanates from within, casting a soft glow on the surrounding area. The interior of the cave is filled with a multitude of small, glowing crystals or gems that resemble a cascade of falling snow or rain. These crystals are predominantly orange and yellow, with some white and gray, and they are scattered throughout the cave, creating a sense of depth and texture. The cave itself has a rough, jagged appearance with visible layers of rock, and it is set against a dark background that contrasts with the brightly lit cave interior. There is no visible text in the image. The style of the image is digital art, characterized by its smooth lines and realistic textures.	22309733413.png	The image is a digital illustration featuring two animated characters. On the left is a woman with dark skin, wearing a green dress with a floral pattern, a yellow headband, and holding a card in her hand. She is smiling and appears to be in a good mood. On the right is a man with dark skin, wearing a black shirt with orange sleeves and a name tag, and a black chair. He is also smiling and gesturing with his right hand, which is extended towards the woman. The man is seated at a counter with a computer monitor and a card reader on the countertop. The setting suggests a customer service or retail environment. There is no visible text in the image.
zlata jama	Rudarji so po več mesecih izkopavanj našli majhno zlato jamo, v kateri so se svetlikali drobci pravega zlata.		70847173741.png	The image depicts an animated character standing in front of a wall with numerous framed pictures. The character is facing away from the viewer, looking at the pictures. The character is wearing a black jacket with an orange collar and black pants. The pictures on the wall show various scenes, including landscapes, cityscapes, and what appears to be a beach scene. The style of the image is cartoonish with a limited color palette. There is no visible text in the image.	48112146269.png	The image depicts a stylized, fantastical scene with a cave-like entrance. The cave is illuminated by a warm, golden light that emanates from within, casting a soft glow on the surrounding area. The interior of the cave is filled with a multitude of small, glowing crystals or gems that resemble a cascade of falling snow or rain. These crystals are predominantly orange and yellow, with some white and gray, and they are scattered throughout the cave, creating a sense of depth and texture. The cave itself has a rough, jagged appearance with visible layers of rock, and it is set against a dark background that contrasts with the brightly lit cave interior. There is no visible text in the image. The style of the image is digital art, characterized by its smooth lines and realistic textures.	22309733413.png	The image is a digital illustration featuring two animated characters. On the left is a woman with dark skin, wearing a green dress with a floral pattern, a yellow headband, and holding a card in her hand. She is smiling and appears to be in a good mood. On the right is a man with dark skin, wearing a black shirt with orange sleeves and a name tag, and a black chair. He is also smiling and gesturing with his right hand, which is extended towards the woman. The man is seated at a counter with a computer monitor and a card reader on the countertop. The setting suggests a customer service or retail environment. There is no visible text in the image.	11513262121.png	The image depicts a cartoon of a man sitting at a desk with a computer monitor in front of him. The man is smiling and appears to be relaxed, with his feet propped up on the desk. He is wearing a suit and tie, suggesting a professional setting. The computer monitor displays a graph with various lines and bars, indicating some form of financial data or stock market information. The man is holding a wad of money in his hand, which he seems to be counting or examining. The overall style of the image is illustrative and colorful, with a focus on the man and his interaction with the financial data.	33028634449.png	The image depicts a stylized, cartoon-like scene of a person sitting on a rocky outcrop within a cave-like environment. The cave has a large, open entrance with a view of a rocky landscape outside. The person is wearing an orange top and appears to be looking out towards the view. The colors are warm, with the cave walls and the person's clothing being the most prominent. The style is illustrative, with a focus on the interplay of light and shadow, and the textures of the rocky surfaces.
zlata jama	V legendi je opisano, kako se v globinah pod gorami skriva zlata jama, katere stene so prekrite s tankimi zlatimi žilami.		70847173741.png	The image depicts an animated character standing in front of a wall with numerous framed pictures. The character is facing away from the viewer, looking at the pictures. The character is wearing a black jacket with an orange collar and black pants. The pictures on the wall show various scenes, including landscapes, cityscapes, and what appears to be a beach scene. The style of the image is cartoonish with a limited color palette. There is no visible text in the image.	22309733413.png	The image is a digital illustration featuring two animated characters. On the left is a woman with dark skin, wearing a green dress with a floral pattern, a yellow headband, and holding a card in her hand. She is smiling and appears to be in a good mood. On the right is a man with dark skin, wearing a black shirt with orange sleeves and a name tag, and a black chair. He is also smiling and gesturing with his right hand, which is extended towards the woman. The man is seated at a counter with a computer monitor and a card reader on the countertop. The setting suggests a customer service or retail environment. There is no visible text in the image.	48112146269.png	The image depicts a stylized, fantastical scene with a cave-like entrance. The cave is illuminated by a warm, golden light that emanates from within, casting a soft glow on the surrounding area. The interior of the cave is filled with a multitude of small, glowing crystals or gems that resemble a cascade of falling snow or rain. These crystals are predominantly orange and yellow, with some white and gray, and they are scattered throughout the cave, creating a sense of depth and texture. The cave itself has a rough, jagged appearance with visible layers of rock, and it is set against a dark background that contrasts with the brightly lit cave interior. There is no visible text in the image. The style of the image is digital art, characterized by its smooth lines and realistic textures.	11513262121.png	The image depicts a cartoon of a man sitting at a desk with a computer monitor in front of him. The man is smiling and appears to be relaxed, with his feet propped up on the desk. He is wearing a suit and tie, suggesting a professional setting. The computer monitor displays a graph with various lines and bars, indicating some form of financial data or stock market information. The man is holding a wad of money in his hand, which he seems to be counting or examining. The overall style of the image is illustrative and colorful, with a focus on the man and his interaction with the financial data.	33028634449.png	The image depicts a stylized, cartoon-like scene of a person sitting on a rocky outcrop within a cave-like environment. The cave has a large, open entrance with a view of a rocky landscape outside. The person is wearing an orange top and appears to be looking out towards the view. The colors are warm, with the cave walls and the person's clothing being the most prominent. The style is illustrative, with a focus on the interplay of light and shadow, and the textures of the rocky surfaces.
zelena luč	Na prehodu za pešce se ravno takrat prižge zelena luč .		33196655324.png	The image shows a single, large, solid blue balloon with a thin, brown string attached to its top. The balloon is floating in a white space, and there is no visible text or other objects in the image. The balloon is the central focus, and its position and color contrast sharply with the background.	67194583836.png	The image depicts a stylized illustration of a woman sitting at a desk. She has curly hair and is wearing a dark suit with a white shirt. The woman is holding a piece of paper and appears to be reading or examining it. On the desk, there is a cup with a straw and a pen. The background is plain and does not provide any additional context. There is no visible text in the image. The style of the illustration is cartoonish and simplistic, with a limited color palette.	70512197324.png	The image is a digital illustration of a stylized female character. She has dark hair styled in an afro and is wearing a black blazer over a white shirt with a black tie. The character is smiling and giving a thumbs-up gesture with her right hand. On the desk in front of her, there is a black cup containing what appears to be a pencil and a pen. The background is plain white, emphasizing the character and the desk. There is no visible text in the image.	90674440496.png	The image shows a traffic light with three colored lights: red, yellow, and green. The traffic light is mounted on a pole and is set against a white background. The lights are arranged vertically, with the red light at the top, followed by the yellow light, and the green light at the bottom. The pole appears to be made of metal and is attached to a bracket on the traffic light. There is no visible text in the image.	43752863738.png	"The image shows a traffic light on a pole against a white background with a few clouds. The traffic light is in the ""red"" position. The pole is black and stands on a circular base. There is no visible text in the image."
zelena luč	Zelena luč zanje ne gori niti toliko časa, da bi lahko varno prečkali cesto.		67194583836.png	The image depicts a stylized illustration of a woman sitting at a desk. She has curly hair and is wearing a dark suit with a white shirt. The woman is holding a piece of paper and appears to be reading or examining it. On the desk, there is a cup with a straw and a pen. The background is plain and does not provide any additional context. There is no visible text in the image. The style of the illustration is cartoonish and simplistic, with a limited color palette.	70512197324.png	The image is a digital illustration of a stylized female character. She has dark hair styled in an afro and is wearing a black blazer over a white shirt with a black tie. The character is smiling and giving a thumbs-up gesture with her right hand. On the desk in front of her, there is a black cup containing what appears to be a pencil and a pen. The background is plain white, emphasizing the character and the desk. There is no visible text in the image.	43752863738.png	"The image shows a traffic light on a pole against a white background with a few clouds. The traffic light is in the ""red"" position. The pole is black and stands on a circular base. There is no visible text in the image."	90674440496.png	The image shows a traffic light with three colored lights: red, yellow, and green. The traffic light is mounted on a pole and is set against a white background. The lights are arranged vertically, with the red light at the top, followed by the yellow light, and the green light at the bottom. The pole appears to be made of metal and is attached to a bracket on the traffic light. There is no visible text in the image.	33196655324.png	The image shows a single, large, solid blue balloon with a thin, brown string attached to its top. The balloon is floating in a white space, and there is no visible text or other objects in the image. The balloon is the central focus, and its position and color contrast sharply with the background.
zelena luč	Če bo tako, se bo prižgala zelena luč za upanje milijonov, okuženih s HIV.		70512197324.png	The image is a digital illustration of a stylized female character. She has dark hair styled in an afro and is wearing a black blazer over a white shirt with a black tie. The character is smiling and giving a thumbs-up gesture with her right hand. On the desk in front of her, there is a black cup containing what appears to be a pencil and a pen. The background is plain white, emphasizing the character and the desk. There is no visible text in the image.	90674440496.png	The image shows a traffic light with three colored lights: red, yellow, and green. The traffic light is mounted on a pole and is set against a white background. The lights are arranged vertically, with the red light at the top, followed by the yellow light, and the green light at the bottom. The pole appears to be made of metal and is attached to a bracket on the traffic light. There is no visible text in the image.	33196655324.png	The image shows a single, large, solid blue balloon with a thin, brown string attached to its top. The balloon is floating in a white space, and there is no visible text or other objects in the image. The balloon is the central focus, and its position and color contrast sharply with the background.	67194583836.png	The image depicts a stylized illustration of a woman sitting at a desk. She has curly hair and is wearing a dark suit with a white shirt. The woman is holding a piece of paper and appears to be reading or examining it. On the desk, there is a cup with a straw and a pen. The background is plain and does not provide any additional context. There is no visible text in the image. The style of the illustration is cartoonish and simplistic, with a limited color palette.	43752863738.png	"The image shows a traffic light on a pole against a white background with a few clouds. The traffic light is in the ""red"" position. The pole is black and stands on a circular base. There is no visible text in the image."
zelena luč	Zelena luč skupščine bo ključnega pomena v sklopu načrta finančnega prestrukturiranja koprske družbe, ki je marca razglasila insolventnost.		90674440496.png	The image shows a traffic light with three colored lights: red, yellow, and green. The traffic light is mounted on a pole and is set against a white background. The lights are arranged vertically, with the red light at the top, followed by the yellow light, and the green light at the bottom. The pole appears to be made of metal and is attached to a bracket on the traffic light. There is no visible text in the image.	43752863738.png	"The image shows a traffic light on a pole against a white background with a few clouds. The traffic light is in the ""red"" position. The pole is black and stands on a circular base. There is no visible text in the image."	70512197324.png	The image is a digital illustration of a stylized female character. She has dark hair styled in an afro and is wearing a black blazer over a white shirt with a black tie. The character is smiling and giving a thumbs-up gesture with her right hand. On the desk in front of her, there is a black cup containing what appears to be a pencil and a pen. The background is plain white, emphasizing the character and the desk. There is no visible text in the image.	67194583836.png	The image depicts a stylized illustration of a woman sitting at a desk. She has curly hair and is wearing a dark suit with a white shirt. The woman is holding a piece of paper and appears to be reading or examining it. On the desk, there is a cup with a straw and a pen. The background is plain and does not provide any additional context. There is no visible text in the image. The style of the illustration is cartoonish and simplistic, with a limited color palette.	33196655324.png	The image shows a single, large, solid blue balloon with a thin, brown string attached to its top. The balloon is floating in a white space, and there is no visible text or other objects in the image. The balloon is the central focus, and its position and color contrast sharply with the background.
poskusni zajček	Prvi poskusni zajčki bodo otroci iz ljubljanske pediatrične bolnišnice.		96467976815.png	The image features a stylized, anthropomorphic guinea pig with a prominent, white-tipped snout. It has large, expressive eyes and a fluffy, textured coat with shades of orange and white. The guinea pig's fur appears soft and well-groomed. It has a small, black nose and a pair of small, black ears. The background is plain and white, which contrasts with the guinea pig's vibrant colors. There is no visible text in the image. The guinea pig is the central focus of the image, and it is depicted in a three-quarter view, looking slightly to the left.	87745691116.png	The image features a cartoon illustration of a man dressed in a black suit and tie, with a red conductor's baton in his right hand. He has short brown hair and is smiling. The man is standing against a plain white background. There is no visible text in the image.	70439019300.png	The image is a digital illustration featuring two animated characters. On the left is an older man with gray hair, wearing glasses, a white shirt, and brown pants. He is holding a small orange object in his right hand and appears to be showing it to the woman on the right. The woman is dressed in a black shirt and gray pants, with black high heels. She is holding a clipboard with a pen on top, suggesting she might be a professional or in a work-related context. There is no visible text in the image. The style of the illustration is cartoonish and simplistic, with a focus on clear, bold outlines and minimal shading.	25787712791.png	"The image depicts a cartoon-style illustration of a young boy with brown hair, wearing a white lab coat and holding a test tube. He is standing in front of a microscope with a black base and a white stand, which is equipped with a black eyepiece and a black stage. The boy is smiling and appears to be examining the microscope. On the ground next to the microscope, there are two test tubes, one orange and one white, with a small amount of liquid inside. The background is plain white, and there is a small text bubble above the boy's head with the number ""200"" in orange."	72182066253.png	The image features a stylized, anthropomorphic rabbit with a white coat and brown and orange markings on its face and ears. The rabbit has large, expressive eyes with a reddish hue, and its fur appears soft and fluffy. It has long, whisker-like hairs on its face and ears, and its ears are large and pinkish-white. The rabbit is sitting upright on its hind legs, with its front paws resting on the ground. The background is plain and white, which contrasts with the rabbit's fur and highlights its features. There is no visible text in the image.
poskusni zajček	Pravite, da je Grčija poskusni zajček mednarodnih finančnih institucij.		72182066253.png	The image features a stylized, anthropomorphic rabbit with a white coat and brown and orange markings on its face and ears. The rabbit has large, expressive eyes with a reddish hue, and its fur appears soft and fluffy. It has long, whisker-like hairs on its face and ears, and its ears are large and pinkish-white. The rabbit is sitting upright on its hind legs, with its front paws resting on the ground. The background is plain and white, which contrasts with the rabbit's fur and highlights its features. There is no visible text in the image.	25787712791.png	"The image depicts a cartoon-style illustration of a young boy with brown hair, wearing a white lab coat and holding a test tube. He is standing in front of a microscope with a black base and a white stand, which is equipped with a black eyepiece and a black stage. The boy is smiling and appears to be examining the microscope. On the ground next to the microscope, there are two test tubes, one orange and one white, with a small amount of liquid inside. The background is plain white, and there is a small text bubble above the boy's head with the number ""200"" in orange."	87745691116.png	The image features a cartoon illustration of a man dressed in a black suit and tie, with a red conductor's baton in his right hand. He has short brown hair and is smiling. The man is standing against a plain white background. There is no visible text in the image.	96467976815.png	The image features a stylized, anthropomorphic guinea pig with a prominent, white-tipped snout. It has large, expressive eyes and a fluffy, textured coat with shades of orange and white. The guinea pig's fur appears soft and well-groomed. It has a small, black nose and a pair of small, black ears. The background is plain and white, which contrasts with the guinea pig's vibrant colors. There is no visible text in the image. The guinea pig is the central focus of the image, and it is depicted in a three-quarter view, looking slightly to the left.	70439019300.png	The image is a digital illustration featuring two animated characters. On the left is an older man with gray hair, wearing glasses, a white shirt, and brown pants. He is holding a small orange object in his right hand and appears to be showing it to the woman on the right. The woman is dressed in a black shirt and gray pants, with black high heels. She is holding a clipboard with a pen on top, suggesting she might be a professional or in a work-related context. There is no visible text in the image. The style of the illustration is cartoonish and simplistic, with a focus on clear, bold outlines and minimal shading.
poskusni zajček	Laboratorij je za novi veterinarski serum uporabil enega samega poskusnega zajčka, ki so ga skrbno nadzorovali ves čas poskusa.		70439019300.png	The image is a digital illustration featuring two animated characters. On the left is an older man with gray hair, wearing glasses, a white shirt, and brown pants. He is holding a small orange object in his right hand and appears to be showing it to the woman on the right. The woman is dressed in a black shirt and gray pants, with black high heels. She is holding a clipboard with a pen on top, suggesting she might be a professional or in a work-related context. There is no visible text in the image. The style of the illustration is cartoonish and simplistic, with a focus on clear, bold outlines and minimal shading.	72182066253.png	The image features a stylized, anthropomorphic rabbit with a white coat and brown and orange markings on its face and ears. The rabbit has large, expressive eyes with a reddish hue, and its fur appears soft and fluffy. It has long, whisker-like hairs on its face and ears, and its ears are large and pinkish-white. The rabbit is sitting upright on its hind legs, with its front paws resting on the ground. The background is plain and white, which contrasts with the rabbit's fur and highlights its features. There is no visible text in the image.	96467976815.png	The image features a stylized, anthropomorphic guinea pig with a prominent, white-tipped snout. It has large, expressive eyes and a fluffy, textured coat with shades of orange and white. The guinea pig's fur appears soft and well-groomed. It has a small, black nose and a pair of small, black ears. The background is plain and white, which contrasts with the guinea pig's vibrant colors. There is no visible text in the image. The guinea pig is the central focus of the image, and it is depicted in a three-quarter view, looking slightly to the left.	25787712791.png	"The image depicts a cartoon-style illustration of a young boy with brown hair, wearing a white lab coat and holding a test tube. He is standing in front of a microscope with a black base and a white stand, which is equipped with a black eyepiece and a black stage. The boy is smiling and appears to be examining the microscope. On the ground next to the microscope, there are two test tubes, one orange and one white, with a small amount of liquid inside. The background is plain white, and there is a small text bubble above the boy's head with the number ""200"" in orange."	87745691116.png	The image features a cartoon illustration of a man dressed in a black suit and tie, with a red conductor's baton in his right hand. He has short brown hair and is smiling. The man is standing against a plain white background. There is no visible text in the image.
poskusni zajček	V učbeniku je bila fotografija poskusnega zajčka, ki so mu merili odziv na različne vonjave.		25787712791.png	"The image depicts a cartoon-style illustration of a young boy with brown hair, wearing a white lab coat and holding a test tube. He is standing in front of a microscope with a black base and a white stand, which is equipped with a black eyepiece and a black stage. The boy is smiling and appears to be examining the microscope. On the ground next to the microscope, there are two test tubes, one orange and one white, with a small amount of liquid inside. The background is plain white, and there is a small text bubble above the boy's head with the number ""200"" in orange."	72182066253.png	The image features a stylized, anthropomorphic rabbit with a white coat and brown and orange markings on its face and ears. The rabbit has large, expressive eyes with a reddish hue, and its fur appears soft and fluffy. It has long, whisker-like hairs on its face and ears, and its ears are large and pinkish-white. The rabbit is sitting upright on its hind legs, with its front paws resting on the ground. The background is plain and white, which contrasts with the rabbit's fur and highlights its features. There is no visible text in the image.	70439019300.png	The image is a digital illustration featuring two animated characters. On the left is an older man with gray hair, wearing glasses, a white shirt, and brown pants. He is holding a small orange object in his right hand and appears to be showing it to the woman on the right. The woman is dressed in a black shirt and gray pants, with black high heels. She is holding a clipboard with a pen on top, suggesting she might be a professional or in a work-related context. There is no visible text in the image. The style of the illustration is cartoonish and simplistic, with a focus on clear, bold outlines and minimal shading.	96467976815.png	The image features a stylized, anthropomorphic guinea pig with a prominent, white-tipped snout. It has large, expressive eyes and a fluffy, textured coat with shades of orange and white. The guinea pig's fur appears soft and well-groomed. It has a small, black nose and a pair of small, black ears. The background is plain and white, which contrasts with the guinea pig's vibrant colors. There is no visible text in the image. The guinea pig is the central focus of the image, and it is depicted in a three-quarter view, looking slightly to the left.	87745691116.png	The image features a cartoon illustration of a man dressed in a black suit and tie, with a red conductor's baton in his right hand. He has short brown hair and is smiling. The man is standing against a plain white background. There is no visible text in the image.
zlato srce	Čeprav je bila še mlada, je imela bister um in zlato srce .		70230128779.png	The image depicts a stylized, cartoonish representation of a safe with a gold bar inside. The safe has a metallic appearance with a combination lock and a keyhole. The gold bar is prominently displayed in the center of the safe, with visible engravings or markings on its surface. The safe is open, revealing the gold bar, and is set against a plain background. There is no visible text in the image.	65330582944.png	The image depicts a stylized, futuristic spacecraft. It has a predominantly white and gray color scheme with orange accents. The spacecraft features a large, rounded nose section with a greenish tint and a black and orange stripe. There are multiple orange lights and panels on the exterior, suggesting advanced technology. The body of the spacecraft is cylindrical with a series of orange lights and panels running along its length. The tail section is black with orange lights and a black and orange stripe. The spacecraft is shown in a three-quarter view, giving a sense of its size and design. There is no visible text in the image.	32582225812.png	The image features a cartoon illustration of a young boy with dark hair and a wide smile, standing on a large, open cardboard box. The boy is wearing a red and orange striped sweater and has his arms outstretched. Above him, a brown dog with a red collar is jumping, its mouth open as if it's barking or excited. The background is white, and there are small orange stars scattered around the scene. The overall style is playful and colorful, suggesting a theme of joy and imagination.	55475598636.png	The image shows a stylized, three-dimensional rendering of a human heart. The heart is predominantly orange with a glossy finish, giving it a shiny appearance. It has a black stem and two black tubes that resemble the aorta and pulmonary artery, respectively. The heart is adorned with gold accents, including a gold band around the base and two gold rings on the upper part of the heart. The background is plain white, emphasizing the heart as the central subject of the image. There is no visible text in the image.	84054852223.png	The image is a digital illustration featuring a young boy and four puppies. The boy, with brown hair and wearing an orange shirt and black shorts, is standing on a gray surface. He is holding a bowl filled with what appears to be dog food. The puppies are of various sizes and colors, including brown, black, and white. They are positioned in front of the boy, with three of them standing and one sitting, all looking at the bowl of food. The background consists of a simple gray wall with a small window. There is no visible text in the image. The style of the illustration is cartoonish and colorful, with a focus on the interaction between the boy and the puppies.
zlato srce	Zlato srce ima in do vseh ljudi je zelo dobra.		32582225812.png	The image features a cartoon illustration of a young boy with dark hair and a wide smile, standing on a large, open cardboard box. The boy is wearing a red and orange striped sweater and has his arms outstretched. Above him, a brown dog with a red collar is jumping, its mouth open as if it's barking or excited. The background is white, and there are small orange stars scattered around the scene. The overall style is playful and colorful, suggesting a theme of joy and imagination.	70230128779.png	The image depicts a stylized, cartoonish representation of a safe with a gold bar inside. The safe has a metallic appearance with a combination lock and a keyhole. The gold bar is prominently displayed in the center of the safe, with visible engravings or markings on its surface. The safe is open, revealing the gold bar, and is set against a plain background. There is no visible text in the image.	65330582944.png	The image depicts a stylized, futuristic spacecraft. It has a predominantly white and gray color scheme with orange accents. The spacecraft features a large, rounded nose section with a greenish tint and a black and orange stripe. There are multiple orange lights and panels on the exterior, suggesting advanced technology. The body of the spacecraft is cylindrical with a series of orange lights and panels running along its length. The tail section is black with orange lights and a black and orange stripe. The spacecraft is shown in a three-quarter view, giving a sense of its size and design. There is no visible text in the image.	84054852223.png	The image is a digital illustration featuring a young boy and four puppies. The boy, with brown hair and wearing an orange shirt and black shorts, is standing on a gray surface. He is holding a bowl filled with what appears to be dog food. The puppies are of various sizes and colors, including brown, black, and white. They are positioned in front of the boy, with three of them standing and one sitting, all looking at the bowl of food. The background consists of a simple gray wall with a small window. There is no visible text in the image. The style of the illustration is cartoonish and colorful, with a focus on the interaction between the boy and the puppies.	55475598636.png	The image shows a stylized, three-dimensional rendering of a human heart. The heart is predominantly orange with a glossy finish, giving it a shiny appearance. It has a black stem and two black tubes that resemble the aorta and pulmonary artery, respectively. The heart is adorned with gold accents, including a gold band around the base and two gold rings on the upper part of the heart. The background is plain white, emphasizing the heart as the central subject of the image. There is no visible text in the image.
zlato srce	V sarkofagu so našli amulet v obliki zlatega srca, ki je ležal na prsih starodavnega vladarja.		32582225812.png	The image features a cartoon illustration of a young boy with dark hair and a wide smile, standing on a large, open cardboard box. The boy is wearing a red and orange striped sweater and has his arms outstretched. Above him, a brown dog with a red collar is jumping, its mouth open as if it's barking or excited. The background is white, and there are small orange stars scattered around the scene. The overall style is playful and colorful, suggesting a theme of joy and imagination.	65330582944.png	The image depicts a stylized, futuristic spacecraft. It has a predominantly white and gray color scheme with orange accents. The spacecraft features a large, rounded nose section with a greenish tint and a black and orange stripe. There are multiple orange lights and panels on the exterior, suggesting advanced technology. The body of the spacecraft is cylindrical with a series of orange lights and panels running along its length. The tail section is black with orange lights and a black and orange stripe. The spacecraft is shown in a three-quarter view, giving a sense of its size and design. There is no visible text in the image.	84054852223.png	The image is a digital illustration featuring a young boy and four puppies. The boy, with brown hair and wearing an orange shirt and black shorts, is standing on a gray surface. He is holding a bowl filled with what appears to be dog food. The puppies are of various sizes and colors, including brown, black, and white. They are positioned in front of the boy, with three of them standing and one sitting, all looking at the bowl of food. The background consists of a simple gray wall with a small window. There is no visible text in the image. The style of the illustration is cartoonish and colorful, with a focus on the interaction between the boy and the puppies.	70230128779.png	The image depicts a stylized, cartoonish representation of a safe with a gold bar inside. The safe has a metallic appearance with a combination lock and a keyhole. The gold bar is prominently displayed in the center of the safe, with visible engravings or markings on its surface. The safe is open, revealing the gold bar, and is set against a plain background. There is no visible text in the image.	55475598636.png	The image shows a stylized, three-dimensional rendering of a human heart. The heart is predominantly orange with a glossy finish, giving it a shiny appearance. It has a black stem and two black tubes that resemble the aorta and pulmonary artery, respectively. The heart is adorned with gold accents, including a gold band around the base and two gold rings on the upper part of the heart. The background is plain white, emphasizing the heart as the central subject of the image. There is no visible text in the image.
zlato srce	Umetnik je izdelal skulpturo, v kateri je bilo središče telesa zamenjano za pravo zlato srce.		32582225812.png	The image features a cartoon illustration of a young boy with dark hair and a wide smile, standing on a large, open cardboard box. The boy is wearing a red and orange striped sweater and has his arms outstretched. Above him, a brown dog with a red collar is jumping, its mouth open as if it's barking or excited. The background is white, and there are small orange stars scattered around the scene. The overall style is playful and colorful, suggesting a theme of joy and imagination.	55475598636.png	The image shows a stylized, three-dimensional rendering of a human heart. The heart is predominantly orange with a glossy finish, giving it a shiny appearance. It has a black stem and two black tubes that resemble the aorta and pulmonary artery, respectively. The heart is adorned with gold accents, including a gold band around the base and two gold rings on the upper part of the heart. The background is plain white, emphasizing the heart as the central subject of the image. There is no visible text in the image.	65330582944.png	The image depicts a stylized, futuristic spacecraft. It has a predominantly white and gray color scheme with orange accents. The spacecraft features a large, rounded nose section with a greenish tint and a black and orange stripe. There are multiple orange lights and panels on the exterior, suggesting advanced technology. The body of the spacecraft is cylindrical with a series of orange lights and panels running along its length. The tail section is black with orange lights and a black and orange stripe. The spacecraft is shown in a three-quarter view, giving a sense of its size and design. There is no visible text in the image.	70230128779.png	The image depicts a stylized, cartoonish representation of a safe with a gold bar inside. The safe has a metallic appearance with a combination lock and a keyhole. The gold bar is prominently displayed in the center of the safe, with visible engravings or markings on its surface. The safe is open, revealing the gold bar, and is set against a plain background. There is no visible text in the image.	84054852223.png	The image is a digital illustration featuring a young boy and four puppies. The boy, with brown hair and wearing an orange shirt and black shorts, is standing on a gray surface. He is holding a bowl filled with what appears to be dog food. The puppies are of various sizes and colors, including brown, black, and white. They are positioned in front of the boy, with three of them standing and one sitting, all looking at the bowl of food. The background consists of a simple gray wall with a small window. There is no visible text in the image. The style of the illustration is cartoonish and colorful, with a focus on the interaction between the boy and the puppies.
kamnito srce	Takrat imam možnost, da zares začutim njihova življenja in zapišem tako ganljivo zgodbo, da gane še tako kamnito srce .		70876277191.png	The image features two animated characters. On the left is an older man with gray hair, a mustache, and a beard, wearing a dark suit and tie. He has his arms crossed and is looking to the right with a neutral expression. On the right is a younger boy with brown hair, wearing a red and orange plaid shirt and dark pants. He is holding a small orange bowl in his right hand and looking up at the older man with a slight frown. The background is plain white.	69118229009.png	The image features two plush toys, a brown teddy bear and an orange monkey, sitting side by side on a pillow. The pillow has a pattern of small orange shapes on a white background. The teddy bear is smiling and has a friendly expression, while the monkey has a neutral expression. The background is plain white, emphasizing the toys and the pillow.	28437416684.png	The image is a digital illustration featuring two animated characters, a man and a woman, walking side by side. The woman is on the left and the man is on the right. The woman is wearing a white blouse, a brown skirt, and black high heels. She is holding a black clipboard and a brown handbag. The man is dressed in a black suit, a white shirt, an orange tie, and black shoes. He is waving with his right hand and carrying a brown briefcase. Both characters are smiling and appear to be in a positive mood. There is no visible text in the image. The style of the illustration is cartoonish and simplistic, with a limited color palette and a flat design.	22232532035.png	The image depicts a large, irregularly shaped rock with a rough, textured surface, predominantly in shades of gray and brown, with patches of orange. The rock is situated in a desert-like environment with sparse vegetation, including small shrubs and grasses. In the background, there is a single, slender tree with a green canopy. The sky is not visible, and the image has a clean, white background that contrasts with the rock and the vegetation. There is no visible text in the image. The style of the image is a digital rendering with a realistic aesthetic.	70788552584.png	The image features a 3D rendering of a heart with a cracked, grayish surface, revealing an orange-red interior. The heart has a black stem and a network of black, coiled tubes or veins extending from the top. The background is plain white, emphasizing the heart.
kamnito srce	Nedvomno se ljudje, pa četudi imajo železno ali kamnito srce , takoj vdajo in so popolnoma nemočni.		70788552584.png	The image features a 3D rendering of a heart with a cracked, grayish surface, revealing an orange-red interior. The heart has a black stem and a network of black, coiled tubes or veins extending from the top. The background is plain white, emphasizing the heart.	28437416684.png	The image is a digital illustration featuring two animated characters, a man and a woman, walking side by side. The woman is on the left and the man is on the right. The woman is wearing a white blouse, a brown skirt, and black high heels. She is holding a black clipboard and a brown handbag. The man is dressed in a black suit, a white shirt, an orange tie, and black shoes. He is waving with his right hand and carrying a brown briefcase. Both characters are smiling and appear to be in a positive mood. There is no visible text in the image. The style of the illustration is cartoonish and simplistic, with a limited color palette and a flat design.	69118229009.png	The image features two plush toys, a brown teddy bear and an orange monkey, sitting side by side on a pillow. The pillow has a pattern of small orange shapes on a white background. The teddy bear is smiling and has a friendly expression, while the monkey has a neutral expression. The background is plain white, emphasizing the toys and the pillow.	22232532035.png	The image depicts a large, irregularly shaped rock with a rough, textured surface, predominantly in shades of gray and brown, with patches of orange. The rock is situated in a desert-like environment with sparse vegetation, including small shrubs and grasses. In the background, there is a single, slender tree with a green canopy. The sky is not visible, and the image has a clean, white background that contrasts with the rock and the vegetation. There is no visible text in the image. The style of the image is a digital rendering with a realistic aesthetic.	70876277191.png	The image features two animated characters. On the left is an older man with gray hair, a mustache, and a beard, wearing a dark suit and tie. He has his arms crossed and is looking to the right with a neutral expression. On the right is a younger boy with brown hair, wearing a red and orange plaid shirt and dark pants. He is holding a small orange bowl in his right hand and looking up at the older man with a slight frown. The background is plain white.
kamnito srce	V pripovedki o golem velikanu je v njegovi prsni votlini namesto mesa ležalo težko kamnito srce.		70876277191.png	The image features two animated characters. On the left is an older man with gray hair, a mustache, and a beard, wearing a dark suit and tie. He has his arms crossed and is looking to the right with a neutral expression. On the right is a younger boy with brown hair, wearing a red and orange plaid shirt and dark pants. He is holding a small orange bowl in his right hand and looking up at the older man with a slight frown. The background is plain white.	69118229009.png	The image features two plush toys, a brown teddy bear and an orange monkey, sitting side by side on a pillow. The pillow has a pattern of small orange shapes on a white background. The teddy bear is smiling and has a friendly expression, while the monkey has a neutral expression. The background is plain white, emphasizing the toys and the pillow.	28437416684.png	The image is a digital illustration featuring two animated characters, a man and a woman, walking side by side. The woman is on the left and the man is on the right. The woman is wearing a white blouse, a brown skirt, and black high heels. She is holding a black clipboard and a brown handbag. The man is dressed in a black suit, a white shirt, an orange tie, and black shoes. He is waving with his right hand and carrying a brown briefcase. Both characters are smiling and appear to be in a positive mood. There is no visible text in the image. The style of the illustration is cartoonish and simplistic, with a limited color palette and a flat design.	70788552584.png	The image features a 3D rendering of a heart with a cracked, grayish surface, revealing an orange-red interior. The heart has a black stem and a network of black, coiled tubes or veins extending from the top. The background is plain white, emphasizing the heart.	22232532035.png	The image depicts a large, irregularly shaped rock with a rough, textured surface, predominantly in shades of gray and brown, with patches of orange. The rock is situated in a desert-like environment with sparse vegetation, including small shrubs and grasses. In the background, there is a single, slender tree with a green canopy. The sky is not visible, and the image has a clean, white background that contrasts with the rock and the vegetation. There is no visible text in the image. The style of the image is a digital rendering with a realistic aesthetic.
kamnito srce	Arheologi so med izkopavanjem našli votivno figurico z majhnim kamnitim srcem, skritim v njenem osrednjem delu.		70876277191.png	The image features two animated characters. On the left is an older man with gray hair, a mustache, and a beard, wearing a dark suit and tie. He has his arms crossed and is looking to the right with a neutral expression. On the right is a younger boy with brown hair, wearing a red and orange plaid shirt and dark pants. He is holding a small orange bowl in his right hand and looking up at the older man with a slight frown. The background is plain white.	28437416684.png	The image is a digital illustration featuring two animated characters, a man and a woman, walking side by side. The woman is on the left and the man is on the right. The woman is wearing a white blouse, a brown skirt, and black high heels. She is holding a black clipboard and a brown handbag. The man is dressed in a black suit, a white shirt, an orange tie, and black shoes. He is waving with his right hand and carrying a brown briefcase. Both characters are smiling and appear to be in a positive mood. There is no visible text in the image. The style of the illustration is cartoonish and simplistic, with a limited color palette and a flat design.	70788552584.png	The image features a 3D rendering of a heart with a cracked, grayish surface, revealing an orange-red interior. The heart has a black stem and a network of black, coiled tubes or veins extending from the top. The background is plain white, emphasizing the heart.	22232532035.png	The image depicts a large, irregularly shaped rock with a rough, textured surface, predominantly in shades of gray and brown, with patches of orange. The rock is situated in a desert-like environment with sparse vegetation, including small shrubs and grasses. In the background, there is a single, slender tree with a green canopy. The sky is not visible, and the image has a clean, white background that contrasts with the rock and the vegetation. There is no visible text in the image. The style of the image is a digital rendering with a realistic aesthetic.	69118229009.png	The image features two plush toys, a brown teddy bear and an orange monkey, sitting side by side on a pillow. The pillow has a pattern of small orange shapes on a white background. The teddy bear is smiling and has a friendly expression, while the monkey has a neutral expression. The background is plain white, emphasizing the toys and the pillow.
življenje na veliki nogi	S tem poslom naj bi bil zaslužil milijone in si privoščil življenje na veliki nogi .		39789830236.png	The image features a cartoon character with a beard and mustache, wearing a black shirt and brown boots. The character is sitting with his legs spread wide apart, revealing large, orange feet. The character is smiling and appears to be in a joyful or celebratory pose. The background is plain white, emphasizing the character and his oversized feet.	65446890803.png	The image shows a stylized illustration of a person's lower body. The person is wearing black shorts and black shoes with a white sole. The legs are orange, and there are white spots on the thighs. The person is standing with their feet slightly apart. There is no visible text in the image. The style of the illustration is simple and cartoonish.	25336331788.png	The image shows two champagne glasses filled with a golden liquid, presumably champagne, being held by a pair of hands. The hands are positioned as if the glasses are being clinked together. The nails of the hands are painted red. The background is plain white, emphasizing the subjects. There is no visible text in the image. The style of the image is a digital illustration with a clean and simple design.	95474027591.png	The image depicts a stylized, cartoon-like representation of a small, cluttered workshop or garage. The room has a brick archway and a white brick wall. On the left side, there is a large orange toolbox with a hinged lid, a red and blue tool hanging on the wall, and a metal shelf with various tools and items. A large orange and silver wrench is leaning against the wall.  In the center, there is a wooden workbench with a variety of tools and items on it, including a blue bucket, a red and black tool, and a yellow and orange spray bottle. A wooden shelf above the workbench holds more tools and items.  To the right, there is a yellow and orange mop bucket with a mop handle, a red and black tool, and a yellow and orange spray bottle. A wooden shelf above the mop bucket holds more tools and items.  The floor is covered with various tools and items scattered around, including a red and black tool, a yellow and orange spray bottle, and a blue bucket. The overall impression is one of a busy, active workspace.	42884589538.png	The image is a digital illustration of a stylized female character. She has dark hair styled in an updo with a tiara, and her makeup is done in a way that accentuates her eyes and lips. The character is wearing a white strapless dress and has a necklace with a large pendant. She is holding a bottle of champagne in her right hand, which is resting on the steering wheel of a convertible car. The car is depicted in a simplified manner, with a visible door handle and a partial view of the interior. The background is plain white, which contrasts with the character and the car, making them the focal points of the image. There is no visible text in the image.
življenje na veliki nogi	Življenje na veliki nogi ob koncu osemdesetih in v devetdesetih letih ga je pripeljalo skorajda na beraško palico.		42884589538.png	The image is a digital illustration of a stylized female character. She has dark hair styled in an updo with a tiara, and her makeup is done in a way that accentuates her eyes and lips. The character is wearing a white strapless dress and has a necklace with a large pendant. She is holding a bottle of champagne in her right hand, which is resting on the steering wheel of a convertible car. The car is depicted in a simplified manner, with a visible door handle and a partial view of the interior. The background is plain white, which contrasts with the character and the car, making them the focal points of the image. There is no visible text in the image.	25336331788.png	The image shows two champagne glasses filled with a golden liquid, presumably champagne, being held by a pair of hands. The hands are positioned as if the glasses are being clinked together. The nails of the hands are painted red. The background is plain white, emphasizing the subjects. There is no visible text in the image. The style of the image is a digital illustration with a clean and simple design.	95474027591.png	The image depicts a stylized, cartoon-like representation of a small, cluttered workshop or garage. The room has a brick archway and a white brick wall. On the left side, there is a large orange toolbox with a hinged lid, a red and blue tool hanging on the wall, and a metal shelf with various tools and items. A large orange and silver wrench is leaning against the wall.  In the center, there is a wooden workbench with a variety of tools and items on it, including a blue bucket, a red and black tool, and a yellow and orange spray bottle. A wooden shelf above the workbench holds more tools and items.  To the right, there is a yellow and orange mop bucket with a mop handle, a red and black tool, and a yellow and orange spray bottle. A wooden shelf above the mop bucket holds more tools and items.  The floor is covered with various tools and items scattered around, including a red and black tool, a yellow and orange spray bottle, and a blue bucket. The overall impression is one of a busy, active workspace.	39789830236.png	The image features a cartoon character with a beard and mustache, wearing a black shirt and brown boots. The character is sitting with his legs spread wide apart, revealing large, orange feet. The character is smiling and appears to be in a joyful or celebratory pose. The background is plain white, emphasizing the character and his oversized feet.	65446890803.png	The image shows a stylized illustration of a person's lower body. The person is wearing black shorts and black shoes with a white sole. The legs are orange, and there are white spots on the thighs. The person is standing with their feet slightly apart. There is no visible text in the image. The style of the illustration is simple and cartoonish.
življenje na veliki nogi	Majhni gozdni duhci so si uredili življenje na veliki nogi: gnezda so si zgradili kar na stopalu spečega velikana.		65446890803.png	The image shows a stylized illustration of a person's lower body. The person is wearing black shorts and black shoes with a white sole. The legs are orange, and there are white spots on the thighs. The person is standing with their feet slightly apart. There is no visible text in the image. The style of the illustration is simple and cartoonish.	39789830236.png	The image features a cartoon character with a beard and mustache, wearing a black shirt and brown boots. The character is sitting with his legs spread wide apart, revealing large, orange feet. The character is smiling and appears to be in a joyful or celebratory pose. The background is plain white, emphasizing the character and his oversized feet.	95474027591.png	The image depicts a stylized, cartoon-like representation of a small, cluttered workshop or garage. The room has a brick archway and a white brick wall. On the left side, there is a large orange toolbox with a hinged lid, a red and blue tool hanging on the wall, and a metal shelf with various tools and items. A large orange and silver wrench is leaning against the wall.  In the center, there is a wooden workbench with a variety of tools and items on it, including a blue bucket, a red and black tool, and a yellow and orange spray bottle. A wooden shelf above the workbench holds more tools and items.  To the right, there is a yellow and orange mop bucket with a mop handle, a red and black tool, and a yellow and orange spray bottle. A wooden shelf above the mop bucket holds more tools and items.  The floor is covered with various tools and items scattered around, including a red and black tool, a yellow and orange spray bottle, and a blue bucket. The overall impression is one of a busy, active workspace.	25336331788.png	The image shows two champagne glasses filled with a golden liquid, presumably champagne, being held by a pair of hands. The hands are positioned as if the glasses are being clinked together. The nails of the hands are painted red. The background is plain white, emphasizing the subjects. There is no visible text in the image. The style of the image is a digital illustration with a clean and simple design.	42884589538.png	The image is a digital illustration of a stylized female character. She has dark hair styled in an updo with a tiara, and her makeup is done in a way that accentuates her eyes and lips. The character is wearing a white strapless dress and has a necklace with a large pendant. She is holding a bottle of champagne in her right hand, which is resting on the steering wheel of a convertible car. The car is depicted in a simplified manner, with a visible door handle and a partial view of the interior. The background is plain white, which contrasts with the character and the car, making them the focal points of the image. There is no visible text in the image.
življenje na veliki nogi	V pravljici o velikanu opisujejo njegovo življenje na veliki nogi, saj je moral za vsak korak prehoditi pol doline.		39789830236.png	The image features a cartoon character with a beard and mustache, wearing a black shirt and brown boots. The character is sitting with his legs spread wide apart, revealing large, orange feet. The character is smiling and appears to be in a joyful or celebratory pose. The background is plain white, emphasizing the character and his oversized feet.	65446890803.png	The image shows a stylized illustration of a person's lower body. The person is wearing black shorts and black shoes with a white sole. The legs are orange, and there are white spots on the thighs. The person is standing with their feet slightly apart. There is no visible text in the image. The style of the illustration is simple and cartoonish.	42884589538.png	The image is a digital illustration of a stylized female character. She has dark hair styled in an updo with a tiara, and her makeup is done in a way that accentuates her eyes and lips. The character is wearing a white strapless dress and has a necklace with a large pendant. She is holding a bottle of champagne in her right hand, which is resting on the steering wheel of a convertible car. The car is depicted in a simplified manner, with a visible door handle and a partial view of the interior. The background is plain white, which contrasts with the character and the car, making them the focal points of the image. There is no visible text in the image.	95474027591.png	The image depicts a stylized, cartoon-like representation of a small, cluttered workshop or garage. The room has a brick archway and a white brick wall. On the left side, there is a large orange toolbox with a hinged lid, a red and blue tool hanging on the wall, and a metal shelf with various tools and items. A large orange and silver wrench is leaning against the wall.  In the center, there is a wooden workbench with a variety of tools and items on it, including a blue bucket, a red and black tool, and a yellow and orange spray bottle. A wooden shelf above the workbench holds more tools and items.  To the right, there is a yellow and orange mop bucket with a mop handle, a red and black tool, and a yellow and orange spray bottle. A wooden shelf above the mop bucket holds more tools and items.  The floor is covered with various tools and items scattered around, including a red and black tool, a yellow and orange spray bottle, and a blue bucket. The overall impression is one of a busy, active workspace.	25336331788.png	The image shows two champagne glasses filled with a golden liquid, presumably champagne, being held by a pair of hands. The hands are positioned as if the glasses are being clinked together. The nails of the hands are painted red. The background is plain white, emphasizing the subjects. There is no visible text in the image. The style of the image is a digital illustration with a clean and simple design.
vroč kostanj	Običajno si ministrstvo za prostor koalicijske stranke podajajo naokoli kot vroč kostanj in minister za prostor je znan kot zadnji.		41953952100.png	The image depicts a group of four animated characters, two men and two women, seated around a rectangular conference table. The table is brown and has a laptop and a clipboard on it. The characters are dressed in business attire, with the men wearing suits and the women in dresses. They are all smiling and appear to be engaged in a discussion or meeting. The characters are drawn in a cartoon style with exaggerated features. There is no visible text in the image.	40131064234.png	The image shows a stylized illustration of a hand holding a small fruit with a spiky top. The fruit has a textured surface with shades of orange and green, suggesting a natural, possibly organic, texture. The hand appears to be a simplified, cartoon-like representation, with a smooth, untextured skin and a single finger visible. The background is a plain, light gray color, providing a neutral backdrop that contrasts with the vibrant colors of the fruit. There is no visible text in the image. The style of the illustration is flat with a limited color palette, giving it a clean and modern appearance.	96726581927.png	The image is a digital illustration featuring two animated male characters standing at a podium. Both characters are dressed in business attire, with one wearing a dark suit and the other in a light suit. They are gesturing with their hands, suggesting they are in the middle of a conversation or debate. The characters are depicted with exaggerated facial expressions, indicating a lively discussion. There is no visible text in the image. The background is plain white, emphasizing the characters and the podium. The style of the illustration is cartoonish and simplistic, with a focus on the characters and their interaction.	15135961290.png	The image shows a scroll with a wax seal on it. The scroll is rolled up and appears to be made of parchment with a slightly aged look. The wax seal is orange with a design that includes a flower and a ribbon. The scroll is resting on a surface, and the background is plain and white. There is no visible text on the scroll or in the image.	53894052345.png	The image shows a black cast iron skillet filled with whole, unpeeled chestnuts. The chestnuts have a glossy, orange-brown skin and are scattered throughout the skillet. There are no visible texts or distinguishing marks on the chestnuts or the skillet. The skillet is placed on a plain, light-colored surface. The style of the image is a realistic, high-resolution photograph with a focus on the food item.
vroč kostanj	Enotni plačni sistem je vroč kostanj , ki si ga že leta podajajo sindikati in vlada.		15135961290.png	The image shows a scroll with a wax seal on it. The scroll is rolled up and appears to be made of parchment with a slightly aged look. The wax seal is orange with a design that includes a flower and a ribbon. The scroll is resting on a surface, and the background is plain and white. There is no visible text on the scroll or in the image.	41953952100.png	The image depicts a group of four animated characters, two men and two women, seated around a rectangular conference table. The table is brown and has a laptop and a clipboard on it. The characters are dressed in business attire, with the men wearing suits and the women in dresses. They are all smiling and appear to be engaged in a discussion or meeting. The characters are drawn in a cartoon style with exaggerated features. There is no visible text in the image.	96726581927.png	The image is a digital illustration featuring two animated male characters standing at a podium. Both characters are dressed in business attire, with one wearing a dark suit and the other in a light suit. They are gesturing with their hands, suggesting they are in the middle of a conversation or debate. The characters are depicted with exaggerated facial expressions, indicating a lively discussion. There is no visible text in the image. The background is plain white, emphasizing the characters and the podium. The style of the illustration is cartoonish and simplistic, with a focus on the characters and their interaction.	40131064234.png	The image shows a stylized illustration of a hand holding a small fruit with a spiky top. The fruit has a textured surface with shades of orange and green, suggesting a natural, possibly organic, texture. The hand appears to be a simplified, cartoon-like representation, with a smooth, untextured skin and a single finger visible. The background is a plain, light gray color, providing a neutral backdrop that contrasts with the vibrant colors of the fruit. There is no visible text in the image. The style of the illustration is flat with a limited color palette, giving it a clean and modern appearance.	53894052345.png	The image shows a black cast iron skillet filled with whole, unpeeled chestnuts. The chestnuts have a glossy, orange-brown skin and are scattered throughout the skillet. There are no visible texts or distinguishing marks on the chestnuts or the skillet. The skillet is placed on a plain, light-colored surface. The style of the image is a realistic, high-resolution photograph with a focus on the food item.
vroč kostanj	Sprehod v dvoje z merico vročih kostanjev v rokah.		15135961290.png	The image shows a scroll with a wax seal on it. The scroll is rolled up and appears to be made of parchment with a slightly aged look. The wax seal is orange with a design that includes a flower and a ribbon. The scroll is resting on a surface, and the background is plain and white. There is no visible text on the scroll or in the image.	96726581927.png	The image is a digital illustration featuring two animated male characters standing at a podium. Both characters are dressed in business attire, with one wearing a dark suit and the other in a light suit. They are gesturing with their hands, suggesting they are in the middle of a conversation or debate. The characters are depicted with exaggerated facial expressions, indicating a lively discussion. There is no visible text in the image. The background is plain white, emphasizing the characters and the podium. The style of the illustration is cartoonish and simplistic, with a focus on the characters and their interaction.	53894052345.png	The image shows a black cast iron skillet filled with whole, unpeeled chestnuts. The chestnuts have a glossy, orange-brown skin and are scattered throughout the skillet. There are no visible texts or distinguishing marks on the chestnuts or the skillet. The skillet is placed on a plain, light-colored surface. The style of the image is a realistic, high-resolution photograph with a focus on the food item.	40131064234.png	The image shows a stylized illustration of a hand holding a small fruit with a spiky top. The fruit has a textured surface with shades of orange and green, suggesting a natural, possibly organic, texture. The hand appears to be a simplified, cartoon-like representation, with a smooth, untextured skin and a single finger visible. The background is a plain, light gray color, providing a neutral backdrop that contrasts with the vibrant colors of the fruit. There is no visible text in the image. The style of the illustration is flat with a limited color palette, giving it a clean and modern appearance.	41953952100.png	The image depicts a group of four animated characters, two men and two women, seated around a rectangular conference table. The table is brown and has a laptop and a clipboard on it. The characters are dressed in business attire, with the men wearing suits and the women in dresses. They are all smiling and appear to be engaged in a discussion or meeting. The characters are drawn in a cartoon style with exaggerated features. There is no visible text in the image.
vroč kostanj	Na misel mi je prišel okusen, dišeč, vroč kostanj , ki bi mi ogrel mrzle dlani.		40131064234.png	The image shows a stylized illustration of a hand holding a small fruit with a spiky top. The fruit has a textured surface with shades of orange and green, suggesting a natural, possibly organic, texture. The hand appears to be a simplified, cartoon-like representation, with a smooth, untextured skin and a single finger visible. The background is a plain, light gray color, providing a neutral backdrop that contrasts with the vibrant colors of the fruit. There is no visible text in the image. The style of the illustration is flat with a limited color palette, giving it a clean and modern appearance.	41953952100.png	The image depicts a group of four animated characters, two men and two women, seated around a rectangular conference table. The table is brown and has a laptop and a clipboard on it. The characters are dressed in business attire, with the men wearing suits and the women in dresses. They are all smiling and appear to be engaged in a discussion or meeting. The characters are drawn in a cartoon style with exaggerated features. There is no visible text in the image.	53894052345.png	The image shows a black cast iron skillet filled with whole, unpeeled chestnuts. The chestnuts have a glossy, orange-brown skin and are scattered throughout the skillet. There are no visible texts or distinguishing marks on the chestnuts or the skillet. The skillet is placed on a plain, light-colored surface. The style of the image is a realistic, high-resolution photograph with a focus on the food item.	15135961290.png	The image shows a scroll with a wax seal on it. The scroll is rolled up and appears to be made of parchment with a slightly aged look. The wax seal is orange with a design that includes a flower and a ribbon. The scroll is resting on a surface, and the background is plain and white. There is no visible text on the scroll or in the image.	96726581927.png	The image is a digital illustration featuring two animated male characters standing at a podium. Both characters are dressed in business attire, with one wearing a dark suit and the other in a light suit. They are gesturing with their hands, suggesting they are in the middle of a conversation or debate. The characters are depicted with exaggerated facial expressions, indicating a lively discussion. There is no visible text in the image. The background is plain white, emphasizing the characters and the podium. The style of the illustration is cartoonish and simplistic, with a focus on the characters and their interaction.
slonokoščeni stolp	Ko sem se rodila, sta starša zgradila slonokoščeni stolp , v katerem je bil prostor le zanju in zame.		86002885903.png	The image is a colorful illustration of a group of people standing in front of a building. The individuals are dressed in a variety of outfits, predominantly in shades of orange, black, and white. Some are carrying backpacks and handbags. The building has a modern architectural style with large windows and a flat roof. There are trees on either side of the entrance, and the ground appears to be a paved area. The overall atmosphere is lively and casual, suggesting a social gathering or event. There is no visible text in the image.	38612606739.png	The image depicts a whimsical scene featuring a large, orange cannon with a wooden carriage, mounted on a wooden platform. The cannon is adorned with gold accents and is topped with a flag. Surrounding the cannon are three small, orange creatures with white faces and black eyes, resembling anthropomorphic animals, standing on the platform. Above the cannon, there is a large, orange awning with a white stripe and gold stars. The background is plain white, and there are small, black stars scattered around the scene. The overall style of the image is cartoonish and playful.	53572493198.png	The image shows a multi-tiered structure with a series of white figurines that resemble animals, possibly dogs, on each tier. The figurines have orange accents and are arranged in a circular pattern around a central, larger figure that appears to be a candle or a similar cylindrical object with a flame-like top. The structure has a black base and is set against a plain white background. There is no visible text in the image. The style of the image is a clear, well-lit product photograph with a focus on the item's design and details.	95652223104.png	The image features a stylized, cartoon-like depiction of an elephant. The elephant has large, floppy ears and a long, curled trunk. Its skin is textured with a pattern that resembles a combination of gray and orange, with some areas appearing to be speckled or dotted. The elephant's eyes are large and expressive, with a friendly appearance. The background is plain and white, which contrasts with the elephant's colorful skin. There is no visible text in the image. The style of the image is illustrative and appears to be designed for a younger audience or for use in a children's book or animation.	34504134120.png	The image depicts a group of five animated characters, all male, seated around a wooden dining table. They are dressed in formal attire, including suits and ties, and appear to be engaged in a conversation. The characters are drawn in a cartoon style with exaggerated facial features and expressions.  On the table, there are several items including a teapot, a cup, and a saucer. The setting suggests a formal or professional environment, possibly a meeting or a discussion.  The background features a wooden wall with framed pictures, one of which prominently displays a portrait of a man. The overall atmosphere is one of a serious or formal gathering. There is no visible text in the image.
slonokoščeni stolp	Je znanstvenik, ki se ne zapira v slonokoščeni stolp , ampak širi ljubezen do matematike malone po vsem svetu.		53572493198.png	The image shows a multi-tiered structure with a series of white figurines that resemble animals, possibly dogs, on each tier. The figurines have orange accents and are arranged in a circular pattern around a central, larger figure that appears to be a candle or a similar cylindrical object with a flame-like top. The structure has a black base and is set against a plain white background. There is no visible text in the image. The style of the image is a clear, well-lit product photograph with a focus on the item's design and details.	86002885903.png	The image is a colorful illustration of a group of people standing in front of a building. The individuals are dressed in a variety of outfits, predominantly in shades of orange, black, and white. Some are carrying backpacks and handbags. The building has a modern architectural style with large windows and a flat roof. There are trees on either side of the entrance, and the ground appears to be a paved area. The overall atmosphere is lively and casual, suggesting a social gathering or event. There is no visible text in the image.	34504134120.png	The image depicts a group of five animated characters, all male, seated around a wooden dining table. They are dressed in formal attire, including suits and ties, and appear to be engaged in a conversation. The characters are drawn in a cartoon style with exaggerated facial features and expressions.  On the table, there are several items including a teapot, a cup, and a saucer. The setting suggests a formal or professional environment, possibly a meeting or a discussion.  The background features a wooden wall with framed pictures, one of which prominently displays a portrait of a man. The overall atmosphere is one of a serious or formal gathering. There is no visible text in the image.	95652223104.png	The image features a stylized, cartoon-like depiction of an elephant. The elephant has large, floppy ears and a long, curled trunk. Its skin is textured with a pattern that resembles a combination of gray and orange, with some areas appearing to be speckled or dotted. The elephant's eyes are large and expressive, with a friendly appearance. The background is plain and white, which contrasts with the elephant's colorful skin. There is no visible text in the image. The style of the image is illustrative and appears to be designed for a younger audience or for use in a children's book or animation.	38612606739.png	The image depicts a whimsical scene featuring a large, orange cannon with a wooden carriage, mounted on a wooden platform. The cannon is adorned with gold accents and is topped with a flag. Surrounding the cannon are three small, orange creatures with white faces and black eyes, resembling anthropomorphic animals, standing on the platform. Above the cannon, there is a large, orange awning with a white stripe and gold stars. The background is plain white, and there are small, black stars scattered around the scene. The overall style of the image is cartoonish and playful.
slonokoščeni stolp	Na obali se je dvigal redek arhitekturni čudež — visok slonokoščeni stolp, zgrajen iz bleščečih plošč slonovine.		53572493198.png	The image shows a multi-tiered structure with a series of white figurines that resemble animals, possibly dogs, on each tier. The figurines have orange accents and are arranged in a circular pattern around a central, larger figure that appears to be a candle or a similar cylindrical object with a flame-like top. The structure has a black base and is set against a plain white background. There is no visible text in the image. The style of the image is a clear, well-lit product photograph with a focus on the item's design and details.	34504134120.png	The image depicts a group of five animated characters, all male, seated around a wooden dining table. They are dressed in formal attire, including suits and ties, and appear to be engaged in a conversation. The characters are drawn in a cartoon style with exaggerated facial features and expressions.  On the table, there are several items including a teapot, a cup, and a saucer. The setting suggests a formal or professional environment, possibly a meeting or a discussion.  The background features a wooden wall with framed pictures, one of which prominently displays a portrait of a man. The overall atmosphere is one of a serious or formal gathering. There is no visible text in the image.	95652223104.png	The image features a stylized, cartoon-like depiction of an elephant. The elephant has large, floppy ears and a long, curled trunk. Its skin is textured with a pattern that resembles a combination of gray and orange, with some areas appearing to be speckled or dotted. The elephant's eyes are large and expressive, with a friendly appearance. The background is plain and white, which contrasts with the elephant's colorful skin. There is no visible text in the image. The style of the image is illustrative and appears to be designed for a younger audience or for use in a children's book or animation.	86002885903.png	The image is a colorful illustration of a group of people standing in front of a building. The individuals are dressed in a variety of outfits, predominantly in shades of orange, black, and white. Some are carrying backpacks and handbags. The building has a modern architectural style with large windows and a flat roof. There are trees on either side of the entrance, and the ground appears to be a paved area. The overall atmosphere is lively and casual, suggesting a social gathering or event. There is no visible text in the image.	38612606739.png	The image depicts a whimsical scene featuring a large, orange cannon with a wooden carriage, mounted on a wooden platform. The cannon is adorned with gold accents and is topped with a flag. Surrounding the cannon are three small, orange creatures with white faces and black eyes, resembling anthropomorphic animals, standing on the platform. Above the cannon, there is a large, orange awning with a white stripe and gold stars. The background is plain white, and there are small, black stars scattered around the scene. The overall style of the image is cartoonish and playful.
slonokoščeni stolp	V legendi je princesa živela v slonokoščenem stolpu, katerega stene so pod soncem žarele kot poliran kostni oklep.		38612606739.png	The image depicts a whimsical scene featuring a large, orange cannon with a wooden carriage, mounted on a wooden platform. The cannon is adorned with gold accents and is topped with a flag. Surrounding the cannon are three small, orange creatures with white faces and black eyes, resembling anthropomorphic animals, standing on the platform. Above the cannon, there is a large, orange awning with a white stripe and gold stars. The background is plain white, and there are small, black stars scattered around the scene. The overall style of the image is cartoonish and playful.	95652223104.png	The image features a stylized, cartoon-like depiction of an elephant. The elephant has large, floppy ears and a long, curled trunk. Its skin is textured with a pattern that resembles a combination of gray and orange, with some areas appearing to be speckled or dotted. The elephant's eyes are large and expressive, with a friendly appearance. The background is plain and white, which contrasts with the elephant's colorful skin. There is no visible text in the image. The style of the image is illustrative and appears to be designed for a younger audience or for use in a children's book or animation.	34504134120.png	The image depicts a group of five animated characters, all male, seated around a wooden dining table. They are dressed in formal attire, including suits and ties, and appear to be engaged in a conversation. The characters are drawn in a cartoon style with exaggerated facial features and expressions.  On the table, there are several items including a teapot, a cup, and a saucer. The setting suggests a formal or professional environment, possibly a meeting or a discussion.  The background features a wooden wall with framed pictures, one of which prominently displays a portrait of a man. The overall atmosphere is one of a serious or formal gathering. There is no visible text in the image.	53572493198.png	The image shows a multi-tiered structure with a series of white figurines that resemble animals, possibly dogs, on each tier. The figurines have orange accents and are arranged in a circular pattern around a central, larger figure that appears to be a candle or a similar cylindrical object with a flame-like top. The structure has a black base and is set against a plain white background. There is no visible text in the image. The style of the image is a clear, well-lit product photograph with a focus on the item's design and details.	86002885903.png	The image is a colorful illustration of a group of people standing in front of a building. The individuals are dressed in a variety of outfits, predominantly in shades of orange, black, and white. Some are carrying backpacks and handbags. The building has a modern architectural style with large windows and a flat roof. There are trees on either side of the entrance, and the ground appears to be a paved area. The overall atmosphere is lively and casual, suggesting a social gathering or event. There is no visible text in the image.
salonski lev	Da boste samo salonski lev , ne bo dovolj, izkazati se boste morali tudi kot diplomat.		55036872157.png	The image depicts a stylized, animated character of a woman. She has brown hair styled in a bun, with a small orange hair accessory. The character is wearing glasses with black frames and has a slight smile. She is dressed in a white blouse and a black apron. In her hands, she holds a clipboard with a pen, and there are four orange circles on the clipboard. The background is plain white.	18290008999.png	The image depicts a stylized, animated lion. The lion is predominantly orange with a darker brown mane and tail. It has a muscular build, with a prominent chest and powerful legs. The lion's expression is neutral, with a slight frown, and it is looking directly at the viewer. The background is plain white, which contrasts with the lion's vibrant coloring. There is no visible text in the image.	96355936193.png	The image is a digital illustration of a man performing a bicep curl with a barbell. He is wearing a dark-colored sleeveless top and black shorts. The man has short brown hair and is looking directly at the viewer. The barbell has two weight plates attached to it, and the man is gripping the bar with both hands. The background is plain white, emphasizing the subject. There is no visible text in the image.	19997477268.png	The image depicts a stylized, cartoon-like illustration of a lion lying on an orange couch. The couch is situated in a room with classical architecture, featuring ornate columns and chandeliers. The room has a dark background with white walls, and there are chairs and a table visible in the background. The lion appears to be resting with its eyes closed. There is no visible text in the image. The style of the image is reminiscent of a storybook or animated film.	12624549272.png	The image depicts a man seated on an ornate chair. He is dressed in a dark suit with a white shirt and a red pocket square. The man is holding a cigar in his right hand and a glass of whiskey in his left. He has a beard and mustache, and his hair is styled in a messy manner. The chair has a rich, dark color with intricate patterns and is positioned against a plain white background. There is no visible text in the image. The style of the image is a digital illustration with a focus on realism.
salonski lev	Ostarelega kapitana bi pričakovali kot salonskega leva , ki damam in gospodom pričara pred oči srhljive zgodbe o viharjih, piratih in morskih psih.		18290008999.png	The image depicts a stylized, animated lion. The lion is predominantly orange with a darker brown mane and tail. It has a muscular build, with a prominent chest and powerful legs. The lion's expression is neutral, with a slight frown, and it is looking directly at the viewer. The background is plain white, which contrasts with the lion's vibrant coloring. There is no visible text in the image.	55036872157.png	The image depicts a stylized, animated character of a woman. She has brown hair styled in a bun, with a small orange hair accessory. The character is wearing glasses with black frames and has a slight smile. She is dressed in a white blouse and a black apron. In her hands, she holds a clipboard with a pen, and there are four orange circles on the clipboard. The background is plain white.	19997477268.png	The image depicts a stylized, cartoon-like illustration of a lion lying on an orange couch. The couch is situated in a room with classical architecture, featuring ornate columns and chandeliers. The room has a dark background with white walls, and there are chairs and a table visible in the background. The lion appears to be resting with its eyes closed. There is no visible text in the image. The style of the image is reminiscent of a storybook or animated film.	96355936193.png	The image is a digital illustration of a man performing a bicep curl with a barbell. He is wearing a dark-colored sleeveless top and black shorts. The man has short brown hair and is looking directly at the viewer. The barbell has two weight plates attached to it, and the man is gripping the bar with both hands. The background is plain white, emphasizing the subject. There is no visible text in the image.	12624549272.png	The image depicts a man seated on an ornate chair. He is dressed in a dark suit with a white shirt and a red pocket square. The man is holding a cigar in his right hand and a glass of whiskey in his left. He has a beard and mustache, and his hair is styled in a messy manner. The chair has a rich, dark color with intricate patterns and is positioned against a plain white background. There is no visible text in the image. The style of the image is a digital illustration with a focus on realism.
salonski lev	Salonski lev je hkrati stokal in se smejal, pri tem pa pljuval z zobmi zabeljeno kri.		18290008999.png	The image depicts a stylized, animated lion. The lion is predominantly orange with a darker brown mane and tail. It has a muscular build, with a prominent chest and powerful legs. The lion's expression is neutral, with a slight frown, and it is looking directly at the viewer. The background is plain white, which contrasts with the lion's vibrant coloring. There is no visible text in the image.	12624549272.png	The image depicts a man seated on an ornate chair. He is dressed in a dark suit with a white shirt and a red pocket square. The man is holding a cigar in his right hand and a glass of whiskey in his left. He has a beard and mustache, and his hair is styled in a messy manner. The chair has a rich, dark color with intricate patterns and is positioned against a plain white background. There is no visible text in the image. The style of the image is a digital illustration with a focus on realism.	19997477268.png	The image depicts a stylized, cartoon-like illustration of a lion lying on an orange couch. The couch is situated in a room with classical architecture, featuring ornate columns and chandeliers. The room has a dark background with white walls, and there are chairs and a table visible in the background. The lion appears to be resting with its eyes closed. There is no visible text in the image. The style of the image is reminiscent of a storybook or animated film.	96355936193.png	The image is a digital illustration of a man performing a bicep curl with a barbell. He is wearing a dark-colored sleeveless top and black shorts. The man has short brown hair and is looking directly at the viewer. The barbell has two weight plates attached to it, and the man is gripping the bar with both hands. The background is plain white, emphasizing the subject. There is no visible text in the image.	55036872157.png	The image depicts a stylized, animated character of a woman. She has brown hair styled in a bun, with a small orange hair accessory. The character is wearing glasses with black frames and has a slight smile. She is dressed in a white blouse and a black apron. In her hands, she holds a clipboard with a pen, and there are four orange circles on the clipboard. The background is plain white.
salonski lev	V romanu nastopa udomačen salonski lev, ki mirno spremlja večerne pogovore plemičev in se pusti božati kot prevelika mačka.		12624549272.png	The image depicts a man seated on an ornate chair. He is dressed in a dark suit with a white shirt and a red pocket square. The man is holding a cigar in his right hand and a glass of whiskey in his left. He has a beard and mustache, and his hair is styled in a messy manner. The chair has a rich, dark color with intricate patterns and is positioned against a plain white background. There is no visible text in the image. The style of the image is a digital illustration with a focus on realism.	19997477268.png	The image depicts a stylized, cartoon-like illustration of a lion lying on an orange couch. The couch is situated in a room with classical architecture, featuring ornate columns and chandeliers. The room has a dark background with white walls, and there are chairs and a table visible in the background. The lion appears to be resting with its eyes closed. There is no visible text in the image. The style of the image is reminiscent of a storybook or animated film.	18290008999.png	The image depicts a stylized, animated lion. The lion is predominantly orange with a darker brown mane and tail. It has a muscular build, with a prominent chest and powerful legs. The lion's expression is neutral, with a slight frown, and it is looking directly at the viewer. The background is plain white, which contrasts with the lion's vibrant coloring. There is no visible text in the image.	55036872157.png	The image depicts a stylized, animated character of a woman. She has brown hair styled in a bun, with a small orange hair accessory. The character is wearing glasses with black frames and has a slight smile. She is dressed in a white blouse and a black apron. In her hands, she holds a clipboard with a pen, and there are four orange circles on the clipboard. The background is plain white.	96355936193.png	The image is a digital illustration of a man performing a bicep curl with a barbell. He is wearing a dark-colored sleeveless top and black shorts. The man has short brown hair and is looking directly at the viewer. The barbell has two weight plates attached to it, and the man is gripping the bar with both hands. The background is plain white, emphasizing the subject. There is no visible text in the image.
ljubezenski trikotnik	V 3. letniku se je zapletla v boleč ljubezenski trikotnik z dvema študentkama in študij opustila.		61856502800.png	The image is a digital illustration featuring two stylized female figures standing on a grassy area with a body of water in the foreground. The figures are depicted in a simplistic, cartoon-like style with minimal detail. The figure on the left has long brown hair, is wearing a short-sleeved orange top, dark pants, and black shoes. The figure on the right has long brown hair, is wearing a short-sleeved red top, dark shorts, and black shoes. Both figures are holding hands and appear to be looking out towards a large, orange sunset or sunrise in the background. The sun is depicted with a gradient of colors, ranging from orange to yellow and then to a darker orange. The sky is depicted with a gradient of colors, ranging from a light orange at the horizon to a darker orange and then to a light blue at the top. The clouds are depicted in a soft, light gray color. In the foreground, there are three red flowers with green leaves. The overall style of the image is flat with a limited color palette, emphasizing the silhouette of the figures against the bright background.	33726794097.png	The image depicts two animated characters, a woman and a man, sitting at a table in a professional setting. The woman is on the left, wearing a bright orange blazer over a white shirt, black pants, and black high heels. She has curly hair and is smiling. The man is on the right, dressed in a dark suit with a white shirt and a red tie, and is also smiling. He is holding a pen and appears to be writing on a notepad. Both characters are seated on office chairs with wheels. The background is plain white, emphasizing the characters and the table. There is no visible text in the image.	19573435085.png	The image shows a collection of spheres with a reflective surface, arranged in a triangular pattern on a black base. The spheres vary in color, with shades of orange, red, white, and black. There is a single sphere outside the main arrangement, positioned to the right. The background is plain and white, emphasizing the spheres. The image is a 3D rendering with a realistic style.	81668584707.png	The image is a digital illustration featuring three animated characters. On the left, there is a man with a beard and mustache, wearing a yellow sleeveless shirt and black pants. In the center, there is a woman with dark skin, dark hair, and large hoop earrings. She is wearing a sleeveless top and black pants, and her hands are on her hips. On the right, there is another man with a beard and mustache, wearing an orange shirt and black pants. He is holding a small red box in his right hand and gesturing with his left hand. The characters are standing in a line, facing each other, and appear to be engaged in a conversation. There is no visible text in the image.	84036463842.png	The image features a large, three-dimensional stack of heart-shaped objects. These hearts are in shades of red and pink, and they are arranged in a pyramid shape, with the largest heart at the bottom and the smallest at the top. The hearts are glossy and appear to be made of a smooth, possibly plastic or paper-like material. They are floating in the air against a plain white background. There is no visible text in the image. The style of the image is illustrative and appears to be designed for a graphic or decorative purpose.
ljubezenski trikotnik	Čez nekaj časa se je obdolženec vrnil in takrat se je v ljubezenskem trikotniku zabliskal nož.		84036463842.png	The image features a large, three-dimensional stack of heart-shaped objects. These hearts are in shades of red and pink, and they are arranged in a pyramid shape, with the largest heart at the bottom and the smallest at the top. The hearts are glossy and appear to be made of a smooth, possibly plastic or paper-like material. They are floating in the air against a plain white background. There is no visible text in the image. The style of the image is illustrative and appears to be designed for a graphic or decorative purpose.	81668584707.png	The image is a digital illustration featuring three animated characters. On the left, there is a man with a beard and mustache, wearing a yellow sleeveless shirt and black pants. In the center, there is a woman with dark skin, dark hair, and large hoop earrings. She is wearing a sleeveless top and black pants, and her hands are on her hips. On the right, there is another man with a beard and mustache, wearing an orange shirt and black pants. He is holding a small red box in his right hand and gesturing with his left hand. The characters are standing in a line, facing each other, and appear to be engaged in a conversation. There is no visible text in the image.	33726794097.png	The image depicts two animated characters, a woman and a man, sitting at a table in a professional setting. The woman is on the left, wearing a bright orange blazer over a white shirt, black pants, and black high heels. She has curly hair and is smiling. The man is on the right, dressed in a dark suit with a white shirt and a red tie, and is also smiling. He is holding a pen and appears to be writing on a notepad. Both characters are seated on office chairs with wheels. The background is plain white, emphasizing the characters and the table. There is no visible text in the image.	61856502800.png	The image is a digital illustration featuring two stylized female figures standing on a grassy area with a body of water in the foreground. The figures are depicted in a simplistic, cartoon-like style with minimal detail. The figure on the left has long brown hair, is wearing a short-sleeved orange top, dark pants, and black shoes. The figure on the right has long brown hair, is wearing a short-sleeved red top, dark shorts, and black shoes. Both figures are holding hands and appear to be looking out towards a large, orange sunset or sunrise in the background. The sun is depicted with a gradient of colors, ranging from orange to yellow and then to a darker orange. The sky is depicted with a gradient of colors, ranging from a light orange at the horizon to a darker orange and then to a light blue at the top. The clouds are depicted in a soft, light gray color. In the foreground, there are three red flowers with green leaves. The overall style of the image is flat with a limited color palette, emphasizing the silhouette of the figures against the bright background.	19573435085.png	The image shows a collection of spheres with a reflective surface, arranged in a triangular pattern on a black base. The spheres vary in color, with shades of orange, red, white, and black. There is a single sphere outside the main arrangement, positioned to the right. The background is plain and white, emphasizing the spheres. The image is a 3D rendering with a realistic style.
ljubezenski trikotnik	Na naslovnici romantičnega romana je bil narisan ljubezenski trikotnik, v katerega so bili vrisani trije prepleteni srčki.		33726794097.png	The image depicts two animated characters, a woman and a man, sitting at a table in a professional setting. The woman is on the left, wearing a bright orange blazer over a white shirt, black pants, and black high heels. She has curly hair and is smiling. The man is on the right, dressed in a dark suit with a white shirt and a red tie, and is also smiling. He is holding a pen and appears to be writing on a notepad. Both characters are seated on office chairs with wheels. The background is plain white, emphasizing the characters and the table. There is no visible text in the image.	19573435085.png	The image shows a collection of spheres with a reflective surface, arranged in a triangular pattern on a black base. The spheres vary in color, with shades of orange, red, white, and black. There is a single sphere outside the main arrangement, positioned to the right. The background is plain and white, emphasizing the spheres. The image is a 3D rendering with a realistic style.	84036463842.png	The image features a large, three-dimensional stack of heart-shaped objects. These hearts are in shades of red and pink, and they are arranged in a pyramid shape, with the largest heart at the bottom and the smallest at the top. The hearts are glossy and appear to be made of a smooth, possibly plastic or paper-like material. They are floating in the air against a plain white background. There is no visible text in the image. The style of the image is illustrative and appears to be designed for a graphic or decorative purpose.	81668584707.png	The image is a digital illustration featuring three animated characters. On the left, there is a man with a beard and mustache, wearing a yellow sleeveless shirt and black pants. In the center, there is a woman with dark skin, dark hair, and large hoop earrings. She is wearing a sleeveless top and black pants, and her hands are on her hips. On the right, there is another man with a beard and mustache, wearing an orange shirt and black pants. He is holding a small red box in his right hand and gesturing with his left hand. The characters are standing in a line, facing each other, and appear to be engaged in a conversation. There is no visible text in the image.	61856502800.png	The image is a digital illustration featuring two stylized female figures standing on a grassy area with a body of water in the foreground. The figures are depicted in a simplistic, cartoon-like style with minimal detail. The figure on the left has long brown hair, is wearing a short-sleeved orange top, dark pants, and black shoes. The figure on the right has long brown hair, is wearing a short-sleeved red top, dark shorts, and black shoes. Both figures are holding hands and appear to be looking out towards a large, orange sunset or sunrise in the background. The sun is depicted with a gradient of colors, ranging from orange to yellow and then to a darker orange. The sky is depicted with a gradient of colors, ranging from a light orange at the horizon to a darker orange and then to a light blue at the top. The clouds are depicted in a soft, light gray color. In the foreground, there are three red flowers with green leaves. The overall style of the image is flat with a limited color palette, emphasizing the silhouette of the figures against the bright background.
ljubezenski trikotnik	Učiteljica likovne umetnosti je učencem pokazala ljubezenski trikotnik – trikotnik iz papirnatih src, zlepljenih v treh vogalih.		84036463842.png	The image features a large, three-dimensional stack of heart-shaped objects. These hearts are in shades of red and pink, and they are arranged in a pyramid shape, with the largest heart at the bottom and the smallest at the top. The hearts are glossy and appear to be made of a smooth, possibly plastic or paper-like material. They are floating in the air against a plain white background. There is no visible text in the image. The style of the image is illustrative and appears to be designed for a graphic or decorative purpose.	61856502800.png	The image is a digital illustration featuring two stylized female figures standing on a grassy area with a body of water in the foreground. The figures are depicted in a simplistic, cartoon-like style with minimal detail. The figure on the left has long brown hair, is wearing a short-sleeved orange top, dark pants, and black shoes. The figure on the right has long brown hair, is wearing a short-sleeved red top, dark shorts, and black shoes. Both figures are holding hands and appear to be looking out towards a large, orange sunset or sunrise in the background. The sun is depicted with a gradient of colors, ranging from orange to yellow and then to a darker orange. The sky is depicted with a gradient of colors, ranging from a light orange at the horizon to a darker orange and then to a light blue at the top. The clouds are depicted in a soft, light gray color. In the foreground, there are three red flowers with green leaves. The overall style of the image is flat with a limited color palette, emphasizing the silhouette of the figures against the bright background.	19573435085.png	The image shows a collection of spheres with a reflective surface, arranged in a triangular pattern on a black base. The spheres vary in color, with shades of orange, red, white, and black. There is a single sphere outside the main arrangement, positioned to the right. The background is plain and white, emphasizing the spheres. The image is a 3D rendering with a realistic style.	81668584707.png	The image is a digital illustration featuring three animated characters. On the left, there is a man with a beard and mustache, wearing a yellow sleeveless shirt and black pants. In the center, there is a woman with dark skin, dark hair, and large hoop earrings. She is wearing a sleeveless top and black pants, and her hands are on her hips. On the right, there is another man with a beard and mustache, wearing an orange shirt and black pants. He is holding a small red box in his right hand and gesturing with his left hand. The characters are standing in a line, facing each other, and appear to be engaged in a conversation. There is no visible text in the image.	33726794097.png	The image depicts two animated characters, a woman and a man, sitting at a table in a professional setting. The woman is on the left, wearing a bright orange blazer over a white shirt, black pants, and black high heels. She has curly hair and is smiling. The man is on the right, dressed in a dark suit with a white shirt and a red tie, and is also smiling. He is holding a pen and appears to be writing on a notepad. Both characters are seated on office chairs with wheels. The background is plain white, emphasizing the characters and the table. There is no visible text in the image.
vreči na cesto	Živim pri starših in ti me ne bi kar tako vrgli na cesto .		38591738188.png	The image depicts a cartoon-style illustration of a young boy with curly hair, wearing a yellow shirt and brown pants, carrying two baskets on his shoulders. The baskets are filled with various fruits, including oranges and apples. The boy is smiling and appears to be walking. There is no visible text in the image.	51563299034.png	The image depicts two animated characters, both male, seated at a table. The character on the left is wearing a dark suit with a tie, and the character on the right is dressed in a light-colored shirt and dark pants with a tie. Both characters are smiling and appear to be engaged in a conversation. The table has a book and a pen on it. The characters are sitting on chairs with wheels. The background is plain and does not provide any additional context. There is no visible text in the image.	96506794098.png	The image depicts an animated scene of a young boy with curly hair, wearing an orange shirt and brown shorts, standing on a rock and kicking a soccer ball. The boy is looking down at the ball. In the background, there is a dilapidated building with a blue door and a window, and a fence with plants growing on it. The setting appears to be an urban or semi-urban environment with a rustic, aged appearance. There is no visible text in the image.	33662699560.png	The image depicts a cartoon-style illustration of a young boy reaching towards a black trash can. The boy is wearing an orange shirt with black shorts and black shoes. He has brown hair and is smiling. The trash can has a single orange object inside it, which the boy appears to be reaching for. The background is plain white. There is no visible text in the image.	55951952673.png	The image is a digital illustration featuring two animated male characters. The character on the left is wearing a dark suit with a white shirt and a red tie, and he has short black hair. He is standing with his hand on the door handle, looking to the right with a neutral expression. The character on the right is wearing a dark suit with a white shirt and a red tie, and he has short brown hair. He is standing with his hand extended towards the other character, pointing his finger, and smiling. The background is plain white, emphasizing the characters. There is no visible text in the image. The style of the illustration is cartoonish and simplistic, with a focus on the characters' expressions and actions.
vreči na cesto	Prišel je novi lastnik in nemudoma vrgel na cesto mlado družino.		96506794098.png	The image depicts an animated scene of a young boy with curly hair, wearing an orange shirt and brown shorts, standing on a rock and kicking a soccer ball. The boy is looking down at the ball. In the background, there is a dilapidated building with a blue door and a window, and a fence with plants growing on it. The setting appears to be an urban or semi-urban environment with a rustic, aged appearance. There is no visible text in the image.	38591738188.png	The image depicts a cartoon-style illustration of a young boy with curly hair, wearing a yellow shirt and brown pants, carrying two baskets on his shoulders. The baskets are filled with various fruits, including oranges and apples. The boy is smiling and appears to be walking. There is no visible text in the image.	33662699560.png	The image depicts a cartoon-style illustration of a young boy reaching towards a black trash can. The boy is wearing an orange shirt with black shorts and black shoes. He has brown hair and is smiling. The trash can has a single orange object inside it, which the boy appears to be reaching for. The background is plain white. There is no visible text in the image.	55951952673.png	The image is a digital illustration featuring two animated male characters. The character on the left is wearing a dark suit with a white shirt and a red tie, and he has short black hair. He is standing with his hand on the door handle, looking to the right with a neutral expression. The character on the right is wearing a dark suit with a white shirt and a red tie, and he has short brown hair. He is standing with his hand extended towards the other character, pointing his finger, and smiling. The background is plain white, emphasizing the characters. There is no visible text in the image. The style of the illustration is cartoonish and simplistic, with a focus on the characters' expressions and actions.	51563299034.png	The image depicts two animated characters, both male, seated at a table. The character on the left is wearing a dark suit with a tie, and the character on the right is dressed in a light-colored shirt and dark pants with a tie. Both characters are smiling and appear to be engaged in a conversation. The table has a book and a pen on it. The characters are sitting on chairs with wheels. The background is plain and does not provide any additional context. There is no visible text in the image.
vreči na cesto	Po nekaj kilometrih vožnje jo je vrgel na cesto in jo tam pustil.		55951952673.png	The image is a digital illustration featuring two animated male characters. The character on the left is wearing a dark suit with a white shirt and a red tie, and he has short black hair. He is standing with his hand on the door handle, looking to the right with a neutral expression. The character on the right is wearing a dark suit with a white shirt and a red tie, and he has short brown hair. He is standing with his hand extended towards the other character, pointing his finger, and smiling. The background is plain white, emphasizing the characters. There is no visible text in the image. The style of the illustration is cartoonish and simplistic, with a focus on the characters' expressions and actions.	51563299034.png	The image depicts two animated characters, both male, seated at a table. The character on the left is wearing a dark suit with a tie, and the character on the right is dressed in a light-colored shirt and dark pants with a tie. Both characters are smiling and appear to be engaged in a conversation. The table has a book and a pen on it. The characters are sitting on chairs with wheels. The background is plain and does not provide any additional context. There is no visible text in the image.	33662699560.png	The image depicts a cartoon-style illustration of a young boy reaching towards a black trash can. The boy is wearing an orange shirt with black shorts and black shoes. He has brown hair and is smiling. The trash can has a single orange object inside it, which the boy appears to be reaching for. The background is plain white. There is no visible text in the image.	96506794098.png	The image depicts an animated scene of a young boy with curly hair, wearing an orange shirt and brown shorts, standing on a rock and kicking a soccer ball. The boy is looking down at the ball. In the background, there is a dilapidated building with a blue door and a window, and a fence with plants growing on it. The setting appears to be an urban or semi-urban environment with a rustic, aged appearance. There is no visible text in the image.	38591738188.png	The image depicts a cartoon-style illustration of a young boy with curly hair, wearing a yellow shirt and brown pants, carrying two baskets on his shoulders. The baskets are filled with various fruits, including oranges and apples. The boy is smiling and appears to be walking. There is no visible text in the image.
vreči na cesto	Skupaj s približno 700 tisočaki sta roparja vrečko z barvo vrgla na cesto in nadaljevala pot.		38591738188.png	The image depicts a cartoon-style illustration of a young boy with curly hair, wearing a yellow shirt and brown pants, carrying two baskets on his shoulders. The baskets are filled with various fruits, including oranges and apples. The boy is smiling and appears to be walking. There is no visible text in the image.	55951952673.png	The image is a digital illustration featuring two animated male characters. The character on the left is wearing a dark suit with a white shirt and a red tie, and he has short black hair. He is standing with his hand on the door handle, looking to the right with a neutral expression. The character on the right is wearing a dark suit with a white shirt and a red tie, and he has short brown hair. He is standing with his hand extended towards the other character, pointing his finger, and smiling. The background is plain white, emphasizing the characters. There is no visible text in the image. The style of the illustration is cartoonish and simplistic, with a focus on the characters' expressions and actions.	33662699560.png	The image depicts a cartoon-style illustration of a young boy reaching towards a black trash can. The boy is wearing an orange shirt with black shorts and black shoes. He has brown hair and is smiling. The trash can has a single orange object inside it, which the boy appears to be reaching for. The background is plain white. There is no visible text in the image.	96506794098.png	The image depicts an animated scene of a young boy with curly hair, wearing an orange shirt and brown shorts, standing on a rock and kicking a soccer ball. The boy is looking down at the ball. In the background, there is a dilapidated building with a blue door and a window, and a fence with plants growing on it. The setting appears to be an urban or semi-urban environment with a rustic, aged appearance. There is no visible text in the image.	51563299034.png	The image depicts two animated characters, both male, seated at a table. The character on the left is wearing a dark suit with a tie, and the character on the right is dressed in a light-colored shirt and dark pants with a tie. Both characters are smiling and appear to be engaged in a conversation. The table has a book and a pen on it. The characters are sitting on chairs with wheels. The background is plain and does not provide any additional context. There is no visible text in the image.
nočni ptič	Tudi sama sem nočni ptič , zato se mi zdijo birokratske izpovedi o urah zapiranja omejene.		34507992013.png	The image depicts a cartoon-style illustration of a young boy sitting on a chair. The boy has dark hair and is wearing a striped pajama top with orange and white stripes. He is looking down with his eyes closed, and his legs are crossed. The chair has a simple design with a cushioned seat and a backrest featuring vertical slats. The background is plain and white, which contrasts with the boy's pajamas and the chair. There is no visible text in the image.	96191448910.png	The image depicts an animated character, a young man with glasses, sitting at a desk in a room with a starry night sky background. He is wearing a brown vest over an orange shirt and is holding a pencil in his right hand. The desk has a computer monitor, a lamp with an orange shade, a plant in a pot, and a few books and items scattered around. The character is smiling and appears to be engaged in some creative or work-related activity. The overall style is cartoonish with a limited color palette.	16585869087.png	The image features a stylized owl perched on a branch of a tree. The owl has large, round eyes and a prominent beak, with a patterned feathered body. The tree branch extends from the left side of the image, and the owl is facing towards the right. The background consists of a clear sky and a landscape with autumn foliage, including fallen leaves and trees with orange leaves. The water below reflects the scene above. There is no visible text in the image. The style of the image is illustrative, with a focus on a clean, white background that contrasts with the colorful subject matter.	89326993861.png	The image shows a pair of black dumbbell handles with orange circular weights attached to a central metal rod. The handles are designed for use with dumbbell exercises, and the weights are likely intended to provide resistance during workouts. The background is plain white, emphasizing the product.	78942788926.png	The image features a stylized illustration of an owl perched on a branch against a dark background. The owl has large, round, orange eyes and a detailed feather pattern. The moon is depicted in the background, with a few stars scattered around it. The owl's feet are visible, and it appears to be resting or observing the moon. The overall style of the image is cartoonish and whimsical.
nočni ptič	Je pač nočni ptič , po predstavi se rada zadrži s soigralci ob pijači, rada se udeleži kakšne zabave, kjer tudi zapleše.		78942788926.png	The image features a stylized illustration of an owl perched on a branch against a dark background. The owl has large, round, orange eyes and a detailed feather pattern. The moon is depicted in the background, with a few stars scattered around it. The owl's feet are visible, and it appears to be resting or observing the moon. The overall style of the image is cartoonish and whimsical.	89326993861.png	The image shows a pair of black dumbbell handles with orange circular weights attached to a central metal rod. The handles are designed for use with dumbbell exercises, and the weights are likely intended to provide resistance during workouts. The background is plain white, emphasizing the product.	96191448910.png	The image depicts an animated character, a young man with glasses, sitting at a desk in a room with a starry night sky background. He is wearing a brown vest over an orange shirt and is holding a pencil in his right hand. The desk has a computer monitor, a lamp with an orange shade, a plant in a pot, and a few books and items scattered around. The character is smiling and appears to be engaged in some creative or work-related activity. The overall style is cartoonish with a limited color palette.	34507992013.png	The image depicts a cartoon-style illustration of a young boy sitting on a chair. The boy has dark hair and is wearing a striped pajama top with orange and white stripes. He is looking down with his eyes closed, and his legs are crossed. The chair has a simple design with a cushioned seat and a backrest featuring vertical slats. The background is plain and white, which contrasts with the boy's pajamas and the chair. There is no visible text in the image.	16585869087.png	The image features a stylized owl perched on a branch of a tree. The owl has large, round eyes and a prominent beak, with a patterned feathered body. The tree branch extends from the left side of the image, and the owl is facing towards the right. The background consists of a clear sky and a landscape with autumn foliage, including fallen leaves and trees with orange leaves. The water below reflects the scene above. There is no visible text in the image. The style of the image is illustrative, with a focus on a clean, white background that contrasts with the colorful subject matter.
nočni ptič	Je edini nočni ptič , ki se prehranjuje s sadeži.		89326993861.png	The image shows a pair of black dumbbell handles with orange circular weights attached to a central metal rod. The handles are designed for use with dumbbell exercises, and the weights are likely intended to provide resistance during workouts. The background is plain white, emphasizing the product.	34507992013.png	The image depicts a cartoon-style illustration of a young boy sitting on a chair. The boy has dark hair and is wearing a striped pajama top with orange and white stripes. He is looking down with his eyes closed, and his legs are crossed. The chair has a simple design with a cushioned seat and a backrest featuring vertical slats. The background is plain and white, which contrasts with the boy's pajamas and the chair. There is no visible text in the image.	96191448910.png	The image depicts an animated character, a young man with glasses, sitting at a desk in a room with a starry night sky background. He is wearing a brown vest over an orange shirt and is holding a pencil in his right hand. The desk has a computer monitor, a lamp with an orange shade, a plant in a pot, and a few books and items scattered around. The character is smiling and appears to be engaged in some creative or work-related activity. The overall style is cartoonish with a limited color palette.	16585869087.png	The image features a stylized owl perched on a branch of a tree. The owl has large, round eyes and a prominent beak, with a patterned feathered body. The tree branch extends from the left side of the image, and the owl is facing towards the right. The background consists of a clear sky and a landscape with autumn foliage, including fallen leaves and trees with orange leaves. The water below reflects the scene above. There is no visible text in the image. The style of the image is illustrative, with a focus on a clean, white background that contrasts with the colorful subject matter.	78942788926.png	The image features a stylized illustration of an owl perched on a branch against a dark background. The owl has large, round, orange eyes and a detailed feather pattern. The moon is depicted in the background, with a few stars scattered around it. The owl's feet are visible, and it appears to be resting or observing the moon. The overall style of the image is cartoonish and whimsical.
nočni ptič	Bile so meditacije o življenju, ljubezni, starosti in smrti: misli, ki so ji večkrat kot nočni ptiči prhutale po glavi, vendar so se, ko jih je hotela zgrabiti, razpadle v vrtinec perja.		34507992013.png	The image depicts a cartoon-style illustration of a young boy sitting on a chair. The boy has dark hair and is wearing a striped pajama top with orange and white stripes. He is looking down with his eyes closed, and his legs are crossed. The chair has a simple design with a cushioned seat and a backrest featuring vertical slats. The background is plain and white, which contrasts with the boy's pajamas and the chair. There is no visible text in the image.	89326993861.png	The image shows a pair of black dumbbell handles with orange circular weights attached to a central metal rod. The handles are designed for use with dumbbell exercises, and the weights are likely intended to provide resistance during workouts. The background is plain white, emphasizing the product.	16585869087.png	The image features a stylized owl perched on a branch of a tree. The owl has large, round eyes and a prominent beak, with a patterned feathered body. The tree branch extends from the left side of the image, and the owl is facing towards the right. The background consists of a clear sky and a landscape with autumn foliage, including fallen leaves and trees with orange leaves. The water below reflects the scene above. There is no visible text in the image. The style of the image is illustrative, with a focus on a clean, white background that contrasts with the colorful subject matter.	96191448910.png	The image depicts an animated character, a young man with glasses, sitting at a desk in a room with a starry night sky background. He is wearing a brown vest over an orange shirt and is holding a pencil in his right hand. The desk has a computer monitor, a lamp with an orange shade, a plant in a pot, and a few books and items scattered around. The character is smiling and appears to be engaged in some creative or work-related activity. The overall style is cartoonish with a limited color palette.	78942788926.png	The image features a stylized illustration of an owl perched on a branch against a dark background. The owl has large, round, orange eyes and a detailed feather pattern. The moon is depicted in the background, with a few stars scattered around it. The owl's feet are visible, and it appears to be resting or observing the moon. The overall style of the image is cartoonish and whimsical.
odprta knjiga	Doslej je bilo njegovo življenje odprta knjiga : od rojstva do prvih korakov, šolskih izpitov do pogreba njegove matere pred tremi leti.		83055811431.png	The image depicts two animated characters, a boy and a girl, sitting at a table. The boy is on the left, wearing headphones and a black jacket, with his eyes closed as if he is enjoying his meal. He is holding a bowl of food in his hands. The girl is on the right, wearing a bright orange sweater and headphones with orange accents. She is holding a cup of what appears to be a beverage. Both characters are seated on orange chairs. The background is plain white, emphasizing the subjects. There is no visible text in the image. The style of the image is cartoonish and colorful, with a focus on the characters and their activities.	61711132913.png	The image is a digital illustration featuring a stylized male character with a friendly expression. He has short dark hair, a broad smile, and is wearing an orange shirt with a white collar. The character is seated at a small round table with a brown top and black legs. Above the character's head is a speech bubble containing a smaller illustration of a male character wearing a white coat, suggesting a medical or healthcare context. The smaller character is smiling and has his hands out as if gesturing or explaining something. The background is plain white, emphasizing the characters and the table. There is no visible text in the image.	97616215698.png	The image shows a smartphone with a black screen and a black bezel. The phone has a prominent orange border that wraps around the edges, giving it a distinctive look. The back of the phone is visible, and there is a single camera lens located in the top left corner. The phone is placed against a plain white background, which highlights its design and color scheme. There is no visible text on the phone or in the image. The style of the image is a product photograph, designed to showcase the phone's design and color.	11662193946.png	The image shows a book with its pages open, resting on a tablet or e-reader. The book appears to be a paperback with a visible spine, and the pages are white with text. The tablet has a black surface and a visible orange button or logo on the front. The background features a blurred natural setting with trees and foliage, suggesting an outdoor environment. The overall style of the image is a digital illustration with a soft, pastel color palette.	13357927263.png	The image shows a three-tiered bookshelf with a variety of books. The books are arranged in a way that suggests a collection of different sizes and possibly genres or subjects. The bookshelf has a dark wood finish and appears to be a display or a model, given its clean and polished look. The books are bound in a variety of colors, including shades of brown, black, and white, with some featuring decorative elements on their spines. There is no visible text on the books that can be read in this image. The style of the image is a clear, high-resolution photograph with a focus on the bookshelf and the books it holds.
odprta knjiga	Moje življenje je odprta knjiga , nimam skrivnosti in ne podpiram skrivnostnosti.		61711132913.png	The image is a digital illustration featuring a stylized male character with a friendly expression. He has short dark hair, a broad smile, and is wearing an orange shirt with a white collar. The character is seated at a small round table with a brown top and black legs. Above the character's head is a speech bubble containing a smaller illustration of a male character wearing a white coat, suggesting a medical or healthcare context. The smaller character is smiling and has his hands out as if gesturing or explaining something. The background is plain white, emphasizing the characters and the table. There is no visible text in the image.	97616215698.png	The image shows a smartphone with a black screen and a black bezel. The phone has a prominent orange border that wraps around the edges, giving it a distinctive look. The back of the phone is visible, and there is a single camera lens located in the top left corner. The phone is placed against a plain white background, which highlights its design and color scheme. There is no visible text on the phone or in the image. The style of the image is a product photograph, designed to showcase the phone's design and color.	13357927263.png	The image shows a three-tiered bookshelf with a variety of books. The books are arranged in a way that suggests a collection of different sizes and possibly genres or subjects. The bookshelf has a dark wood finish and appears to be a display or a model, given its clean and polished look. The books are bound in a variety of colors, including shades of brown, black, and white, with some featuring decorative elements on their spines. There is no visible text on the books that can be read in this image. The style of the image is a clear, high-resolution photograph with a focus on the bookshelf and the books it holds.	83055811431.png	The image depicts two animated characters, a boy and a girl, sitting at a table. The boy is on the left, wearing headphones and a black jacket, with his eyes closed as if he is enjoying his meal. He is holding a bowl of food in his hands. The girl is on the right, wearing a bright orange sweater and headphones with orange accents. She is holding a cup of what appears to be a beverage. Both characters are seated on orange chairs. The background is plain white, emphasizing the subjects. There is no visible text in the image. The style of the image is cartoonish and colorful, with a focus on the characters and their activities.	11662193946.png	The image shows a book with its pages open, resting on a tablet or e-reader. The book appears to be a paperback with a visible spine, and the pages are white with text. The tablet has a black surface and a visible orange button or logo on the front. The background features a blurred natural setting with trees and foliage, suggesting an outdoor environment. The overall style of the image is a digital illustration with a soft, pastel color palette.
odprta knjiga	V hiši na mizi stoji odprta knjiga vtisov.		97616215698.png	The image shows a smartphone with a black screen and a black bezel. The phone has a prominent orange border that wraps around the edges, giving it a distinctive look. The back of the phone is visible, and there is a single camera lens located in the top left corner. The phone is placed against a plain white background, which highlights its design and color scheme. There is no visible text on the phone or in the image. The style of the image is a product photograph, designed to showcase the phone's design and color.	83055811431.png	The image depicts two animated characters, a boy and a girl, sitting at a table. The boy is on the left, wearing headphones and a black jacket, with his eyes closed as if he is enjoying his meal. He is holding a bowl of food in his hands. The girl is on the right, wearing a bright orange sweater and headphones with orange accents. She is holding a cup of what appears to be a beverage. Both characters are seated on orange chairs. The background is plain white, emphasizing the subjects. There is no visible text in the image. The style of the image is cartoonish and colorful, with a focus on the characters and their activities.	11662193946.png	The image shows a book with its pages open, resting on a tablet or e-reader. The book appears to be a paperback with a visible spine, and the pages are white with text. The tablet has a black surface and a visible orange button or logo on the front. The background features a blurred natural setting with trees and foliage, suggesting an outdoor environment. The overall style of the image is a digital illustration with a soft, pastel color palette.	13357927263.png	The image shows a three-tiered bookshelf with a variety of books. The books are arranged in a way that suggests a collection of different sizes and possibly genres or subjects. The bookshelf has a dark wood finish and appears to be a display or a model, given its clean and polished look. The books are bound in a variety of colors, including shades of brown, black, and white, with some featuring decorative elements on their spines. There is no visible text on the books that can be read in this image. The style of the image is a clear, high-resolution photograph with a focus on the bookshelf and the books it holds.	61711132913.png	The image is a digital illustration featuring a stylized male character with a friendly expression. He has short dark hair, a broad smile, and is wearing an orange shirt with a white collar. The character is seated at a small round table with a brown top and black legs. Above the character's head is a speech bubble containing a smaller illustration of a male character wearing a white coat, suggesting a medical or healthcare context. The smaller character is smiling and has his hands out as if gesturing or explaining something. The background is plain white, emphasizing the characters and the table. There is no visible text in the image.
odprta knjiga	Na kuhinjski mizi je poleg odprte pločevinke sardin in na pol izpitega kozarca vina ležala še odprta knjiga .		83055811431.png	The image depicts two animated characters, a boy and a girl, sitting at a table. The boy is on the left, wearing headphones and a black jacket, with his eyes closed as if he is enjoying his meal. He is holding a bowl of food in his hands. The girl is on the right, wearing a bright orange sweater and headphones with orange accents. She is holding a cup of what appears to be a beverage. Both characters are seated on orange chairs. The background is plain white, emphasizing the subjects. There is no visible text in the image. The style of the image is cartoonish and colorful, with a focus on the characters and their activities.	97616215698.png	The image shows a smartphone with a black screen and a black bezel. The phone has a prominent orange border that wraps around the edges, giving it a distinctive look. The back of the phone is visible, and there is a single camera lens located in the top left corner. The phone is placed against a plain white background, which highlights its design and color scheme. There is no visible text on the phone or in the image. The style of the image is a product photograph, designed to showcase the phone's design and color.	13357927263.png	The image shows a three-tiered bookshelf with a variety of books. The books are arranged in a way that suggests a collection of different sizes and possibly genres or subjects. The bookshelf has a dark wood finish and appears to be a display or a model, given its clean and polished look. The books are bound in a variety of colors, including shades of brown, black, and white, with some featuring decorative elements on their spines. There is no visible text on the books that can be read in this image. The style of the image is a clear, high-resolution photograph with a focus on the bookshelf and the books it holds.	61711132913.png	The image is a digital illustration featuring a stylized male character with a friendly expression. He has short dark hair, a broad smile, and is wearing an orange shirt with a white collar. The character is seated at a small round table with a brown top and black legs. Above the character's head is a speech bubble containing a smaller illustration of a male character wearing a white coat, suggesting a medical or healthcare context. The smaller character is smiling and has his hands out as if gesturing or explaining something. The background is plain white, emphasizing the characters and the table. There is no visible text in the image.	11662193946.png	The image shows a book with its pages open, resting on a tablet or e-reader. The book appears to be a paperback with a visible spine, and the pages are white with text. The tablet has a black surface and a visible orange button or logo on the front. The background features a blurred natural setting with trees and foliage, suggesting an outdoor environment. The overall style of the image is a digital illustration with a soft, pastel color palette.
podoben kot jajce jajcu	Programi slovenskih desnih strank so si podobni kot jajce jajcu .		83172108033.png	The image is a digital illustration featuring two animated characters standing in front of a wooden fence. The character on the left has red hair, a red shirt, and is wearing brown pants. The character on the right has black hair, a black shirt, and is wearing brown pants. Both characters are smiling and appear to be engaged in a friendly conversation. Behind them is a tree with green leaves and orange flowers. The background is a plain white, and there are no visible texts in the image. The style of the illustration is cartoonish with a limited color palette.	76969873847.png	The image shows two spherical objects with a glossy, orange-yellow hue. They appear to be identical in shape and color, with a reflective surface that suggests a smooth texture. The objects are placed side by side on a flat surface, casting a soft shadow beneath them. There is no visible text or other objects in the image. The style of the image is simple and cartoonish, with a clear and uncluttered background that emphasizes the objects.	12815017138.png	The image shows a white bowl filled with a variety of fresh fruits. The fruits include red grapes, blueberries, strawberries, oranges, and a lemon. The bowl is placed on a plain surface, and the fruits are arranged in a way that suggests they are ready to be eaten. The image is a digital illustration with a realistic style, and there is no visible text.	77461416470.png	The image shows a spherical object with a glossy finish. It has a white base color with numerous orange spots distributed unevenly across its surface. The object is set against a plain, light background. There is no visible text on the object or in the image. The style of the image is a simple, clear product photograph with a focus on the object's design and color scheme.	78976546316.png	"The image features two cartoon characters, both appearing to be young boys with brown hair. They are standing side by side, each with a slight smile and their arms crossed. The boy on the left is wearing a black long-sleeved shirt with orange stripes on the sleeves, while the boy on the right is wearing a similar black shirt with orange stripes, but with the word ""CIRCUS"" printed in white on the front. Both characters have rosy cheeks and are looking directly at the viewer. The background is plain white, emphasizing the characters."
podoben kot jajce jajcu	Podobna sta si kot jajce jajcu in z njima besedi smešno in zabavno tako ali tako dobita povsem nove razsežnosti.		12815017138.png	The image shows a white bowl filled with a variety of fresh fruits. The fruits include red grapes, blueberries, strawberries, oranges, and a lemon. The bowl is placed on a plain surface, and the fruits are arranged in a way that suggests they are ready to be eaten. The image is a digital illustration with a realistic style, and there is no visible text.	78976546316.png	"The image features two cartoon characters, both appearing to be young boys with brown hair. They are standing side by side, each with a slight smile and their arms crossed. The boy on the left is wearing a black long-sleeved shirt with orange stripes on the sleeves, while the boy on the right is wearing a similar black shirt with orange stripes, but with the word ""CIRCUS"" printed in white on the front. Both characters have rosy cheeks and are looking directly at the viewer. The background is plain white, emphasizing the characters."	77461416470.png	The image shows a spherical object with a glossy finish. It has a white base color with numerous orange spots distributed unevenly across its surface. The object is set against a plain, light background. There is no visible text on the object or in the image. The style of the image is a simple, clear product photograph with a focus on the object's design and color scheme.	76969873847.png	The image shows two spherical objects with a glossy, orange-yellow hue. They appear to be identical in shape and color, with a reflective surface that suggests a smooth texture. The objects are placed side by side on a flat surface, casting a soft shadow beneath them. There is no visible text or other objects in the image. The style of the image is simple and cartoonish, with a clear and uncluttered background that emphasizes the objects.	83172108033.png	The image is a digital illustration featuring two animated characters standing in front of a wooden fence. The character on the left has red hair, a red shirt, and is wearing brown pants. The character on the right has black hair, a black shirt, and is wearing brown pants. Both characters are smiling and appear to be engaged in a friendly conversation. Behind them is a tree with green leaves and orange flowers. The background is a plain white, and there are no visible texts in the image. The style of the illustration is cartoonish with a limited color palette.
podoben kot jajce jajcu	Na tržnici je pokazal dve prepelici jajci in dejal, da sta podobni kot jajce jajcu, saj imata enako velikost in enake pikice.		76969873847.png	The image shows two spherical objects with a glossy, orange-yellow hue. They appear to be identical in shape and color, with a reflective surface that suggests a smooth texture. The objects are placed side by side on a flat surface, casting a soft shadow beneath them. There is no visible text or other objects in the image. The style of the image is simple and cartoonish, with a clear and uncluttered background that emphasizes the objects.	78976546316.png	"The image features two cartoon characters, both appearing to be young boys with brown hair. They are standing side by side, each with a slight smile and their arms crossed. The boy on the left is wearing a black long-sleeved shirt with orange stripes on the sleeves, while the boy on the right is wearing a similar black shirt with orange stripes, but with the word ""CIRCUS"" printed in white on the front. Both characters have rosy cheeks and are looking directly at the viewer. The background is plain white, emphasizing the characters."	83172108033.png	The image is a digital illustration featuring two animated characters standing in front of a wooden fence. The character on the left has red hair, a red shirt, and is wearing brown pants. The character on the right has black hair, a black shirt, and is wearing brown pants. Both characters are smiling and appear to be engaged in a friendly conversation. Behind them is a tree with green leaves and orange flowers. The background is a plain white, and there are no visible texts in the image. The style of the illustration is cartoonish with a limited color palette.	12815017138.png	The image shows a white bowl filled with a variety of fresh fruits. The fruits include red grapes, blueberries, strawberries, oranges, and a lemon. The bowl is placed on a plain surface, and the fruits are arranged in a way that suggests they are ready to be eaten. The image is a digital illustration with a realistic style, and there is no visible text.	77461416470.png	The image shows a spherical object with a glossy finish. It has a white base color with numerous orange spots distributed unevenly across its surface. The object is set against a plain, light background. There is no visible text on the object or in the image. The style of the image is a simple, clear product photograph with a focus on the object's design and color scheme.
podoben kot jajce jajcu	Laboratorijski tehnik je zamenjal vzorce, ker sta bili obe kokošji jajci podobni kot jajce jajcu – popolnoma enake barve in oblike.		83172108033.png	The image is a digital illustration featuring two animated characters standing in front of a wooden fence. The character on the left has red hair, a red shirt, and is wearing brown pants. The character on the right has black hair, a black shirt, and is wearing brown pants. Both characters are smiling and appear to be engaged in a friendly conversation. Behind them is a tree with green leaves and orange flowers. The background is a plain white, and there are no visible texts in the image. The style of the illustration is cartoonish with a limited color palette.	78976546316.png	"The image features two cartoon characters, both appearing to be young boys with brown hair. They are standing side by side, each with a slight smile and their arms crossed. The boy on the left is wearing a black long-sleeved shirt with orange stripes on the sleeves, while the boy on the right is wearing a similar black shirt with orange stripes, but with the word ""CIRCUS"" printed in white on the front. Both characters have rosy cheeks and are looking directly at the viewer. The background is plain white, emphasizing the characters."	77461416470.png	The image shows a spherical object with a glossy finish. It has a white base color with numerous orange spots distributed unevenly across its surface. The object is set against a plain, light background. There is no visible text on the object or in the image. The style of the image is a simple, clear product photograph with a focus on the object's design and color scheme.	76969873847.png	The image shows two spherical objects with a glossy, orange-yellow hue. They appear to be identical in shape and color, with a reflective surface that suggests a smooth texture. The objects are placed side by side on a flat surface, casting a soft shadow beneath them. There is no visible text or other objects in the image. The style of the image is simple and cartoonish, with a clear and uncluttered background that emphasizes the objects.	12815017138.png	The image shows a white bowl filled with a variety of fresh fruits. The fruits include red grapes, blueberries, strawberries, oranges, and a lemon. The bowl is placed on a plain surface, and the fruits are arranged in a way that suggests they are ready to be eaten. The image is a digital illustration with a realistic style, and there is no visible text.
mala malica	Če nepridipravi spremljajo tudi objave njenih družinskih članov in zaposlenih, potem je njihova naloga v resnici mala malica .		60255479423.png	The image depicts an animated character, a man with a beard and mustache, wearing glasses and a suit with a tie. He is seated at a desk with a laptop and a sandwich on a plate in front of him. The man is holding a sandwich in his right hand and appears to be eating. There is a coffee cup with a lid on the desk to his right. The character is smiling and looking towards the viewer. The background is plain and does not provide any additional context.	35872913891.png	The image depicts a cartoon-style illustration of a young boy standing on a golf course. The boy is wearing a brown cap, an orange shirt, and white shorts. He is holding a golf club in his right hand and a golf ball in his left hand, ready to play. He is smiling and looking towards the camera.  In the background, there is a large, green tree to the right of the boy. The golf course is lush and green, with a few small trees scattered around. The sky is clear and blue, suggesting a sunny day. There is no visible text in the image. The boy is the central figure in the image, and the golf course and tree provide a natural setting for the scene.	42526390110.png	The image depicts an animated character, a woman with dark hair styled in a bun, wearing glasses and a black jacket. She is seated at a desk with a laptop and a cup of tea. In front of her is a donut with a bite taken out of it. The desk also has a computer monitor, a keyboard, and a small plant in a pot. The background is plain white.	50860009479.png	The image shows a chocolate cake with white frosting and a chocolate base. The cake is decorated with various fruits and chocolate elements. On top, there are strawberries, orange slices, and a chocolate shell with a heart shape. The cake is placed on a brown plate with a scalloped edge. The background is plain white, emphasizing the cake. There is no visible text in the image.	98588734155.png	The image depicts an animated character, a young male with brown hair, wearing an orange shirt and brown pants, climbing a rock face. He is equipped with a harness and has a backpack with climbing gear. The rock face has orange holds for climbing. The character is in a dynamic pose, with one hand on a hold and the other hand on the rock, suggesting movement and effort. The background is plain white, emphasizing the subject. There is no visible text in the image.
mala malica	Z vašim pametnim mobilnikom se ne boste nikoli izgubili, potovanje z vlakom pa bo prava mala malica .		98588734155.png	The image depicts an animated character, a young male with brown hair, wearing an orange shirt and brown pants, climbing a rock face. He is equipped with a harness and has a backpack with climbing gear. The rock face has orange holds for climbing. The character is in a dynamic pose, with one hand on a hold and the other hand on the rock, suggesting movement and effort. The background is plain white, emphasizing the subject. There is no visible text in the image.	35872913891.png	The image depicts a cartoon-style illustration of a young boy standing on a golf course. The boy is wearing a brown cap, an orange shirt, and white shorts. He is holding a golf club in his right hand and a golf ball in his left hand, ready to play. He is smiling and looking towards the camera.  In the background, there is a large, green tree to the right of the boy. The golf course is lush and green, with a few small trees scattered around. The sky is clear and blue, suggesting a sunny day. There is no visible text in the image. The boy is the central figure in the image, and the golf course and tree provide a natural setting for the scene.	42526390110.png	The image depicts an animated character, a woman with dark hair styled in a bun, wearing glasses and a black jacket. She is seated at a desk with a laptop and a cup of tea. In front of her is a donut with a bite taken out of it. The desk also has a computer monitor, a keyboard, and a small plant in a pot. The background is plain white.	60255479423.png	The image depicts an animated character, a man with a beard and mustache, wearing glasses and a suit with a tie. He is seated at a desk with a laptop and a sandwich on a plate in front of him. The man is holding a sandwich in his right hand and appears to be eating. There is a coffee cup with a lid on the desk to his right. The character is smiling and looking towards the viewer. The background is plain and does not provide any additional context.	50860009479.png	The image shows a chocolate cake with white frosting and a chocolate base. The cake is decorated with various fruits and chocolate elements. On top, there are strawberries, orange slices, and a chocolate shell with a heart shape. The cake is placed on a brown plate with a scalloped edge. The background is plain white, emphasizing the cake. There is no visible text in the image.
mala malica	Pred odhodom na teren so si vzeli le malo malico – kos kruha, jabolko in nekaj oreščkov.		42526390110.png	The image depicts an animated character, a woman with dark hair styled in a bun, wearing glasses and a black jacket. She is seated at a desk with a laptop and a cup of tea. In front of her is a donut with a bite taken out of it. The desk also has a computer monitor, a keyboard, and a small plant in a pot. The background is plain white.	50860009479.png	The image shows a chocolate cake with white frosting and a chocolate base. The cake is decorated with various fruits and chocolate elements. On top, there are strawberries, orange slices, and a chocolate shell with a heart shape. The cake is placed on a brown plate with a scalloped edge. The background is plain white, emphasizing the cake. There is no visible text in the image.	60255479423.png	The image depicts an animated character, a man with a beard and mustache, wearing glasses and a suit with a tie. He is seated at a desk with a laptop and a sandwich on a plate in front of him. The man is holding a sandwich in his right hand and appears to be eating. There is a coffee cup with a lid on the desk to his right. The character is smiling and looking towards the viewer. The background is plain and does not provide any additional context.	35872913891.png	The image depicts a cartoon-style illustration of a young boy standing on a golf course. The boy is wearing a brown cap, an orange shirt, and white shorts. He is holding a golf club in his right hand and a golf ball in his left hand, ready to play. He is smiling and looking towards the camera.  In the background, there is a large, green tree to the right of the boy. The golf course is lush and green, with a few small trees scattered around. The sky is clear and blue, suggesting a sunny day. There is no visible text in the image. The boy is the central figure in the image, and the golf course and tree provide a natural setting for the scene.	98588734155.png	The image depicts an animated character, a young male with brown hair, wearing an orange shirt and brown pants, climbing a rock face. He is equipped with a harness and has a backpack with climbing gear. The rock face has orange holds for climbing. The character is in a dynamic pose, with one hand on a hold and the other hand on the rock, suggesting movement and effort. The background is plain white, emphasizing the subject. There is no visible text in the image.
mala malica	Med predavanjem je iz torbe potegnila malo malico, zavitek piškotov in majhen jogurt.		35872913891.png	The image depicts a cartoon-style illustration of a young boy standing on a golf course. The boy is wearing a brown cap, an orange shirt, and white shorts. He is holding a golf club in his right hand and a golf ball in his left hand, ready to play. He is smiling and looking towards the camera.  In the background, there is a large, green tree to the right of the boy. The golf course is lush and green, with a few small trees scattered around. The sky is clear and blue, suggesting a sunny day. There is no visible text in the image. The boy is the central figure in the image, and the golf course and tree provide a natural setting for the scene.	60255479423.png	The image depicts an animated character, a man with a beard and mustache, wearing glasses and a suit with a tie. He is seated at a desk with a laptop and a sandwich on a plate in front of him. The man is holding a sandwich in his right hand and appears to be eating. There is a coffee cup with a lid on the desk to his right. The character is smiling and looking towards the viewer. The background is plain and does not provide any additional context.	50860009479.png	The image shows a chocolate cake with white frosting and a chocolate base. The cake is decorated with various fruits and chocolate elements. On top, there are strawberries, orange slices, and a chocolate shell with a heart shape. The cake is placed on a brown plate with a scalloped edge. The background is plain white, emphasizing the cake. There is no visible text in the image.	42526390110.png	The image depicts an animated character, a woman with dark hair styled in a bun, wearing glasses and a black jacket. She is seated at a desk with a laptop and a cup of tea. In front of her is a donut with a bite taken out of it. The desk also has a computer monitor, a keyboard, and a small plant in a pot. The background is plain white.	98588734155.png	The image depicts an animated character, a young male with brown hair, wearing an orange shirt and brown pants, climbing a rock face. He is equipped with a harness and has a backpack with climbing gear. The rock face has orange holds for climbing. The character is in a dynamic pose, with one hand on a hold and the other hand on the rock, suggesting movement and effort. The background is plain white, emphasizing the subject. There is no visible text in the image.
tanek led	Na delovnem mestu vas bodo nadrejeni speljali na tanek led , vendar se ne boste mogli upreti.		39506090916.png	The image depicts an animated character in mid-air, seemingly falling or jumping off a cliff. The character has short hair and is wearing an orange shirt and dark pants. The cliff is textured with shades of gray and brown, suggesting rocky terrain. The background is a plain, light color, providing a stark contrast to the character and the cliff. There is no visible text in the image. The style of the image is reminiscent of a digital illustration with a limited color palette.	81803299430.png	The image shows a dessert presented on a white plate. The dessert appears to be a layered dessert with a chocolate base, topped with a creamy white layer, and garnished with slices of strawberry and orange. There are chocolate shavings sprinkled on the top layer of the dessert. A silver spoon is inserted into the dessert, suggesting it is ready to be served. The background is plain white, emphasizing the dessert. There is no visible text in the image.	17280624509.png	The image shows a large, irregularly shaped mass of white, icy material floating on a body of water. The icy mass appears to be melting or breaking apart, as there are visible cracks and uneven edges. The water is a deep blue, and the surface is rippled, suggesting movement. The background is a plain, light color, providing a stark contrast to the icy mass and the water. There is no visible text in the image. The style of the image is a digital rendering or illustration, with a focus on realism.	58106033160.png	The image shows a pair of feet standing in a puddle. The feet are wearing brown shoes with a darker brown sole. The person is wearing black pants. The puddle appears to be on a flat surface, and the ground is covered with small, irregularly shaped pieces of debris or snow. The background is plain and white, which contrasts with the darker tones of the feet and the puddle. There is no visible text in the image.	54969438521.png	The image depicts an animated character, a young boy, engaged in rock climbing. He is wearing an orange shirt, brown shorts, and black shoes. The boy is holding a blue climbing harness and has a backpack attached to it. He is smiling and appears to be in a joyful or excited state.  The climbing wall is textured with various colors of rock, including shades of brown, orange, and red, with some blue and green accents. The wall is divided into sections with different levels of difficulty, indicated by the shapes and sizes of the holds and the spacing between them. The boy is climbing on a section with orange holds.  The image is stylized with a cartoonish aesthetic, and there are no visible texts or brands. The focus is on the activity of rock climbing and the enjoyment of the sport.
tanek led	Je pa s svojo predstavo in čustvenim odzivom v tretjem polčasu zašel na tanek led .		58106033160.png	The image shows a pair of feet standing in a puddle. The feet are wearing brown shoes with a darker brown sole. The person is wearing black pants. The puddle appears to be on a flat surface, and the ground is covered with small, irregularly shaped pieces of debris or snow. The background is plain and white, which contrasts with the darker tones of the feet and the puddle. There is no visible text in the image.	39506090916.png	The image depicts an animated character in mid-air, seemingly falling or jumping off a cliff. The character has short hair and is wearing an orange shirt and dark pants. The cliff is textured with shades of gray and brown, suggesting rocky terrain. The background is a plain, light color, providing a stark contrast to the character and the cliff. There is no visible text in the image. The style of the image is reminiscent of a digital illustration with a limited color palette.	81803299430.png	The image shows a dessert presented on a white plate. The dessert appears to be a layered dessert with a chocolate base, topped with a creamy white layer, and garnished with slices of strawberry and orange. There are chocolate shavings sprinkled on the top layer of the dessert. A silver spoon is inserted into the dessert, suggesting it is ready to be served. The background is plain white, emphasizing the dessert. There is no visible text in the image.	54969438521.png	The image depicts an animated character, a young boy, engaged in rock climbing. He is wearing an orange shirt, brown shorts, and black shoes. The boy is holding a blue climbing harness and has a backpack attached to it. He is smiling and appears to be in a joyful or excited state.  The climbing wall is textured with various colors of rock, including shades of brown, orange, and red, with some blue and green accents. The wall is divided into sections with different levels of difficulty, indicated by the shapes and sizes of the holds and the spacing between them. The boy is climbing on a section with orange holds.  The image is stylized with a cartoonish aesthetic, and there are no visible texts or brands. The focus is on the activity of rock climbing and the enjoyment of the sport.	17280624509.png	The image shows a large, irregularly shaped mass of white, icy material floating on a body of water. The icy mass appears to be melting or breaking apart, as there are visible cracks and uneven edges. The water is a deep blue, and the surface is rippled, suggesting movement. The background is a plain, light color, providing a stark contrast to the icy mass and the water. There is no visible text in the image. The style of the image is a digital rendering or illustration, with a focus on realism.
tanek led	Ob jezernem pomolu so opozorili pohodnike, naj ne stopajo na tanek led, ki se je začel topiti že dopoldne.		58106033160.png	The image shows a pair of feet standing in a puddle. The feet are wearing brown shoes with a darker brown sole. The person is wearing black pants. The puddle appears to be on a flat surface, and the ground is covered with small, irregularly shaped pieces of debris or snow. The background is plain and white, which contrasts with the darker tones of the feet and the puddle. There is no visible text in the image.	39506090916.png	The image depicts an animated character in mid-air, seemingly falling or jumping off a cliff. The character has short hair and is wearing an orange shirt and dark pants. The cliff is textured with shades of gray and brown, suggesting rocky terrain. The background is a plain, light color, providing a stark contrast to the character and the cliff. There is no visible text in the image. The style of the image is reminiscent of a digital illustration with a limited color palette.	54969438521.png	The image depicts an animated character, a young boy, engaged in rock climbing. He is wearing an orange shirt, brown shorts, and black shoes. The boy is holding a blue climbing harness and has a backpack attached to it. He is smiling and appears to be in a joyful or excited state.  The climbing wall is textured with various colors of rock, including shades of brown, orange, and red, with some blue and green accents. The wall is divided into sections with different levels of difficulty, indicated by the shapes and sizes of the holds and the spacing between them. The boy is climbing on a section with orange holds.  The image is stylized with a cartoonish aesthetic, and there are no visible texts or brands. The focus is on the activity of rock climbing and the enjoyment of the sport.	81803299430.png	The image shows a dessert presented on a white plate. The dessert appears to be a layered dessert with a chocolate base, topped with a creamy white layer, and garnished with slices of strawberry and orange. There are chocolate shavings sprinkled on the top layer of the dessert. A silver spoon is inserted into the dessert, suggesting it is ready to be served. The background is plain white, emphasizing the dessert. There is no visible text in the image.	17280624509.png	The image shows a large, irregularly shaped mass of white, icy material floating on a body of water. The icy mass appears to be melting or breaking apart, as there are visible cracks and uneven edges. The water is a deep blue, and the surface is rippled, suggesting movement. The background is a plain, light color, providing a stark contrast to the icy mass and the water. There is no visible text in the image. The style of the image is a digital rendering or illustration, with a focus on realism.
tanek led	Drsalec je slišal pokanje pod nogami, saj je drsal po nevarno tan­kem ledu na robu zaliva.		54969438521.png	The image depicts an animated character, a young boy, engaged in rock climbing. He is wearing an orange shirt, brown shorts, and black shoes. The boy is holding a blue climbing harness and has a backpack attached to it. He is smiling and appears to be in a joyful or excited state.  The climbing wall is textured with various colors of rock, including shades of brown, orange, and red, with some blue and green accents. The wall is divided into sections with different levels of difficulty, indicated by the shapes and sizes of the holds and the spacing between them. The boy is climbing on a section with orange holds.  The image is stylized with a cartoonish aesthetic, and there are no visible texts or brands. The focus is on the activity of rock climbing and the enjoyment of the sport.	81803299430.png	The image shows a dessert presented on a white plate. The dessert appears to be a layered dessert with a chocolate base, topped with a creamy white layer, and garnished with slices of strawberry and orange. There are chocolate shavings sprinkled on the top layer of the dessert. A silver spoon is inserted into the dessert, suggesting it is ready to be served. The background is plain white, emphasizing the dessert. There is no visible text in the image.	58106033160.png	The image shows a pair of feet standing in a puddle. The feet are wearing brown shoes with a darker brown sole. The person is wearing black pants. The puddle appears to be on a flat surface, and the ground is covered with small, irregularly shaped pieces of debris or snow. The background is plain and white, which contrasts with the darker tones of the feet and the puddle. There is no visible text in the image.	39506090916.png	The image depicts an animated character in mid-air, seemingly falling or jumping off a cliff. The character has short hair and is wearing an orange shirt and dark pants. The cliff is textured with shades of gray and brown, suggesting rocky terrain. The background is a plain, light color, providing a stark contrast to the character and the cliff. There is no visible text in the image. The style of the image is reminiscent of a digital illustration with a limited color palette.	17280624509.png	The image shows a large, irregularly shaped mass of white, icy material floating on a body of water. The icy mass appears to be melting or breaking apart, as there are visible cracks and uneven edges. The water is a deep blue, and the surface is rippled, suggesting movement. The background is a plain, light color, providing a stark contrast to the icy mass and the water. There is no visible text in the image. The style of the image is a digital rendering or illustration, with a focus on realism.
iti v obe smeri	Pripravljeni smo na kompromis, a ta mora iti v obe smeri , je izpostavila švedska okoljska ministrica Karolina Skog.		15389566230.png	The image is a digital illustration featuring two animated characters. On the left, there is an older man with a mustache, wearing a suit with a white shirt and a red bow tie, seated in a brown armchair with a wooden frame. He is holding a glass of beer in his right hand. On the right, there is a younger man dressed in a black suit with a white shirt and a black bow tie, standing and leaning forward slightly. He is holding a tray with two glasses of beer, one in each hand. The younger man has a mustache and is looking at the older man with a slight smile. The background is plain white, emphasizing the characters and their interaction. There is no visible text in the image.	35194727089.png	"The image features a compass with a white face and black markings. The compass needle is pointing towards the letter ""N,"" indicating North. The compass is encased in a circular frame with a brown color. The compass is attached to a ring, suggesting it can be worn as a pendant. The background is plain white, emphasizing the compass."	98060853902.png	The image depicts a city street scene with a focus on road construction. There are multiple orange traffic cones and barriers placed along the road, indicating a construction zone. A construction vehicle is visible in the middle of the road. The street is lined with tall buildings, and there are traffic lights at various points along the road. The sky is overcast, and the overall atmosphere suggests a typical urban environment. There is no visible text in the image.	99142951858.png	The image depicts a stylized urban street scene. There are two lanes of traffic with vehicles in motion. The road is flanked by trees and buildings, suggesting a city environment. The buildings are modern with glass facades, and the trees are lush and green. The sky is overcast, and the overall color palette is muted with a focus on greys and greens. There are no visible texts or distinctive brands in the image. The style of the image is digital and appears to be a 3D rendering or illustration rather than a photograph.	73427391474.png	The image shows two animated characters, a male and a female, shaking hands. The male character has curly hair, is wearing an orange top and black pants, and has a friendly expression. The female character has straight hair, is dressed in a black blazer and pants, and also has a friendly expression. They are standing side by side against a plain white background. There is no visible text in the image.
iti v obe smeri	Koristi gredo v obe smeri.		15389566230.png	The image is a digital illustration featuring two animated characters. On the left, there is an older man with a mustache, wearing a suit with a white shirt and a red bow tie, seated in a brown armchair with a wooden frame. He is holding a glass of beer in his right hand. On the right, there is a younger man dressed in a black suit with a white shirt and a black bow tie, standing and leaning forward slightly. He is holding a tray with two glasses of beer, one in each hand. The younger man has a mustache and is looking at the older man with a slight smile. The background is plain white, emphasizing the characters and their interaction. There is no visible text in the image.	73427391474.png	The image shows two animated characters, a male and a female, shaking hands. The male character has curly hair, is wearing an orange top and black pants, and has a friendly expression. The female character has straight hair, is dressed in a black blazer and pants, and also has a friendly expression. They are standing side by side against a plain white background. There is no visible text in the image.	99142951858.png	The image depicts a stylized urban street scene. There are two lanes of traffic with vehicles in motion. The road is flanked by trees and buildings, suggesting a city environment. The buildings are modern with glass facades, and the trees are lush and green. The sky is overcast, and the overall color palette is muted with a focus on greys and greens. There are no visible texts or distinctive brands in the image. The style of the image is digital and appears to be a 3D rendering or illustration rather than a photograph.	35194727089.png	"The image features a compass with a white face and black markings. The compass needle is pointing towards the letter ""N,"" indicating North. The compass is encased in a circular frame with a brown color. The compass is attached to a ring, suggesting it can be worn as a pendant. The background is plain white, emphasizing the compass."	98060853902.png	The image depicts a city street scene with a focus on road construction. There are multiple orange traffic cones and barriers placed along the road, indicating a construction zone. A construction vehicle is visible in the middle of the road. The street is lined with tall buildings, and there are traffic lights at various points along the road. The sky is overcast, and the overall atmosphere suggests a typical urban environment. There is no visible text in the image.
iti v obe smeri	Računajo, da gre v obe smeri okoli 6000 vozil, to je približno 10.000 potnikov.		73427391474.png	The image shows two animated characters, a male and a female, shaking hands. The male character has curly hair, is wearing an orange top and black pants, and has a friendly expression. The female character has straight hair, is dressed in a black blazer and pants, and also has a friendly expression. They are standing side by side against a plain white background. There is no visible text in the image.	98060853902.png	The image depicts a city street scene with a focus on road construction. There are multiple orange traffic cones and barriers placed along the road, indicating a construction zone. A construction vehicle is visible in the middle of the road. The street is lined with tall buildings, and there are traffic lights at various points along the road. The sky is overcast, and the overall atmosphere suggests a typical urban environment. There is no visible text in the image.	15389566230.png	The image is a digital illustration featuring two animated characters. On the left, there is an older man with a mustache, wearing a suit with a white shirt and a red bow tie, seated in a brown armchair with a wooden frame. He is holding a glass of beer in his right hand. On the right, there is a younger man dressed in a black suit with a white shirt and a black bow tie, standing and leaning forward slightly. He is holding a tray with two glasses of beer, one in each hand. The younger man has a mustache and is looking at the older man with a slight smile. The background is plain white, emphasizing the characters and their interaction. There is no visible text in the image.	35194727089.png	"The image features a compass with a white face and black markings. The compass needle is pointing towards the letter ""N,"" indicating North. The compass is encased in a circular frame with a brown color. The compass is attached to a ring, suggesting it can be worn as a pendant. The background is plain white, emphasizing the compass."	99142951858.png	The image depicts a stylized urban street scene. There are two lanes of traffic with vehicles in motion. The road is flanked by trees and buildings, suggesting a city environment. The buildings are modern with glass facades, and the trees are lush and green. The sky is overcast, and the overall color palette is muted with a focus on greys and greens. There are no visible texts or distinctive brands in the image. The style of the image is digital and appears to be a 3D rendering or illustration rather than a photograph.
iti v obe smeri	V neugodnem položaju se bodo znašli avtobusni prevozniki (čez Trojane gre v obe smeri 68 prog), ki lahko predvsem letos poleti pričakujejo večje zamude.		15389566230.png	The image is a digital illustration featuring two animated characters. On the left, there is an older man with a mustache, wearing a suit with a white shirt and a red bow tie, seated in a brown armchair with a wooden frame. He is holding a glass of beer in his right hand. On the right, there is a younger man dressed in a black suit with a white shirt and a black bow tie, standing and leaning forward slightly. He is holding a tray with two glasses of beer, one in each hand. The younger man has a mustache and is looking at the older man with a slight smile. The background is plain white, emphasizing the characters and their interaction. There is no visible text in the image.	98060853902.png	The image depicts a city street scene with a focus on road construction. There are multiple orange traffic cones and barriers placed along the road, indicating a construction zone. A construction vehicle is visible in the middle of the road. The street is lined with tall buildings, and there are traffic lights at various points along the road. The sky is overcast, and the overall atmosphere suggests a typical urban environment. There is no visible text in the image.	73427391474.png	The image shows two animated characters, a male and a female, shaking hands. The male character has curly hair, is wearing an orange top and black pants, and has a friendly expression. The female character has straight hair, is dressed in a black blazer and pants, and also has a friendly expression. They are standing side by side against a plain white background. There is no visible text in the image.	99142951858.png	The image depicts a stylized urban street scene. There are two lanes of traffic with vehicles in motion. The road is flanked by trees and buildings, suggesting a city environment. The buildings are modern with glass facades, and the trees are lush and green. The sky is overcast, and the overall color palette is muted with a focus on greys and greens. There are no visible texts or distinctive brands in the image. The style of the image is digital and appears to be a 3D rendering or illustration rather than a photograph.	35194727089.png	"The image features a compass with a white face and black markings. The compass needle is pointing towards the letter ""N,"" indicating North. The compass is encased in a circular frame with a brown color. The compass is attached to a ring, suggesting it can be worn as a pendant. The background is plain white, emphasizing the compass."
